Using SDL2 2.32.10
Using SDL2_mixer 2.8.2
Applied: 0001-ios-landscape-only.patch
Applied: 0002-ios-long-press-right-click.patch
Applied: 0003-ios-native-pause-button.patch
Applied: 0004-ios-lifecycle-autosave.patch
CMake Warning (deprecated) at ext/SDL2/SDL2/CMakeLists.txt:3300 (cmake_minimum_required):
  Compatibility with CMake < 3.10 will be removed from a future version of
  CMake.

  Update the VERSION argument <min> value.  Or, use the <min>...<max> syntax
  to tell CMake that the project requires at least <min> but has been updated
  to work with policies introduced by <max> or earlier.
This warning is for project developers.  Use -Wno-author or -Wno-deprecated
to suppress it.

--
-- SDL2 was configured with the following options:
--
-- Platform: iOS
-- 64-bit:   TRUE
-- Compiler: /Applications/Xcode.app/Contents/Developer/Toolchains/XcodeDefault.xctoolchain/usr/bin/clang
-- Revision: SDL-release-2.32.10-0-g5d2495703
--
-- Subsystems:
--   Atomic:	ON
--   Audio:	ON
--   Video:	ON
--   Render:	ON
--   Events:	ON
--   Joystick:	ON
--   Haptic:	ON
--   Hidapi:	ON
--   Power:	ON
--   Threads:	ON
--   Timers:	ON
--   File:	ON
--   Loadso:	ON
--   CPUinfo:	ON
--   Filesystem:	ON
--   Sensor:	ON
--   Locale:	ON
--   Misc:	ON
--
-- Options:
--   SDL2_DISABLE_INSTALL        (Wanted: ON): OFF
--   SDL2_DISABLE_SDL2MAIN       (Wanted: OFF): OFF
--   SDL2_DISABLE_UNINSTALL      (Wanted: OFF): OFF
--   SDL_3DNOW                   (Wanted: OFF): OFF
--   SDL_ALSA                    (Wanted: OFF): OFF
--   SDL_ALSA_SHARED             (Wanted: OFF): OFF
--   SDL_ALTIVEC                 (Wanted: ON): OFF
--   SDL_ARMNEON                 (Wanted: OFF): OFF
--   SDL_ARMSIMD                 (Wanted: OFF): OFF
--   SDL_ARTS                    (Wanted: OFF): OFF
--   SDL_ARTS_SHARED             (Wanted: OFF): OFF
--   SDL_ASAN                    (Wanted: OFF): OFF
--   SDL_ASSEMBLY                (Wanted: ON): ON
--   SDL_ASSERTIONS              (Wanted: auto): auto
--   SDL_BACKGROUNDING_SIGNAL    (Wanted: OFF): OFF
--   SDL_CCACHE                  (Wanted: ON): OFF
--   SDL_CLOCK_GETTIME           (Wanted: OFF): OFF
--   SDL_COCOA                   (Wanted: ON): OFF
--   SDL_DBUS                    (Wanted: OFF): OFF
--   SDL_DIRECTFB                (Wanted: OFF): OFF
--   SDL_DIRECTFB_SHARED         (Wanted: OFF): OFF
--   SDL_DIRECTX                 (Wanted: OFF): OFF
--   SDL_DISKAUDIO               (Wanted: ON): ON
--   SDL_DUMMYAUDIO              (Wanted: ON): ON
--   SDL_DUMMYVIDEO              (Wanted: ON): ON
--   SDL_ESD                     (Wanted: OFF): OFF
--   SDL_ESD_SHARED              (Wanted: OFF): OFF
--   SDL_FOREGROUNDING_SIGNAL    (Wanted: OFF): OFF
--   SDL_FUSIONSOUND             (Wanted: OFF): OFF
--   SDL_FUSIONSOUND_SHARED      (Wanted: OFF): OFF
--   SDL_GCC_ATOMICS             (Wanted: ON): ON
--   SDL_HIDAPI                  (Wanted: ON): ON
--   SDL_HIDAPI_JOYSTICK         (Wanted: ON): ON
--   SDL_HIDAPI_LIBUSB           (Wanted: OFF): OFF
--   SDL_IBUS                    (Wanted: OFF): OFF
--   SDL_INSTALL_TESTS           (Wanted: OFF): OFF
--   SDL_JACK                    (Wanted: OFF): OFF
--   SDL_JACK_SHARED             (Wanted: OFF): OFF
--   SDL_KMSDRM                  (Wanted: OFF): OFF
--   SDL_KMSDRM_SHARED           (Wanted: OFF): OFF
--   SDL_LASX                    (Wanted: OFF): OFF
--   SDL_LIBC                    (Wanted: ON): ON
--   SDL_LIBICONV                (Wanted: OFF): OFF
--   SDL_LIBSAMPLERATE           (Wanted: OFF): OFF
--   SDL_LIBSAMPLERATE_SHARED    (Wanted: OFF): OFF
--   SDL_LIBUDEV                 (Wanted: ON): OFF
--   SDL_LSX                     (Wanted: OFF): OFF
--   SDL_METAL                   (Wanted: ON): ON
--   SDL_MMX                     (Wanted: OFF): OFF
--   SDL_NAS                     (Wanted: OFF): OFF
--   SDL_NAS_SHARED              (Wanted: OFF): OFF
--   SDL_OFFSCREEN               (Wanted: ON): ON
--   SDL_OPENGL                  (Wanted: ON): OFF
--   SDL_OPENGLES                (Wanted: ON): ON
--   SDL_OSS                     (Wanted: OFF): OFF
--   SDL_PIPEWIRE                (Wanted: OFF): OFF
--   SDL_PIPEWIRE_SHARED         (Wanted: OFF): OFF
--   SDL_PTHREADS                (Wanted: ON): ON
--   SDL_PTHREADS_SEM            (Wanted: ON): ON
--   SDL_PULSEAUDIO              (Wanted: OFF): OFF
--   SDL_PULSEAUDIO_SHARED       (Wanted: OFF): OFF
--   SDL_RENDER_D3D              (Wanted: OFF): OFF
--   SDL_RENDER_METAL            (Wanted: ON): ON
--   SDL_RPATH                   (Wanted: OFF): OFF
--   SDL_RPI                     (Wanted: OFF): OFF
--   SDL_SNDIO                   (Wanted: OFF): OFF
--   SDL_SNDIO_SHARED            (Wanted: OFF): OFF
--   SDL_SSE                     (Wanted: OFF): OFF
--   SDL_SSE2                    (Wanted: OFF): OFF
--   SDL_SSE3                    (Wanted: OFF): OFF
--   SDL_SSEMATH                 (Wanted: OFF): OFF
--   SDL_STATIC_PIC              (Wanted: OFF): OFF
--   SDL_SYSTEM_ICONV            (Wanted: OFF): OFF
--   SDL_TESTS                   (Wanted: OFF): OFF
--   SDL_VENDOR_INFO             (Wanted: ): OFF
--   SDL_VIRTUAL_JOYSTICK        (Wanted: ON): ON
--   SDL_VIVANTE                 (Wanted: OFF): OFF
--   SDL_VULKAN                  (Wanted: ON): ON
--   SDL_WASAPI                  (Wanted: OFF): OFF
--   SDL_WAYLAND                 (Wanted: OFF): OFF
--   SDL_WAYLAND_LIBDECOR        (Wanted: OFF): OFF
--   SDL_WAYLAND_LIBDECOR_SHARED (Wanted: OFF): OFF
--   SDL_WAYLAND_QT_TOUCH        (Wanted: OFF): OFF
--   SDL_WAYLAND_SHARED          (Wanted: OFF): OFF
--   SDL_X11                     (Wanted: OFF): OFF
--   SDL_X11_SHARED              (Wanted: OFF): OFF
--   SDL_X11_XCURSOR             (Wanted: OFF): OFF
--   SDL_X11_XDBE                (Wanted: OFF): OFF
--   SDL_X11_XFIXES              (Wanted: OFF): OFF
--   SDL_X11_XINPUT              (Wanted: OFF): OFF
--   SDL_X11_XRANDR              (Wanted: OFF): OFF
--   SDL_X11_XSCRNSAVER          (Wanted: OFF): OFF
--   SDL_X11_XSHAPE              (Wanted: OFF): OFF
--   SDL_XINPUT                  (Wanted: OFF): OFF
--
--  CFLAGS:         -idirafter "/Users/chrissotraidis/GitHub/caesarpad/engines/augustus/ext/SDL2/SDL2/src/video/khronos"
--  EXTRA_CFLAGS:   -Wall -Wundef -fno-strict-aliasing -Wdocumentation -Wdocumentation-unknown-command -fcomment-block-commands=threadsafety -fcomment-block-commands=deprecated -Wdeclaration-after-statement -fvisibility=hidden -Wshadow -Wno-unused-local-typedefs -D_REENTRANT
--  EXTRA_LDFLAGS: -lpthread -Wl,-compatibility_version,3201.0.0;-Wl,-current_version,3201.10.0
--  EXTRA_LIBS:    m
--
--  Build Shared Library: OFF
--  Build Static Library: ON
--  Build Static Library with Position Independent Code: OFF
--
-- If something was not detected, although the libraries
-- were installed, then make sure you have set the
-- CFLAGS and LDFLAGS environment variables correctly.
--
-- Configuring SDL2_mixer 2.8.2
-- Enabled ogg music: using stb_vorbis
-- Configuring done (4.3s)
-- Generating done (5.4s)
-- Build files have been written to: /Users/chrissotraidis/GitHub/caesarpad/build/ios
Command line invocation:
    /Applications/Xcode.app/Contents/Developer/usr/bin/xcodebuild -project /Users/chrissotraidis/GitHub/caesarpad/build/ios/augustus.xcodeproj -scheme augustus -configuration Release -sdk iphonesimulator -destination "platform=iOS Simulator,id=08636791-2675-4675-8335-EF72EF954DCF" -derivedDataPath /Users/chrissotraidis/GitHub/caesarpad/build/ios/DerivedData CODE_SIGN_IDENTITY= CODE_SIGNING_REQUIRED=NO CODE_SIGNING_ALLOWED=NO ONLY_ACTIVE_ARCH=YES build

Build settings from command line:
    CODE_SIGN_IDENTITY =
    CODE_SIGNING_ALLOWED = NO
    CODE_SIGNING_REQUIRED = NO
    ONLY_ACTIVE_ARCH = YES
    SDKROOT = iphonesimulator26.5

2026-07-26 17:27:58.577 xcodebuild[89129:26754176] [MT] IDERunDestination: Supported platforms for the buildables in the current scheme is empty.
--- xcodebuild: WARNING: Using the first of multiple matching destinations:
{ platform:iOS Simulator, arch:arm64, id:08636791-2675-4675-8335-EF72EF954DCF, OS:18.5, name:iPad Pro 11-inch (M4) }
{ platform:iOS Simulator, arch:x86_64, id:08636791-2675-4675-8335-EF72EF954DCF, OS:18.5, name:iPad Pro 11-inch (M4) }
note: Using codesigning identity override:
ComputePackagePrebuildTargetDependencyGraph

CreateBuildRequest

SendProjectDescription

CreateBuildOperation

ComputeTargetDependencyGraph
note: Building targets in dependency order
note: Target dependency graph (6 targets)
    Target 'augustus' in project 'augustus'
        ➜ Explicit dependency on target 'ZERO_CHECK' in project 'augustus'
        ➜ Explicit dependency on target 'SDL2main' in project 'augustus'
        ➜ Explicit dependency on target 'SDL2-static' in project 'augustus'
        ➜ Explicit dependency on target 'SDL2_mixer' in project 'augustus'
    Target 'SDL2_mixer' in project 'augustus'
        ➜ Explicit dependency on target 'SDL2-static' in project 'augustus'
    Target 'SDL2-static' in project 'augustus'
        ➜ Explicit dependency on target 'sdl_headers_copy' in project 'augustus'
    Target 'SDL2main' in project 'augustus'
        ➜ Explicit dependency on target 'sdl_headers_copy' in project 'augustus'
    Target 'sdl_headers_copy' in project 'augustus' (no dependencies)
    Target 'ZERO_CHECK' in project 'augustus' (no dependencies)

GatherProvisioningInputs

CreateBuildDescription

ExecuteExternalTool /Applications/Xcode.app/Contents/Developer/Toolchains/XcodeDefault.xctoolchain/usr/bin/clang -v -E -dM -isysroot /Applications/Xcode.app/Contents/Developer/Platforms/iPhoneSimulator.platform/Developer/SDKs/iPhoneSimulator26.5.sdk -x c -c /dev/null

ExecuteExternalTool /Applications/Xcode.app/Contents/Developer/Toolchains/XcodeDefault.xctoolchain/usr/bin/clang -v -E -dM -arch arm64 -isysroot /Applications/Xcode.app/Contents/Developer/Platforms/iPhoneSimulator.platform/Developer/SDKs/iPhoneSimulator26.5.sdk -x c -c /dev/null

ExecuteExternalTool /Applications/Xcode.app/Contents/Developer/Toolchains/XcodeDefault.xctoolchain/usr/bin/libtool -V

ExecuteExternalTool /Applications/Xcode.app/Contents/Developer/Toolchains/XcodeDefault.xctoolchain/usr/bin/clang -v -E -dM -arch arm64 -isysroot /Applications/Xcode.app/Contents/Developer/Platforms/iPhoneSimulator.platform/Developer/SDKs/iPhoneSimulator26.5.sdk -x objective-c -c /dev/null

ExecuteExternalTool /Applications/Xcode.app/Contents/Developer/usr/bin/actool --print-asset-tag-combinations --output-format xml1 /Users/chrissotraidis/GitHub/caesarpad/engines/augustus/res/ios/Assets.xcassets

ExecuteExternalTool /Applications/Xcode.app/Contents/Developer/usr/bin/actool --version --output-format xml1

ExecuteExternalTool /Applications/Xcode.app/Contents/Developer/Toolchains/XcodeDefault.xctoolchain/usr/bin/ld -version_details

Build description signature: 1f7bf08b3ae4d81f93e2f64ee4e68562
Build description path: /Users/chrissotraidis/GitHub/caesarpad/build/ios/build/XCBuildData/1f7bf08b3ae4d81f93e2f64ee4e68562.xcbuilddata
ClangStatCache /Applications/Xcode.app/Contents/Developer/Toolchains/XcodeDefault.xctoolchain/usr/bin/clang-stat-cache /Applications/Xcode.app/Contents/Developer/Platforms/iPhoneSimulator.platform/Developer/SDKs/iPhoneSimulator26.5.sdk /Users/chrissotraidis/GitHub/caesarpad/build/ios/DerivedData/SDKStatCaches.noindex/iphonesimulator26.5-23F81a-6cfe768891a92b912361537c460fe42b.sdkstatcache
    cd /Users/chrissotraidis/GitHub/caesarpad/build/ios/augustus.xcodeproj
    /Applications/Xcode.app/Contents/Developer/Toolchains/XcodeDefault.xctoolchain/usr/bin/clang-stat-cache /Applications/Xcode.app/Contents/Developer/Platforms/iPhoneSimulator.platform/Developer/SDKs/iPhoneSimulator26.5.sdk -o /Users/chrissotraidis/GitHub/caesarpad/build/ios/DerivedData/SDKStatCaches.noindex/iphonesimulator26.5-23F81a-6cfe768891a92b912361537c460fe42b.sdkstatcache

note: Run script build phase 'Generate ext/SDL2/SDL2/CMakeFiles/sdl_headers_copy' will be run during every build because the option to run the script phase "Based on dependency analysis" is unchecked. (in target 'sdl_headers_copy' from project 'augustus')
PhaseScriptExecution Generate\ ext/SDL2/SDL2/CMakeFiles/sdl_headers_copy /Users/chrissotraidis/GitHub/caesarpad/build/ios/build/augustus.build/Release-iphonesimulator/sdl_headers_copy.build/Script-D5428A989ADE473CA61A7EAF.sh (in target 'sdl_headers_copy' from project 'augustus')
    cd /Users/chrissotraidis/GitHub/caesarpad/engines/augustus
    /bin/sh -c /Users/chrissotraidis/GitHub/caesarpad/build/ios/build/augustus.build/Release-iphonesimulator/sdl_headers_copy.build/Script-D5428A989ADE473CA61A7EAF.sh

PhaseScriptExecution Generate\ CMakeFiles/ZERO_CHECK /Users/chrissotraidis/GitHub/caesarpad/build/ios/build/augustus.build/Release-iphonesimulator/ZERO_CHECK.build/Script-460650F3AB621F6DCD6E81FA.sh (in target 'ZERO_CHECK' from project 'augustus')
    cd /Users/chrissotraidis/GitHub/caesarpad/engines/augustus
    /bin/sh -c /Users/chrissotraidis/GitHub/caesarpad/build/ios/build/augustus.build/Release-iphonesimulator/ZERO_CHECK.build/Script-460650F3AB621F6DCD6E81FA.sh
/opt/homebrew/bin/cmake -P /Users/chrissotraidis/GitHub/caesarpad/build/ios/CMakeFiles/VerifyGlobs.cmake

CompileC /Users/chrissotraidis/GitHub/caesarpad/build/ios/build/augustus.build/Release-iphonesimulator/Objects-normal/arm64/construction.o /Users/chrissotraidis/GitHub/caesarpad/engines/augustus/src/building/construction.c normal arm64 c com.apple.compilers.llvm.clang.1_0.compiler (in target 'augustus' from project 'augustus')
    cd /Users/chrissotraidis/GitHub/caesarpad/engines/augustus

    Using response file: /Users/chrissotraidis/GitHub/caesarpad/build/ios/build/augustus.build/Release-iphonesimulator/Objects-normal/arm64/7187679823f38a2a940e0043cdf9d637-common-args.resp

    /Applications/Xcode.app/Contents/Developer/Toolchains/XcodeDefault.xctoolchain/usr/bin/clang -x c -ivfsstatcache /Users/chrissotraidis/GitHub/caesarpad/build/ios/DerivedData/SDKStatCaches.noindex/iphonesimulator26.5-23F81a-6cfe768891a92b912361537c460fe42b.sdkstatcache -target arm64-apple-ios14.0-simulator -fmessage-length\=0 -fdiagnostics-show-note-include-stack -fmacro-backtrace-limit\=0 -fno-color-diagnostics -Wno-trigraphs -Wno-missing-field-initializers -Wno-missing-prototypes -Wno-return-type -Wno-missing-braces -Wparentheses -Wswitch -Wno-unused-function -Wno-unused-label -Wno-unused-parameter -Wno-unused-variable -Wunused-value -Wno-empty-body -Wno-uninitialized -Wno-unknown-pragmas -Wno-shadow -Wno-four-char-constants -Wno-conversion -Wno-constant-conversion -Wno-int-conversion -Wno-bool-conversion -Wno-enum-conversion -Wno-float-conversion -Wno-non-literal-null-conversion -Wno-objc-literal-conversion -Wshorten-64-to-32 -Wpointer-sign -Wno-newline-eof -Wno-implicit-fallthrough -isysroot /Applications/Xcode.app/Contents/Developer/Platforms/iPhoneSimulator.platform/Developer/SDKs/iPhoneSimulator26.5.sdk -fstrict-aliasing -Wdeprecated-declarations -Wno-sign-conversion -Wno-infinite-recursion -Wno-comma -Wno-block-capture-autoreleasing -Wno-strict-prototypes -Wno-semicolon-before-method-body @/Users/chrissotraidis/GitHub/caesarpad/build/ios/build/augustus.build/Release-iphonesimulator/Objects-normal/arm64/7187679823f38a2a940e0043cdf9d637-common-args.resp -MMD -MT dependencies -MF /Users/chrissotraidis/GitHub/caesarpad/build/ios/build/augustus.build/Release-iphonesimulator/Objects-normal/arm64/construction.d --serialize-diagnostics /Users/chrissotraidis/GitHub/caesarpad/build/ios/build/augustus.build/Release-iphonesimulator/Objects-normal/arm64/construction.dia -c /Users/chrissotraidis/GitHub/caesarpad/engines/augustus/src/building/construction.c -o /Users/chrissotraidis/GitHub/caesarpad/build/ios/build/augustus.build/Release-iphonesimulator/Objects-normal/arm64/construction.o

ProcessInfoPlistFile /Users/chrissotraidis/GitHub/caesarpad/build/ios/Release-iphonesimulator/augustus.app/Info.plist /Users/chrissotraidis/GitHub/caesarpad/build/ios/CMakeFiles/augustus.dir/Info.plist (in target 'augustus' from project 'augustus')
    cd /Users/chrissotraidis/GitHub/caesarpad/engines/augustus
    builtin-infoPlistUtility /Users/chrissotraidis/GitHub/caesarpad/build/ios/CMakeFiles/augustus.dir/Info.plist -producttype com.apple.product-type.application -genpkginfo /Users/chrissotraidis/GitHub/caesarpad/build/ios/Release-iphonesimulator/augustus.app/PkgInfo -expandbuildsettings -format binary -platform iphonesimulator -additionalcontentfile /Users/chrissotraidis/GitHub/caesarpad/build/ios/build/augustus.build/Release-iphonesimulator/assetcatalog_generated_info.plist -o /Users/chrissotraidis/GitHub/caesarpad/build/ios/Release-iphonesimulator/augustus.app/Info.plist

CompileC /Users/chrissotraidis/GitHub/caesarpad/build/ios/build/augustus.build/Release-iphonesimulator/Objects-normal/arm64/GameDataPickerController.o /Users/chrissotraidis/GitHub/caesarpad/engines/augustus/src/platform/ios/GameDataPickerController.m normal arm64 objective-c com.apple.compilers.llvm.clang.1_0.compiler (in target 'augustus' from project 'augustus')
    cd /Users/chrissotraidis/GitHub/caesarpad/engines/augustus

    Using response file: /Users/chrissotraidis/GitHub/caesarpad/build/ios/build/augustus.build/Release-iphonesimulator/Objects-normal/arm64/e6072d4f65d7061329687fe24e3d63a7-common-args.resp

    /Applications/Xcode.app/Contents/Developer/Toolchains/XcodeDefault.xctoolchain/usr/bin/clang -x objective-c -ivfsstatcache /Users/chrissotraidis/GitHub/caesarpad/build/ios/DerivedData/SDKStatCaches.noindex/iphonesimulator26.5-23F81a-6cfe768891a92b912361537c460fe42b.sdkstatcache -target arm64-apple-ios14.0-simulator -fmessage-length\=0 -fdiagnostics-show-note-include-stack -fmacro-backtrace-limit\=0 -fno-color-diagnostics -Wno-trigraphs -Wno-missing-field-initializers -Wno-missing-prototypes -Wno-return-type -Wno-implicit-atomic-properties -Wno-objc-interface-ivars -Wno-arc-repeated-use-of-weak -Wno-missing-braces -Wparentheses -Wswitch -Wno-unused-function -Wno-unused-label -Wno-unused-parameter -Wno-unused-variable -Wunused-value -Wno-empty-body -Wno-uninitialized -Wno-unknown-pragmas -Wno-shadow -Wno-four-char-constants -Wno-conversion -Wno-constant-conversion -Wno-int-conversion -Wno-bool-conversion -Wno-enum-conversion -Wno-float-conversion -Wno-non-literal-null-conversion -Wno-objc-literal-conversion -Wshorten-64-to-32 -Wpointer-sign -Wno-newline-eof -Wno-selector -Wno-strict-selector-match -Wno-undeclared-selector -Wno-deprecated-implementations -Wno-implicit-fallthrough -isysroot /Applications/Xcode.app/Contents/Developer/Platforms/iPhoneSimulator.platform/Developer/SDKs/iPhoneSimulator26.5.sdk -fstrict-aliasing -Wprotocol -Wdeprecated-declarations -Wno-sign-conversion -Wno-infinite-recursion -Wno-comma -Wno-block-capture-autoreleasing -Wno-strict-prototypes -Wno-semicolon-before-method-body @/Users/chrissotraidis/GitHub/caesarpad/build/ios/build/augustus.build/Release-iphonesimulator/Objects-normal/arm64/e6072d4f65d7061329687fe24e3d63a7-common-args.resp -MMD -MT dependencies -MF /Users/chrissotraidis/GitHub/caesarpad/build/ios/build/augustus.build/Release-iphonesimulator/Objects-normal/arm64/GameDataPickerController.d --serialize-diagnostics /Users/chrissotraidis/GitHub/caesarpad/build/ios/build/augustus.build/Release-iphonesimulator/Objects-normal/arm64/GameDataPickerController.dia -c /Users/chrissotraidis/GitHub/caesarpad/engines/augustus/src/platform/ios/GameDataPickerController.m -o /Users/chrissotraidis/GitHub/caesarpad/build/ios/build/augustus.build/Release-iphonesimulator/Objects-normal/arm64/GameDataPickerController.o

CompileC /Users/chrissotraidis/GitHub/caesarpad/build/ios/build/augustus.build/Release-iphonesimulator/Objects-normal/arm64/window.o /Users/chrissotraidis/GitHub/caesarpad/engines/augustus/src/graphics/window.c normal arm64 c com.apple.compilers.llvm.clang.1_0.compiler (in target 'augustus' from project 'augustus')
    cd /Users/chrissotraidis/GitHub/caesarpad/engines/augustus

    Using response file: /Users/chrissotraidis/GitHub/caesarpad/build/ios/build/augustus.build/Release-iphonesimulator/Objects-normal/arm64/7187679823f38a2a940e0043cdf9d637-common-args.resp

    /Applications/Xcode.app/Contents/Developer/Toolchains/XcodeDefault.xctoolchain/usr/bin/clang -x c -ivfsstatcache /Users/chrissotraidis/GitHub/caesarpad/build/ios/DerivedData/SDKStatCaches.noindex/iphonesimulator26.5-23F81a-6cfe768891a92b912361537c460fe42b.sdkstatcache -target arm64-apple-ios14.0-simulator -fmessage-length\=0 -fdiagnostics-show-note-include-stack -fmacro-backtrace-limit\=0 -fno-color-diagnostics -Wno-trigraphs -Wno-missing-field-initializers -Wno-missing-prototypes -Wno-return-type -Wno-missing-braces -Wparentheses -Wswitch -Wno-unused-function -Wno-unused-label -Wno-unused-parameter -Wno-unused-variable -Wunused-value -Wno-empty-body -Wno-uninitialized -Wno-unknown-pragmas -Wno-shadow -Wno-four-char-constants -Wno-conversion -Wno-constant-conversion -Wno-int-conversion -Wno-bool-conversion -Wno-enum-conversion -Wno-float-conversion -Wno-non-literal-null-conversion -Wno-objc-literal-conversion -Wshorten-64-to-32 -Wpointer-sign -Wno-newline-eof -Wno-implicit-fallthrough -isysroot /Applications/Xcode.app/Contents/Developer/Platforms/iPhoneSimulator.platform/Developer/SDKs/iPhoneSimulator26.5.sdk -fstrict-aliasing -Wdeprecated-declarations -Wno-sign-conversion -Wno-infinite-recursion -Wno-comma -Wno-block-capture-autoreleasing -Wno-strict-prototypes -Wno-semicolon-before-method-body @/Users/chrissotraidis/GitHub/caesarpad/build/ios/build/augustus.build/Release-iphonesimulator/Objects-normal/arm64/7187679823f38a2a940e0043cdf9d637-common-args.resp -MMD -MT dependencies -MF /Users/chrissotraidis/GitHub/caesarpad/build/ios/build/augustus.build/Release-iphonesimulator/Objects-normal/arm64/window.d --serialize-diagnostics /Users/chrissotraidis/GitHub/caesarpad/build/ios/build/augustus.build/Release-iphonesimulator/Objects-normal/arm64/window.dia -c /Users/chrissotraidis/GitHub/caesarpad/engines/augustus/src/graphics/window.c -o /Users/chrissotraidis/GitHub/caesarpad/build/ios/build/augustus.build/Release-iphonesimulator/Objects-normal/arm64/window.o

CompileC /Users/chrissotraidis/GitHub/caesarpad/build/ios/build/augustus.build/Release-iphonesimulator/Objects-normal/arm64/zoom.o /Users/chrissotraidis/GitHub/caesarpad/engines/augustus/src/input/zoom.c normal arm64 c com.apple.compilers.llvm.clang.1_0.compiler (in target 'augustus' from project 'augustus')
    cd /Users/chrissotraidis/GitHub/caesarpad/engines/augustus

    Using response file: /Users/chrissotraidis/GitHub/caesarpad/build/ios/build/augustus.build/Release-iphonesimulator/Objects-normal/arm64/7187679823f38a2a940e0043cdf9d637-common-args.resp

    /Applications/Xcode.app/Contents/Developer/Toolchains/XcodeDefault.xctoolchain/usr/bin/clang -x c -ivfsstatcache /Users/chrissotraidis/GitHub/caesarpad/build/ios/DerivedData/SDKStatCaches.noindex/iphonesimulator26.5-23F81a-6cfe768891a92b912361537c460fe42b.sdkstatcache -target arm64-apple-ios14.0-simulator -fmessage-length\=0 -fdiagnostics-show-note-include-stack -fmacro-backtrace-limit\=0 -fno-color-diagnostics -Wno-trigraphs -Wno-missing-field-initializers -Wno-missing-prototypes -Wno-return-type -Wno-missing-braces -Wparentheses -Wswitch -Wno-unused-function -Wno-unused-label -Wno-unused-parameter -Wno-unused-variable -Wunused-value -Wno-empty-body -Wno-uninitialized -Wno-unknown-pragmas -Wno-shadow -Wno-four-char-constants -Wno-conversion -Wno-constant-conversion -Wno-int-conversion -Wno-bool-conversion -Wno-enum-conversion -Wno-float-conversion -Wno-non-literal-null-conversion -Wno-objc-literal-conversion -Wshorten-64-to-32 -Wpointer-sign -Wno-newline-eof -Wno-implicit-fallthrough -isysroot /Applications/Xcode.app/Contents/Developer/Platforms/iPhoneSimulator.platform/Developer/SDKs/iPhoneSimulator26.5.sdk -fstrict-aliasing -Wdeprecated-declarations -Wno-sign-conversion -Wno-infinite-recursion -Wno-comma -Wno-block-capture-autoreleasing -Wno-strict-prototypes -Wno-semicolon-before-method-body @/Users/chrissotraidis/GitHub/caesarpad/build/ios/build/augustus.build/Release-iphonesimulator/Objects-normal/arm64/7187679823f38a2a940e0043cdf9d637-common-args.resp -MMD -MT dependencies -MF /Users/chrissotraidis/GitHub/caesarpad/build/ios/build/augustus.build/Release-iphonesimulator/Objects-normal/arm64/zoom.d --serialize-diagnostics /Users/chrissotraidis/GitHub/caesarpad/build/ios/build/augustus.build/Release-iphonesimulator/Objects-normal/arm64/zoom.dia -c /Users/chrissotraidis/GitHub/caesarpad/engines/augustus/src/input/zoom.c -o /Users/chrissotraidis/GitHub/caesarpad/build/ios/build/augustus.build/Release-iphonesimulator/Objects-normal/arm64/zoom.o

CompileC /Users/chrissotraidis/GitHub/caesarpad/build/ios/build/augustus.build/Release-iphonesimulator/Objects-normal/arm64/weather.o /Users/chrissotraidis/GitHub/caesarpad/engines/augustus/src/graphics/weather.c normal arm64 c com.apple.compilers.llvm.clang.1_0.compiler (in target 'augustus' from project 'augustus')
    cd /Users/chrissotraidis/GitHub/caesarpad/engines/augustus

    Using response file: /Users/chrissotraidis/GitHub/caesarpad/build/ios/build/augustus.build/Release-iphonesimulator/Objects-normal/arm64/7187679823f38a2a940e0043cdf9d637-common-args.resp

    /Applications/Xcode.app/Contents/Developer/Toolchains/XcodeDefault.xctoolchain/usr/bin/clang -x c -ivfsstatcache /Users/chrissotraidis/GitHub/caesarpad/build/ios/DerivedData/SDKStatCaches.noindex/iphonesimulator26.5-23F81a-6cfe768891a92b912361537c460fe42b.sdkstatcache -target arm64-apple-ios14.0-simulator -fmessage-length\=0 -fdiagnostics-show-note-include-stack -fmacro-backtrace-limit\=0 -fno-color-diagnostics -Wno-trigraphs -Wno-missing-field-initializers -Wno-missing-prototypes -Wno-return-type -Wno-missing-braces -Wparentheses -Wswitch -Wno-unused-function -Wno-unused-label -Wno-unused-parameter -Wno-unused-variable -Wunused-value -Wno-empty-body -Wno-uninitialized -Wno-unknown-pragmas -Wno-shadow -Wno-four-char-constants -Wno-conversion -Wno-constant-conversion -Wno-int-conversion -Wno-bool-conversion -Wno-enum-conversion -Wno-float-conversion -Wno-non-literal-null-conversion -Wno-objc-literal-conversion -Wshorten-64-to-32 -Wpointer-sign -Wno-newline-eof -Wno-implicit-fallthrough -isysroot /Applications/Xcode.app/Contents/Developer/Platforms/iPhoneSimulator.platform/Developer/SDKs/iPhoneSimulator26.5.sdk -fstrict-aliasing -Wdeprecated-declarations -Wno-sign-conversion -Wno-infinite-recursion -Wno-comma -Wno-block-capture-autoreleasing -Wno-strict-prototypes -Wno-semicolon-before-method-body @/Users/chrissotraidis/GitHub/caesarpad/build/ios/build/augustus.build/Release-iphonesimulator/Objects-normal/arm64/7187679823f38a2a940e0043cdf9d637-common-args.resp -MMD -MT dependencies -MF /Users/chrissotraidis/GitHub/caesarpad/build/ios/build/augustus.build/Release-iphonesimulator/Objects-normal/arm64/weather.d --serialize-diagnostics /Users/chrissotraidis/GitHub/caesarpad/build/ios/build/augustus.build/Release-iphonesimulator/Objects-normal/arm64/weather.dia -c /Users/chrissotraidis/GitHub/caesarpad/engines/augustus/src/graphics/weather.c -o /Users/chrissotraidis/GitHub/caesarpad/build/ios/build/augustus.build/Release-iphonesimulator/Objects-normal/arm64/weather.o

CompileC /Users/chrissotraidis/GitHub/caesarpad/build/ios/build/augustus.build/Release-iphonesimulator/Objects-normal/arm64/win_criteria.o /Users/chrissotraidis/GitHub/caesarpad/engines/augustus/src/window/editor/win_criteria.c normal arm64 c com.apple.compilers.llvm.clang.1_0.compiler (in target 'augustus' from project 'augustus')
    cd /Users/chrissotraidis/GitHub/caesarpad/engines/augustus

    Using response file: /Users/chrissotraidis/GitHub/caesarpad/build/ios/build/augustus.build/Release-iphonesimulator/Objects-normal/arm64/7187679823f38a2a940e0043cdf9d637-common-args.resp

    /Applications/Xcode.app/Contents/Developer/Toolchains/XcodeDefault.xctoolchain/usr/bin/clang -x c -ivfsstatcache /Users/chrissotraidis/GitHub/caesarpad/build/ios/DerivedData/SDKStatCaches.noindex/iphonesimulator26.5-23F81a-6cfe768891a92b912361537c460fe42b.sdkstatcache -target arm64-apple-ios14.0-simulator -fmessage-length\=0 -fdiagnostics-show-note-include-stack -fmacro-backtrace-limit\=0 -fno-color-diagnostics -Wno-trigraphs -Wno-missing-field-initializers -Wno-missing-prototypes -Wno-return-type -Wno-missing-braces -Wparentheses -Wswitch -Wno-unused-function -Wno-unused-label -Wno-unused-parameter -Wno-unused-variable -Wunused-value -Wno-empty-body -Wno-uninitialized -Wno-unknown-pragmas -Wno-shadow -Wno-four-char-constants -Wno-conversion -Wno-constant-conversion -Wno-int-conversion -Wno-bool-conversion -Wno-enum-conversion -Wno-float-conversion -Wno-non-literal-null-conversion -Wno-objc-literal-conversion -Wshorten-64-to-32 -Wpointer-sign -Wno-newline-eof -Wno-implicit-fallthrough -isysroot /Applications/Xcode.app/Contents/Developer/Platforms/iPhoneSimulator.platform/Developer/SDKs/iPhoneSimulator26.5.sdk -fstrict-aliasing -Wdeprecated-declarations -Wno-sign-conversion -Wno-infinite-recursion -Wno-comma -Wno-block-capture-autoreleasing -Wno-strict-prototypes -Wno-semicolon-before-method-body @/Users/chrissotraidis/GitHub/caesarpad/build/ios/build/augustus.build/Release-iphonesimulator/Objects-normal/arm64/7187679823f38a2a940e0043cdf9d637-common-args.resp -MMD -MT dependencies -MF /Users/chrissotraidis/GitHub/caesarpad/build/ios/build/augustus.build/Release-iphonesimulator/Objects-normal/arm64/win_criteria.d --serialize-diagnostics /Users/chrissotraidis/GitHub/caesarpad/build/ios/build/augustus.build/Release-iphonesimulator/Objects-normal/arm64/win_criteria.dia -c /Users/chrissotraidis/GitHub/caesarpad/engines/augustus/src/window/editor/win_criteria.c -o /Users/chrissotraidis/GitHub/caesarpad/build/ios/build/augustus.build/Release-iphonesimulator/Objects-normal/arm64/win_criteria.o

CompileC /Users/chrissotraidis/GitHub/caesarpad/build/ios/build/augustus.build/Release-iphonesimulator/Objects-normal/arm64/warning-31fb5c2e10edef6fa0e72ed88e9cafe0.o /Users/chrissotraidis/GitHub/caesarpad/engines/augustus/src/city/warning.c normal arm64 c com.apple.compilers.llvm.clang.1_0.compiler (in target 'augustus' from project 'augustus')
    cd /Users/chrissotraidis/GitHub/caesarpad/engines/augustus

    Using response file: /Users/chrissotraidis/GitHub/caesarpad/build/ios/build/augustus.build/Release-iphonesimulator/Objects-normal/arm64/7187679823f38a2a940e0043cdf9d637-common-args.resp

    /Applications/Xcode.app/Contents/Developer/Toolchains/XcodeDefault.xctoolchain/usr/bin/clang -x c -ivfsstatcache /Users/chrissotraidis/GitHub/caesarpad/build/ios/DerivedData/SDKStatCaches.noindex/iphonesimulator26.5-23F81a-6cfe768891a92b912361537c460fe42b.sdkstatcache -target arm64-apple-ios14.0-simulator -fmessage-length\=0 -fdiagnostics-show-note-include-stack -fmacro-backtrace-limit\=0 -fno-color-diagnostics -Wno-trigraphs -Wno-missing-field-initializers -Wno-missing-prototypes -Wno-return-type -Wno-missing-braces -Wparentheses -Wswitch -Wno-unused-function -Wno-unused-label -Wno-unused-parameter -Wno-unused-variable -Wunused-value -Wno-empty-body -Wno-uninitialized -Wno-unknown-pragmas -Wno-shadow -Wno-four-char-constants -Wno-conversion -Wno-constant-conversion -Wno-int-conversion -Wno-bool-conversion -Wno-enum-conversion -Wno-float-conversion -Wno-non-literal-null-conversion -Wno-objc-literal-conversion -Wshorten-64-to-32 -Wpointer-sign -Wno-newline-eof -Wno-implicit-fallthrough -isysroot /Applications/Xcode.app/Contents/Developer/Platforms/iPhoneSimulator.platform/Developer/SDKs/iPhoneSimulator26.5.sdk -fstrict-aliasing -Wdeprecated-declarations -Wno-sign-conversion -Wno-infinite-recursion -Wno-comma -Wno-block-capture-autoreleasing -Wno-strict-prototypes -Wno-semicolon-before-method-body @/Users/chrissotraidis/GitHub/caesarpad/build/ios/build/augustus.build/Release-iphonesimulator/Objects-normal/arm64/7187679823f38a2a940e0043cdf9d637-common-args.resp -MMD -MT dependencies -MF /Users/chrissotraidis/GitHub/caesarpad/build/ios/build/augustus.build/Release-iphonesimulator/Objects-normal/arm64/warning-31fb5c2e10edef6fa0e72ed88e9cafe0.d --serialize-diagnostics /Users/chrissotraidis/GitHub/caesarpad/build/ios/build/augustus.build/Release-iphonesimulator/Objects-normal/arm64/warning-31fb5c2e10edef6fa0e72ed88e9cafe0.dia -c /Users/chrissotraidis/GitHub/caesarpad/engines/augustus/src/city/warning.c -o /Users/chrissotraidis/GitHub/caesarpad/build/ios/build/augustus.build/Release-iphonesimulator/Objects-normal/arm64/warning-31fb5c2e10edef6fa0e72ed88e9cafe0.o

CompileC /Users/chrissotraidis/GitHub/caesarpad/build/ios/build/augustus.build/Release-iphonesimulator/Objects-normal/arm64/warning-0b95d7f2d363dcbe016753996817ebe4.o /Users/chrissotraidis/GitHub/caesarpad/engines/augustus/src/graphics/warning.c normal arm64 c com.apple.compilers.llvm.clang.1_0.compiler (in target 'augustus' from project 'augustus')
    cd /Users/chrissotraidis/GitHub/caesarpad/engines/augustus

    Using response file: /Users/chrissotraidis/GitHub/caesarpad/build/ios/build/augustus.build/Release-iphonesimulator/Objects-normal/arm64/7187679823f38a2a940e0043cdf9d637-common-args.resp

    /Applications/Xcode.app/Contents/Developer/Toolchains/XcodeDefault.xctoolchain/usr/bin/clang -x c -ivfsstatcache /Users/chrissotraidis/GitHub/caesarpad/build/ios/DerivedData/SDKStatCaches.noindex/iphonesimulator26.5-23F81a-6cfe768891a92b912361537c460fe42b.sdkstatcache -target arm64-apple-ios14.0-simulator -fmessage-length\=0 -fdiagnostics-show-note-include-stack -fmacro-backtrace-limit\=0 -fno-color-diagnostics -Wno-trigraphs -Wno-missing-field-initializers -Wno-missing-prototypes -Wno-return-type -Wno-missing-braces -Wparentheses -Wswitch -Wno-unused-function -Wno-unused-label -Wno-unused-parameter -Wno-unused-variable -Wunused-value -Wno-empty-body -Wno-uninitialized -Wno-unknown-pragmas -Wno-shadow -Wno-four-char-constants -Wno-conversion -Wno-constant-conversion -Wno-int-conversion -Wno-bool-conversion -Wno-enum-conversion -Wno-float-conversion -Wno-non-literal-null-conversion -Wno-objc-literal-conversion -Wshorten-64-to-32 -Wpointer-sign -Wno-newline-eof -Wno-implicit-fallthrough -isysroot /Applications/Xcode.app/Contents/Developer/Platforms/iPhoneSimulator.platform/Developer/SDKs/iPhoneSimulator26.5.sdk -fstrict-aliasing -Wdeprecated-declarations -Wno-sign-conversion -Wno-infinite-recursion -Wno-comma -Wno-block-capture-autoreleasing -Wno-strict-prototypes -Wno-semicolon-before-method-body @/Users/chrissotraidis/GitHub/caesarpad/build/ios/build/augustus.build/Release-iphonesimulator/Objects-normal/arm64/7187679823f38a2a940e0043cdf9d637-common-args.resp -MMD -MT dependencies -MF /Users/chrissotraidis/GitHub/caesarpad/build/ios/build/augustus.build/Release-iphonesimulator/Objects-normal/arm64/warning-0b95d7f2d363dcbe016753996817ebe4.d --serialize-diagnostics /Users/chrissotraidis/GitHub/caesarpad/build/ios/build/augustus.build/Release-iphonesimulator/Objects-normal/arm64/warning-0b95d7f2d363dcbe016753996817ebe4.dia -c /Users/chrissotraidis/GitHub/caesarpad/engines/augustus/src/graphics/warning.c -o /Users/chrissotraidis/GitHub/caesarpad/build/ios/build/augustus.build/Release-iphonesimulator/Objects-normal/arm64/warning-0b95d7f2d363dcbe016753996817ebe4.o

CompileC /Users/chrissotraidis/GitHub/caesarpad/build/ios/build/augustus.build/Release-iphonesimulator/Objects-normal/arm64/view.o /Users/chrissotraidis/GitHub/caesarpad/engines/augustus/src/city/view.c normal arm64 c com.apple.compilers.llvm.clang.1_0.compiler (in target 'augustus' from project 'augustus')
    cd /Users/chrissotraidis/GitHub/caesarpad/engines/augustus

    Using response file: /Users/chrissotraidis/GitHub/caesarpad/build/ios/build/augustus.build/Release-iphonesimulator/Objects-normal/arm64/7187679823f38a2a940e0043cdf9d637-common-args.resp

    /Applications/Xcode.app/Contents/Developer/Toolchains/XcodeDefault.xctoolchain/usr/bin/clang -x c -ivfsstatcache /Users/chrissotraidis/GitHub/caesarpad/build/ios/DerivedData/SDKStatCaches.noindex/iphonesimulator26.5-23F81a-6cfe768891a92b912361537c460fe42b.sdkstatcache -target arm64-apple-ios14.0-simulator -fmessage-length\=0 -fdiagnostics-show-note-include-stack -fmacro-backtrace-limit\=0 -fno-color-diagnostics -Wno-trigraphs -Wno-missing-field-initializers -Wno-missing-prototypes -Wno-return-type -Wno-missing-braces -Wparentheses -Wswitch -Wno-unused-function -Wno-unused-label -Wno-unused-parameter -Wno-unused-variable -Wunused-value -Wno-empty-body -Wno-uninitialized -Wno-unknown-pragmas -Wno-shadow -Wno-four-char-constants -Wno-conversion -Wno-constant-conversion -Wno-int-conversion -Wno-bool-conversion -Wno-enum-conversion -Wno-float-conversion -Wno-non-literal-null-conversion -Wno-objc-literal-conversion -Wshorten-64-to-32 -Wpointer-sign -Wno-newline-eof -Wno-implicit-fallthrough -isysroot /Applications/Xcode.app/Contents/Developer/Platforms/iPhoneSimulator.platform/Developer/SDKs/iPhoneSimulator26.5.sdk -fstrict-aliasing -Wdeprecated-declarations -Wno-sign-conversion -Wno-infinite-recursion -Wno-comma -Wno-block-capture-autoreleasing -Wno-strict-prototypes -Wno-semicolon-before-method-body @/Users/chrissotraidis/GitHub/caesarpad/build/ios/build/augustus.build/Release-iphonesimulator/Objects-normal/arm64/7187679823f38a2a940e0043cdf9d637-common-args.resp -MMD -MT dependencies -MF /Users/chrissotraidis/GitHub/caesarpad/build/ios/build/augustus.build/Release-iphonesimulator/Objects-normal/arm64/view.d --serialize-diagnostics /Users/chrissotraidis/GitHub/caesarpad/build/ios/build/augustus.build/Release-iphonesimulator/Objects-normal/arm64/view.dia -c /Users/chrissotraidis/GitHub/caesarpad/engines/augustus/src/city/view.c -o /Users/chrissotraidis/GitHub/caesarpad/build/ios/build/augustus.build/Release-iphonesimulator/Objects-normal/arm64/view.o

CompileC /Users/chrissotraidis/GitHub/caesarpad/build/ios/build/augustus.build/Release-iphonesimulator/Objects-normal/arm64/video-6a5b750f085dc7b9ed6006b24a519013.o /Users/chrissotraidis/GitHub/caesarpad/engines/augustus/src/window/video.c normal arm64 c com.apple.compilers.llvm.clang.1_0.compiler (in target 'augustus' from project 'augustus')
    cd /Users/chrissotraidis/GitHub/caesarpad/engines/augustus

    Using response file: /Users/chrissotraidis/GitHub/caesarpad/build/ios/build/augustus.build/Release-iphonesimulator/Objects-normal/arm64/7187679823f38a2a940e0043cdf9d637-common-args.resp

    /Applications/Xcode.app/Contents/Developer/Toolchains/XcodeDefault.xctoolchain/usr/bin/clang -x c -ivfsstatcache /Users/chrissotraidis/GitHub/caesarpad/build/ios/DerivedData/SDKStatCaches.noindex/iphonesimulator26.5-23F81a-6cfe768891a92b912361537c460fe42b.sdkstatcache -target arm64-apple-ios14.0-simulator -fmessage-length\=0 -fdiagnostics-show-note-include-stack -fmacro-backtrace-limit\=0 -fno-color-diagnostics -Wno-trigraphs -Wno-missing-field-initializers -Wno-missing-prototypes -Wno-return-type -Wno-missing-braces -Wparentheses -Wswitch -Wno-unused-function -Wno-unused-label -Wno-unused-parameter -Wno-unused-variable -Wunused-value -Wno-empty-body -Wno-uninitialized -Wno-unknown-pragmas -Wno-shadow -Wno-four-char-constants -Wno-conversion -Wno-constant-conversion -Wno-int-conversion -Wno-bool-conversion -Wno-enum-conversion -Wno-float-conversion -Wno-non-literal-null-conversion -Wno-objc-literal-conversion -Wshorten-64-to-32 -Wpointer-sign -Wno-newline-eof -Wno-implicit-fallthrough -isysroot /Applications/Xcode.app/Contents/Developer/Platforms/iPhoneSimulator.platform/Developer/SDKs/iPhoneSimulator26.5.sdk -fstrict-aliasing -Wdeprecated-declarations -Wno-sign-conversion -Wno-infinite-recursion -Wno-comma -Wno-block-capture-autoreleasing -Wno-strict-prototypes -Wno-semicolon-before-method-body @/Users/chrissotraidis/GitHub/caesarpad/build/ios/build/augustus.build/Release-iphonesimulator/Objects-normal/arm64/7187679823f38a2a940e0043cdf9d637-common-args.resp -MMD -MT dependencies -MF /Users/chrissotraidis/GitHub/caesarpad/build/ios/build/augustus.build/Release-iphonesimulator/Objects-normal/arm64/video-6a5b750f085dc7b9ed6006b24a519013.d --serialize-diagnostics /Users/chrissotraidis/GitHub/caesarpad/build/ios/build/augustus.build/Release-iphonesimulator/Objects-normal/arm64/video-6a5b750f085dc7b9ed6006b24a519013.dia -c /Users/chrissotraidis/GitHub/caesarpad/engines/augustus/src/window/video.c -o /Users/chrissotraidis/GitHub/caesarpad/build/ios/build/augustus.build/Release-iphonesimulator/Objects-normal/arm64/video-6a5b750f085dc7b9ed6006b24a519013.o

CompileC /Users/chrissotraidis/GitHub/caesarpad/build/ios/build/augustus.build/Release-iphonesimulator/Objects-normal/arm64/victory_dialog.o /Users/chrissotraidis/GitHub/caesarpad/engines/augustus/src/window/victory_dialog.c normal arm64 c com.apple.compilers.llvm.clang.1_0.compiler (in target 'augustus' from project 'augustus')
    cd /Users/chrissotraidis/GitHub/caesarpad/engines/augustus

    Using response file: /Users/chrissotraidis/GitHub/caesarpad/build/ios/build/augustus.build/Release-iphonesimulator/Objects-normal/arm64/7187679823f38a2a940e0043cdf9d637-common-args.resp

    /Applications/Xcode.app/Contents/Developer/Toolchains/XcodeDefault.xctoolchain/usr/bin/clang -x c -ivfsstatcache /Users/chrissotraidis/GitHub/caesarpad/build/ios/DerivedData/SDKStatCaches.noindex/iphonesimulator26.5-23F81a-6cfe768891a92b912361537c460fe42b.sdkstatcache -target arm64-apple-ios14.0-simulator -fmessage-length\=0 -fdiagnostics-show-note-include-stack -fmacro-backtrace-limit\=0 -fno-color-diagnostics -Wno-trigraphs -Wno-missing-field-initializers -Wno-missing-prototypes -Wno-return-type -Wno-missing-braces -Wparentheses -Wswitch -Wno-unused-function -Wno-unused-label -Wno-unused-parameter -Wno-unused-variable -Wunused-value -Wno-empty-body -Wno-uninitialized -Wno-unknown-pragmas -Wno-shadow -Wno-four-char-constants -Wno-conversion -Wno-constant-conversion -Wno-int-conversion -Wno-bool-conversion -Wno-enum-conversion -Wno-float-conversion -Wno-non-literal-null-conversion -Wno-objc-literal-conversion -Wshorten-64-to-32 -Wpointer-sign -Wno-newline-eof -Wno-implicit-fallthrough -isysroot /Applications/Xcode.app/Contents/Developer/Platforms/iPhoneSimulator.platform/Developer/SDKs/iPhoneSimulator26.5.sdk -fstrict-aliasing -Wdeprecated-declarations -Wno-sign-conversion -Wno-infinite-recursion -Wno-comma -Wno-block-capture-autoreleasing -Wno-strict-prototypes -Wno-semicolon-before-method-body @/Users/chrissotraidis/GitHub/caesarpad/build/ios/build/augustus.build/Release-iphonesimulator/Objects-normal/arm64/7187679823f38a2a940e0043cdf9d637-common-args.resp -MMD -MT dependencies -MF /Users/chrissotraidis/GitHub/caesarpad/build/ios/build/augustus.build/Release-iphonesimulator/Objects-normal/arm64/victory_dialog.d --serialize-diagnostics /Users/chrissotraidis/GitHub/caesarpad/build/ios/build/augustus.build/Release-iphonesimulator/Objects-normal/arm64/victory_dialog.dia -c /Users/chrissotraidis/GitHub/caesarpad/engines/augustus/src/window/victory_dialog.c -o /Users/chrissotraidis/GitHub/caesarpad/build/ios/build/augustus.build/Release-iphonesimulator/Objects-normal/arm64/victory_dialog.o

CompileC /Users/chrissotraidis/GitHub/caesarpad/build/ios/build/augustus.build/Release-iphonesimulator/Objects-normal/arm64/utility.o /Users/chrissotraidis/GitHub/caesarpad/engines/augustus/src/window/building/utility.c normal arm64 c com.apple.compilers.llvm.clang.1_0.compiler (in target 'augustus' from project 'augustus')
    cd /Users/chrissotraidis/GitHub/caesarpad/engines/augustus

    Using response file: /Users/chrissotraidis/GitHub/caesarpad/build/ios/build/augustus.build/Release-iphonesimulator/Objects-normal/arm64/7187679823f38a2a940e0043cdf9d637-common-args.resp

    /Applications/Xcode.app/Contents/Developer/Toolchains/XcodeDefault.xctoolchain/usr/bin/clang -x c -ivfsstatcache /Users/chrissotraidis/GitHub/caesarpad/build/ios/DerivedData/SDKStatCaches.noindex/iphonesimulator26.5-23F81a-6cfe768891a92b912361537c460fe42b.sdkstatcache -target arm64-apple-ios14.0-simulator -fmessage-length\=0 -fdiagnostics-show-note-include-stack -fmacro-backtrace-limit\=0 -fno-color-diagnostics -Wno-trigraphs -Wno-missing-field-initializers -Wno-missing-prototypes -Wno-return-type -Wno-missing-braces -Wparentheses -Wswitch -Wno-unused-function -Wno-unused-label -Wno-unused-parameter -Wno-unused-variable -Wunused-value -Wno-empty-body -Wno-uninitialized -Wno-unknown-pragmas -Wno-shadow -Wno-four-char-constants -Wno-conversion -Wno-constant-conversion -Wno-int-conversion -Wno-bool-conversion -Wno-enum-conversion -Wno-float-conversion -Wno-non-literal-null-conversion -Wno-objc-literal-conversion -Wshorten-64-to-32 -Wpointer-sign -Wno-newline-eof -Wno-implicit-fallthrough -isysroot /Applications/Xcode.app/Contents/Developer/Platforms/iPhoneSimulator.platform/Developer/SDKs/iPhoneSimulator26.5.sdk -fstrict-aliasing -Wdeprecated-declarations -Wno-sign-conversion -Wno-infinite-recursion -Wno-comma -Wno-block-capture-autoreleasing -Wno-strict-prototypes -Wno-semicolon-before-method-body @/Users/chrissotraidis/GitHub/caesarpad/build/ios/build/augustus.build/Release-iphonesimulator/Objects-normal/arm64/7187679823f38a2a940e0043cdf9d637-common-args.resp -MMD -MT dependencies -MF /Users/chrissotraidis/GitHub/caesarpad/build/ios/build/augustus.build/Release-iphonesimulator/Objects-normal/arm64/utility.d --serialize-diagnostics /Users/chrissotraidis/GitHub/caesarpad/build/ios/build/augustus.build/Release-iphonesimulator/Objects-normal/arm64/utility.dia -c /Users/chrissotraidis/GitHub/caesarpad/engines/augustus/src/window/building/utility.c -o /Users/chrissotraidis/GitHub/caesarpad/build/ios/build/augustus.build/Release-iphonesimulator/Objects-normal/arm64/utility.o

CompileC /Users/chrissotraidis/GitHub/caesarpad/build/ios/build/augustus.build/Release-iphonesimulator/Objects-normal/arm64/user_path_setup.o /Users/chrissotraidis/GitHub/caesarpad/engines/augustus/src/window/user_path_setup.c normal arm64 c com.apple.compilers.llvm.clang.1_0.compiler (in target 'augustus' from project 'augustus')
    cd /Users/chrissotraidis/GitHub/caesarpad/engines/augustus

    Using response file: /Users/chrissotraidis/GitHub/caesarpad/build/ios/build/augustus.build/Release-iphonesimulator/Objects-normal/arm64/7187679823f38a2a940e0043cdf9d637-common-args.resp

    /Applications/Xcode.app/Contents/Developer/Toolchains/XcodeDefault.xctoolchain/usr/bin/clang -x c -ivfsstatcache /Users/chrissotraidis/GitHub/caesarpad/build/ios/DerivedData/SDKStatCaches.noindex/iphonesimulator26.5-23F81a-6cfe768891a92b912361537c460fe42b.sdkstatcache -target arm64-apple-ios14.0-simulator -fmessage-length\=0 -fdiagnostics-show-note-include-stack -fmacro-backtrace-limit\=0 -fno-color-diagnostics -Wno-trigraphs -Wno-missing-field-initializers -Wno-missing-prototypes -Wno-return-type -Wno-missing-braces -Wparentheses -Wswitch -Wno-unused-function -Wno-unused-label -Wno-unused-parameter -Wno-unused-variable -Wunused-value -Wno-empty-body -Wno-uninitialized -Wno-unknown-pragmas -Wno-shadow -Wno-four-char-constants -Wno-conversion -Wno-constant-conversion -Wno-int-conversion -Wno-bool-conversion -Wno-enum-conversion -Wno-float-conversion -Wno-non-literal-null-conversion -Wno-objc-literal-conversion -Wshorten-64-to-32 -Wpointer-sign -Wno-newline-eof -Wno-implicit-fallthrough -isysroot /Applications/Xcode.app/Contents/Developer/Platforms/iPhoneSimulator.platform/Developer/SDKs/iPhoneSimulator26.5.sdk -fstrict-aliasing -Wdeprecated-declarations -Wno-sign-conversion -Wno-infinite-recursion -Wno-comma -Wno-block-capture-autoreleasing -Wno-strict-prototypes -Wno-semicolon-before-method-body @/Users/chrissotraidis/GitHub/caesarpad/build/ios/build/augustus.build/Release-iphonesimulator/Objects-normal/arm64/7187679823f38a2a940e0043cdf9d637-common-args.resp -MMD -MT dependencies -MF /Users/chrissotraidis/GitHub/caesarpad/build/ios/build/augustus.build/Release-iphonesimulator/Objects-normal/arm64/user_path_setup.d --serialize-diagnostics /Users/chrissotraidis/GitHub/caesarpad/build/ios/build/augustus.build/Release-iphonesimulator/Objects-normal/arm64/user_path_setup.dia -c /Users/chrissotraidis/GitHub/caesarpad/engines/augustus/src/window/user_path_setup.c -o /Users/chrissotraidis/GitHub/caesarpad/build/ios/build/augustus.build/Release-iphonesimulator/Objects-normal/arm64/user_path_setup.o
/Users/chrissotraidis/GitHub/caesarpad/engines/augustus/src/window/user_path_setup.c:95:73: warning: implicit conversion loses integer precision: 'long' to 'int' [-Wshorten-64-to-32]
   95 |             cursor += encode_path(cursor, data.user_path, FILE_NAME_MAX - (cursor - text));
      |                       ~~~~~~~~~~~                         ~~~~~~~~~~~~~~^~~~~~~~~~~~~~~~~
/Users/chrissotraidis/GitHub/caesarpad/engines/augustus/src/window/user_path_setup.c:217:70: warning: implicit conversion loses integer precision: 'long' to 'int' [-Wshorten-64-to-32]
  217 |             cursor += encode_path(cursor, recommended, FILE_NAME_MAX - (cursor - recommended_text));
      |                       ~~~~~~~~~~~                      ~~~~~~~~~~~~~~^~~~~~~~~~~~~~~~~~~~~~~~~~~~~
2 warnings generated.

CompileC /Users/chrissotraidis/GitHub/caesarpad/build/ios/build/augustus.build/Release-iphonesimulator/Objects-normal/arm64/undo.o /Users/chrissotraidis/GitHub/caesarpad/engines/augustus/src/game/undo.c normal arm64 c com.apple.compilers.llvm.clang.1_0.compiler (in target 'augustus' from project 'augustus')
    cd /Users/chrissotraidis/GitHub/caesarpad/engines/augustus

    Using response file: /Users/chrissotraidis/GitHub/caesarpad/build/ios/build/augustus.build/Release-iphonesimulator/Objects-normal/arm64/7187679823f38a2a940e0043cdf9d637-common-args.resp

    /Applications/Xcode.app/Contents/Developer/Toolchains/XcodeDefault.xctoolchain/usr/bin/clang -x c -ivfsstatcache /Users/chrissotraidis/GitHub/caesarpad/build/ios/DerivedData/SDKStatCaches.noindex/iphonesimulator26.5-23F81a-6cfe768891a92b912361537c460fe42b.sdkstatcache -target arm64-apple-ios14.0-simulator -fmessage-length\=0 -fdiagnostics-show-note-include-stack -fmacro-backtrace-limit\=0 -fno-color-diagnostics -Wno-trigraphs -Wno-missing-field-initializers -Wno-missing-prototypes -Wno-return-type -Wno-missing-braces -Wparentheses -Wswitch -Wno-unused-function -Wno-unused-label -Wno-unused-parameter -Wno-unused-variable -Wunused-value -Wno-empty-body -Wno-uninitialized -Wno-unknown-pragmas -Wno-shadow -Wno-four-char-constants -Wno-conversion -Wno-constant-conversion -Wno-int-conversion -Wno-bool-conversion -Wno-enum-conversion -Wno-float-conversion -Wno-non-literal-null-conversion -Wno-objc-literal-conversion -Wshorten-64-to-32 -Wpointer-sign -Wno-newline-eof -Wno-implicit-fallthrough -isysroot /Applications/Xcode.app/Contents/Developer/Platforms/iPhoneSimulator.platform/Developer/SDKs/iPhoneSimulator26.5.sdk -fstrict-aliasing -Wdeprecated-declarations -Wno-sign-conversion -Wno-infinite-recursion -Wno-comma -Wno-block-capture-autoreleasing -Wno-strict-prototypes -Wno-semicolon-before-method-body @/Users/chrissotraidis/GitHub/caesarpad/build/ios/build/augustus.build/Release-iphonesimulator/Objects-normal/arm64/7187679823f38a2a940e0043cdf9d637-common-args.resp -MMD -MT dependencies -MF /Users/chrissotraidis/GitHub/caesarpad/build/ios/build/augustus.build/Release-iphonesimulator/Objects-normal/arm64/undo.d --serialize-diagnostics /Users/chrissotraidis/GitHub/caesarpad/build/ios/build/augustus.build/Release-iphonesimulator/Objects-normal/arm64/undo.dia -c /Users/chrissotraidis/GitHub/caesarpad/engines/augustus/src/game/undo.c -o /Users/chrissotraidis/GitHub/caesarpad/build/ios/build/augustus.build/Release-iphonesimulator/Objects-normal/arm64/undo.o

CompileC /Users/chrissotraidis/GitHub/caesarpad/build/ios/build/augustus.build/Release-iphonesimulator/Objects-normal/arm64/trade_prices-3fd7679a2f79fd5d03a0fe175316ec32.o /Users/chrissotraidis/GitHub/caesarpad/engines/augustus/src/window/trade_prices.c normal arm64 c com.apple.compilers.llvm.clang.1_0.compiler (in target 'augustus' from project 'augustus')
    cd /Users/chrissotraidis/GitHub/caesarpad/engines/augustus

    Using response file: /Users/chrissotraidis/GitHub/caesarpad/build/ios/build/augustus.build/Release-iphonesimulator/Objects-normal/arm64/7187679823f38a2a940e0043cdf9d637-common-args.resp

    /Applications/Xcode.app/Contents/Developer/Toolchains/XcodeDefault.xctoolchain/usr/bin/clang -x c -ivfsstatcache /Users/chrissotraidis/GitHub/caesarpad/build/ios/DerivedData/SDKStatCaches.noindex/iphonesimulator26.5-23F81a-6cfe768891a92b912361537c460fe42b.sdkstatcache -target arm64-apple-ios14.0-simulator -fmessage-length\=0 -fdiagnostics-show-note-include-stack -fmacro-backtrace-limit\=0 -fno-color-diagnostics -Wno-trigraphs -Wno-missing-field-initializers -Wno-missing-prototypes -Wno-return-type -Wno-missing-braces -Wparentheses -Wswitch -Wno-unused-function -Wno-unused-label -Wno-unused-parameter -Wno-unused-variable -Wunused-value -Wno-empty-body -Wno-uninitialized -Wno-unknown-pragmas -Wno-shadow -Wno-four-char-constants -Wno-conversion -Wno-constant-conversion -Wno-int-conversion -Wno-bool-conversion -Wno-enum-conversion -Wno-float-conversion -Wno-non-literal-null-conversion -Wno-objc-literal-conversion -Wshorten-64-to-32 -Wpointer-sign -Wno-newline-eof -Wno-implicit-fallthrough -isysroot /Applications/Xcode.app/Contents/Developer/Platforms/iPhoneSimulator.platform/Developer/SDKs/iPhoneSimulator26.5.sdk -fstrict-aliasing -Wdeprecated-declarations -Wno-sign-conversion -Wno-infinite-recursion -Wno-comma -Wno-block-capture-autoreleasing -Wno-strict-prototypes -Wno-semicolon-before-method-body @/Users/chrissotraidis/GitHub/caesarpad/build/ios/build/augustus.build/Release-iphonesimulator/Objects-normal/arm64/7187679823f38a2a940e0043cdf9d637-common-args.resp -MMD -MT dependencies -MF /Users/chrissotraidis/GitHub/caesarpad/build/ios/build/augustus.build/Release-iphonesimulator/Objects-normal/arm64/trade_prices-3fd7679a2f79fd5d03a0fe175316ec32.d --serialize-diagnostics /Users/chrissotraidis/GitHub/caesarpad/build/ios/build/augustus.build/Release-iphonesimulator/Objects-normal/arm64/trade_prices-3fd7679a2f79fd5d03a0fe175316ec32.dia -c /Users/chrissotraidis/GitHub/caesarpad/engines/augustus/src/window/trade_prices.c -o /Users/chrissotraidis/GitHub/caesarpad/build/ios/build/augustus.build/Release-iphonesimulator/Objects-normal/arm64/trade_prices-3fd7679a2f79fd5d03a0fe175316ec32.o

CompileC /Users/chrissotraidis/GitHub/caesarpad/build/ios/build/augustus.build/Release-iphonesimulator/Objects-normal/arm64/trade_opened.o /Users/chrissotraidis/GitHub/caesarpad/engines/augustus/src/window/trade_opened.c normal arm64 c com.apple.compilers.llvm.clang.1_0.compiler (in target 'augustus' from project 'augustus')
    cd /Users/chrissotraidis/GitHub/caesarpad/engines/augustus

    Using response file: /Users/chrissotraidis/GitHub/caesarpad/build/ios/build/augustus.build/Release-iphonesimulator/Objects-normal/arm64/7187679823f38a2a940e0043cdf9d637-common-args.resp

    /Applications/Xcode.app/Contents/Developer/Toolchains/XcodeDefault.xctoolchain/usr/bin/clang -x c -ivfsstatcache /Users/chrissotraidis/GitHub/caesarpad/build/ios/DerivedData/SDKStatCaches.noindex/iphonesimulator26.5-23F81a-6cfe768891a92b912361537c460fe42b.sdkstatcache -target arm64-apple-ios14.0-simulator -fmessage-length\=0 -fdiagnostics-show-note-include-stack -fmacro-backtrace-limit\=0 -fno-color-diagnostics -Wno-trigraphs -Wno-missing-field-initializers -Wno-missing-prototypes -Wno-return-type -Wno-missing-braces -Wparentheses -Wswitch -Wno-unused-function -Wno-unused-label -Wno-unused-parameter -Wno-unused-variable -Wunused-value -Wno-empty-body -Wno-uninitialized -Wno-unknown-pragmas -Wno-shadow -Wno-four-char-constants -Wno-conversion -Wno-constant-conversion -Wno-int-conversion -Wno-bool-conversion -Wno-enum-conversion -Wno-float-conversion -Wno-non-literal-null-conversion -Wno-objc-literal-conversion -Wshorten-64-to-32 -Wpointer-sign -Wno-newline-eof -Wno-implicit-fallthrough -isysroot /Applications/Xcode.app/Contents/Developer/Platforms/iPhoneSimulator.platform/Developer/SDKs/iPhoneSimulator26.5.sdk -fstrict-aliasing -Wdeprecated-declarations -Wno-sign-conversion -Wno-infinite-recursion -Wno-comma -Wno-block-capture-autoreleasing -Wno-strict-prototypes -Wno-semicolon-before-method-body @/Users/chrissotraidis/GitHub/caesarpad/build/ios/build/augustus.build/Release-iphonesimulator/Objects-normal/arm64/7187679823f38a2a940e0043cdf9d637-common-args.resp -MMD -MT dependencies -MF /Users/chrissotraidis/GitHub/caesarpad/build/ios/build/augustus.build/Release-iphonesimulator/Objects-normal/arm64/trade_opened.d --serialize-diagnostics /Users/chrissotraidis/GitHub/caesarpad/build/ios/build/augustus.build/Release-iphonesimulator/Objects-normal/arm64/trade_opened.dia -c /Users/chrissotraidis/GitHub/caesarpad/engines/augustus/src/window/trade_opened.c -o /Users/chrissotraidis/GitHub/caesarpad/build/ios/build/augustus.build/Release-iphonesimulator/Objects-normal/arm64/trade_opened.o

CompileC /Users/chrissotraidis/GitHub/caesarpad/build/ios/build/augustus.build/Release-iphonesimulator/Objects-normal/arm64/trade-90d67456a65be94cb1240dbf87c879a8.o /Users/chrissotraidis/GitHub/caesarpad/engines/augustus/src/window/advisor/trade.c normal arm64 c com.apple.compilers.llvm.clang.1_0.compiler (in target 'augustus' from project 'augustus')
    cd /Users/chrissotraidis/GitHub/caesarpad/engines/augustus

    Using response file: /Users/chrissotraidis/GitHub/caesarpad/build/ios/build/augustus.build/Release-iphonesimulator/Objects-normal/arm64/7187679823f38a2a940e0043cdf9d637-common-args.resp

    /Applications/Xcode.app/Contents/Developer/Toolchains/XcodeDefault.xctoolchain/usr/bin/clang -x c -ivfsstatcache /Users/chrissotraidis/GitHub/caesarpad/build/ios/DerivedData/SDKStatCaches.noindex/iphonesimulator26.5-23F81a-6cfe768891a92b912361537c460fe42b.sdkstatcache -target arm64-apple-ios14.0-simulator -fmessage-length\=0 -fdiagnostics-show-note-include-stack -fmacro-backtrace-limit\=0 -fno-color-diagnostics -Wno-trigraphs -Wno-missing-field-initializers -Wno-missing-prototypes -Wno-return-type -Wno-missing-braces -Wparentheses -Wswitch -Wno-unused-function -Wno-unused-label -Wno-unused-parameter -Wno-unused-variable -Wunused-value -Wno-empty-body -Wno-uninitialized -Wno-unknown-pragmas -Wno-shadow -Wno-four-char-constants -Wno-conversion -Wno-constant-conversion -Wno-int-conversion -Wno-bool-conversion -Wno-enum-conversion -Wno-float-conversion -Wno-non-literal-null-conversion -Wno-objc-literal-conversion -Wshorten-64-to-32 -Wpointer-sign -Wno-newline-eof -Wno-implicit-fallthrough -isysroot /Applications/Xcode.app/Contents/Developer/Platforms/iPhoneSimulator.platform/Developer/SDKs/iPhoneSimulator26.5.sdk -fstrict-aliasing -Wdeprecated-declarations -Wno-sign-conversion -Wno-infinite-recursion -Wno-comma -Wno-block-capture-autoreleasing -Wno-strict-prototypes -Wno-semicolon-before-method-body @/Users/chrissotraidis/GitHub/caesarpad/build/ios/build/augustus.build/Release-iphonesimulator/Objects-normal/arm64/7187679823f38a2a940e0043cdf9d637-common-args.resp -MMD -MT dependencies -MF /Users/chrissotraidis/GitHub/caesarpad/build/ios/build/augustus.build/Release-iphonesimulator/Objects-normal/arm64/trade-90d67456a65be94cb1240dbf87c879a8.d --serialize-diagnostics /Users/chrissotraidis/GitHub/caesarpad/build/ios/build/augustus.build/Release-iphonesimulator/Objects-normal/arm64/trade-90d67456a65be94cb1240dbf87c879a8.dia -c /Users/chrissotraidis/GitHub/caesarpad/engines/augustus/src/window/advisor/trade.c -o /Users/chrissotraidis/GitHub/caesarpad/build/ios/build/augustus.build/Release-iphonesimulator/Objects-normal/arm64/trade-90d67456a65be94cb1240dbf87c879a8.o

CompileC /Users/chrissotraidis/GitHub/caesarpad/build/ios/build/augustus.build/Release-iphonesimulator/Objects-normal/arm64/touch-ececcc10970a71180cb8f6362a879f26.o /Users/chrissotraidis/GitHub/caesarpad/engines/augustus/src/input/touch.c normal arm64 c com.apple.compilers.llvm.clang.1_0.compiler (in target 'augustus' from project 'augustus')
    cd /Users/chrissotraidis/GitHub/caesarpad/engines/augustus

    Using response file: /Users/chrissotraidis/GitHub/caesarpad/build/ios/build/augustus.build/Release-iphonesimulator/Objects-normal/arm64/7187679823f38a2a940e0043cdf9d637-common-args.resp

    /Applications/Xcode.app/Contents/Developer/Toolchains/XcodeDefault.xctoolchain/usr/bin/clang -x c -ivfsstatcache /Users/chrissotraidis/GitHub/caesarpad/build/ios/DerivedData/SDKStatCaches.noindex/iphonesimulator26.5-23F81a-6cfe768891a92b912361537c460fe42b.sdkstatcache -target arm64-apple-ios14.0-simulator -fmessage-length\=0 -fdiagnostics-show-note-include-stack -fmacro-backtrace-limit\=0 -fno-color-diagnostics -Wno-trigraphs -Wno-missing-field-initializers -Wno-missing-prototypes -Wno-return-type -Wno-missing-braces -Wparentheses -Wswitch -Wno-unused-function -Wno-unused-label -Wno-unused-parameter -Wno-unused-variable -Wunused-value -Wno-empty-body -Wno-uninitialized -Wno-unknown-pragmas -Wno-shadow -Wno-four-char-constants -Wno-conversion -Wno-constant-conversion -Wno-int-conversion -Wno-bool-conversion -Wno-enum-conversion -Wno-float-conversion -Wno-non-literal-null-conversion -Wno-objc-literal-conversion -Wshorten-64-to-32 -Wpointer-sign -Wno-newline-eof -Wno-implicit-fallthrough -isysroot /Applications/Xcode.app/Contents/Developer/Platforms/iPhoneSimulator.platform/Developer/SDKs/iPhoneSimulator26.5.sdk -fstrict-aliasing -Wdeprecated-declarations -Wno-sign-conversion -Wno-infinite-recursion -Wno-comma -Wno-block-capture-autoreleasing -Wno-strict-prototypes -Wno-semicolon-before-method-body @/Users/chrissotraidis/GitHub/caesarpad/build/ios/build/augustus.build/Release-iphonesimulator/Objects-normal/arm64/7187679823f38a2a940e0043cdf9d637-common-args.resp -MMD -MT dependencies -MF /Users/chrissotraidis/GitHub/caesarpad/build/ios/build/augustus.build/Release-iphonesimulator/Objects-normal/arm64/touch-ececcc10970a71180cb8f6362a879f26.d --serialize-diagnostics /Users/chrissotraidis/GitHub/caesarpad/build/ios/build/augustus.build/Release-iphonesimulator/Objects-normal/arm64/touch-ececcc10970a71180cb8f6362a879f26.dia -c /Users/chrissotraidis/GitHub/caesarpad/engines/augustus/src/input/touch.c -o /Users/chrissotraidis/GitHub/caesarpad/build/ios/build/augustus.build/Release-iphonesimulator/Objects-normal/arm64/touch-ececcc10970a71180cb8f6362a879f26.o

CompileC /Users/chrissotraidis/GitHub/caesarpad/build/ios/build/augustus.build/Release-iphonesimulator/Objects-normal/arm64/touch-1036220c452651df44c380349a7d370d.o /Users/chrissotraidis/GitHub/caesarpad/engines/augustus/src/platform/SDL2/touch.c normal arm64 c com.apple.compilers.llvm.clang.1_0.compiler (in target 'augustus' from project 'augustus')
    cd /Users/chrissotraidis/GitHub/caesarpad/engines/augustus

    Using response file: /Users/chrissotraidis/GitHub/caesarpad/build/ios/build/augustus.build/Release-iphonesimulator/Objects-normal/arm64/7187679823f38a2a940e0043cdf9d637-common-args.resp

    /Applications/Xcode.app/Contents/Developer/Toolchains/XcodeDefault.xctoolchain/usr/bin/clang -x c -ivfsstatcache /Users/chrissotraidis/GitHub/caesarpad/build/ios/DerivedData/SDKStatCaches.noindex/iphonesimulator26.5-23F81a-6cfe768891a92b912361537c460fe42b.sdkstatcache -target arm64-apple-ios14.0-simulator -fmessage-length\=0 -fdiagnostics-show-note-include-stack -fmacro-backtrace-limit\=0 -fno-color-diagnostics -Wno-trigraphs -Wno-missing-field-initializers -Wno-missing-prototypes -Wno-return-type -Wno-missing-braces -Wparentheses -Wswitch -Wno-unused-function -Wno-unused-label -Wno-unused-parameter -Wno-unused-variable -Wunused-value -Wno-empty-body -Wno-uninitialized -Wno-unknown-pragmas -Wno-shadow -Wno-four-char-constants -Wno-conversion -Wno-constant-conversion -Wno-int-conversion -Wno-bool-conversion -Wno-enum-conversion -Wno-float-conversion -Wno-non-literal-null-conversion -Wno-objc-literal-conversion -Wshorten-64-to-32 -Wpointer-sign -Wno-newline-eof -Wno-implicit-fallthrough -isysroot /Applications/Xcode.app/Contents/Developer/Platforms/iPhoneSimulator.platform/Developer/SDKs/iPhoneSimulator26.5.sdk -fstrict-aliasing -Wdeprecated-declarations -Wno-sign-conversion -Wno-infinite-recursion -Wno-comma -Wno-block-capture-autoreleasing -Wno-strict-prototypes -Wno-semicolon-before-method-body @/Users/chrissotraidis/GitHub/caesarpad/build/ios/build/augustus.build/Release-iphonesimulator/Objects-normal/arm64/7187679823f38a2a940e0043cdf9d637-common-args.resp -MMD -MT dependencies -MF /Users/chrissotraidis/GitHub/caesarpad/build/ios/build/augustus.build/Release-iphonesimulator/Objects-normal/arm64/touch-1036220c452651df44c380349a7d370d.d --serialize-diagnostics /Users/chrissotraidis/GitHub/caesarpad/build/ios/build/augustus.build/Release-iphonesimulator/Objects-normal/arm64/touch-1036220c452651df44c380349a7d370d.dia -c /Users/chrissotraidis/GitHub/caesarpad/engines/augustus/src/platform/SDL2/touch.c -o /Users/chrissotraidis/GitHub/caesarpad/build/ios/build/augustus.build/Release-iphonesimulator/Objects-normal/arm64/touch-1036220c452651df44c380349a7d370d.o

CompileC /Users/chrissotraidis/GitHub/caesarpad/build/ios/build/augustus.build/Release-iphonesimulator/Objects-normal/arm64/top_menu_editor.o /Users/chrissotraidis/GitHub/caesarpad/engines/augustus/src/widget/top_menu_editor.c normal arm64 c com.apple.compilers.llvm.clang.1_0.compiler (in target 'augustus' from project 'augustus')
    cd /Users/chrissotraidis/GitHub/caesarpad/engines/augustus

    Using response file: /Users/chrissotraidis/GitHub/caesarpad/build/ios/build/augustus.build/Release-iphonesimulator/Objects-normal/arm64/7187679823f38a2a940e0043cdf9d637-common-args.resp

    /Applications/Xcode.app/Contents/Developer/Toolchains/XcodeDefault.xctoolchain/usr/bin/clang -x c -ivfsstatcache /Users/chrissotraidis/GitHub/caesarpad/build/ios/DerivedData/SDKStatCaches.noindex/iphonesimulator26.5-23F81a-6cfe768891a92b912361537c460fe42b.sdkstatcache -target arm64-apple-ios14.0-simulator -fmessage-length\=0 -fdiagnostics-show-note-include-stack -fmacro-backtrace-limit\=0 -fno-color-diagnostics -Wno-trigraphs -Wno-missing-field-initializers -Wno-missing-prototypes -Wno-return-type -Wno-missing-braces -Wparentheses -Wswitch -Wno-unused-function -Wno-unused-label -Wno-unused-parameter -Wno-unused-variable -Wunused-value -Wno-empty-body -Wno-uninitialized -Wno-unknown-pragmas -Wno-shadow -Wno-four-char-constants -Wno-conversion -Wno-constant-conversion -Wno-int-conversion -Wno-bool-conversion -Wno-enum-conversion -Wno-float-conversion -Wno-non-literal-null-conversion -Wno-objc-literal-conversion -Wshorten-64-to-32 -Wpointer-sign -Wno-newline-eof -Wno-implicit-fallthrough -isysroot /Applications/Xcode.app/Contents/Developer/Platforms/iPhoneSimulator.platform/Developer/SDKs/iPhoneSimulator26.5.sdk -fstrict-aliasing -Wdeprecated-declarations -Wno-sign-conversion -Wno-infinite-recursion -Wno-comma -Wno-block-capture-autoreleasing -Wno-strict-prototypes -Wno-semicolon-before-method-body @/Users/chrissotraidis/GitHub/caesarpad/build/ios/build/augustus.build/Release-iphonesimulator/Objects-normal/arm64/7187679823f38a2a940e0043cdf9d637-common-args.resp -MMD -MT dependencies -MF /Users/chrissotraidis/GitHub/caesarpad/build/ios/build/augustus.build/Release-iphonesimulator/Objects-normal/arm64/top_menu_editor.d --serialize-diagnostics /Users/chrissotraidis/GitHub/caesarpad/build/ios/build/augustus.build/Release-iphonesimulator/Objects-normal/arm64/top_menu_editor.dia -c /Users/chrissotraidis/GitHub/caesarpad/engines/augustus/src/widget/top_menu_editor.c -o /Users/chrissotraidis/GitHub/caesarpad/build/ios/build/augustus.build/Release-iphonesimulator/Objects-normal/arm64/top_menu_editor.o

CompileC /Users/chrissotraidis/GitHub/caesarpad/build/ios/build/augustus.build/Release-iphonesimulator/Objects-normal/arm64/top_menu.o /Users/chrissotraidis/GitHub/caesarpad/engines/augustus/src/widget/top_menu.c normal arm64 c com.apple.compilers.llvm.clang.1_0.compiler (in target 'augustus' from project 'augustus')
    cd /Users/chrissotraidis/GitHub/caesarpad/engines/augustus

    Using response file: /Users/chrissotraidis/GitHub/caesarpad/build/ios/build/augustus.build/Release-iphonesimulator/Objects-normal/arm64/7187679823f38a2a940e0043cdf9d637-common-args.resp

    /Applications/Xcode.app/Contents/Developer/Toolchains/XcodeDefault.xctoolchain/usr/bin/clang -x c -ivfsstatcache /Users/chrissotraidis/GitHub/caesarpad/build/ios/DerivedData/SDKStatCaches.noindex/iphonesimulator26.5-23F81a-6cfe768891a92b912361537c460fe42b.sdkstatcache -target arm64-apple-ios14.0-simulator -fmessage-length\=0 -fdiagnostics-show-note-include-stack -fmacro-backtrace-limit\=0 -fno-color-diagnostics -Wno-trigraphs -Wno-missing-field-initializers -Wno-missing-prototypes -Wno-return-type -Wno-missing-braces -Wparentheses -Wswitch -Wno-unused-function -Wno-unused-label -Wno-unused-parameter -Wno-unused-variable -Wunused-value -Wno-empty-body -Wno-uninitialized -Wno-unknown-pragmas -Wno-shadow -Wno-four-char-constants -Wno-conversion -Wno-constant-conversion -Wno-int-conversion -Wno-bool-conversion -Wno-enum-conversion -Wno-float-conversion -Wno-non-literal-null-conversion -Wno-objc-literal-conversion -Wshorten-64-to-32 -Wpointer-sign -Wno-newline-eof -Wno-implicit-fallthrough -isysroot /Applications/Xcode.app/Contents/Developer/Platforms/iPhoneSimulator.platform/Developer/SDKs/iPhoneSimulator26.5.sdk -fstrict-aliasing -Wdeprecated-declarations -Wno-sign-conversion -Wno-infinite-recursion -Wno-comma -Wno-block-capture-autoreleasing -Wno-strict-prototypes -Wno-semicolon-before-method-body @/Users/chrissotraidis/GitHub/caesarpad/build/ios/build/augustus.build/Release-iphonesimulator/Objects-normal/arm64/7187679823f38a2a940e0043cdf9d637-common-args.resp -MMD -MT dependencies -MF /Users/chrissotraidis/GitHub/caesarpad/build/ios/build/augustus.build/Release-iphonesimulator/Objects-normal/arm64/top_menu.d --serialize-diagnostics /Users/chrissotraidis/GitHub/caesarpad/build/ios/build/augustus.build/Release-iphonesimulator/Objects-normal/arm64/top_menu.dia -c /Users/chrissotraidis/GitHub/caesarpad/engines/augustus/src/widget/top_menu.c -o /Users/chrissotraidis/GitHub/caesarpad/build/ios/build/augustus.build/Release-iphonesimulator/Objects-normal/arm64/top_menu.o

CompileC /Users/chrissotraidis/GitHub/caesarpad/build/ios/build/augustus.build/Release-iphonesimulator/Objects-normal/arm64/tooltip.o /Users/chrissotraidis/GitHub/caesarpad/engines/augustus/src/graphics/tooltip.c normal arm64 c com.apple.compilers.llvm.clang.1_0.compiler (in target 'augustus' from project 'augustus')
    cd /Users/chrissotraidis/GitHub/caesarpad/engines/augustus

    Using response file: /Users/chrissotraidis/GitHub/caesarpad/build/ios/build/augustus.build/Release-iphonesimulator/Objects-normal/arm64/7187679823f38a2a940e0043cdf9d637-common-args.resp

    /Applications/Xcode.app/Contents/Developer/Toolchains/XcodeDefault.xctoolchain/usr/bin/clang -x c -ivfsstatcache /Users/chrissotraidis/GitHub/caesarpad/build/ios/DerivedData/SDKStatCaches.noindex/iphonesimulator26.5-23F81a-6cfe768891a92b912361537c460fe42b.sdkstatcache -target arm64-apple-ios14.0-simulator -fmessage-length\=0 -fdiagnostics-show-note-include-stack -fmacro-backtrace-limit\=0 -fno-color-diagnostics -Wno-trigraphs -Wno-missing-field-initializers -Wno-missing-prototypes -Wno-return-type -Wno-missing-braces -Wparentheses -Wswitch -Wno-unused-function -Wno-unused-label -Wno-unused-parameter -Wno-unused-variable -Wunused-value -Wno-empty-body -Wno-uninitialized -Wno-unknown-pragmas -Wno-shadow -Wno-four-char-constants -Wno-conversion -Wno-constant-conversion -Wno-int-conversion -Wno-bool-conversion -Wno-enum-conversion -Wno-float-conversion -Wno-non-literal-null-conversion -Wno-objc-literal-conversion -Wshorten-64-to-32 -Wpointer-sign -Wno-newline-eof -Wno-implicit-fallthrough -isysroot /Applications/Xcode.app/Contents/Developer/Platforms/iPhoneSimulator.platform/Developer/SDKs/iPhoneSimulator26.5.sdk -fstrict-aliasing -Wdeprecated-declarations -Wno-sign-conversion -Wno-infinite-recursion -Wno-comma -Wno-block-capture-autoreleasing -Wno-strict-prototypes -Wno-semicolon-before-method-body @/Users/chrissotraidis/GitHub/caesarpad/build/ios/build/augustus.build/Release-iphonesimulator/Objects-normal/arm64/7187679823f38a2a940e0043cdf9d637-common-args.resp -MMD -MT dependencies -MF /Users/chrissotraidis/GitHub/caesarpad/build/ios/build/augustus.build/Release-iphonesimulator/Objects-normal/arm64/tooltip.d --serialize-diagnostics /Users/chrissotraidis/GitHub/caesarpad/build/ios/build/augustus.build/Release-iphonesimulator/Objects-normal/arm64/tooltip.dia -c /Users/chrissotraidis/GitHub/caesarpad/engines/augustus/src/graphics/tooltip.c -o /Users/chrissotraidis/GitHub/caesarpad/build/ios/build/augustus.build/Release-iphonesimulator/Objects-normal/arm64/tooltip.o
/Users/chrissotraidis/GitHub/caesarpad/engines/augustus/src/graphics/tooltip.c:82:57: warning: implicit conversion loses integer precision: 'time_millis' (aka 'unsigned long long') to 'int' [-Wshorten-64-to-32]
   82 |         int opacity = calc_percentage(time_get_millis() - last_update, TOOLTIP_FADE_IN_MILLIS);
      |                       ~~~~~~~~~~~~~~~ ~~~~~~~~~~~~~~~~~~^~~~~~~~~~~~~
1 warning generated.

CompileC /Users/chrissotraidis/GitHub/caesarpad/build/ios/build/augustus.build/Release-iphonesimulator/Objects-normal/arm64/tool.o /Users/chrissotraidis/GitHub/caesarpad/engines/augustus/src/editor/tool.c normal arm64 c com.apple.compilers.llvm.clang.1_0.compiler (in target 'augustus' from project 'augustus')
    cd /Users/chrissotraidis/GitHub/caesarpad/engines/augustus

    Using response file: /Users/chrissotraidis/GitHub/caesarpad/build/ios/build/augustus.build/Release-iphonesimulator/Objects-normal/arm64/7187679823f38a2a940e0043cdf9d637-common-args.resp

    /Applications/Xcode.app/Contents/Developer/Toolchains/XcodeDefault.xctoolchain/usr/bin/clang -x c -ivfsstatcache /Users/chrissotraidis/GitHub/caesarpad/build/ios/DerivedData/SDKStatCaches.noindex/iphonesimulator26.5-23F81a-6cfe768891a92b912361537c460fe42b.sdkstatcache -target arm64-apple-ios14.0-simulator -fmessage-length\=0 -fdiagnostics-show-note-include-stack -fmacro-backtrace-limit\=0 -fno-color-diagnostics -Wno-trigraphs -Wno-missing-field-initializers -Wno-missing-prototypes -Wno-return-type -Wno-missing-braces -Wparentheses -Wswitch -Wno-unused-function -Wno-unused-label -Wno-unused-parameter -Wno-unused-variable -Wunused-value -Wno-empty-body -Wno-uninitialized -Wno-unknown-pragmas -Wno-shadow -Wno-four-char-constants -Wno-conversion -Wno-constant-conversion -Wno-int-conversion -Wno-bool-conversion -Wno-enum-conversion -Wno-float-conversion -Wno-non-literal-null-conversion -Wno-objc-literal-conversion -Wshorten-64-to-32 -Wpointer-sign -Wno-newline-eof -Wno-implicit-fallthrough -isysroot /Applications/Xcode.app/Contents/Developer/Platforms/iPhoneSimulator.platform/Developer/SDKs/iPhoneSimulator26.5.sdk -fstrict-aliasing -Wdeprecated-declarations -Wno-sign-conversion -Wno-infinite-recursion -Wno-comma -Wno-block-capture-autoreleasing -Wno-strict-prototypes -Wno-semicolon-before-method-body @/Users/chrissotraidis/GitHub/caesarpad/build/ios/build/augustus.build/Release-iphonesimulator/Objects-normal/arm64/7187679823f38a2a940e0043cdf9d637-common-args.resp -MMD -MT dependencies -MF /Users/chrissotraidis/GitHub/caesarpad/build/ios/build/augustus.build/Release-iphonesimulator/Objects-normal/arm64/tool.d --serialize-diagnostics /Users/chrissotraidis/GitHub/caesarpad/build/ios/build/augustus.build/Release-iphonesimulator/Objects-normal/arm64/tool.dia -c /Users/chrissotraidis/GitHub/caesarpad/engines/augustus/src/editor/tool.c -o /Users/chrissotraidis/GitHub/caesarpad/build/ios/build/augustus.build/Release-iphonesimulator/Objects-normal/arm64/tool.o

CompileC /Users/chrissotraidis/GitHub/caesarpad/build/ios/build/augustus.build/Release-iphonesimulator/Objects-normal/arm64/tick.o /Users/chrissotraidis/GitHub/caesarpad/engines/augustus/src/game/tick.c normal arm64 c com.apple.compilers.llvm.clang.1_0.compiler (in target 'augustus' from project 'augustus')
    cd /Users/chrissotraidis/GitHub/caesarpad/engines/augustus

    Using response file: /Users/chrissotraidis/GitHub/caesarpad/build/ios/build/augustus.build/Release-iphonesimulator/Objects-normal/arm64/7187679823f38a2a940e0043cdf9d637-common-args.resp

    /Applications/Xcode.app/Contents/Developer/Toolchains/XcodeDefault.xctoolchain/usr/bin/clang -x c -ivfsstatcache /Users/chrissotraidis/GitHub/caesarpad/build/ios/DerivedData/SDKStatCaches.noindex/iphonesimulator26.5-23F81a-6cfe768891a92b912361537c460fe42b.sdkstatcache -target arm64-apple-ios14.0-simulator -fmessage-length\=0 -fdiagnostics-show-note-include-stack -fmacro-backtrace-limit\=0 -fno-color-diagnostics -Wno-trigraphs -Wno-missing-field-initializers -Wno-missing-prototypes -Wno-return-type -Wno-missing-braces -Wparentheses -Wswitch -Wno-unused-function -Wno-unused-label -Wno-unused-parameter -Wno-unused-variable -Wunused-value -Wno-empty-body -Wno-uninitialized -Wno-unknown-pragmas -Wno-shadow -Wno-four-char-constants -Wno-conversion -Wno-constant-conversion -Wno-int-conversion -Wno-bool-conversion -Wno-enum-conversion -Wno-float-conversion -Wno-non-literal-null-conversion -Wno-objc-literal-conversion -Wshorten-64-to-32 -Wpointer-sign -Wno-newline-eof -Wno-implicit-fallthrough -isysroot /Applications/Xcode.app/Contents/Developer/Platforms/iPhoneSimulator.platform/Developer/SDKs/iPhoneSimulator26.5.sdk -fstrict-aliasing -Wdeprecated-declarations -Wno-sign-conversion -Wno-infinite-recursion -Wno-comma -Wno-block-capture-autoreleasing -Wno-strict-prototypes -Wno-semicolon-before-method-body @/Users/chrissotraidis/GitHub/caesarpad/build/ios/build/augustus.build/Release-iphonesimulator/Objects-normal/arm64/7187679823f38a2a940e0043cdf9d637-common-args.resp -MMD -MT dependencies -MF /Users/chrissotraidis/GitHub/caesarpad/build/ios/build/augustus.build/Release-iphonesimulator/Objects-normal/arm64/tick.d --serialize-diagnostics /Users/chrissotraidis/GitHub/caesarpad/build/ios/build/augustus.build/Release-iphonesimulator/Objects-normal/arm64/tick.dia -c /Users/chrissotraidis/GitHub/caesarpad/engines/augustus/src/game/tick.c -o /Users/chrissotraidis/GitHub/caesarpad/build/ios/build/augustus.build/Release-iphonesimulator/Objects-normal/arm64/tick.o

CompileC /Users/chrissotraidis/GitHub/caesarpad/build/ios/build/augustus.build/Release-iphonesimulator/Objects-normal/arm64/text_input.o /Users/chrissotraidis/GitHub/caesarpad/engines/augustus/src/window/text_input.c normal arm64 c com.apple.compilers.llvm.clang.1_0.compiler (in target 'augustus' from project 'augustus')
    cd /Users/chrissotraidis/GitHub/caesarpad/engines/augustus

    Using response file: /Users/chrissotraidis/GitHub/caesarpad/build/ios/build/augustus.build/Release-iphonesimulator/Objects-normal/arm64/7187679823f38a2a940e0043cdf9d637-common-args.resp

    /Applications/Xcode.app/Contents/Developer/Toolchains/XcodeDefault.xctoolchain/usr/bin/clang -x c -ivfsstatcache /Users/chrissotraidis/GitHub/caesarpad/build/ios/DerivedData/SDKStatCaches.noindex/iphonesimulator26.5-23F81a-6cfe768891a92b912361537c460fe42b.sdkstatcache -target arm64-apple-ios14.0-simulator -fmessage-length\=0 -fdiagnostics-show-note-include-stack -fmacro-backtrace-limit\=0 -fno-color-diagnostics -Wno-trigraphs -Wno-missing-field-initializers -Wno-missing-prototypes -Wno-return-type -Wno-missing-braces -Wparentheses -Wswitch -Wno-unused-function -Wno-unused-label -Wno-unused-parameter -Wno-unused-variable -Wunused-value -Wno-empty-body -Wno-uninitialized -Wno-unknown-pragmas -Wno-shadow -Wno-four-char-constants -Wno-conversion -Wno-constant-conversion -Wno-int-conversion -Wno-bool-conversion -Wno-enum-conversion -Wno-float-conversion -Wno-non-literal-null-conversion -Wno-objc-literal-conversion -Wshorten-64-to-32 -Wpointer-sign -Wno-newline-eof -Wno-implicit-fallthrough -isysroot /Applications/Xcode.app/Contents/Developer/Platforms/iPhoneSimulator.platform/Developer/SDKs/iPhoneSimulator26.5.sdk -fstrict-aliasing -Wdeprecated-declarations -Wno-sign-conversion -Wno-infinite-recursion -Wno-comma -Wno-block-capture-autoreleasing -Wno-strict-prototypes -Wno-semicolon-before-method-body @/Users/chrissotraidis/GitHub/caesarpad/build/ios/build/augustus.build/Release-iphonesimulator/Objects-normal/arm64/7187679823f38a2a940e0043cdf9d637-common-args.resp -MMD -MT dependencies -MF /Users/chrissotraidis/GitHub/caesarpad/build/ios/build/augustus.build/Release-iphonesimulator/Objects-normal/arm64/text_input.d --serialize-diagnostics /Users/chrissotraidis/GitHub/caesarpad/build/ios/build/augustus.build/Release-iphonesimulator/Objects-normal/arm64/text_input.dia -c /Users/chrissotraidis/GitHub/caesarpad/engines/augustus/src/window/text_input.c -o /Users/chrissotraidis/GitHub/caesarpad/build/ios/build/augustus.build/Release-iphonesimulator/Objects-normal/arm64/text_input.o

CompileC /Users/chrissotraidis/GitHub/caesarpad/build/ios/build/augustus.build/Release-iphonesimulator/Objects-normal/arm64/text.o /Users/chrissotraidis/GitHub/caesarpad/engines/augustus/src/graphics/text.c normal arm64 c com.apple.compilers.llvm.clang.1_0.compiler (in target 'augustus' from project 'augustus')
    cd /Users/chrissotraidis/GitHub/caesarpad/engines/augustus

    Using response file: /Users/chrissotraidis/GitHub/caesarpad/build/ios/build/augustus.build/Release-iphonesimulator/Objects-normal/arm64/7187679823f38a2a940e0043cdf9d637-common-args.resp

    /Applications/Xcode.app/Contents/Developer/Toolchains/XcodeDefault.xctoolchain/usr/bin/clang -x c -ivfsstatcache /Users/chrissotraidis/GitHub/caesarpad/build/ios/DerivedData/SDKStatCaches.noindex/iphonesimulator26.5-23F81a-6cfe768891a92b912361537c460fe42b.sdkstatcache -target arm64-apple-ios14.0-simulator -fmessage-length\=0 -fdiagnostics-show-note-include-stack -fmacro-backtrace-limit\=0 -fno-color-diagnostics -Wno-trigraphs -Wno-missing-field-initializers -Wno-missing-prototypes -Wno-return-type -Wno-missing-braces -Wparentheses -Wswitch -Wno-unused-function -Wno-unused-label -Wno-unused-parameter -Wno-unused-variable -Wunused-value -Wno-empty-body -Wno-uninitialized -Wno-unknown-pragmas -Wno-shadow -Wno-four-char-constants -Wno-conversion -Wno-constant-conversion -Wno-int-conversion -Wno-bool-conversion -Wno-enum-conversion -Wno-float-conversion -Wno-non-literal-null-conversion -Wno-objc-literal-conversion -Wshorten-64-to-32 -Wpointer-sign -Wno-newline-eof -Wno-implicit-fallthrough -isysroot /Applications/Xcode.app/Contents/Developer/Platforms/iPhoneSimulator.platform/Developer/SDKs/iPhoneSimulator26.5.sdk -fstrict-aliasing -Wdeprecated-declarations -Wno-sign-conversion -Wno-infinite-recursion -Wno-comma -Wno-block-capture-autoreleasing -Wno-strict-prototypes -Wno-semicolon-before-method-body @/Users/chrissotraidis/GitHub/caesarpad/build/ios/build/augustus.build/Release-iphonesimulator/Objects-normal/arm64/7187679823f38a2a940e0043cdf9d637-common-args.resp -MMD -MT dependencies -MF /Users/chrissotraidis/GitHub/caesarpad/build/ios/build/augustus.build/Release-iphonesimulator/Objects-normal/arm64/text.d --serialize-diagnostics /Users/chrissotraidis/GitHub/caesarpad/build/ios/build/augustus.build/Release-iphonesimulator/Objects-normal/arm64/text.dia -c /Users/chrissotraidis/GitHub/caesarpad/engines/augustus/src/graphics/text.c -o /Users/chrissotraidis/GitHub/caesarpad/build/ios/build/augustus.build/Release-iphonesimulator/Objects-normal/arm64/text.o

CompileC /Users/chrissotraidis/GitHub/caesarpad/build/ios/build/augustus.build/Release-iphonesimulator/Objects-normal/arm64/terrain-91f5d2012d529da0a07823b5263f7d89.o /Users/chrissotraidis/GitHub/caesarpad/engines/augustus/src/window/building/terrain.c normal arm64 c com.apple.compilers.llvm.clang.1_0.compiler (in target 'augustus' from project 'augustus')
    cd /Users/chrissotraidis/GitHub/caesarpad/engines/augustus

    Using response file: /Users/chrissotraidis/GitHub/caesarpad/build/ios/build/augustus.build/Release-iphonesimulator/Objects-normal/arm64/7187679823f38a2a940e0043cdf9d637-common-args.resp

    /Applications/Xcode.app/Contents/Developer/Toolchains/XcodeDefault.xctoolchain/usr/bin/clang -x c -ivfsstatcache /Users/chrissotraidis/GitHub/caesarpad/build/ios/DerivedData/SDKStatCaches.noindex/iphonesimulator26.5-23F81a-6cfe768891a92b912361537c460fe42b.sdkstatcache -target arm64-apple-ios14.0-simulator -fmessage-length\=0 -fdiagnostics-show-note-include-stack -fmacro-backtrace-limit\=0 -fno-color-diagnostics -Wno-trigraphs -Wno-missing-field-initializers -Wno-missing-prototypes -Wno-return-type -Wno-missing-braces -Wparentheses -Wswitch -Wno-unused-function -Wno-unused-label -Wno-unused-parameter -Wno-unused-variable -Wunused-value -Wno-empty-body -Wno-uninitialized -Wno-unknown-pragmas -Wno-shadow -Wno-four-char-constants -Wno-conversion -Wno-constant-conversion -Wno-int-conversion -Wno-bool-conversion -Wno-enum-conversion -Wno-float-conversion -Wno-non-literal-null-conversion -Wno-objc-literal-conversion -Wshorten-64-to-32 -Wpointer-sign -Wno-newline-eof -Wno-implicit-fallthrough -isysroot /Applications/Xcode.app/Contents/Developer/Platforms/iPhoneSimulator.platform/Developer/SDKs/iPhoneSimulator26.5.sdk -fstrict-aliasing -Wdeprecated-declarations -Wno-sign-conversion -Wno-infinite-recursion -Wno-comma -Wno-block-capture-autoreleasing -Wno-strict-prototypes -Wno-semicolon-before-method-body @/Users/chrissotraidis/GitHub/caesarpad/build/ios/build/augustus.build/Release-iphonesimulator/Objects-normal/arm64/7187679823f38a2a940e0043cdf9d637-common-args.resp -MMD -MT dependencies -MF /Users/chrissotraidis/GitHub/caesarpad/build/ios/build/augustus.build/Release-iphonesimulator/Objects-normal/arm64/terrain-91f5d2012d529da0a07823b5263f7d89.d --serialize-diagnostics /Users/chrissotraidis/GitHub/caesarpad/build/ios/build/augustus.build/Release-iphonesimulator/Objects-normal/arm64/terrain-91f5d2012d529da0a07823b5263f7d89.dia -c /Users/chrissotraidis/GitHub/caesarpad/engines/augustus/src/window/building/terrain.c -o /Users/chrissotraidis/GitHub/caesarpad/build/ios/build/augustus.build/Release-iphonesimulator/Objects-normal/arm64/terrain-91f5d2012d529da0a07823b5263f7d89.o

CompileC /Users/chrissotraidis/GitHub/caesarpad/build/ios/build/augustus.build/Release-iphonesimulator/Objects-normal/arm64/storage.o /Users/chrissotraidis/GitHub/caesarpad/engines/augustus/src/building/storage.c normal arm64 c com.apple.compilers.llvm.clang.1_0.compiler (in target 'augustus' from project 'augustus')
    cd /Users/chrissotraidis/GitHub/caesarpad/engines/augustus

    Using response file: /Users/chrissotraidis/GitHub/caesarpad/build/ios/build/augustus.build/Release-iphonesimulator/Objects-normal/arm64/7187679823f38a2a940e0043cdf9d637-common-args.resp

    /Applications/Xcode.app/Contents/Developer/Toolchains/XcodeDefault.xctoolchain/usr/bin/clang -x c -ivfsstatcache /Users/chrissotraidis/GitHub/caesarpad/build/ios/DerivedData/SDKStatCaches.noindex/iphonesimulator26.5-23F81a-6cfe768891a92b912361537c460fe42b.sdkstatcache -target arm64-apple-ios14.0-simulator -fmessage-length\=0 -fdiagnostics-show-note-include-stack -fmacro-backtrace-limit\=0 -fno-color-diagnostics -Wno-trigraphs -Wno-missing-field-initializers -Wno-missing-prototypes -Wno-return-type -Wno-missing-braces -Wparentheses -Wswitch -Wno-unused-function -Wno-unused-label -Wno-unused-parameter -Wno-unused-variable -Wunused-value -Wno-empty-body -Wno-uninitialized -Wno-unknown-pragmas -Wno-shadow -Wno-four-char-constants -Wno-conversion -Wno-constant-conversion -Wno-int-conversion -Wno-bool-conversion -Wno-enum-conversion -Wno-float-conversion -Wno-non-literal-null-conversion -Wno-objc-literal-conversion -Wshorten-64-to-32 -Wpointer-sign -Wno-newline-eof -Wno-implicit-fallthrough -isysroot /Applications/Xcode.app/Contents/Developer/Platforms/iPhoneSimulator.platform/Developer/SDKs/iPhoneSimulator26.5.sdk -fstrict-aliasing -Wdeprecated-declarations -Wno-sign-conversion -Wno-infinite-recursion -Wno-comma -Wno-block-capture-autoreleasing -Wno-strict-prototypes -Wno-semicolon-before-method-body @/Users/chrissotraidis/GitHub/caesarpad/build/ios/build/augustus.build/Release-iphonesimulator/Objects-normal/arm64/7187679823f38a2a940e0043cdf9d637-common-args.resp -MMD -MT dependencies -MF /Users/chrissotraidis/GitHub/caesarpad/build/ios/build/augustus.build/Release-iphonesimulator/Objects-normal/arm64/storage.d --serialize-diagnostics /Users/chrissotraidis/GitHub/caesarpad/build/ios/build/augustus.build/Release-iphonesimulator/Objects-normal/arm64/storage.dia -c /Users/chrissotraidis/GitHub/caesarpad/engines/augustus/src/building/storage.c -o /Users/chrissotraidis/GitHub/caesarpad/build/ios/build/augustus.build/Release-iphonesimulator/Objects-normal/arm64/storage.o

CompileC /Users/chrissotraidis/GitHub/caesarpad/build/ios/build/augustus.build/Release-iphonesimulator/Objects-normal/arm64/starting_conditions.o /Users/chrissotraidis/GitHub/caesarpad/engines/augustus/src/window/editor/starting_conditions.c normal arm64 c com.apple.compilers.llvm.clang.1_0.compiler (in target 'augustus' from project 'augustus')
    cd /Users/chrissotraidis/GitHub/caesarpad/engines/augustus

    Using response file: /Users/chrissotraidis/GitHub/caesarpad/build/ios/build/augustus.build/Release-iphonesimulator/Objects-normal/arm64/7187679823f38a2a940e0043cdf9d637-common-args.resp

    /Applications/Xcode.app/Contents/Developer/Toolchains/XcodeDefault.xctoolchain/usr/bin/clang -x c -ivfsstatcache /Users/chrissotraidis/GitHub/caesarpad/build/ios/DerivedData/SDKStatCaches.noindex/iphonesimulator26.5-23F81a-6cfe768891a92b912361537c460fe42b.sdkstatcache -target arm64-apple-ios14.0-simulator -fmessage-length\=0 -fdiagnostics-show-note-include-stack -fmacro-backtrace-limit\=0 -fno-color-diagnostics -Wno-trigraphs -Wno-missing-field-initializers -Wno-missing-prototypes -Wno-return-type -Wno-missing-braces -Wparentheses -Wswitch -Wno-unused-function -Wno-unused-label -Wno-unused-parameter -Wno-unused-variable -Wunused-value -Wno-empty-body -Wno-uninitialized -Wno-unknown-pragmas -Wno-shadow -Wno-four-char-constants -Wno-conversion -Wno-constant-conversion -Wno-int-conversion -Wno-bool-conversion -Wno-enum-conversion -Wno-float-conversion -Wno-non-literal-null-conversion -Wno-objc-literal-conversion -Wshorten-64-to-32 -Wpointer-sign -Wno-newline-eof -Wno-implicit-fallthrough -isysroot /Applications/Xcode.app/Contents/Developer/Platforms/iPhoneSimulator.platform/Developer/SDKs/iPhoneSimulator26.5.sdk -fstrict-aliasing -Wdeprecated-declarations -Wno-sign-conversion -Wno-infinite-recursion -Wno-comma -Wno-block-capture-autoreleasing -Wno-strict-prototypes -Wno-semicolon-before-method-body @/Users/chrissotraidis/GitHub/caesarpad/build/ios/build/augustus.build/Release-iphonesimulator/Objects-normal/arm64/7187679823f38a2a940e0043cdf9d637-common-args.resp -MMD -MT dependencies -MF /Users/chrissotraidis/GitHub/caesarpad/build/ios/build/augustus.build/Release-iphonesimulator/Objects-normal/arm64/starting_conditions.d --serialize-diagnostics /Users/chrissotraidis/GitHub/caesarpad/build/ios/build/augustus.build/Release-iphonesimulator/Objects-normal/arm64/starting_conditions.dia -c /Users/chrissotraidis/GitHub/caesarpad/engines/augustus/src/window/editor/starting_conditions.c -o /Users/chrissotraidis/GitHub/caesarpad/build/ios/build/augustus.build/Release-iphonesimulator/Objects-normal/arm64/starting_conditions.o

CompileC /Users/chrissotraidis/GitHub/caesarpad/build/ios/build/augustus.build/Release-iphonesimulator/Objects-normal/arm64/start_year.o /Users/chrissotraidis/GitHub/caesarpad/engines/augustus/src/window/editor/start_year.c normal arm64 c com.apple.compilers.llvm.clang.1_0.compiler (in target 'augustus' from project 'augustus')
    cd /Users/chrissotraidis/GitHub/caesarpad/engines/augustus

    Using response file: /Users/chrissotraidis/GitHub/caesarpad/build/ios/build/augustus.build/Release-iphonesimulator/Objects-normal/arm64/7187679823f38a2a940e0043cdf9d637-common-args.resp

    /Applications/Xcode.app/Contents/Developer/Toolchains/XcodeDefault.xctoolchain/usr/bin/clang -x c -ivfsstatcache /Users/chrissotraidis/GitHub/caesarpad/build/ios/DerivedData/SDKStatCaches.noindex/iphonesimulator26.5-23F81a-6cfe768891a92b912361537c460fe42b.sdkstatcache -target arm64-apple-ios14.0-simulator -fmessage-length\=0 -fdiagnostics-show-note-include-stack -fmacro-backtrace-limit\=0 -fno-color-diagnostics -Wno-trigraphs -Wno-missing-field-initializers -Wno-missing-prototypes -Wno-return-type -Wno-missing-braces -Wparentheses -Wswitch -Wno-unused-function -Wno-unused-label -Wno-unused-parameter -Wno-unused-variable -Wunused-value -Wno-empty-body -Wno-uninitialized -Wno-unknown-pragmas -Wno-shadow -Wno-four-char-constants -Wno-conversion -Wno-constant-conversion -Wno-int-conversion -Wno-bool-conversion -Wno-enum-conversion -Wno-float-conversion -Wno-non-literal-null-conversion -Wno-objc-literal-conversion -Wshorten-64-to-32 -Wpointer-sign -Wno-newline-eof -Wno-implicit-fallthrough -isysroot /Applications/Xcode.app/Contents/Developer/Platforms/iPhoneSimulator.platform/Developer/SDKs/iPhoneSimulator26.5.sdk -fstrict-aliasing -Wdeprecated-declarations -Wno-sign-conversion -Wno-infinite-recursion -Wno-comma -Wno-block-capture-autoreleasing -Wno-strict-prototypes -Wno-semicolon-before-method-body @/Users/chrissotraidis/GitHub/caesarpad/build/ios/build/augustus.build/Release-iphonesimulator/Objects-normal/arm64/7187679823f38a2a940e0043cdf9d637-common-args.resp -MMD -MT dependencies -MF /Users/chrissotraidis/GitHub/caesarpad/build/ios/build/augustus.build/Release-iphonesimulator/Objects-normal/arm64/start_year.d --serialize-diagnostics /Users/chrissotraidis/GitHub/caesarpad/build/ios/build/augustus.build/Release-iphonesimulator/Objects-normal/arm64/start_year.dia -c /Users/chrissotraidis/GitHub/caesarpad/engines/augustus/src/window/editor/start_year.c -o /Users/chrissotraidis/GitHub/caesarpad/build/ios/build/augustus.build/Release-iphonesimulator/Objects-normal/arm64/start_year.o

CompileC /Users/chrissotraidis/GitHub/caesarpad/build/ios/build/augustus.build/Release-iphonesimulator/Objects-normal/arm64/speed-b088bbe58cb308d374fdc466c544d83f.o /Users/chrissotraidis/GitHub/caesarpad/engines/augustus/src/game/speed.c normal arm64 c com.apple.compilers.llvm.clang.1_0.compiler (in target 'augustus' from project 'augustus')
    cd /Users/chrissotraidis/GitHub/caesarpad/engines/augustus

    Using response file: /Users/chrissotraidis/GitHub/caesarpad/build/ios/build/augustus.build/Release-iphonesimulator/Objects-normal/arm64/7187679823f38a2a940e0043cdf9d637-common-args.resp

    /Applications/Xcode.app/Contents/Developer/Toolchains/XcodeDefault.xctoolchain/usr/bin/clang -x c -ivfsstatcache /Users/chrissotraidis/GitHub/caesarpad/build/ios/DerivedData/SDKStatCaches.noindex/iphonesimulator26.5-23F81a-6cfe768891a92b912361537c460fe42b.sdkstatcache -target arm64-apple-ios14.0-simulator -fmessage-length\=0 -fdiagnostics-show-note-include-stack -fmacro-backtrace-limit\=0 -fno-color-diagnostics -Wno-trigraphs -Wno-missing-field-initializers -Wno-missing-prototypes -Wno-return-type -Wno-missing-braces -Wparentheses -Wswitch -Wno-unused-function -Wno-unused-label -Wno-unused-parameter -Wno-unused-variable -Wunused-value -Wno-empty-body -Wno-uninitialized -Wno-unknown-pragmas -Wno-shadow -Wno-four-char-constants -Wno-conversion -Wno-constant-conversion -Wno-int-conversion -Wno-bool-conversion -Wno-enum-conversion -Wno-float-conversion -Wno-non-literal-null-conversion -Wno-objc-literal-conversion -Wshorten-64-to-32 -Wpointer-sign -Wno-newline-eof -Wno-implicit-fallthrough -isysroot /Applications/Xcode.app/Contents/Developer/Platforms/iPhoneSimulator.platform/Developer/SDKs/iPhoneSimulator26.5.sdk -fstrict-aliasing -Wdeprecated-declarations -Wno-sign-conversion -Wno-infinite-recursion -Wno-comma -Wno-block-capture-autoreleasing -Wno-strict-prototypes -Wno-semicolon-before-method-body @/Users/chrissotraidis/GitHub/caesarpad/build/ios/build/augustus.build/Release-iphonesimulator/Objects-normal/arm64/7187679823f38a2a940e0043cdf9d637-common-args.resp -MMD -MT dependencies -MF /Users/chrissotraidis/GitHub/caesarpad/build/ios/build/augustus.build/Release-iphonesimulator/Objects-normal/arm64/speed-b088bbe58cb308d374fdc466c544d83f.d --serialize-diagnostics /Users/chrissotraidis/GitHub/caesarpad/build/ios/build/augustus.build/Release-iphonesimulator/Objects-normal/arm64/speed-b088bbe58cb308d374fdc466c544d83f.dia -c /Users/chrissotraidis/GitHub/caesarpad/engines/augustus/src/game/speed.c -o /Users/chrissotraidis/GitHub/caesarpad/build/ios/build/augustus.build/Release-iphonesimulator/Objects-normal/arm64/speed-b088bbe58cb308d374fdc466c544d83f.o
/Users/chrissotraidis/GitHub/caesarpad/engines/augustus/src/game/speed.c:70:35: warning: implicit conversion loses integer precision: 'const time_millis' (aka 'const unsigned long long') to 'int' [-Wshorten-64-to-32]
   70 |                 millis_per_tick = MILLIS_PER_TICK_PER_SPEED[speed / 10];
      |                                 ~ ^~~~~~~~~~~~~~~~~~~~~~~~~~~~~~~~~~~~~
/Users/chrissotraidis/GitHub/caesarpad/engines/augustus/src/game/speed.c:75:35: warning: implicit conversion loses integer precision: 'const time_millis' (aka 'const unsigned long long') to 'int' [-Wshorten-64-to-32]
   75 |                 millis_per_tick = MILLIS_PER_HYPER_SPEED[speed / 100];
      |                                 ~ ^~~~~~~~~~~~~~~~~~~~~~~~~~~~~~~~~~~
/Users/chrissotraidis/GitHub/caesarpad/engines/augustus/src/game/speed.c:98:22: warning: implicit conversion loses integer precision: 'time_millis' (aka 'unsigned long long') to 'int' [-Wshorten-64-to-32]
   98 |     int ticks = diff / millis_per_tick;
      |         ~~~~~   ~~~~~^~~~~~~~~~~~~~~~~
3 warnings generated.

CompileC /Users/chrissotraidis/GitHub/caesarpad/build/ios/build/augustus.build/Release-iphonesimulator/Objects-normal/arm64/special_events.o /Users/chrissotraidis/GitHub/caesarpad/engines/augustus/src/window/editor/special_events.c normal arm64 c com.apple.compilers.llvm.clang.1_0.compiler (in target 'augustus' from project 'augustus')
    cd /Users/chrissotraidis/GitHub/caesarpad/engines/augustus

    Using response file: /Users/chrissotraidis/GitHub/caesarpad/build/ios/build/augustus.build/Release-iphonesimulator/Objects-normal/arm64/7187679823f38a2a940e0043cdf9d637-common-args.resp

    /Applications/Xcode.app/Contents/Developer/Toolchains/XcodeDefault.xctoolchain/usr/bin/clang -x c -ivfsstatcache /Users/chrissotraidis/GitHub/caesarpad/build/ios/DerivedData/SDKStatCaches.noindex/iphonesimulator26.5-23F81a-6cfe768891a92b912361537c460fe42b.sdkstatcache -target arm64-apple-ios14.0-simulator -fmessage-length\=0 -fdiagnostics-show-note-include-stack -fmacro-backtrace-limit\=0 -fno-color-diagnostics -Wno-trigraphs -Wno-missing-field-initializers -Wno-missing-prototypes -Wno-return-type -Wno-missing-braces -Wparentheses -Wswitch -Wno-unused-function -Wno-unused-label -Wno-unused-parameter -Wno-unused-variable -Wunused-value -Wno-empty-body -Wno-uninitialized -Wno-unknown-pragmas -Wno-shadow -Wno-four-char-constants -Wno-conversion -Wno-constant-conversion -Wno-int-conversion -Wno-bool-conversion -Wno-enum-conversion -Wno-float-conversion -Wno-non-literal-null-conversion -Wno-objc-literal-conversion -Wshorten-64-to-32 -Wpointer-sign -Wno-newline-eof -Wno-implicit-fallthrough -isysroot /Applications/Xcode.app/Contents/Developer/Platforms/iPhoneSimulator.platform/Developer/SDKs/iPhoneSimulator26.5.sdk -fstrict-aliasing -Wdeprecated-declarations -Wno-sign-conversion -Wno-infinite-recursion -Wno-comma -Wno-block-capture-autoreleasing -Wno-strict-prototypes -Wno-semicolon-before-method-body @/Users/chrissotraidis/GitHub/caesarpad/build/ios/build/augustus.build/Release-iphonesimulator/Objects-normal/arm64/7187679823f38a2a940e0043cdf9d637-common-args.resp -MMD -MT dependencies -MF /Users/chrissotraidis/GitHub/caesarpad/build/ios/build/augustus.build/Release-iphonesimulator/Objects-normal/arm64/special_events.d --serialize-diagnostics /Users/chrissotraidis/GitHub/caesarpad/build/ios/build/augustus.build/Release-iphonesimulator/Objects-normal/arm64/special_events.dia -c /Users/chrissotraidis/GitHub/caesarpad/engines/augustus/src/window/editor/special_events.c -o /Users/chrissotraidis/GitHub/caesarpad/build/ios/build/augustus.build/Release-iphonesimulator/Objects-normal/arm64/special_events.o

CompileC /Users/chrissotraidis/GitHub/caesarpad/build/ios/build/augustus.build/Release-iphonesimulator/Objects-normal/arm64/slide.o /Users/chrissotraidis/GitHub/caesarpad/engines/augustus/src/widget/sidebar/slide.c normal arm64 c com.apple.compilers.llvm.clang.1_0.compiler (in target 'augustus' from project 'augustus')
    cd /Users/chrissotraidis/GitHub/caesarpad/engines/augustus

    Using response file: /Users/chrissotraidis/GitHub/caesarpad/build/ios/build/augustus.build/Release-iphonesimulator/Objects-normal/arm64/7187679823f38a2a940e0043cdf9d637-common-args.resp

    /Applications/Xcode.app/Contents/Developer/Toolchains/XcodeDefault.xctoolchain/usr/bin/clang -x c -ivfsstatcache /Users/chrissotraidis/GitHub/caesarpad/build/ios/DerivedData/SDKStatCaches.noindex/iphonesimulator26.5-23F81a-6cfe768891a92b912361537c460fe42b.sdkstatcache -target arm64-apple-ios14.0-simulator -fmessage-length\=0 -fdiagnostics-show-note-include-stack -fmacro-backtrace-limit\=0 -fno-color-diagnostics -Wno-trigraphs -Wno-missing-field-initializers -Wno-missing-prototypes -Wno-return-type -Wno-missing-braces -Wparentheses -Wswitch -Wno-unused-function -Wno-unused-label -Wno-unused-parameter -Wno-unused-variable -Wunused-value -Wno-empty-body -Wno-uninitialized -Wno-unknown-pragmas -Wno-shadow -Wno-four-char-constants -Wno-conversion -Wno-constant-conversion -Wno-int-conversion -Wno-bool-conversion -Wno-enum-conversion -Wno-float-conversion -Wno-non-literal-null-conversion -Wno-objc-literal-conversion -Wshorten-64-to-32 -Wpointer-sign -Wno-newline-eof -Wno-implicit-fallthrough -isysroot /Applications/Xcode.app/Contents/Developer/Platforms/iPhoneSimulator.platform/Developer/SDKs/iPhoneSimulator26.5.sdk -fstrict-aliasing -Wdeprecated-declarations -Wno-sign-conversion -Wno-infinite-recursion -Wno-comma -Wno-block-capture-autoreleasing -Wno-strict-prototypes -Wno-semicolon-before-method-body @/Users/chrissotraidis/GitHub/caesarpad/build/ios/build/augustus.build/Release-iphonesimulator/Objects-normal/arm64/7187679823f38a2a940e0043cdf9d637-common-args.resp -MMD -MT dependencies -MF /Users/chrissotraidis/GitHub/caesarpad/build/ios/build/augustus.build/Release-iphonesimulator/Objects-normal/arm64/slide.d --serialize-diagnostics /Users/chrissotraidis/GitHub/caesarpad/build/ios/build/augustus.build/Release-iphonesimulator/Objects-normal/arm64/slide.dia -c /Users/chrissotraidis/GitHub/caesarpad/engines/augustus/src/widget/sidebar/slide.c -o /Users/chrissotraidis/GitHub/caesarpad/build/ios/build/augustus.build/Release-iphonesimulator/Objects-normal/arm64/slide.o

CompileC /Users/chrissotraidis/GitHub/caesarpad/build/ios/build/augustus.build/Release-iphonesimulator/Objects-normal/arm64/set_salary.o /Users/chrissotraidis/GitHub/caesarpad/engines/augustus/src/window/set_salary.c normal arm64 c com.apple.compilers.llvm.clang.1_0.compiler (in target 'augustus' from project 'augustus')
    cd /Users/chrissotraidis/GitHub/caesarpad/engines/augustus

    Using response file: /Users/chrissotraidis/GitHub/caesarpad/build/ios/build/augustus.build/Release-iphonesimulator/Objects-normal/arm64/7187679823f38a2a940e0043cdf9d637-common-args.resp

    /Applications/Xcode.app/Contents/Developer/Toolchains/XcodeDefault.xctoolchain/usr/bin/clang -x c -ivfsstatcache /Users/chrissotraidis/GitHub/caesarpad/build/ios/DerivedData/SDKStatCaches.noindex/iphonesimulator26.5-23F81a-6cfe768891a92b912361537c460fe42b.sdkstatcache -target arm64-apple-ios14.0-simulator -fmessage-length\=0 -fdiagnostics-show-note-include-stack -fmacro-backtrace-limit\=0 -fno-color-diagnostics -Wno-trigraphs -Wno-missing-field-initializers -Wno-missing-prototypes -Wno-return-type -Wno-missing-braces -Wparentheses -Wswitch -Wno-unused-function -Wno-unused-label -Wno-unused-parameter -Wno-unused-variable -Wunused-value -Wno-empty-body -Wno-uninitialized -Wno-unknown-pragmas -Wno-shadow -Wno-four-char-constants -Wno-conversion -Wno-constant-conversion -Wno-int-conversion -Wno-bool-conversion -Wno-enum-conversion -Wno-float-conversion -Wno-non-literal-null-conversion -Wno-objc-literal-conversion -Wshorten-64-to-32 -Wpointer-sign -Wno-newline-eof -Wno-implicit-fallthrough -isysroot /Applications/Xcode.app/Contents/Developer/Platforms/iPhoneSimulator.platform/Developer/SDKs/iPhoneSimulator26.5.sdk -fstrict-aliasing -Wdeprecated-declarations -Wno-sign-conversion -Wno-infinite-recursion -Wno-comma -Wno-block-capture-autoreleasing -Wno-strict-prototypes -Wno-semicolon-before-method-body @/Users/chrissotraidis/GitHub/caesarpad/build/ios/build/augustus.build/Release-iphonesimulator/Objects-normal/arm64/7187679823f38a2a940e0043cdf9d637-common-args.resp -MMD -MT dependencies -MF /Users/chrissotraidis/GitHub/caesarpad/build/ios/build/augustus.build/Release-iphonesimulator/Objects-normal/arm64/set_salary.d --serialize-diagnostics /Users/chrissotraidis/GitHub/caesarpad/build/ios/build/augustus.build/Release-iphonesimulator/Objects-normal/arm64/set_salary.dia -c /Users/chrissotraidis/GitHub/caesarpad/engines/augustus/src/window/set_salary.c -o /Users/chrissotraidis/GitHub/caesarpad/build/ios/build/augustus.build/Release-iphonesimulator/Objects-normal/arm64/set_salary.o

CompileC /Users/chrissotraidis/GitHub/caesarpad/build/ios/build/augustus.build/Release-iphonesimulator/Objects-normal/arm64/select_special_attribute_mapping.o /Users/chrissotraidis/GitHub/caesarpad/engines/augustus/src/window/editor/select_special_attribute_mapping.c normal arm64 c com.apple.compilers.llvm.clang.1_0.compiler (in target 'augustus' from project 'augustus')
    cd /Users/chrissotraidis/GitHub/caesarpad/engines/augustus

    Using response file: /Users/chrissotraidis/GitHub/caesarpad/build/ios/build/augustus.build/Release-iphonesimulator/Objects-normal/arm64/7187679823f38a2a940e0043cdf9d637-common-args.resp

    /Applications/Xcode.app/Contents/Developer/Toolchains/XcodeDefault.xctoolchain/usr/bin/clang -x c -ivfsstatcache /Users/chrissotraidis/GitHub/caesarpad/build/ios/DerivedData/SDKStatCaches.noindex/iphonesimulator26.5-23F81a-6cfe768891a92b912361537c460fe42b.sdkstatcache -target arm64-apple-ios14.0-simulator -fmessage-length\=0 -fdiagnostics-show-note-include-stack -fmacro-backtrace-limit\=0 -fno-color-diagnostics -Wno-trigraphs -Wno-missing-field-initializers -Wno-missing-prototypes -Wno-return-type -Wno-missing-braces -Wparentheses -Wswitch -Wno-unused-function -Wno-unused-label -Wno-unused-parameter -Wno-unused-variable -Wunused-value -Wno-empty-body -Wno-uninitialized -Wno-unknown-pragmas -Wno-shadow -Wno-four-char-constants -Wno-conversion -Wno-constant-conversion -Wno-int-conversion -Wno-bool-conversion -Wno-enum-conversion -Wno-float-conversion -Wno-non-literal-null-conversion -Wno-objc-literal-conversion -Wshorten-64-to-32 -Wpointer-sign -Wno-newline-eof -Wno-implicit-fallthrough -isysroot /Applications/Xcode.app/Contents/Developer/Platforms/iPhoneSimulator.platform/Developer/SDKs/iPhoneSimulator26.5.sdk -fstrict-aliasing -Wdeprecated-declarations -Wno-sign-conversion -Wno-infinite-recursion -Wno-comma -Wno-block-capture-autoreleasing -Wno-strict-prototypes -Wno-semicolon-before-method-body @/Users/chrissotraidis/GitHub/caesarpad/build/ios/build/augustus.build/Release-iphonesimulator/Objects-normal/arm64/7187679823f38a2a940e0043cdf9d637-common-args.resp -MMD -MT dependencies -MF /Users/chrissotraidis/GitHub/caesarpad/build/ios/build/augustus.build/Release-iphonesimulator/Objects-normal/arm64/select_special_attribute_mapping.d --serialize-diagnostics /Users/chrissotraidis/GitHub/caesarpad/build/ios/build/augustus.build/Release-iphonesimulator/Objects-normal/arm64/select_special_attribute_mapping.dia -c /Users/chrissotraidis/GitHub/caesarpad/engines/augustus/src/window/editor/select_special_attribute_mapping.c -o /Users/chrissotraidis/GitHub/caesarpad/build/ios/build/augustus.build/Release-iphonesimulator/Objects-normal/arm64/select_special_attribute_mapping.o

CompileC /Users/chrissotraidis/GitHub/caesarpad/build/ios/build/augustus.build/Release-iphonesimulator/Objects-normal/arm64/select_scenario_condition_type.o /Users/chrissotraidis/GitHub/caesarpad/engines/augustus/src/window/editor/select_scenario_condition_type.c normal arm64 c com.apple.compilers.llvm.clang.1_0.compiler (in target 'augustus' from project 'augustus')
    cd /Users/chrissotraidis/GitHub/caesarpad/engines/augustus

    Using response file: /Users/chrissotraidis/GitHub/caesarpad/build/ios/build/augustus.build/Release-iphonesimulator/Objects-normal/arm64/7187679823f38a2a940e0043cdf9d637-common-args.resp

    /Applications/Xcode.app/Contents/Developer/Toolchains/XcodeDefault.xctoolchain/usr/bin/clang -x c -ivfsstatcache /Users/chrissotraidis/GitHub/caesarpad/build/ios/DerivedData/SDKStatCaches.noindex/iphonesimulator26.5-23F81a-6cfe768891a92b912361537c460fe42b.sdkstatcache -target arm64-apple-ios14.0-simulator -fmessage-length\=0 -fdiagnostics-show-note-include-stack -fmacro-backtrace-limit\=0 -fno-color-diagnostics -Wno-trigraphs -Wno-missing-field-initializers -Wno-missing-prototypes -Wno-return-type -Wno-missing-braces -Wparentheses -Wswitch -Wno-unused-function -Wno-unused-label -Wno-unused-parameter -Wno-unused-variable -Wunused-value -Wno-empty-body -Wno-uninitialized -Wno-unknown-pragmas -Wno-shadow -Wno-four-char-constants -Wno-conversion -Wno-constant-conversion -Wno-int-conversion -Wno-bool-conversion -Wno-enum-conversion -Wno-float-conversion -Wno-non-literal-null-conversion -Wno-objc-literal-conversion -Wshorten-64-to-32 -Wpointer-sign -Wno-newline-eof -Wno-implicit-fallthrough -isysroot /Applications/Xcode.app/Contents/Developer/Platforms/iPhoneSimulator.platform/Developer/SDKs/iPhoneSimulator26.5.sdk -fstrict-aliasing -Wdeprecated-declarations -Wno-sign-conversion -Wno-infinite-recursion -Wno-comma -Wno-block-capture-autoreleasing -Wno-strict-prototypes -Wno-semicolon-before-method-body @/Users/chrissotraidis/GitHub/caesarpad/build/ios/build/augustus.build/Release-iphonesimulator/Objects-normal/arm64/7187679823f38a2a940e0043cdf9d637-common-args.resp -MMD -MT dependencies -MF /Users/chrissotraidis/GitHub/caesarpad/build/ios/build/augustus.build/Release-iphonesimulator/Objects-normal/arm64/select_scenario_condition_type.d --serialize-diagnostics /Users/chrissotraidis/GitHub/caesarpad/build/ios/build/augustus.build/Release-iphonesimulator/Objects-normal/arm64/select_scenario_condition_type.dia -c /Users/chrissotraidis/GitHub/caesarpad/engines/augustus/src/window/editor/select_scenario_condition_type.c -o /Users/chrissotraidis/GitHub/caesarpad/build/ios/build/augustus.build/Release-iphonesimulator/Objects-normal/arm64/select_scenario_condition_type.o

CompileC /Users/chrissotraidis/GitHub/caesarpad/build/ios/build/augustus.build/Release-iphonesimulator/Objects-normal/arm64/select_scenario_action_type.o /Users/chrissotraidis/GitHub/caesarpad/engines/augustus/src/window/editor/select_scenario_action_type.c normal arm64 c com.apple.compilers.llvm.clang.1_0.compiler (in target 'augustus' from project 'augustus')
    cd /Users/chrissotraidis/GitHub/caesarpad/engines/augustus

    Using response file: /Users/chrissotraidis/GitHub/caesarpad/build/ios/build/augustus.build/Release-iphonesimulator/Objects-normal/arm64/7187679823f38a2a940e0043cdf9d637-common-args.resp

    /Applications/Xcode.app/Contents/Developer/Toolchains/XcodeDefault.xctoolchain/usr/bin/clang -x c -ivfsstatcache /Users/chrissotraidis/GitHub/caesarpad/build/ios/DerivedData/SDKStatCaches.noindex/iphonesimulator26.5-23F81a-6cfe768891a92b912361537c460fe42b.sdkstatcache -target arm64-apple-ios14.0-simulator -fmessage-length\=0 -fdiagnostics-show-note-include-stack -fmacro-backtrace-limit\=0 -fno-color-diagnostics -Wno-trigraphs -Wno-missing-field-initializers -Wno-missing-prototypes -Wno-return-type -Wno-missing-braces -Wparentheses -Wswitch -Wno-unused-function -Wno-unused-label -Wno-unused-parameter -Wno-unused-variable -Wunused-value -Wno-empty-body -Wno-uninitialized -Wno-unknown-pragmas -Wno-shadow -Wno-four-char-constants -Wno-conversion -Wno-constant-conversion -Wno-int-conversion -Wno-bool-conversion -Wno-enum-conversion -Wno-float-conversion -Wno-non-literal-null-conversion -Wno-objc-literal-conversion -Wshorten-64-to-32 -Wpointer-sign -Wno-newline-eof -Wno-implicit-fallthrough -isysroot /Applications/Xcode.app/Contents/Developer/Platforms/iPhoneSimulator.platform/Developer/SDKs/iPhoneSimulator26.5.sdk -fstrict-aliasing -Wdeprecated-declarations -Wno-sign-conversion -Wno-infinite-recursion -Wno-comma -Wno-block-capture-autoreleasing -Wno-strict-prototypes -Wno-semicolon-before-method-body @/Users/chrissotraidis/GitHub/caesarpad/build/ios/build/augustus.build/Release-iphonesimulator/Objects-normal/arm64/7187679823f38a2a940e0043cdf9d637-common-args.resp -MMD -MT dependencies -MF /Users/chrissotraidis/GitHub/caesarpad/build/ios/build/augustus.build/Release-iphonesimulator/Objects-normal/arm64/select_scenario_action_type.d --serialize-diagnostics /Users/chrissotraidis/GitHub/caesarpad/build/ios/build/augustus.build/Release-iphonesimulator/Objects-normal/arm64/select_scenario_action_type.dia -c /Users/chrissotraidis/GitHub/caesarpad/engines/augustus/src/window/editor/select_scenario_action_type.c -o /Users/chrissotraidis/GitHub/caesarpad/build/ios/build/augustus.build/Release-iphonesimulator/Objects-normal/arm64/select_scenario_action_type.o

CompileC /Users/chrissotraidis/GitHub/caesarpad/build/ios/build/augustus.build/Release-iphonesimulator/Objects-normal/arm64/select_list.o /Users/chrissotraidis/GitHub/caesarpad/engines/augustus/src/window/select_list.c normal arm64 c com.apple.compilers.llvm.clang.1_0.compiler (in target 'augustus' from project 'augustus')
    cd /Users/chrissotraidis/GitHub/caesarpad/engines/augustus

    Using response file: /Users/chrissotraidis/GitHub/caesarpad/build/ios/build/augustus.build/Release-iphonesimulator/Objects-normal/arm64/7187679823f38a2a940e0043cdf9d637-common-args.resp

    /Applications/Xcode.app/Contents/Developer/Toolchains/XcodeDefault.xctoolchain/usr/bin/clang -x c -ivfsstatcache /Users/chrissotraidis/GitHub/caesarpad/build/ios/DerivedData/SDKStatCaches.noindex/iphonesimulator26.5-23F81a-6cfe768891a92b912361537c460fe42b.sdkstatcache -target arm64-apple-ios14.0-simulator -fmessage-length\=0 -fdiagnostics-show-note-include-stack -fmacro-backtrace-limit\=0 -fno-color-diagnostics -Wno-trigraphs -Wno-missing-field-initializers -Wno-missing-prototypes -Wno-return-type -Wno-missing-braces -Wparentheses -Wswitch -Wno-unused-function -Wno-unused-label -Wno-unused-parameter -Wno-unused-variable -Wunused-value -Wno-empty-body -Wno-uninitialized -Wno-unknown-pragmas -Wno-shadow -Wno-four-char-constants -Wno-conversion -Wno-constant-conversion -Wno-int-conversion -Wno-bool-conversion -Wno-enum-conversion -Wno-float-conversion -Wno-non-literal-null-conversion -Wno-objc-literal-conversion -Wshorten-64-to-32 -Wpointer-sign -Wno-newline-eof -Wno-implicit-fallthrough -isysroot /Applications/Xcode.app/Contents/Developer/Platforms/iPhoneSimulator.platform/Developer/SDKs/iPhoneSimulator26.5.sdk -fstrict-aliasing -Wdeprecated-declarations -Wno-sign-conversion -Wno-infinite-recursion -Wno-comma -Wno-block-capture-autoreleasing -Wno-strict-prototypes -Wno-semicolon-before-method-body @/Users/chrissotraidis/GitHub/caesarpad/build/ios/build/augustus.build/Release-iphonesimulator/Objects-normal/arm64/7187679823f38a2a940e0043cdf9d637-common-args.resp -MMD -MT dependencies -MF /Users/chrissotraidis/GitHub/caesarpad/build/ios/build/augustus.build/Release-iphonesimulator/Objects-normal/arm64/select_list.d --serialize-diagnostics /Users/chrissotraidis/GitHub/caesarpad/build/ios/build/augustus.build/Release-iphonesimulator/Objects-normal/arm64/select_list.dia -c /Users/chrissotraidis/GitHub/caesarpad/engines/augustus/src/window/select_list.c -o /Users/chrissotraidis/GitHub/caesarpad/build/ios/build/augustus.build/Release-iphonesimulator/Objects-normal/arm64/select_list.o

CompileC /Users/chrissotraidis/GitHub/caesarpad/build/ios/build/augustus.build/Release-iphonesimulator/Objects-normal/arm64/select_custom_message.o /Users/chrissotraidis/GitHub/caesarpad/engines/augustus/src/window/editor/select_custom_message.c normal arm64 c com.apple.compilers.llvm.clang.1_0.compiler (in target 'augustus' from project 'augustus')
    cd /Users/chrissotraidis/GitHub/caesarpad/engines/augustus

    Using response file: /Users/chrissotraidis/GitHub/caesarpad/build/ios/build/augustus.build/Release-iphonesimulator/Objects-normal/arm64/7187679823f38a2a940e0043cdf9d637-common-args.resp

    /Applications/Xcode.app/Contents/Developer/Toolchains/XcodeDefault.xctoolchain/usr/bin/clang -x c -ivfsstatcache /Users/chrissotraidis/GitHub/caesarpad/build/ios/DerivedData/SDKStatCaches.noindex/iphonesimulator26.5-23F81a-6cfe768891a92b912361537c460fe42b.sdkstatcache -target arm64-apple-ios14.0-simulator -fmessage-length\=0 -fdiagnostics-show-note-include-stack -fmacro-backtrace-limit\=0 -fno-color-diagnostics -Wno-trigraphs -Wno-missing-field-initializers -Wno-missing-prototypes -Wno-return-type -Wno-missing-braces -Wparentheses -Wswitch -Wno-unused-function -Wno-unused-label -Wno-unused-parameter -Wno-unused-variable -Wunused-value -Wno-empty-body -Wno-uninitialized -Wno-unknown-pragmas -Wno-shadow -Wno-four-char-constants -Wno-conversion -Wno-constant-conversion -Wno-int-conversion -Wno-bool-conversion -Wno-enum-conversion -Wno-float-conversion -Wno-non-literal-null-conversion -Wno-objc-literal-conversion -Wshorten-64-to-32 -Wpointer-sign -Wno-newline-eof -Wno-implicit-fallthrough -isysroot /Applications/Xcode.app/Contents/Developer/Platforms/iPhoneSimulator.platform/Developer/SDKs/iPhoneSimulator26.5.sdk -fstrict-aliasing -Wdeprecated-declarations -Wno-sign-conversion -Wno-infinite-recursion -Wno-comma -Wno-block-capture-autoreleasing -Wno-strict-prototypes -Wno-semicolon-before-method-body @/Users/chrissotraidis/GitHub/caesarpad/build/ios/build/augustus.build/Release-iphonesimulator/Objects-normal/arm64/7187679823f38a2a940e0043cdf9d637-common-args.resp -MMD -MT dependencies -MF /Users/chrissotraidis/GitHub/caesarpad/build/ios/build/augustus.build/Release-iphonesimulator/Objects-normal/arm64/select_custom_message.d --serialize-diagnostics /Users/chrissotraidis/GitHub/caesarpad/build/ios/build/augustus.build/Release-iphonesimulator/Objects-normal/arm64/select_custom_message.dia -c /Users/chrissotraidis/GitHub/caesarpad/engines/augustus/src/window/editor/select_custom_message.c -o /Users/chrissotraidis/GitHub/caesarpad/build/ios/build/augustus.build/Release-iphonesimulator/Objects-normal/arm64/select_custom_message.o

CompileC /Users/chrissotraidis/GitHub/caesarpad/build/ios/build/augustus.build/Release-iphonesimulator/Objects-normal/arm64/select_city_trade_route.o /Users/chrissotraidis/GitHub/caesarpad/engines/augustus/src/window/editor/select_city_trade_route.c normal arm64 c com.apple.compilers.llvm.clang.1_0.compiler (in target 'augustus' from project 'augustus')
    cd /Users/chrissotraidis/GitHub/caesarpad/engines/augustus

    Using response file: /Users/chrissotraidis/GitHub/caesarpad/build/ios/build/augustus.build/Release-iphonesimulator/Objects-normal/arm64/7187679823f38a2a940e0043cdf9d637-common-args.resp

    /Applications/Xcode.app/Contents/Developer/Toolchains/XcodeDefault.xctoolchain/usr/bin/clang -x c -ivfsstatcache /Users/chrissotraidis/GitHub/caesarpad/build/ios/DerivedData/SDKStatCaches.noindex/iphonesimulator26.5-23F81a-6cfe768891a92b912361537c460fe42b.sdkstatcache -target arm64-apple-ios14.0-simulator -fmessage-length\=0 -fdiagnostics-show-note-include-stack -fmacro-backtrace-limit\=0 -fno-color-diagnostics -Wno-trigraphs -Wno-missing-field-initializers -Wno-missing-prototypes -Wno-return-type -Wno-missing-braces -Wparentheses -Wswitch -Wno-unused-function -Wno-unused-label -Wno-unused-parameter -Wno-unused-variable -Wunused-value -Wno-empty-body -Wno-uninitialized -Wno-unknown-pragmas -Wno-shadow -Wno-four-char-constants -Wno-conversion -Wno-constant-conversion -Wno-int-conversion -Wno-bool-conversion -Wno-enum-conversion -Wno-float-conversion -Wno-non-literal-null-conversion -Wno-objc-literal-conversion -Wshorten-64-to-32 -Wpointer-sign -Wno-newline-eof -Wno-implicit-fallthrough -isysroot /Applications/Xcode.app/Contents/Developer/Platforms/iPhoneSimulator.platform/Developer/SDKs/iPhoneSimulator26.5.sdk -fstrict-aliasing -Wdeprecated-declarations -Wno-sign-conversion -Wno-infinite-recursion -Wno-comma -Wno-block-capture-autoreleasing -Wno-strict-prototypes -Wno-semicolon-before-method-body @/Users/chrissotraidis/GitHub/caesarpad/build/ios/build/augustus.build/Release-iphonesimulator/Objects-normal/arm64/7187679823f38a2a940e0043cdf9d637-common-args.resp -MMD -MT dependencies -MF /Users/chrissotraidis/GitHub/caesarpad/build/ios/build/augustus.build/Release-iphonesimulator/Objects-normal/arm64/select_city_trade_route.d --serialize-diagnostics /Users/chrissotraidis/GitHub/caesarpad/build/ios/build/augustus.build/Release-iphonesimulator/Objects-normal/arm64/select_city_trade_route.dia -c /Users/chrissotraidis/GitHub/caesarpad/engines/augustus/src/window/editor/select_city_trade_route.c -o /Users/chrissotraidis/GitHub/caesarpad/build/ios/build/augustus.build/Release-iphonesimulator/Objects-normal/arm64/select_city_trade_route.o

CompileC /Users/chrissotraidis/GitHub/caesarpad/build/ios/build/augustus.build/Release-iphonesimulator/Objects-normal/arm64/select_city_by_type.o /Users/chrissotraidis/GitHub/caesarpad/engines/augustus/src/window/editor/select_city_by_type.c normal arm64 c com.apple.compilers.llvm.clang.1_0.compiler (in target 'augustus' from project 'augustus')
    cd /Users/chrissotraidis/GitHub/caesarpad/engines/augustus

    Using response file: /Users/chrissotraidis/GitHub/caesarpad/build/ios/build/augustus.build/Release-iphonesimulator/Objects-normal/arm64/7187679823f38a2a940e0043cdf9d637-common-args.resp

    /Applications/Xcode.app/Contents/Developer/Toolchains/XcodeDefault.xctoolchain/usr/bin/clang -x c -ivfsstatcache /Users/chrissotraidis/GitHub/caesarpad/build/ios/DerivedData/SDKStatCaches.noindex/iphonesimulator26.5-23F81a-6cfe768891a92b912361537c460fe42b.sdkstatcache -target arm64-apple-ios14.0-simulator -fmessage-length\=0 -fdiagnostics-show-note-include-stack -fmacro-backtrace-limit\=0 -fno-color-diagnostics -Wno-trigraphs -Wno-missing-field-initializers -Wno-missing-prototypes -Wno-return-type -Wno-missing-braces -Wparentheses -Wswitch -Wno-unused-function -Wno-unused-label -Wno-unused-parameter -Wno-unused-variable -Wunused-value -Wno-empty-body -Wno-uninitialized -Wno-unknown-pragmas -Wno-shadow -Wno-four-char-constants -Wno-conversion -Wno-constant-conversion -Wno-int-conversion -Wno-bool-conversion -Wno-enum-conversion -Wno-float-conversion -Wno-non-literal-null-conversion -Wno-objc-literal-conversion -Wshorten-64-to-32 -Wpointer-sign -Wno-newline-eof -Wno-implicit-fallthrough -isysroot /Applications/Xcode.app/Contents/Developer/Platforms/iPhoneSimulator.platform/Developer/SDKs/iPhoneSimulator26.5.sdk -fstrict-aliasing -Wdeprecated-declarations -Wno-sign-conversion -Wno-infinite-recursion -Wno-comma -Wno-block-capture-autoreleasing -Wno-strict-prototypes -Wno-semicolon-before-method-body @/Users/chrissotraidis/GitHub/caesarpad/build/ios/build/augustus.build/Release-iphonesimulator/Objects-normal/arm64/7187679823f38a2a940e0043cdf9d637-common-args.resp -MMD -MT dependencies -MF /Users/chrissotraidis/GitHub/caesarpad/build/ios/build/augustus.build/Release-iphonesimulator/Objects-normal/arm64/select_city_by_type.d --serialize-diagnostics /Users/chrissotraidis/GitHub/caesarpad/build/ios/build/augustus.build/Release-iphonesimulator/Objects-normal/arm64/select_city_by_type.dia -c /Users/chrissotraidis/GitHub/caesarpad/engines/augustus/src/window/editor/select_city_by_type.c -o /Users/chrissotraidis/GitHub/caesarpad/build/ios/build/augustus.build/Release-iphonesimulator/Objects-normal/arm64/select_city_by_type.o

CompileC /Users/chrissotraidis/GitHub/caesarpad/build/ios/build/augustus.build/Release-iphonesimulator/Objects-normal/arm64/select_campaign.o /Users/chrissotraidis/GitHub/caesarpad/engines/augustus/src/window/select_campaign.c normal arm64 c com.apple.compilers.llvm.clang.1_0.compiler (in target 'augustus' from project 'augustus')
    cd /Users/chrissotraidis/GitHub/caesarpad/engines/augustus

    Using response file: /Users/chrissotraidis/GitHub/caesarpad/build/ios/build/augustus.build/Release-iphonesimulator/Objects-normal/arm64/7187679823f38a2a940e0043cdf9d637-common-args.resp

    /Applications/Xcode.app/Contents/Developer/Toolchains/XcodeDefault.xctoolchain/usr/bin/clang -x c -ivfsstatcache /Users/chrissotraidis/GitHub/caesarpad/build/ios/DerivedData/SDKStatCaches.noindex/iphonesimulator26.5-23F81a-6cfe768891a92b912361537c460fe42b.sdkstatcache -target arm64-apple-ios14.0-simulator -fmessage-length\=0 -fdiagnostics-show-note-include-stack -fmacro-backtrace-limit\=0 -fno-color-diagnostics -Wno-trigraphs -Wno-missing-field-initializers -Wno-missing-prototypes -Wno-return-type -Wno-missing-braces -Wparentheses -Wswitch -Wno-unused-function -Wno-unused-label -Wno-unused-parameter -Wno-unused-variable -Wunused-value -Wno-empty-body -Wno-uninitialized -Wno-unknown-pragmas -Wno-shadow -Wno-four-char-constants -Wno-conversion -Wno-constant-conversion -Wno-int-conversion -Wno-bool-conversion -Wno-enum-conversion -Wno-float-conversion -Wno-non-literal-null-conversion -Wno-objc-literal-conversion -Wshorten-64-to-32 -Wpointer-sign -Wno-newline-eof -Wno-implicit-fallthrough -isysroot /Applications/Xcode.app/Contents/Developer/Platforms/iPhoneSimulator.platform/Developer/SDKs/iPhoneSimulator26.5.sdk -fstrict-aliasing -Wdeprecated-declarations -Wno-sign-conversion -Wno-infinite-recursion -Wno-comma -Wno-block-capture-autoreleasing -Wno-strict-prototypes -Wno-semicolon-before-method-body @/Users/chrissotraidis/GitHub/caesarpad/build/ios/build/augustus.build/Release-iphonesimulator/Objects-normal/arm64/7187679823f38a2a940e0043cdf9d637-common-args.resp -MMD -MT dependencies -MF /Users/chrissotraidis/GitHub/caesarpad/build/ios/build/augustus.build/Release-iphonesimulator/Objects-normal/arm64/select_campaign.d --serialize-diagnostics /Users/chrissotraidis/GitHub/caesarpad/build/ios/build/augustus.build/Release-iphonesimulator/Objects-normal/arm64/select_campaign.dia -c /Users/chrissotraidis/GitHub/caesarpad/engines/augustus/src/window/select_campaign.c -o /Users/chrissotraidis/GitHub/caesarpad/build/ios/build/augustus.build/Release-iphonesimulator/Objects-normal/arm64/select_campaign.o

CompileC /Users/chrissotraidis/GitHub/caesarpad/build/ios/build/augustus.build/Release-iphonesimulator/Objects-normal/arm64/scrollbar.o /Users/chrissotraidis/GitHub/caesarpad/engines/augustus/src/graphics/scrollbar.c normal arm64 c com.apple.compilers.llvm.clang.1_0.compiler (in target 'augustus' from project 'augustus')
    cd /Users/chrissotraidis/GitHub/caesarpad/engines/augustus

    Using response file: /Users/chrissotraidis/GitHub/caesarpad/build/ios/build/augustus.build/Release-iphonesimulator/Objects-normal/arm64/7187679823f38a2a940e0043cdf9d637-common-args.resp

    /Applications/Xcode.app/Contents/Developer/Toolchains/XcodeDefault.xctoolchain/usr/bin/clang -x c -ivfsstatcache /Users/chrissotraidis/GitHub/caesarpad/build/ios/DerivedData/SDKStatCaches.noindex/iphonesimulator26.5-23F81a-6cfe768891a92b912361537c460fe42b.sdkstatcache -target arm64-apple-ios14.0-simulator -fmessage-length\=0 -fdiagnostics-show-note-include-stack -fmacro-backtrace-limit\=0 -fno-color-diagnostics -Wno-trigraphs -Wno-missing-field-initializers -Wno-missing-prototypes -Wno-return-type -Wno-missing-braces -Wparentheses -Wswitch -Wno-unused-function -Wno-unused-label -Wno-unused-parameter -Wno-unused-variable -Wunused-value -Wno-empty-body -Wno-uninitialized -Wno-unknown-pragmas -Wno-shadow -Wno-four-char-constants -Wno-conversion -Wno-constant-conversion -Wno-int-conversion -Wno-bool-conversion -Wno-enum-conversion -Wno-float-conversion -Wno-non-literal-null-conversion -Wno-objc-literal-conversion -Wshorten-64-to-32 -Wpointer-sign -Wno-newline-eof -Wno-implicit-fallthrough -isysroot /Applications/Xcode.app/Contents/Developer/Platforms/iPhoneSimulator.platform/Developer/SDKs/iPhoneSimulator26.5.sdk -fstrict-aliasing -Wdeprecated-declarations -Wno-sign-conversion -Wno-infinite-recursion -Wno-comma -Wno-block-capture-autoreleasing -Wno-strict-prototypes -Wno-semicolon-before-method-body @/Users/chrissotraidis/GitHub/caesarpad/build/ios/build/augustus.build/Release-iphonesimulator/Objects-normal/arm64/7187679823f38a2a940e0043cdf9d637-common-args.resp -MMD -MT dependencies -MF /Users/chrissotraidis/GitHub/caesarpad/build/ios/build/augustus.build/Release-iphonesimulator/Objects-normal/arm64/scrollbar.d --serialize-diagnostics /Users/chrissotraidis/GitHub/caesarpad/build/ios/build/augustus.build/Release-iphonesimulator/Objects-normal/arm64/scrollbar.dia -c /Users/chrissotraidis/GitHub/caesarpad/engines/augustus/src/graphics/scrollbar.c -o /Users/chrissotraidis/GitHub/caesarpad/build/ios/build/augustus.build/Release-iphonesimulator/Objects-normal/arm64/scrollbar.o

CompileC /Users/chrissotraidis/GitHub/caesarpad/build/ios/build/augustus.build/Release-iphonesimulator/Objects-normal/arm64/scroll.o /Users/chrissotraidis/GitHub/caesarpad/engines/augustus/src/input/scroll.c normal arm64 c com.apple.compilers.llvm.clang.1_0.compiler (in target 'augustus' from project 'augustus')
    cd /Users/chrissotraidis/GitHub/caesarpad/engines/augustus

    Using response file: /Users/chrissotraidis/GitHub/caesarpad/build/ios/build/augustus.build/Release-iphonesimulator/Objects-normal/arm64/7187679823f38a2a940e0043cdf9d637-common-args.resp

    /Applications/Xcode.app/Contents/Developer/Toolchains/XcodeDefault.xctoolchain/usr/bin/clang -x c -ivfsstatcache /Users/chrissotraidis/GitHub/caesarpad/build/ios/DerivedData/SDKStatCaches.noindex/iphonesimulator26.5-23F81a-6cfe768891a92b912361537c460fe42b.sdkstatcache -target arm64-apple-ios14.0-simulator -fmessage-length\=0 -fdiagnostics-show-note-include-stack -fmacro-backtrace-limit\=0 -fno-color-diagnostics -Wno-trigraphs -Wno-missing-field-initializers -Wno-missing-prototypes -Wno-return-type -Wno-missing-braces -Wparentheses -Wswitch -Wno-unused-function -Wno-unused-label -Wno-unused-parameter -Wno-unused-variable -Wunused-value -Wno-empty-body -Wno-uninitialized -Wno-unknown-pragmas -Wno-shadow -Wno-four-char-constants -Wno-conversion -Wno-constant-conversion -Wno-int-conversion -Wno-bool-conversion -Wno-enum-conversion -Wno-float-conversion -Wno-non-literal-null-conversion -Wno-objc-literal-conversion -Wshorten-64-to-32 -Wpointer-sign -Wno-newline-eof -Wno-implicit-fallthrough -isysroot /Applications/Xcode.app/Contents/Developer/Platforms/iPhoneSimulator.platform/Developer/SDKs/iPhoneSimulator26.5.sdk -fstrict-aliasing -Wdeprecated-declarations -Wno-sign-conversion -Wno-infinite-recursion -Wno-comma -Wno-block-capture-autoreleasing -Wno-strict-prototypes -Wno-semicolon-before-method-body @/Users/chrissotraidis/GitHub/caesarpad/build/ios/build/augustus.build/Release-iphonesimulator/Objects-normal/arm64/7187679823f38a2a940e0043cdf9d637-common-args.resp -MMD -MT dependencies -MF /Users/chrissotraidis/GitHub/caesarpad/build/ios/build/augustus.build/Release-iphonesimulator/Objects-normal/arm64/scroll.d --serialize-diagnostics /Users/chrissotraidis/GitHub/caesarpad/build/ios/build/augustus.build/Release-iphonesimulator/Objects-normal/arm64/scroll.dia -c /Users/chrissotraidis/GitHub/caesarpad/engines/augustus/src/input/scroll.c -o /Users/chrissotraidis/GitHub/caesarpad/build/ios/build/augustus.build/Release-iphonesimulator/Objects-normal/arm64/scroll.o

CompileC /Users/chrissotraidis/GitHub/caesarpad/build/ios/build/augustus.build/Release-iphonesimulator/Objects-normal/arm64/screenshot.o /Users/chrissotraidis/GitHub/caesarpad/engines/augustus/src/graphics/screenshot.c normal arm64 c com.apple.compilers.llvm.clang.1_0.compiler (in target 'augustus' from project 'augustus')
    cd /Users/chrissotraidis/GitHub/caesarpad/engines/augustus

    Using response file: /Users/chrissotraidis/GitHub/caesarpad/build/ios/build/augustus.build/Release-iphonesimulator/Objects-normal/arm64/7187679823f38a2a940e0043cdf9d637-common-args.resp

    /Applications/Xcode.app/Contents/Developer/Toolchains/XcodeDefault.xctoolchain/usr/bin/clang -x c -ivfsstatcache /Users/chrissotraidis/GitHub/caesarpad/build/ios/DerivedData/SDKStatCaches.noindex/iphonesimulator26.5-23F81a-6cfe768891a92b912361537c460fe42b.sdkstatcache -target arm64-apple-ios14.0-simulator -fmessage-length\=0 -fdiagnostics-show-note-include-stack -fmacro-backtrace-limit\=0 -fno-color-diagnostics -Wno-trigraphs -Wno-missing-field-initializers -Wno-missing-prototypes -Wno-return-type -Wno-missing-braces -Wparentheses -Wswitch -Wno-unused-function -Wno-unused-label -Wno-unused-parameter -Wno-unused-variable -Wunused-value -Wno-empty-body -Wno-uninitialized -Wno-unknown-pragmas -Wno-shadow -Wno-four-char-constants -Wno-conversion -Wno-constant-conversion -Wno-int-conversion -Wno-bool-conversion -Wno-enum-conversion -Wno-float-conversion -Wno-non-literal-null-conversion -Wno-objc-literal-conversion -Wshorten-64-to-32 -Wpointer-sign -Wno-newline-eof -Wno-implicit-fallthrough -isysroot /Applications/Xcode.app/Contents/Developer/Platforms/iPhoneSimulator.platform/Developer/SDKs/iPhoneSimulator26.5.sdk -fstrict-aliasing -Wdeprecated-declarations -Wno-sign-conversion -Wno-infinite-recursion -Wno-comma -Wno-block-capture-autoreleasing -Wno-strict-prototypes -Wno-semicolon-before-method-body @/Users/chrissotraidis/GitHub/caesarpad/build/ios/build/augustus.build/Release-iphonesimulator/Objects-normal/arm64/7187679823f38a2a940e0043cdf9d637-common-args.resp -MMD -MT dependencies -MF /Users/chrissotraidis/GitHub/caesarpad/build/ios/build/augustus.build/Release-iphonesimulator/Objects-normal/arm64/screenshot.d --serialize-diagnostics /Users/chrissotraidis/GitHub/caesarpad/build/ios/build/augustus.build/Release-iphonesimulator/Objects-normal/arm64/screenshot.dia -c /Users/chrissotraidis/GitHub/caesarpad/engines/augustus/src/graphics/screenshot.c -o /Users/chrissotraidis/GitHub/caesarpad/build/ios/build/augustus.build/Release-iphonesimulator/Objects-normal/arm64/screenshot.o

CompileC /Users/chrissotraidis/GitHub/caesarpad/build/ios/build/augustus.build/Release-iphonesimulator/Objects-normal/arm64/screen-9d19194be0c8b2867e2759773fa3e74f.o /Users/chrissotraidis/GitHub/caesarpad/engines/augustus/src/graphics/screen.c normal arm64 c com.apple.compilers.llvm.clang.1_0.compiler (in target 'augustus' from project 'augustus')
    cd /Users/chrissotraidis/GitHub/caesarpad/engines/augustus

    Using response file: /Users/chrissotraidis/GitHub/caesarpad/build/ios/build/augustus.build/Release-iphonesimulator/Objects-normal/arm64/7187679823f38a2a940e0043cdf9d637-common-args.resp

    /Applications/Xcode.app/Contents/Developer/Toolchains/XcodeDefault.xctoolchain/usr/bin/clang -x c -ivfsstatcache /Users/chrissotraidis/GitHub/caesarpad/build/ios/DerivedData/SDKStatCaches.noindex/iphonesimulator26.5-23F81a-6cfe768891a92b912361537c460fe42b.sdkstatcache -target arm64-apple-ios14.0-simulator -fmessage-length\=0 -fdiagnostics-show-note-include-stack -fmacro-backtrace-limit\=0 -fno-color-diagnostics -Wno-trigraphs -Wno-missing-field-initializers -Wno-missing-prototypes -Wno-return-type -Wno-missing-braces -Wparentheses -Wswitch -Wno-unused-function -Wno-unused-label -Wno-unused-parameter -Wno-unused-variable -Wunused-value -Wno-empty-body -Wno-uninitialized -Wno-unknown-pragmas -Wno-shadow -Wno-four-char-constants -Wno-conversion -Wno-constant-conversion -Wno-int-conversion -Wno-bool-conversion -Wno-enum-conversion -Wno-float-conversion -Wno-non-literal-null-conversion -Wno-objc-literal-conversion -Wshorten-64-to-32 -Wpointer-sign -Wno-newline-eof -Wno-implicit-fallthrough -isysroot /Applications/Xcode.app/Contents/Developer/Platforms/iPhoneSimulator.platform/Developer/SDKs/iPhoneSimulator26.5.sdk -fstrict-aliasing -Wdeprecated-declarations -Wno-sign-conversion -Wno-infinite-recursion -Wno-comma -Wno-block-capture-autoreleasing -Wno-strict-prototypes -Wno-semicolon-before-method-body @/Users/chrissotraidis/GitHub/caesarpad/build/ios/build/augustus.build/Release-iphonesimulator/Objects-normal/arm64/7187679823f38a2a940e0043cdf9d637-common-args.resp -MMD -MT dependencies -MF /Users/chrissotraidis/GitHub/caesarpad/build/ios/build/augustus.build/Release-iphonesimulator/Objects-normal/arm64/screen-9d19194be0c8b2867e2759773fa3e74f.d --serialize-diagnostics /Users/chrissotraidis/GitHub/caesarpad/build/ios/build/augustus.build/Release-iphonesimulator/Objects-normal/arm64/screen-9d19194be0c8b2867e2759773fa3e74f.dia -c /Users/chrissotraidis/GitHub/caesarpad/engines/augustus/src/graphics/screen.c -o /Users/chrissotraidis/GitHub/caesarpad/build/ios/build/augustus.build/Release-iphonesimulator/Objects-normal/arm64/screen-9d19194be0c8b2867e2759773fa3e74f.o

CompileC /Users/chrissotraidis/GitHub/caesarpad/build/ios/build/augustus.build/Release-iphonesimulator/Objects-normal/arm64/screen-6bdc545376ab9312fadeea44ed8c7b2a.o /Users/chrissotraidis/GitHub/caesarpad/engines/augustus/src/platform/SDL2/screen.c normal arm64 c com.apple.compilers.llvm.clang.1_0.compiler (in target 'augustus' from project 'augustus')
    cd /Users/chrissotraidis/GitHub/caesarpad/engines/augustus

    Using response file: /Users/chrissotraidis/GitHub/caesarpad/build/ios/build/augustus.build/Release-iphonesimulator/Objects-normal/arm64/7187679823f38a2a940e0043cdf9d637-common-args.resp

    /Applications/Xcode.app/Contents/Developer/Toolchains/XcodeDefault.xctoolchain/usr/bin/clang -x c -ivfsstatcache /Users/chrissotraidis/GitHub/caesarpad/build/ios/DerivedData/SDKStatCaches.noindex/iphonesimulator26.5-23F81a-6cfe768891a92b912361537c460fe42b.sdkstatcache -target arm64-apple-ios14.0-simulator -fmessage-length\=0 -fdiagnostics-show-note-include-stack -fmacro-backtrace-limit\=0 -fno-color-diagnostics -Wno-trigraphs -Wno-missing-field-initializers -Wno-missing-prototypes -Wno-return-type -Wno-missing-braces -Wparentheses -Wswitch -Wno-unused-function -Wno-unused-label -Wno-unused-parameter -Wno-unused-variable -Wunused-value -Wno-empty-body -Wno-uninitialized -Wno-unknown-pragmas -Wno-shadow -Wno-four-char-constants -Wno-conversion -Wno-constant-conversion -Wno-int-conversion -Wno-bool-conversion -Wno-enum-conversion -Wno-float-conversion -Wno-non-literal-null-conversion -Wno-objc-literal-conversion -Wshorten-64-to-32 -Wpointer-sign -Wno-newline-eof -Wno-implicit-fallthrough -isysroot /Applications/Xcode.app/Contents/Developer/Platforms/iPhoneSimulator.platform/Developer/SDKs/iPhoneSimulator26.5.sdk -fstrict-aliasing -Wdeprecated-declarations -Wno-sign-conversion -Wno-infinite-recursion -Wno-comma -Wno-block-capture-autoreleasing -Wno-strict-prototypes -Wno-semicolon-before-method-body @/Users/chrissotraidis/GitHub/caesarpad/build/ios/build/augustus.build/Release-iphonesimulator/Objects-normal/arm64/7187679823f38a2a940e0043cdf9d637-common-args.resp -MMD -MT dependencies -MF /Users/chrissotraidis/GitHub/caesarpad/build/ios/build/augustus.build/Release-iphonesimulator/Objects-normal/arm64/screen-6bdc545376ab9312fadeea44ed8c7b2a.d --serialize-diagnostics /Users/chrissotraidis/GitHub/caesarpad/build/ios/build/augustus.build/Release-iphonesimulator/Objects-normal/arm64/screen-6bdc545376ab9312fadeea44ed8c7b2a.dia -c /Users/chrissotraidis/GitHub/caesarpad/engines/augustus/src/platform/SDL2/screen.c -o /Users/chrissotraidis/GitHub/caesarpad/build/ios/build/augustus.build/Release-iphonesimulator/Objects-normal/arm64/screen-6bdc545376ab9312fadeea44ed8c7b2a.o

CompileC /Users/chrissotraidis/GitHub/caesarpad/build/ios/build/augustus.build/Release-iphonesimulator/Objects-normal/arm64/scenario_events.o /Users/chrissotraidis/GitHub/caesarpad/engines/augustus/src/window/editor/scenario_events.c normal arm64 c com.apple.compilers.llvm.clang.1_0.compiler (in target 'augustus' from project 'augustus')
    cd /Users/chrissotraidis/GitHub/caesarpad/engines/augustus

    Using response file: /Users/chrissotraidis/GitHub/caesarpad/build/ios/build/augustus.build/Release-iphonesimulator/Objects-normal/arm64/7187679823f38a2a940e0043cdf9d637-common-args.resp

    /Applications/Xcode.app/Contents/Developer/Toolchains/XcodeDefault.xctoolchain/usr/bin/clang -x c -ivfsstatcache /Users/chrissotraidis/GitHub/caesarpad/build/ios/DerivedData/SDKStatCaches.noindex/iphonesimulator26.5-23F81a-6cfe768891a92b912361537c460fe42b.sdkstatcache -target arm64-apple-ios14.0-simulator -fmessage-length\=0 -fdiagnostics-show-note-include-stack -fmacro-backtrace-limit\=0 -fno-color-diagnostics -Wno-trigraphs -Wno-missing-field-initializers -Wno-missing-prototypes -Wno-return-type -Wno-missing-braces -Wparentheses -Wswitch -Wno-unused-function -Wno-unused-label -Wno-unused-parameter -Wno-unused-variable -Wunused-value -Wno-empty-body -Wno-uninitialized -Wno-unknown-pragmas -Wno-shadow -Wno-four-char-constants -Wno-conversion -Wno-constant-conversion -Wno-int-conversion -Wno-bool-conversion -Wno-enum-conversion -Wno-float-conversion -Wno-non-literal-null-conversion -Wno-objc-literal-conversion -Wshorten-64-to-32 -Wpointer-sign -Wno-newline-eof -Wno-implicit-fallthrough -isysroot /Applications/Xcode.app/Contents/Developer/Platforms/iPhoneSimulator.platform/Developer/SDKs/iPhoneSimulator26.5.sdk -fstrict-aliasing -Wdeprecated-declarations -Wno-sign-conversion -Wno-infinite-recursion -Wno-comma -Wno-block-capture-autoreleasing -Wno-strict-prototypes -Wno-semicolon-before-method-body @/Users/chrissotraidis/GitHub/caesarpad/build/ios/build/augustus.build/Release-iphonesimulator/Objects-normal/arm64/7187679823f38a2a940e0043cdf9d637-common-args.resp -MMD -MT dependencies -MF /Users/chrissotraidis/GitHub/caesarpad/build/ios/build/augustus.build/Release-iphonesimulator/Objects-normal/arm64/scenario_events.d --serialize-diagnostics /Users/chrissotraidis/GitHub/caesarpad/build/ios/build/augustus.build/Release-iphonesimulator/Objects-normal/arm64/scenario_events.dia -c /Users/chrissotraidis/GitHub/caesarpad/engines/augustus/src/window/editor/scenario_events.c -o /Users/chrissotraidis/GitHub/caesarpad/build/ios/build/augustus.build/Release-iphonesimulator/Objects-normal/arm64/scenario_events.o

CompileC /Users/chrissotraidis/GitHub/caesarpad/build/ios/build/augustus.build/Release-iphonesimulator/Objects-normal/arm64/scenario_event_details.o /Users/chrissotraidis/GitHub/caesarpad/engines/augustus/src/window/editor/scenario_event_details.c normal arm64 c com.apple.compilers.llvm.clang.1_0.compiler (in target 'augustus' from project 'augustus')
    cd /Users/chrissotraidis/GitHub/caesarpad/engines/augustus

    Using response file: /Users/chrissotraidis/GitHub/caesarpad/build/ios/build/augustus.build/Release-iphonesimulator/Objects-normal/arm64/7187679823f38a2a940e0043cdf9d637-common-args.resp

    /Applications/Xcode.app/Contents/Developer/Toolchains/XcodeDefault.xctoolchain/usr/bin/clang -x c -ivfsstatcache /Users/chrissotraidis/GitHub/caesarpad/build/ios/DerivedData/SDKStatCaches.noindex/iphonesimulator26.5-23F81a-6cfe768891a92b912361537c460fe42b.sdkstatcache -target arm64-apple-ios14.0-simulator -fmessage-length\=0 -fdiagnostics-show-note-include-stack -fmacro-backtrace-limit\=0 -fno-color-diagnostics -Wno-trigraphs -Wno-missing-field-initializers -Wno-missing-prototypes -Wno-return-type -Wno-missing-braces -Wparentheses -Wswitch -Wno-unused-function -Wno-unused-label -Wno-unused-parameter -Wno-unused-variable -Wunused-value -Wno-empty-body -Wno-uninitialized -Wno-unknown-pragmas -Wno-shadow -Wno-four-char-constants -Wno-conversion -Wno-constant-conversion -Wno-int-conversion -Wno-bool-conversion -Wno-enum-conversion -Wno-float-conversion -Wno-non-literal-null-conversion -Wno-objc-literal-conversion -Wshorten-64-to-32 -Wpointer-sign -Wno-newline-eof -Wno-implicit-fallthrough -isysroot /Applications/Xcode.app/Contents/Developer/Platforms/iPhoneSimulator.platform/Developer/SDKs/iPhoneSimulator26.5.sdk -fstrict-aliasing -Wdeprecated-declarations -Wno-sign-conversion -Wno-infinite-recursion -Wno-comma -Wno-block-capture-autoreleasing -Wno-strict-prototypes -Wno-semicolon-before-method-body @/Users/chrissotraidis/GitHub/caesarpad/build/ios/build/augustus.build/Release-iphonesimulator/Objects-normal/arm64/7187679823f38a2a940e0043cdf9d637-common-args.resp -MMD -MT dependencies -MF /Users/chrissotraidis/GitHub/caesarpad/build/ios/build/augustus.build/Release-iphonesimulator/Objects-normal/arm64/scenario_event_details.d --serialize-diagnostics /Users/chrissotraidis/GitHub/caesarpad/build/ios/build/augustus.build/Release-iphonesimulator/Objects-normal/arm64/scenario_event_details.dia -c /Users/chrissotraidis/GitHub/caesarpad/engines/augustus/src/window/editor/scenario_event_details.c -o /Users/chrissotraidis/GitHub/caesarpad/build/ios/build/augustus.build/Release-iphonesimulator/Objects-normal/arm64/scenario_event_details.o

CompileC /Users/chrissotraidis/GitHub/caesarpad/build/ios/build/augustus.build/Release-iphonesimulator/Objects-normal/arm64/scenario_condition_edit.o /Users/chrissotraidis/GitHub/caesarpad/engines/augustus/src/window/editor/scenario_condition_edit.c normal arm64 c com.apple.compilers.llvm.clang.1_0.compiler (in target 'augustus' from project 'augustus')
    cd /Users/chrissotraidis/GitHub/caesarpad/engines/augustus

    Using response file: /Users/chrissotraidis/GitHub/caesarpad/build/ios/build/augustus.build/Release-iphonesimulator/Objects-normal/arm64/7187679823f38a2a940e0043cdf9d637-common-args.resp

    /Applications/Xcode.app/Contents/Developer/Toolchains/XcodeDefault.xctoolchain/usr/bin/clang -x c -ivfsstatcache /Users/chrissotraidis/GitHub/caesarpad/build/ios/DerivedData/SDKStatCaches.noindex/iphonesimulator26.5-23F81a-6cfe768891a92b912361537c460fe42b.sdkstatcache -target arm64-apple-ios14.0-simulator -fmessage-length\=0 -fdiagnostics-show-note-include-stack -fmacro-backtrace-limit\=0 -fno-color-diagnostics -Wno-trigraphs -Wno-missing-field-initializers -Wno-missing-prototypes -Wno-return-type -Wno-missing-braces -Wparentheses -Wswitch -Wno-unused-function -Wno-unused-label -Wno-unused-parameter -Wno-unused-variable -Wunused-value -Wno-empty-body -Wno-uninitialized -Wno-unknown-pragmas -Wno-shadow -Wno-four-char-constants -Wno-conversion -Wno-constant-conversion -Wno-int-conversion -Wno-bool-conversion -Wno-enum-conversion -Wno-float-conversion -Wno-non-literal-null-conversion -Wno-objc-literal-conversion -Wshorten-64-to-32 -Wpointer-sign -Wno-newline-eof -Wno-implicit-fallthrough -isysroot /Applications/Xcode.app/Contents/Developer/Platforms/iPhoneSimulator.platform/Developer/SDKs/iPhoneSimulator26.5.sdk -fstrict-aliasing -Wdeprecated-declarations -Wno-sign-conversion -Wno-infinite-recursion -Wno-comma -Wno-block-capture-autoreleasing -Wno-strict-prototypes -Wno-semicolon-before-method-body @/Users/chrissotraidis/GitHub/caesarpad/build/ios/build/augustus.build/Release-iphonesimulator/Objects-normal/arm64/7187679823f38a2a940e0043cdf9d637-common-args.resp -MMD -MT dependencies -MF /Users/chrissotraidis/GitHub/caesarpad/build/ios/build/augustus.build/Release-iphonesimulator/Objects-normal/arm64/scenario_condition_edit.d --serialize-diagnostics /Users/chrissotraidis/GitHub/caesarpad/build/ios/build/augustus.build/Release-iphonesimulator/Objects-normal/arm64/scenario_condition_edit.dia -c /Users/chrissotraidis/GitHub/caesarpad/engines/augustus/src/window/editor/scenario_condition_edit.c -o /Users/chrissotraidis/GitHub/caesarpad/build/ios/build/augustus.build/Release-iphonesimulator/Objects-normal/arm64/scenario_condition_edit.o

CompileC /Users/chrissotraidis/GitHub/caesarpad/build/ios/build/augustus.build/Release-iphonesimulator/Objects-normal/arm64/scenario_action_edit.o /Users/chrissotraidis/GitHub/caesarpad/engines/augustus/src/window/editor/scenario_action_edit.c normal arm64 c com.apple.compilers.llvm.clang.1_0.compiler (in target 'augustus' from project 'augustus')
    cd /Users/chrissotraidis/GitHub/caesarpad/engines/augustus

    Using response file: /Users/chrissotraidis/GitHub/caesarpad/build/ios/build/augustus.build/Release-iphonesimulator/Objects-normal/arm64/7187679823f38a2a940e0043cdf9d637-common-args.resp

    /Applications/Xcode.app/Contents/Developer/Toolchains/XcodeDefault.xctoolchain/usr/bin/clang -x c -ivfsstatcache /Users/chrissotraidis/GitHub/caesarpad/build/ios/DerivedData/SDKStatCaches.noindex/iphonesimulator26.5-23F81a-6cfe768891a92b912361537c460fe42b.sdkstatcache -target arm64-apple-ios14.0-simulator -fmessage-length\=0 -fdiagnostics-show-note-include-stack -fmacro-backtrace-limit\=0 -fno-color-diagnostics -Wno-trigraphs -Wno-missing-field-initializers -Wno-missing-prototypes -Wno-return-type -Wno-missing-braces -Wparentheses -Wswitch -Wno-unused-function -Wno-unused-label -Wno-unused-parameter -Wno-unused-variable -Wunused-value -Wno-empty-body -Wno-uninitialized -Wno-unknown-pragmas -Wno-shadow -Wno-four-char-constants -Wno-conversion -Wno-constant-conversion -Wno-int-conversion -Wno-bool-conversion -Wno-enum-conversion -Wno-float-conversion -Wno-non-literal-null-conversion -Wno-objc-literal-conversion -Wshorten-64-to-32 -Wpointer-sign -Wno-newline-eof -Wno-implicit-fallthrough -isysroot /Applications/Xcode.app/Contents/Developer/Platforms/iPhoneSimulator.platform/Developer/SDKs/iPhoneSimulator26.5.sdk -fstrict-aliasing -Wdeprecated-declarations -Wno-sign-conversion -Wno-infinite-recursion -Wno-comma -Wno-block-capture-autoreleasing -Wno-strict-prototypes -Wno-semicolon-before-method-body @/Users/chrissotraidis/GitHub/caesarpad/build/ios/build/augustus.build/Release-iphonesimulator/Objects-normal/arm64/7187679823f38a2a940e0043cdf9d637-common-args.resp -MMD -MT dependencies -MF /Users/chrissotraidis/GitHub/caesarpad/build/ios/build/augustus.build/Release-iphonesimulator/Objects-normal/arm64/scenario_action_edit.d --serialize-diagnostics /Users/chrissotraidis/GitHub/caesarpad/build/ios/build/augustus.build/Release-iphonesimulator/Objects-normal/arm64/scenario_action_edit.dia -c /Users/chrissotraidis/GitHub/caesarpad/engines/augustus/src/window/editor/scenario_action_edit.c -o /Users/chrissotraidis/GitHub/caesarpad/build/ios/build/augustus.build/Release-iphonesimulator/Objects-normal/arm64/scenario_action_edit.o

CompileC /Users/chrissotraidis/GitHub/caesarpad/build/ios/build/augustus.build/Release-iphonesimulator/Objects-normal/arm64/risks.o /Users/chrissotraidis/GitHub/caesarpad/engines/augustus/src/widget/city/overlay/risks.c normal arm64 c com.apple.compilers.llvm.clang.1_0.compiler (in target 'augustus' from project 'augustus')
    cd /Users/chrissotraidis/GitHub/caesarpad/engines/augustus

    Using response file: /Users/chrissotraidis/GitHub/caesarpad/build/ios/build/augustus.build/Release-iphonesimulator/Objects-normal/arm64/7187679823f38a2a940e0043cdf9d637-common-args.resp

    /Applications/Xcode.app/Contents/Developer/Toolchains/XcodeDefault.xctoolchain/usr/bin/clang -x c -ivfsstatcache /Users/chrissotraidis/GitHub/caesarpad/build/ios/DerivedData/SDKStatCaches.noindex/iphonesimulator26.5-23F81a-6cfe768891a92b912361537c460fe42b.sdkstatcache -target arm64-apple-ios14.0-simulator -fmessage-length\=0 -fdiagnostics-show-note-include-stack -fmacro-backtrace-limit\=0 -fno-color-diagnostics -Wno-trigraphs -Wno-missing-field-initializers -Wno-missing-prototypes -Wno-return-type -Wno-missing-braces -Wparentheses -Wswitch -Wno-unused-function -Wno-unused-label -Wno-unused-parameter -Wno-unused-variable -Wunused-value -Wno-empty-body -Wno-uninitialized -Wno-unknown-pragmas -Wno-shadow -Wno-four-char-constants -Wno-conversion -Wno-constant-conversion -Wno-int-conversion -Wno-bool-conversion -Wno-enum-conversion -Wno-float-conversion -Wno-non-literal-null-conversion -Wno-objc-literal-conversion -Wshorten-64-to-32 -Wpointer-sign -Wno-newline-eof -Wno-implicit-fallthrough -isysroot /Applications/Xcode.app/Contents/Developer/Platforms/iPhoneSimulator.platform/Developer/SDKs/iPhoneSimulator26.5.sdk -fstrict-aliasing -Wdeprecated-declarations -Wno-sign-conversion -Wno-infinite-recursion -Wno-comma -Wno-block-capture-autoreleasing -Wno-strict-prototypes -Wno-semicolon-before-method-body @/Users/chrissotraidis/GitHub/caesarpad/build/ios/build/augustus.build/Release-iphonesimulator/Objects-normal/arm64/7187679823f38a2a940e0043cdf9d637-common-args.resp -MMD -MT dependencies -MF /Users/chrissotraidis/GitHub/caesarpad/build/ios/build/augustus.build/Release-iphonesimulator/Objects-normal/arm64/risks.d --serialize-diagnostics /Users/chrissotraidis/GitHub/caesarpad/build/ios/build/augustus.build/Release-iphonesimulator/Objects-normal/arm64/risks.dia -c /Users/chrissotraidis/GitHub/caesarpad/engines/augustus/src/widget/city/overlay/risks.c -o /Users/chrissotraidis/GitHub/caesarpad/build/ios/build/augustus.build/Release-iphonesimulator/Objects-normal/arm64/risks.o

CompileC /Users/chrissotraidis/GitHub/caesarpad/build/ios/build/augustus.build/Release-iphonesimulator/Objects-normal/arm64/rich_text.o /Users/chrissotraidis/GitHub/caesarpad/engines/augustus/src/graphics/rich_text.c normal arm64 c com.apple.compilers.llvm.clang.1_0.compiler (in target 'augustus' from project 'augustus')
    cd /Users/chrissotraidis/GitHub/caesarpad/engines/augustus

    Using response file: /Users/chrissotraidis/GitHub/caesarpad/build/ios/build/augustus.build/Release-iphonesimulator/Objects-normal/arm64/7187679823f38a2a940e0043cdf9d637-common-args.resp

    /Applications/Xcode.app/Contents/Developer/Toolchains/XcodeDefault.xctoolchain/usr/bin/clang -x c -ivfsstatcache /Users/chrissotraidis/GitHub/caesarpad/build/ios/DerivedData/SDKStatCaches.noindex/iphonesimulator26.5-23F81a-6cfe768891a92b912361537c460fe42b.sdkstatcache -target arm64-apple-ios14.0-simulator -fmessage-length\=0 -fdiagnostics-show-note-include-stack -fmacro-backtrace-limit\=0 -fno-color-diagnostics -Wno-trigraphs -Wno-missing-field-initializers -Wno-missing-prototypes -Wno-return-type -Wno-missing-braces -Wparentheses -Wswitch -Wno-unused-function -Wno-unused-label -Wno-unused-parameter -Wno-unused-variable -Wunused-value -Wno-empty-body -Wno-uninitialized -Wno-unknown-pragmas -Wno-shadow -Wno-four-char-constants -Wno-conversion -Wno-constant-conversion -Wno-int-conversion -Wno-bool-conversion -Wno-enum-conversion -Wno-float-conversion -Wno-non-literal-null-conversion -Wno-objc-literal-conversion -Wshorten-64-to-32 -Wpointer-sign -Wno-newline-eof -Wno-implicit-fallthrough -isysroot /Applications/Xcode.app/Contents/Developer/Platforms/iPhoneSimulator.platform/Developer/SDKs/iPhoneSimulator26.5.sdk -fstrict-aliasing -Wdeprecated-declarations -Wno-sign-conversion -Wno-infinite-recursion -Wno-comma -Wno-block-capture-autoreleasing -Wno-strict-prototypes -Wno-semicolon-before-method-body @/Users/chrissotraidis/GitHub/caesarpad/build/ios/build/augustus.build/Release-iphonesimulator/Objects-normal/arm64/7187679823f38a2a940e0043cdf9d637-common-args.resp -MMD -MT dependencies -MF /Users/chrissotraidis/GitHub/caesarpad/build/ios/build/augustus.build/Release-iphonesimulator/Objects-normal/arm64/rich_text.d --serialize-diagnostics /Users/chrissotraidis/GitHub/caesarpad/build/ios/build/augustus.build/Release-iphonesimulator/Objects-normal/arm64/rich_text.dia -c /Users/chrissotraidis/GitHub/caesarpad/engines/augustus/src/graphics/rich_text.c -o /Users/chrissotraidis/GitHub/caesarpad/build/ios/build/augustus.build/Release-iphonesimulator/Objects-normal/arm64/rich_text.o

CompileC /Users/chrissotraidis/GitHub/caesarpad/build/ios/build/augustus.build/Release-iphonesimulator/Objects-normal/arm64/resource_settings.o /Users/chrissotraidis/GitHub/caesarpad/engines/augustus/src/window/resource_settings.c normal arm64 c com.apple.compilers.llvm.clang.1_0.compiler (in target 'augustus' from project 'augustus')
    cd /Users/chrissotraidis/GitHub/caesarpad/engines/augustus

    Using response file: /Users/chrissotraidis/GitHub/caesarpad/build/ios/build/augustus.build/Release-iphonesimulator/Objects-normal/arm64/7187679823f38a2a940e0043cdf9d637-common-args.resp

    /Applications/Xcode.app/Contents/Developer/Toolchains/XcodeDefault.xctoolchain/usr/bin/clang -x c -ivfsstatcache /Users/chrissotraidis/GitHub/caesarpad/build/ios/DerivedData/SDKStatCaches.noindex/iphonesimulator26.5-23F81a-6cfe768891a92b912361537c460fe42b.sdkstatcache -target arm64-apple-ios14.0-simulator -fmessage-length\=0 -fdiagnostics-show-note-include-stack -fmacro-backtrace-limit\=0 -fno-color-diagnostics -Wno-trigraphs -Wno-missing-field-initializers -Wno-missing-prototypes -Wno-return-type -Wno-missing-braces -Wparentheses -Wswitch -Wno-unused-function -Wno-unused-label -Wno-unused-parameter -Wno-unused-variable -Wunused-value -Wno-empty-body -Wno-uninitialized -Wno-unknown-pragmas -Wno-shadow -Wno-four-char-constants -Wno-conversion -Wno-constant-conversion -Wno-int-conversion -Wno-bool-conversion -Wno-enum-conversion -Wno-float-conversion -Wno-non-literal-null-conversion -Wno-objc-literal-conversion -Wshorten-64-to-32 -Wpointer-sign -Wno-newline-eof -Wno-implicit-fallthrough -isysroot /Applications/Xcode.app/Contents/Developer/Platforms/iPhoneSimulator.platform/Developer/SDKs/iPhoneSimulator26.5.sdk -fstrict-aliasing -Wdeprecated-declarations -Wno-sign-conversion -Wno-infinite-recursion -Wno-comma -Wno-block-capture-autoreleasing -Wno-strict-prototypes -Wno-semicolon-before-method-body @/Users/chrissotraidis/GitHub/caesarpad/build/ios/build/augustus.build/Release-iphonesimulator/Objects-normal/arm64/7187679823f38a2a940e0043cdf9d637-common-args.resp -MMD -MT dependencies -MF /Users/chrissotraidis/GitHub/caesarpad/build/ios/build/augustus.build/Release-iphonesimulator/Objects-normal/arm64/resource_settings.d --serialize-diagnostics /Users/chrissotraidis/GitHub/caesarpad/build/ios/build/augustus.build/Release-iphonesimulator/Objects-normal/arm64/resource_settings.dia -c /Users/chrissotraidis/GitHub/caesarpad/engines/augustus/src/window/resource_settings.c -o /Users/chrissotraidis/GitHub/caesarpad/build/ios/build/augustus.build/Release-iphonesimulator/Objects-normal/arm64/resource_settings.o

CompileC /Users/chrissotraidis/GitHub/caesarpad/build/ios/build/augustus.build/Release-iphonesimulator/Objects-normal/arm64/requests.o /Users/chrissotraidis/GitHub/caesarpad/engines/augustus/src/window/editor/requests.c normal arm64 c com.apple.compilers.llvm.clang.1_0.compiler (in target 'augustus' from project 'augustus')
    cd /Users/chrissotraidis/GitHub/caesarpad/engines/augustus

    Using response file: /Users/chrissotraidis/GitHub/caesarpad/build/ios/build/augustus.build/Release-iphonesimulator/Objects-normal/arm64/7187679823f38a2a940e0043cdf9d637-common-args.resp

    /Applications/Xcode.app/Contents/Developer/Toolchains/XcodeDefault.xctoolchain/usr/bin/clang -x c -ivfsstatcache /Users/chrissotraidis/GitHub/caesarpad/build/ios/DerivedData/SDKStatCaches.noindex/iphonesimulator26.5-23F81a-6cfe768891a92b912361537c460fe42b.sdkstatcache -target arm64-apple-ios14.0-simulator -fmessage-length\=0 -fdiagnostics-show-note-include-stack -fmacro-backtrace-limit\=0 -fno-color-diagnostics -Wno-trigraphs -Wno-missing-field-initializers -Wno-missing-prototypes -Wno-return-type -Wno-missing-braces -Wparentheses -Wswitch -Wno-unused-function -Wno-unused-label -Wno-unused-parameter -Wno-unused-variable -Wunused-value -Wno-empty-body -Wno-uninitialized -Wno-unknown-pragmas -Wno-shadow -Wno-four-char-constants -Wno-conversion -Wno-constant-conversion -Wno-int-conversion -Wno-bool-conversion -Wno-enum-conversion -Wno-float-conversion -Wno-non-literal-null-conversion -Wno-objc-literal-conversion -Wshorten-64-to-32 -Wpointer-sign -Wno-newline-eof -Wno-implicit-fallthrough -isysroot /Applications/Xcode.app/Contents/Developer/Platforms/iPhoneSimulator.platform/Developer/SDKs/iPhoneSimulator26.5.sdk -fstrict-aliasing -Wdeprecated-declarations -Wno-sign-conversion -Wno-infinite-recursion -Wno-comma -Wno-block-capture-autoreleasing -Wno-strict-prototypes -Wno-semicolon-before-method-body @/Users/chrissotraidis/GitHub/caesarpad/build/ios/build/augustus.build/Release-iphonesimulator/Objects-normal/arm64/7187679823f38a2a940e0043cdf9d637-common-args.resp -MMD -MT dependencies -MF /Users/chrissotraidis/GitHub/caesarpad/build/ios/build/augustus.build/Release-iphonesimulator/Objects-normal/arm64/requests.d --serialize-diagnostics /Users/chrissotraidis/GitHub/caesarpad/build/ios/build/augustus.build/Release-iphonesimulator/Objects-normal/arm64/requests.dia -c /Users/chrissotraidis/GitHub/caesarpad/engines/augustus/src/window/editor/requests.c -o /Users/chrissotraidis/GitHub/caesarpad/build/ios/build/augustus.build/Release-iphonesimulator/Objects-normal/arm64/requests.o

CompileC /Users/chrissotraidis/GitHub/caesarpad/build/ios/build/augustus.build/Release-iphonesimulator/Objects-normal/arm64/renderer-220091f23e87503ae1789520db762449.o /Users/chrissotraidis/GitHub/caesarpad/engines/augustus/src/platform/SDL2/renderer.c normal arm64 c com.apple.compilers.llvm.clang.1_0.compiler (in target 'augustus' from project 'augustus')
    cd /Users/chrissotraidis/GitHub/caesarpad/engines/augustus

    Using response file: /Users/chrissotraidis/GitHub/caesarpad/build/ios/build/augustus.build/Release-iphonesimulator/Objects-normal/arm64/7187679823f38a2a940e0043cdf9d637-common-args.resp

    /Applications/Xcode.app/Contents/Developer/Toolchains/XcodeDefault.xctoolchain/usr/bin/clang -x c -ivfsstatcache /Users/chrissotraidis/GitHub/caesarpad/build/ios/DerivedData/SDKStatCaches.noindex/iphonesimulator26.5-23F81a-6cfe768891a92b912361537c460fe42b.sdkstatcache -target arm64-apple-ios14.0-simulator -fmessage-length\=0 -fdiagnostics-show-note-include-stack -fmacro-backtrace-limit\=0 -fno-color-diagnostics -Wno-trigraphs -Wno-missing-field-initializers -Wno-missing-prototypes -Wno-return-type -Wno-missing-braces -Wparentheses -Wswitch -Wno-unused-function -Wno-unused-label -Wno-unused-parameter -Wno-unused-variable -Wunused-value -Wno-empty-body -Wno-uninitialized -Wno-unknown-pragmas -Wno-shadow -Wno-four-char-constants -Wno-conversion -Wno-constant-conversion -Wno-int-conversion -Wno-bool-conversion -Wno-enum-conversion -Wno-float-conversion -Wno-non-literal-null-conversion -Wno-objc-literal-conversion -Wshorten-64-to-32 -Wpointer-sign -Wno-newline-eof -Wno-implicit-fallthrough -isysroot /Applications/Xcode.app/Contents/Developer/Platforms/iPhoneSimulator.platform/Developer/SDKs/iPhoneSimulator26.5.sdk -fstrict-aliasing -Wdeprecated-declarations -Wno-sign-conversion -Wno-infinite-recursion -Wno-comma -Wno-block-capture-autoreleasing -Wno-strict-prototypes -Wno-semicolon-before-method-body @/Users/chrissotraidis/GitHub/caesarpad/build/ios/build/augustus.build/Release-iphonesimulator/Objects-normal/arm64/7187679823f38a2a940e0043cdf9d637-common-args.resp -MMD -MT dependencies -MF /Users/chrissotraidis/GitHub/caesarpad/build/ios/build/augustus.build/Release-iphonesimulator/Objects-normal/arm64/renderer-220091f23e87503ae1789520db762449.d --serialize-diagnostics /Users/chrissotraidis/GitHub/caesarpad/build/ios/build/augustus.build/Release-iphonesimulator/Objects-normal/arm64/renderer-220091f23e87503ae1789520db762449.dia -c /Users/chrissotraidis/GitHub/caesarpad/engines/augustus/src/platform/SDL2/renderer.c -o /Users/chrissotraidis/GitHub/caesarpad/build/ios/build/augustus.build/Release-iphonesimulator/Objects-normal/arm64/renderer-220091f23e87503ae1789520db762449.o

CompileC /Users/chrissotraidis/GitHub/caesarpad/build/ios/build/augustus.build/Release-iphonesimulator/Objects-normal/arm64/religion.o /Users/chrissotraidis/GitHub/caesarpad/engines/augustus/src/window/advisor/religion.c normal arm64 c com.apple.compilers.llvm.clang.1_0.compiler (in target 'augustus' from project 'augustus')
    cd /Users/chrissotraidis/GitHub/caesarpad/engines/augustus

    Using response file: /Users/chrissotraidis/GitHub/caesarpad/build/ios/build/augustus.build/Release-iphonesimulator/Objects-normal/arm64/7187679823f38a2a940e0043cdf9d637-common-args.resp

    /Applications/Xcode.app/Contents/Developer/Toolchains/XcodeDefault.xctoolchain/usr/bin/clang -x c -ivfsstatcache /Users/chrissotraidis/GitHub/caesarpad/build/ios/DerivedData/SDKStatCaches.noindex/iphonesimulator26.5-23F81a-6cfe768891a92b912361537c460fe42b.sdkstatcache -target arm64-apple-ios14.0-simulator -fmessage-length\=0 -fdiagnostics-show-note-include-stack -fmacro-backtrace-limit\=0 -fno-color-diagnostics -Wno-trigraphs -Wno-missing-field-initializers -Wno-missing-prototypes -Wno-return-type -Wno-missing-braces -Wparentheses -Wswitch -Wno-unused-function -Wno-unused-label -Wno-unused-parameter -Wno-unused-variable -Wunused-value -Wno-empty-body -Wno-uninitialized -Wno-unknown-pragmas -Wno-shadow -Wno-four-char-constants -Wno-conversion -Wno-constant-conversion -Wno-int-conversion -Wno-bool-conversion -Wno-enum-conversion -Wno-float-conversion -Wno-non-literal-null-conversion -Wno-objc-literal-conversion -Wshorten-64-to-32 -Wpointer-sign -Wno-newline-eof -Wno-implicit-fallthrough -isysroot /Applications/Xcode.app/Contents/Developer/Platforms/iPhoneSimulator.platform/Developer/SDKs/iPhoneSimulator26.5.sdk -fstrict-aliasing -Wdeprecated-declarations -Wno-sign-conversion -Wno-infinite-recursion -Wno-comma -Wno-block-capture-autoreleasing -Wno-strict-prototypes -Wno-semicolon-before-method-body @/Users/chrissotraidis/GitHub/caesarpad/build/ios/build/augustus.build/Release-iphonesimulator/Objects-normal/arm64/7187679823f38a2a940e0043cdf9d637-common-args.resp -MMD -MT dependencies -MF /Users/chrissotraidis/GitHub/caesarpad/build/ios/build/augustus.build/Release-iphonesimulator/Objects-normal/arm64/religion.d --serialize-diagnostics /Users/chrissotraidis/GitHub/caesarpad/build/ios/build/augustus.build/Release-iphonesimulator/Objects-normal/arm64/religion.dia -c /Users/chrissotraidis/GitHub/caesarpad/engines/augustus/src/window/advisor/religion.c -o /Users/chrissotraidis/GitHub/caesarpad/build/ios/build/augustus.build/Release-iphonesimulator/Objects-normal/arm64/religion.o

CompileC /Users/chrissotraidis/GitHub/caesarpad/build/ios/build/augustus.build/Release-iphonesimulator/Objects-normal/arm64/ratings-f437a7ffe805fd40eda13a55183f1653.o /Users/chrissotraidis/GitHub/caesarpad/engines/augustus/src/window/advisor/ratings.c normal arm64 c com.apple.compilers.llvm.clang.1_0.compiler (in target 'augustus' from project 'augustus')
    cd /Users/chrissotraidis/GitHub/caesarpad/engines/augustus

    Using response file: /Users/chrissotraidis/GitHub/caesarpad/build/ios/build/augustus.build/Release-iphonesimulator/Objects-normal/arm64/7187679823f38a2a940e0043cdf9d637-common-args.resp

    /Applications/Xcode.app/Contents/Developer/Toolchains/XcodeDefault.xctoolchain/usr/bin/clang -x c -ivfsstatcache /Users/chrissotraidis/GitHub/caesarpad/build/ios/DerivedData/SDKStatCaches.noindex/iphonesimulator26.5-23F81a-6cfe768891a92b912361537c460fe42b.sdkstatcache -target arm64-apple-ios14.0-simulator -fmessage-length\=0 -fdiagnostics-show-note-include-stack -fmacro-backtrace-limit\=0 -fno-color-diagnostics -Wno-trigraphs -Wno-missing-field-initializers -Wno-missing-prototypes -Wno-return-type -Wno-missing-braces -Wparentheses -Wswitch -Wno-unused-function -Wno-unused-label -Wno-unused-parameter -Wno-unused-variable -Wunused-value -Wno-empty-body -Wno-uninitialized -Wno-unknown-pragmas -Wno-shadow -Wno-four-char-constants -Wno-conversion -Wno-constant-conversion -Wno-int-conversion -Wno-bool-conversion -Wno-enum-conversion -Wno-float-conversion -Wno-non-literal-null-conversion -Wno-objc-literal-conversion -Wshorten-64-to-32 -Wpointer-sign -Wno-newline-eof -Wno-implicit-fallthrough -isysroot /Applications/Xcode.app/Contents/Developer/Platforms/iPhoneSimulator.platform/Developer/SDKs/iPhoneSimulator26.5.sdk -fstrict-aliasing -Wdeprecated-declarations -Wno-sign-conversion -Wno-infinite-recursion -Wno-comma -Wno-block-capture-autoreleasing -Wno-strict-prototypes -Wno-semicolon-before-method-body @/Users/chrissotraidis/GitHub/caesarpad/build/ios/build/augustus.build/Release-iphonesimulator/Objects-normal/arm64/7187679823f38a2a940e0043cdf9d637-common-args.resp -MMD -MT dependencies -MF /Users/chrissotraidis/GitHub/caesarpad/build/ios/build/augustus.build/Release-iphonesimulator/Objects-normal/arm64/ratings-f437a7ffe805fd40eda13a55183f1653.d --serialize-diagnostics /Users/chrissotraidis/GitHub/caesarpad/build/ios/build/augustus.build/Release-iphonesimulator/Objects-normal/arm64/ratings-f437a7ffe805fd40eda13a55183f1653.dia -c /Users/chrissotraidis/GitHub/caesarpad/engines/augustus/src/window/advisor/ratings.c -o /Users/chrissotraidis/GitHub/caesarpad/build/ios/build/augustus.build/Release-iphonesimulator/Objects-normal/arm64/ratings-f437a7ffe805fd40eda13a55183f1653.o

CompileC /Users/chrissotraidis/GitHub/caesarpad/build/ios/build/augustus.build/Release-iphonesimulator/Objects-normal/arm64/race_bet-fa973ca1d7012ffffe8188be728834f5.o /Users/chrissotraidis/GitHub/caesarpad/engines/augustus/src/window/race_bet.c normal arm64 c com.apple.compilers.llvm.clang.1_0.compiler (in target 'augustus' from project 'augustus')
    cd /Users/chrissotraidis/GitHub/caesarpad/engines/augustus

    Using response file: /Users/chrissotraidis/GitHub/caesarpad/build/ios/build/augustus.build/Release-iphonesimulator/Objects-normal/arm64/7187679823f38a2a940e0043cdf9d637-common-args.resp

    /Applications/Xcode.app/Contents/Developer/Toolchains/XcodeDefault.xctoolchain/usr/bin/clang -x c -ivfsstatcache /Users/chrissotraidis/GitHub/caesarpad/build/ios/DerivedData/SDKStatCaches.noindex/iphonesimulator26.5-23F81a-6cfe768891a92b912361537c460fe42b.sdkstatcache -target arm64-apple-ios14.0-simulator -fmessage-length\=0 -fdiagnostics-show-note-include-stack -fmacro-backtrace-limit\=0 -fno-color-diagnostics -Wno-trigraphs -Wno-missing-field-initializers -Wno-missing-prototypes -Wno-return-type -Wno-missing-braces -Wparentheses -Wswitch -Wno-unused-function -Wno-unused-label -Wno-unused-parameter -Wno-unused-variable -Wunused-value -Wno-empty-body -Wno-uninitialized -Wno-unknown-pragmas -Wno-shadow -Wno-four-char-constants -Wno-conversion -Wno-constant-conversion -Wno-int-conversion -Wno-bool-conversion -Wno-enum-conversion -Wno-float-conversion -Wno-non-literal-null-conversion -Wno-objc-literal-conversion -Wshorten-64-to-32 -Wpointer-sign -Wno-newline-eof -Wno-implicit-fallthrough -isysroot /Applications/Xcode.app/Contents/Developer/Platforms/iPhoneSimulator.platform/Developer/SDKs/iPhoneSimulator26.5.sdk -fstrict-aliasing -Wdeprecated-declarations -Wno-sign-conversion -Wno-infinite-recursion -Wno-comma -Wno-block-capture-autoreleasing -Wno-strict-prototypes -Wno-semicolon-before-method-body @/Users/chrissotraidis/GitHub/caesarpad/build/ios/build/augustus.build/Release-iphonesimulator/Objects-normal/arm64/7187679823f38a2a940e0043cdf9d637-common-args.resp -MMD -MT dependencies -MF /Users/chrissotraidis/GitHub/caesarpad/build/ios/build/augustus.build/Release-iphonesimulator/Objects-normal/arm64/race_bet-fa973ca1d7012ffffe8188be728834f5.d --serialize-diagnostics /Users/chrissotraidis/GitHub/caesarpad/build/ios/build/augustus.build/Release-iphonesimulator/Objects-normal/arm64/race_bet-fa973ca1d7012ffffe8188be728834f5.dia -c /Users/chrissotraidis/GitHub/caesarpad/engines/augustus/src/window/race_bet.c -o /Users/chrissotraidis/GitHub/caesarpad/build/ios/build/augustus.build/Release-iphonesimulator/Objects-normal/arm64/race_bet-fa973ca1d7012ffffe8188be728834f5.o

CompileC /Users/chrissotraidis/GitHub/caesarpad/build/ios/build/augustus.build/Release-iphonesimulator/Objects-normal/arm64/price_changes.o /Users/chrissotraidis/GitHub/caesarpad/engines/augustus/src/window/editor/price_changes.c normal arm64 c com.apple.compilers.llvm.clang.1_0.compiler (in target 'augustus' from project 'augustus')
    cd /Users/chrissotraidis/GitHub/caesarpad/engines/augustus

    Using response file: /Users/chrissotraidis/GitHub/caesarpad/build/ios/build/augustus.build/Release-iphonesimulator/Objects-normal/arm64/7187679823f38a2a940e0043cdf9d637-common-args.resp

    /Applications/Xcode.app/Contents/Developer/Toolchains/XcodeDefault.xctoolchain/usr/bin/clang -x c -ivfsstatcache /Users/chrissotraidis/GitHub/caesarpad/build/ios/DerivedData/SDKStatCaches.noindex/iphonesimulator26.5-23F81a-6cfe768891a92b912361537c460fe42b.sdkstatcache -target arm64-apple-ios14.0-simulator -fmessage-length\=0 -fdiagnostics-show-note-include-stack -fmacro-backtrace-limit\=0 -fno-color-diagnostics -Wno-trigraphs -Wno-missing-field-initializers -Wno-missing-prototypes -Wno-return-type -Wno-missing-braces -Wparentheses -Wswitch -Wno-unused-function -Wno-unused-label -Wno-unused-parameter -Wno-unused-variable -Wunused-value -Wno-empty-body -Wno-uninitialized -Wno-unknown-pragmas -Wno-shadow -Wno-four-char-constants -Wno-conversion -Wno-constant-conversion -Wno-int-conversion -Wno-bool-conversion -Wno-enum-conversion -Wno-float-conversion -Wno-non-literal-null-conversion -Wno-objc-literal-conversion -Wshorten-64-to-32 -Wpointer-sign -Wno-newline-eof -Wno-implicit-fallthrough -isysroot /Applications/Xcode.app/Contents/Developer/Platforms/iPhoneSimulator.platform/Developer/SDKs/iPhoneSimulator26.5.sdk -fstrict-aliasing -Wdeprecated-declarations -Wno-sign-conversion -Wno-infinite-recursion -Wno-comma -Wno-block-capture-autoreleasing -Wno-strict-prototypes -Wno-semicolon-before-method-body @/Users/chrissotraidis/GitHub/caesarpad/build/ios/build/augustus.build/Release-iphonesimulator/Objects-normal/arm64/7187679823f38a2a940e0043cdf9d637-common-args.resp -MMD -MT dependencies -MF /Users/chrissotraidis/GitHub/caesarpad/build/ios/build/augustus.build/Release-iphonesimulator/Objects-normal/arm64/price_changes.d --serialize-diagnostics /Users/chrissotraidis/GitHub/caesarpad/build/ios/build/augustus.build/Release-iphonesimulator/Objects-normal/arm64/price_changes.dia -c /Users/chrissotraidis/GitHub/caesarpad/engines/augustus/src/window/editor/price_changes.c -o /Users/chrissotraidis/GitHub/caesarpad/build/ios/build/augustus.build/Release-iphonesimulator/Objects-normal/arm64/price_changes.o

CompileC /Users/chrissotraidis/GitHub/caesarpad/build/ios/build/augustus.build/Release-iphonesimulator/Objects-normal/arm64/popup_dialog.o /Users/chrissotraidis/GitHub/caesarpad/engines/augustus/src/window/popup_dialog.c normal arm64 c com.apple.compilers.llvm.clang.1_0.compiler (in target 'augustus' from project 'augustus')
    cd /Users/chrissotraidis/GitHub/caesarpad/engines/augustus

    Using response file: /Users/chrissotraidis/GitHub/caesarpad/build/ios/build/augustus.build/Release-iphonesimulator/Objects-normal/arm64/7187679823f38a2a940e0043cdf9d637-common-args.resp

    /Applications/Xcode.app/Contents/Developer/Toolchains/XcodeDefault.xctoolchain/usr/bin/clang -x c -ivfsstatcache /Users/chrissotraidis/GitHub/caesarpad/build/ios/DerivedData/SDKStatCaches.noindex/iphonesimulator26.5-23F81a-6cfe768891a92b912361537c460fe42b.sdkstatcache -target arm64-apple-ios14.0-simulator -fmessage-length\=0 -fdiagnostics-show-note-include-stack -fmacro-backtrace-limit\=0 -fno-color-diagnostics -Wno-trigraphs -Wno-missing-field-initializers -Wno-missing-prototypes -Wno-return-type -Wno-missing-braces -Wparentheses -Wswitch -Wno-unused-function -Wno-unused-label -Wno-unused-parameter -Wno-unused-variable -Wunused-value -Wno-empty-body -Wno-uninitialized -Wno-unknown-pragmas -Wno-shadow -Wno-four-char-constants -Wno-conversion -Wno-constant-conversion -Wno-int-conversion -Wno-bool-conversion -Wno-enum-conversion -Wno-float-conversion -Wno-non-literal-null-conversion -Wno-objc-literal-conversion -Wshorten-64-to-32 -Wpointer-sign -Wno-newline-eof -Wno-implicit-fallthrough -isysroot /Applications/Xcode.app/Contents/Developer/Platforms/iPhoneSimulator.platform/Developer/SDKs/iPhoneSimulator26.5.sdk -fstrict-aliasing -Wdeprecated-declarations -Wno-sign-conversion -Wno-infinite-recursion -Wno-comma -Wno-block-capture-autoreleasing -Wno-strict-prototypes -Wno-semicolon-before-method-body @/Users/chrissotraidis/GitHub/caesarpad/build/ios/build/augustus.build/Release-iphonesimulator/Objects-normal/arm64/7187679823f38a2a940e0043cdf9d637-common-args.resp -MMD -MT dependencies -MF /Users/chrissotraidis/GitHub/caesarpad/build/ios/build/augustus.build/Release-iphonesimulator/Objects-normal/arm64/popup_dialog.d --serialize-diagnostics /Users/chrissotraidis/GitHub/caesarpad/build/ios/build/augustus.build/Release-iphonesimulator/Objects-normal/arm64/popup_dialog.dia -c /Users/chrissotraidis/GitHub/caesarpad/engines/augustus/src/window/popup_dialog.c -o /Users/chrissotraidis/GitHub/caesarpad/build/ios/build/augustus.build/Release-iphonesimulator/Objects-normal/arm64/popup_dialog.o

CompileC /Users/chrissotraidis/GitHub/caesarpad/build/ios/build/augustus.build/Release-iphonesimulator/Objects-normal/arm64/population-4733546985d2f399d3f1dfe5cf6c659b.o /Users/chrissotraidis/GitHub/caesarpad/engines/augustus/src/window/advisor/population.c normal arm64 c com.apple.compilers.llvm.clang.1_0.compiler (in target 'augustus' from project 'augustus')
    cd /Users/chrissotraidis/GitHub/caesarpad/engines/augustus

    Using response file: /Users/chrissotraidis/GitHub/caesarpad/build/ios/build/augustus.build/Release-iphonesimulator/Objects-normal/arm64/7187679823f38a2a940e0043cdf9d637-common-args.resp

    /Applications/Xcode.app/Contents/Developer/Toolchains/XcodeDefault.xctoolchain/usr/bin/clang -x c -ivfsstatcache /Users/chrissotraidis/GitHub/caesarpad/build/ios/DerivedData/SDKStatCaches.noindex/iphonesimulator26.5-23F81a-6cfe768891a92b912361537c460fe42b.sdkstatcache -target arm64-apple-ios14.0-simulator -fmessage-length\=0 -fdiagnostics-show-note-include-stack -fmacro-backtrace-limit\=0 -fno-color-diagnostics -Wno-trigraphs -Wno-missing-field-initializers -Wno-missing-prototypes -Wno-return-type -Wno-missing-braces -Wparentheses -Wswitch -Wno-unused-function -Wno-unused-label -Wno-unused-parameter -Wno-unused-variable -Wunused-value -Wno-empty-body -Wno-uninitialized -Wno-unknown-pragmas -Wno-shadow -Wno-four-char-constants -Wno-conversion -Wno-constant-conversion -Wno-int-conversion -Wno-bool-conversion -Wno-enum-conversion -Wno-float-conversion -Wno-non-literal-null-conversion -Wno-objc-literal-conversion -Wshorten-64-to-32 -Wpointer-sign -Wno-newline-eof -Wno-implicit-fallthrough -isysroot /Applications/Xcode.app/Contents/Developer/Platforms/iPhoneSimulator.platform/Developer/SDKs/iPhoneSimulator26.5.sdk -fstrict-aliasing -Wdeprecated-declarations -Wno-sign-conversion -Wno-infinite-recursion -Wno-comma -Wno-block-capture-autoreleasing -Wno-strict-prototypes -Wno-semicolon-before-method-body @/Users/chrissotraidis/GitHub/caesarpad/build/ios/build/augustus.build/Release-iphonesimulator/Objects-normal/arm64/7187679823f38a2a940e0043cdf9d637-common-args.resp -MMD -MT dependencies -MF /Users/chrissotraidis/GitHub/caesarpad/build/ios/build/augustus.build/Release-iphonesimulator/Objects-normal/arm64/population-4733546985d2f399d3f1dfe5cf6c659b.d --serialize-diagnostics /Users/chrissotraidis/GitHub/caesarpad/build/ios/build/augustus.build/Release-iphonesimulator/Objects-normal/arm64/population-4733546985d2f399d3f1dfe5cf6c659b.dia -c /Users/chrissotraidis/GitHub/caesarpad/engines/augustus/src/window/advisor/population.c -o /Users/chrissotraidis/GitHub/caesarpad/build/ios/build/augustus.build/Release-iphonesimulator/Objects-normal/arm64/population-4733546985d2f399d3f1dfe5cf6c659b.o

CompileC /Users/chrissotraidis/GitHub/caesarpad/build/ios/build/augustus.build/Release-iphonesimulator/Objects-normal/arm64/plain_message_dialog.o /Users/chrissotraidis/GitHub/caesarpad/engines/augustus/src/window/plain_message_dialog.c normal arm64 c com.apple.compilers.llvm.clang.1_0.compiler (in target 'augustus' from project 'augustus')
    cd /Users/chrissotraidis/GitHub/caesarpad/engines/augustus

    Using response file: /Users/chrissotraidis/GitHub/caesarpad/build/ios/build/augustus.build/Release-iphonesimulator/Objects-normal/arm64/7187679823f38a2a940e0043cdf9d637-common-args.resp

    /Applications/Xcode.app/Contents/Developer/Toolchains/XcodeDefault.xctoolchain/usr/bin/clang -x c -ivfsstatcache /Users/chrissotraidis/GitHub/caesarpad/build/ios/DerivedData/SDKStatCaches.noindex/iphonesimulator26.5-23F81a-6cfe768891a92b912361537c460fe42b.sdkstatcache -target arm64-apple-ios14.0-simulator -fmessage-length\=0 -fdiagnostics-show-note-include-stack -fmacro-backtrace-limit\=0 -fno-color-diagnostics -Wno-trigraphs -Wno-missing-field-initializers -Wno-missing-prototypes -Wno-return-type -Wno-missing-braces -Wparentheses -Wswitch -Wno-unused-function -Wno-unused-label -Wno-unused-parameter -Wno-unused-variable -Wunused-value -Wno-empty-body -Wno-uninitialized -Wno-unknown-pragmas -Wno-shadow -Wno-four-char-constants -Wno-conversion -Wno-constant-conversion -Wno-int-conversion -Wno-bool-conversion -Wno-enum-conversion -Wno-float-conversion -Wno-non-literal-null-conversion -Wno-objc-literal-conversion -Wshorten-64-to-32 -Wpointer-sign -Wno-newline-eof -Wno-implicit-fallthrough -isysroot /Applications/Xcode.app/Contents/Developer/Platforms/iPhoneSimulator.platform/Developer/SDKs/iPhoneSimulator26.5.sdk -fstrict-aliasing -Wdeprecated-declarations -Wno-sign-conversion -Wno-infinite-recursion -Wno-comma -Wno-block-capture-autoreleasing -Wno-strict-prototypes -Wno-semicolon-before-method-body @/Users/chrissotraidis/GitHub/caesarpad/build/ios/build/augustus.build/Release-iphonesimulator/Objects-normal/arm64/7187679823f38a2a940e0043cdf9d637-common-args.resp -MMD -MT dependencies -MF /Users/chrissotraidis/GitHub/caesarpad/build/ios/build/augustus.build/Release-iphonesimulator/Objects-normal/arm64/plain_message_dialog.d --serialize-diagnostics /Users/chrissotraidis/GitHub/caesarpad/build/ios/build/augustus.build/Release-iphonesimulator/Objects-normal/arm64/plain_message_dialog.dia -c /Users/chrissotraidis/GitHub/caesarpad/engines/augustus/src/window/plain_message_dialog.c -o /Users/chrissotraidis/GitHub/caesarpad/build/ios/build/augustus.build/Release-iphonesimulator/Objects-normal/arm64/plain_message_dialog.o

CompileC /Users/chrissotraidis/GitHub/caesarpad/build/ios/build/augustus.build/Release-iphonesimulator/Objects-normal/arm64/pause_menu-bf53521613ac1d234566992dce70e180.o /Users/chrissotraidis/GitHub/caesarpad/engines/augustus/src/window/editor/pause_menu.c normal arm64 c com.apple.compilers.llvm.clang.1_0.compiler (in target 'augustus' from project 'augustus')
    cd /Users/chrissotraidis/GitHub/caesarpad/engines/augustus

    Using response file: /Users/chrissotraidis/GitHub/caesarpad/build/ios/build/augustus.build/Release-iphonesimulator/Objects-normal/arm64/7187679823f38a2a940e0043cdf9d637-common-args.resp

    /Applications/Xcode.app/Contents/Developer/Toolchains/XcodeDefault.xctoolchain/usr/bin/clang -x c -ivfsstatcache /Users/chrissotraidis/GitHub/caesarpad/build/ios/DerivedData/SDKStatCaches.noindex/iphonesimulator26.5-23F81a-6cfe768891a92b912361537c460fe42b.sdkstatcache -target arm64-apple-ios14.0-simulator -fmessage-length\=0 -fdiagnostics-show-note-include-stack -fmacro-backtrace-limit\=0 -fno-color-diagnostics -Wno-trigraphs -Wno-missing-field-initializers -Wno-missing-prototypes -Wno-return-type -Wno-missing-braces -Wparentheses -Wswitch -Wno-unused-function -Wno-unused-label -Wno-unused-parameter -Wno-unused-variable -Wunused-value -Wno-empty-body -Wno-uninitialized -Wno-unknown-pragmas -Wno-shadow -Wno-four-char-constants -Wno-conversion -Wno-constant-conversion -Wno-int-conversion -Wno-bool-conversion -Wno-enum-conversion -Wno-float-conversion -Wno-non-literal-null-conversion -Wno-objc-literal-conversion -Wshorten-64-to-32 -Wpointer-sign -Wno-newline-eof -Wno-implicit-fallthrough -isysroot /Applications/Xcode.app/Contents/Developer/Platforms/iPhoneSimulator.platform/Developer/SDKs/iPhoneSimulator26.5.sdk -fstrict-aliasing -Wdeprecated-declarations -Wno-sign-conversion -Wno-infinite-recursion -Wno-comma -Wno-block-capture-autoreleasing -Wno-strict-prototypes -Wno-semicolon-before-method-body @/Users/chrissotraidis/GitHub/caesarpad/build/ios/build/augustus.build/Release-iphonesimulator/Objects-normal/arm64/7187679823f38a2a940e0043cdf9d637-common-args.resp -MMD -MT dependencies -MF /Users/chrissotraidis/GitHub/caesarpad/build/ios/build/augustus.build/Release-iphonesimulator/Objects-normal/arm64/pause_menu-bf53521613ac1d234566992dce70e180.d --serialize-diagnostics /Users/chrissotraidis/GitHub/caesarpad/build/ios/build/augustus.build/Release-iphonesimulator/Objects-normal/arm64/pause_menu-bf53521613ac1d234566992dce70e180.dia -c /Users/chrissotraidis/GitHub/caesarpad/engines/augustus/src/window/editor/pause_menu.c -o /Users/chrissotraidis/GitHub/caesarpad/build/ios/build/augustus.build/Release-iphonesimulator/Objects-normal/arm64/pause_menu-bf53521613ac1d234566992dce70e180.o

CompileC /Users/chrissotraidis/GitHub/caesarpad/build/ios/build/augustus.build/Release-iphonesimulator/Objects-normal/arm64/pause_menu-237d31e50df0febb751cf0ca232a8196.o /Users/chrissotraidis/GitHub/caesarpad/engines/augustus/src/window/pause_menu.c normal arm64 c com.apple.compilers.llvm.clang.1_0.compiler (in target 'augustus' from project 'augustus')
    cd /Users/chrissotraidis/GitHub/caesarpad/engines/augustus

    Using response file: /Users/chrissotraidis/GitHub/caesarpad/build/ios/build/augustus.build/Release-iphonesimulator/Objects-normal/arm64/7187679823f38a2a940e0043cdf9d637-common-args.resp

    /Applications/Xcode.app/Contents/Developer/Toolchains/XcodeDefault.xctoolchain/usr/bin/clang -x c -ivfsstatcache /Users/chrissotraidis/GitHub/caesarpad/build/ios/DerivedData/SDKStatCaches.noindex/iphonesimulator26.5-23F81a-6cfe768891a92b912361537c460fe42b.sdkstatcache -target arm64-apple-ios14.0-simulator -fmessage-length\=0 -fdiagnostics-show-note-include-stack -fmacro-backtrace-limit\=0 -fno-color-diagnostics -Wno-trigraphs -Wno-missing-field-initializers -Wno-missing-prototypes -Wno-return-type -Wno-missing-braces -Wparentheses -Wswitch -Wno-unused-function -Wno-unused-label -Wno-unused-parameter -Wno-unused-variable -Wunused-value -Wno-empty-body -Wno-uninitialized -Wno-unknown-pragmas -Wno-shadow -Wno-four-char-constants -Wno-conversion -Wno-constant-conversion -Wno-int-conversion -Wno-bool-conversion -Wno-enum-conversion -Wno-float-conversion -Wno-non-literal-null-conversion -Wno-objc-literal-conversion -Wshorten-64-to-32 -Wpointer-sign -Wno-newline-eof -Wno-implicit-fallthrough -isysroot /Applications/Xcode.app/Contents/Developer/Platforms/iPhoneSimulator.platform/Developer/SDKs/iPhoneSimulator26.5.sdk -fstrict-aliasing -Wdeprecated-declarations -Wno-sign-conversion -Wno-infinite-recursion -Wno-comma -Wno-block-capture-autoreleasing -Wno-strict-prototypes -Wno-semicolon-before-method-body @/Users/chrissotraidis/GitHub/caesarpad/build/ios/build/augustus.build/Release-iphonesimulator/Objects-normal/arm64/7187679823f38a2a940e0043cdf9d637-common-args.resp -MMD -MT dependencies -MF /Users/chrissotraidis/GitHub/caesarpad/build/ios/build/augustus.build/Release-iphonesimulator/Objects-normal/arm64/pause_menu-237d31e50df0febb751cf0ca232a8196.d --serialize-diagnostics /Users/chrissotraidis/GitHub/caesarpad/build/ios/build/augustus.build/Release-iphonesimulator/Objects-normal/arm64/pause_menu-237d31e50df0febb751cf0ca232a8196.dia -c /Users/chrissotraidis/GitHub/caesarpad/engines/augustus/src/window/pause_menu.c -o /Users/chrissotraidis/GitHub/caesarpad/build/ios/build/augustus.build/Release-iphonesimulator/Objects-normal/arm64/pause_menu-237d31e50df0febb751cf0ca232a8196.o

CompileC /Users/chrissotraidis/GitHub/caesarpad/build/ios/build/augustus.build/Release-iphonesimulator/Objects-normal/arm64/parameter_city.o /Users/chrissotraidis/GitHub/caesarpad/engines/augustus/src/scenario/event/parameter_city.c normal arm64 c com.apple.compilers.llvm.clang.1_0.compiler (in target 'augustus' from project 'augustus')
    cd /Users/chrissotraidis/GitHub/caesarpad/engines/augustus

    Using response file: /Users/chrissotraidis/GitHub/caesarpad/build/ios/build/augustus.build/Release-iphonesimulator/Objects-normal/arm64/7187679823f38a2a940e0043cdf9d637-common-args.resp

    /Applications/Xcode.app/Contents/Developer/Toolchains/XcodeDefault.xctoolchain/usr/bin/clang -x c -ivfsstatcache /Users/chrissotraidis/GitHub/caesarpad/build/ios/DerivedData/SDKStatCaches.noindex/iphonesimulator26.5-23F81a-6cfe768891a92b912361537c460fe42b.sdkstatcache -target arm64-apple-ios14.0-simulator -fmessage-length\=0 -fdiagnostics-show-note-include-stack -fmacro-backtrace-limit\=0 -fno-color-diagnostics -Wno-trigraphs -Wno-missing-field-initializers -Wno-missing-prototypes -Wno-return-type -Wno-missing-braces -Wparentheses -Wswitch -Wno-unused-function -Wno-unused-label -Wno-unused-parameter -Wno-unused-variable -Wunused-value -Wno-empty-body -Wno-uninitialized -Wno-unknown-pragmas -Wno-shadow -Wno-four-char-constants -Wno-conversion -Wno-constant-conversion -Wno-int-conversion -Wno-bool-conversion -Wno-enum-conversion -Wno-float-conversion -Wno-non-literal-null-conversion -Wno-objc-literal-conversion -Wshorten-64-to-32 -Wpointer-sign -Wno-newline-eof -Wno-implicit-fallthrough -isysroot /Applications/Xcode.app/Contents/Developer/Platforms/iPhoneSimulator.platform/Developer/SDKs/iPhoneSimulator26.5.sdk -fstrict-aliasing -Wdeprecated-declarations -Wno-sign-conversion -Wno-infinite-recursion -Wno-comma -Wno-block-capture-autoreleasing -Wno-strict-prototypes -Wno-semicolon-before-method-body @/Users/chrissotraidis/GitHub/caesarpad/build/ios/build/augustus.build/Release-iphonesimulator/Objects-normal/arm64/7187679823f38a2a940e0043cdf9d637-common-args.resp -MMD -MT dependencies -MF /Users/chrissotraidis/GitHub/caesarpad/build/ios/build/augustus.build/Release-iphonesimulator/Objects-normal/arm64/parameter_city.d --serialize-diagnostics /Users/chrissotraidis/GitHub/caesarpad/build/ios/build/augustus.build/Release-iphonesimulator/Objects-normal/arm64/parameter_city.dia -c /Users/chrissotraidis/GitHub/caesarpad/engines/augustus/src/scenario/event/parameter_city.c -o /Users/chrissotraidis/GitHub/caesarpad/build/ios/build/augustus.build/Release-iphonesimulator/Objects-normal/arm64/parameter_city.o

CompileC /Users/chrissotraidis/GitHub/caesarpad/build/ios/build/augustus.build/Release-iphonesimulator/Objects-normal/arm64/overlay_menu.o /Users/chrissotraidis/GitHub/caesarpad/engines/augustus/src/window/overlay_menu.c normal arm64 c com.apple.compilers.llvm.clang.1_0.compiler (in target 'augustus' from project 'augustus')
    cd /Users/chrissotraidis/GitHub/caesarpad/engines/augustus

    Using response file: /Users/chrissotraidis/GitHub/caesarpad/build/ios/build/augustus.build/Release-iphonesimulator/Objects-normal/arm64/7187679823f38a2a940e0043cdf9d637-common-args.resp

    /Applications/Xcode.app/Contents/Developer/Toolchains/XcodeDefault.xctoolchain/usr/bin/clang -x c -ivfsstatcache /Users/chrissotraidis/GitHub/caesarpad/build/ios/DerivedData/SDKStatCaches.noindex/iphonesimulator26.5-23F81a-6cfe768891a92b912361537c460fe42b.sdkstatcache -target arm64-apple-ios14.0-simulator -fmessage-length\=0 -fdiagnostics-show-note-include-stack -fmacro-backtrace-limit\=0 -fno-color-diagnostics -Wno-trigraphs -Wno-missing-field-initializers -Wno-missing-prototypes -Wno-return-type -Wno-missing-braces -Wparentheses -Wswitch -Wno-unused-function -Wno-unused-label -Wno-unused-parameter -Wno-unused-variable -Wunused-value -Wno-empty-body -Wno-uninitialized -Wno-unknown-pragmas -Wno-shadow -Wno-four-char-constants -Wno-conversion -Wno-constant-conversion -Wno-int-conversion -Wno-bool-conversion -Wno-enum-conversion -Wno-float-conversion -Wno-non-literal-null-conversion -Wno-objc-literal-conversion -Wshorten-64-to-32 -Wpointer-sign -Wno-newline-eof -Wno-implicit-fallthrough -isysroot /Applications/Xcode.app/Contents/Developer/Platforms/iPhoneSimulator.platform/Developer/SDKs/iPhoneSimulator26.5.sdk -fstrict-aliasing -Wdeprecated-declarations -Wno-sign-conversion -Wno-infinite-recursion -Wno-comma -Wno-block-capture-autoreleasing -Wno-strict-prototypes -Wno-semicolon-before-method-body @/Users/chrissotraidis/GitHub/caesarpad/build/ios/build/augustus.build/Release-iphonesimulator/Objects-normal/arm64/7187679823f38a2a940e0043cdf9d637-common-args.resp -MMD -MT dependencies -MF /Users/chrissotraidis/GitHub/caesarpad/build/ios/build/augustus.build/Release-iphonesimulator/Objects-normal/arm64/overlay_menu.d --serialize-diagnostics /Users/chrissotraidis/GitHub/caesarpad/build/ios/build/augustus.build/Release-iphonesimulator/Objects-normal/arm64/overlay_menu.dia -c /Users/chrissotraidis/GitHub/caesarpad/engines/augustus/src/window/overlay_menu.c -o /Users/chrissotraidis/GitHub/caesarpad/build/ios/build/augustus.build/Release-iphonesimulator/Objects-normal/arm64/overlay_menu.o

CompileC /Users/chrissotraidis/GitHub/caesarpad/build/ios/build/augustus.build/Release-iphonesimulator/Objects-normal/arm64/overlay.o /Users/chrissotraidis/GitHub/caesarpad/engines/augustus/src/widget/city/overlay/overlay.c normal arm64 c com.apple.compilers.llvm.clang.1_0.compiler (in target 'augustus' from project 'augustus')
    cd /Users/chrissotraidis/GitHub/caesarpad/engines/augustus

    Using response file: /Users/chrissotraidis/GitHub/caesarpad/build/ios/build/augustus.build/Release-iphonesimulator/Objects-normal/arm64/7187679823f38a2a940e0043cdf9d637-common-args.resp

    /Applications/Xcode.app/Contents/Developer/Toolchains/XcodeDefault.xctoolchain/usr/bin/clang -x c -ivfsstatcache /Users/chrissotraidis/GitHub/caesarpad/build/ios/DerivedData/SDKStatCaches.noindex/iphonesimulator26.5-23F81a-6cfe768891a92b912361537c460fe42b.sdkstatcache -target arm64-apple-ios14.0-simulator -fmessage-length\=0 -fdiagnostics-show-note-include-stack -fmacro-backtrace-limit\=0 -fno-color-diagnostics -Wno-trigraphs -Wno-missing-field-initializers -Wno-missing-prototypes -Wno-return-type -Wno-missing-braces -Wparentheses -Wswitch -Wno-unused-function -Wno-unused-label -Wno-unused-parameter -Wno-unused-variable -Wunused-value -Wno-empty-body -Wno-uninitialized -Wno-unknown-pragmas -Wno-shadow -Wno-four-char-constants -Wno-conversion -Wno-constant-conversion -Wno-int-conversion -Wno-bool-conversion -Wno-enum-conversion -Wno-float-conversion -Wno-non-literal-null-conversion -Wno-objc-literal-conversion -Wshorten-64-to-32 -Wpointer-sign -Wno-newline-eof -Wno-implicit-fallthrough -isysroot /Applications/Xcode.app/Contents/Developer/Platforms/iPhoneSimulator.platform/Developer/SDKs/iPhoneSimulator26.5.sdk -fstrict-aliasing -Wdeprecated-declarations -Wno-sign-conversion -Wno-infinite-recursion -Wno-comma -Wno-block-capture-autoreleasing -Wno-strict-prototypes -Wno-semicolon-before-method-body @/Users/chrissotraidis/GitHub/caesarpad/build/ios/build/augustus.build/Release-iphonesimulator/Objects-normal/arm64/7187679823f38a2a940e0043cdf9d637-common-args.resp -MMD -MT dependencies -MF /Users/chrissotraidis/GitHub/caesarpad/build/ios/build/augustus.build/Release-iphonesimulator/Objects-normal/arm64/overlay.d --serialize-diagnostics /Users/chrissotraidis/GitHub/caesarpad/build/ios/build/augustus.build/Release-iphonesimulator/Objects-normal/arm64/overlay.dia -c /Users/chrissotraidis/GitHub/caesarpad/engines/augustus/src/widget/city/overlay/overlay.c -o /Users/chrissotraidis/GitHub/caesarpad/build/ios/build/augustus.build/Release-iphonesimulator/Objects-normal/arm64/overlay.o

CompileC /Users/chrissotraidis/GitHub/caesarpad/build/ios/build/augustus.build/Release-iphonesimulator/Objects-normal/arm64/other.o /Users/chrissotraidis/GitHub/caesarpad/engines/augustus/src/widget/city/overlay/other.c normal arm64 c com.apple.compilers.llvm.clang.1_0.compiler (in target 'augustus' from project 'augustus')
    cd /Users/chrissotraidis/GitHub/caesarpad/engines/augustus

    Using response file: /Users/chrissotraidis/GitHub/caesarpad/build/ios/build/augustus.build/Release-iphonesimulator/Objects-normal/arm64/7187679823f38a2a940e0043cdf9d637-common-args.resp

    /Applications/Xcode.app/Contents/Developer/Toolchains/XcodeDefault.xctoolchain/usr/bin/clang -x c -ivfsstatcache /Users/chrissotraidis/GitHub/caesarpad/build/ios/DerivedData/SDKStatCaches.noindex/iphonesimulator26.5-23F81a-6cfe768891a92b912361537c460fe42b.sdkstatcache -target arm64-apple-ios14.0-simulator -fmessage-length\=0 -fdiagnostics-show-note-include-stack -fmacro-backtrace-limit\=0 -fno-color-diagnostics -Wno-trigraphs -Wno-missing-field-initializers -Wno-missing-prototypes -Wno-return-type -Wno-missing-braces -Wparentheses -Wswitch -Wno-unused-function -Wno-unused-label -Wno-unused-parameter -Wno-unused-variable -Wunused-value -Wno-empty-body -Wno-uninitialized -Wno-unknown-pragmas -Wno-shadow -Wno-four-char-constants -Wno-conversion -Wno-constant-conversion -Wno-int-conversion -Wno-bool-conversion -Wno-enum-conversion -Wno-float-conversion -Wno-non-literal-null-conversion -Wno-objc-literal-conversion -Wshorten-64-to-32 -Wpointer-sign -Wno-newline-eof -Wno-implicit-fallthrough -isysroot /Applications/Xcode.app/Contents/Developer/Platforms/iPhoneSimulator.platform/Developer/SDKs/iPhoneSimulator26.5.sdk -fstrict-aliasing -Wdeprecated-declarations -Wno-sign-conversion -Wno-infinite-recursion -Wno-comma -Wno-block-capture-autoreleasing -Wno-strict-prototypes -Wno-semicolon-before-method-body @/Users/chrissotraidis/GitHub/caesarpad/build/ios/build/augustus.build/Release-iphonesimulator/Objects-normal/arm64/7187679823f38a2a940e0043cdf9d637-common-args.resp -MMD -MT dependencies -MF /Users/chrissotraidis/GitHub/caesarpad/build/ios/build/augustus.build/Release-iphonesimulator/Objects-normal/arm64/other.d --serialize-diagnostics /Users/chrissotraidis/GitHub/caesarpad/build/ios/build/augustus.build/Release-iphonesimulator/Objects-normal/arm64/other.dia -c /Users/chrissotraidis/GitHub/caesarpad/engines/augustus/src/widget/city/overlay/other.c -o /Users/chrissotraidis/GitHub/caesarpad/build/ios/build/augustus.build/Release-iphonesimulator/Objects-normal/arm64/other.o

CompileC /Users/chrissotraidis/GitHub/caesarpad/build/ios/build/augustus.build/Release-iphonesimulator/Objects-normal/arm64/orientation-f02cd3ad335ece73a29af370799950e5.o /Users/chrissotraidis/GitHub/caesarpad/engines/augustus/src/game/orientation.c normal arm64 c com.apple.compilers.llvm.clang.1_0.compiler (in target 'augustus' from project 'augustus')
    cd /Users/chrissotraidis/GitHub/caesarpad/engines/augustus

    Using response file: /Users/chrissotraidis/GitHub/caesarpad/build/ios/build/augustus.build/Release-iphonesimulator/Objects-normal/arm64/7187679823f38a2a940e0043cdf9d637-common-args.resp

    /Applications/Xcode.app/Contents/Developer/Toolchains/XcodeDefault.xctoolchain/usr/bin/clang -x c -ivfsstatcache /Users/chrissotraidis/GitHub/caesarpad/build/ios/DerivedData/SDKStatCaches.noindex/iphonesimulator26.5-23F81a-6cfe768891a92b912361537c460fe42b.sdkstatcache -target arm64-apple-ios14.0-simulator -fmessage-length\=0 -fdiagnostics-show-note-include-stack -fmacro-backtrace-limit\=0 -fno-color-diagnostics -Wno-trigraphs -Wno-missing-field-initializers -Wno-missing-prototypes -Wno-return-type -Wno-missing-braces -Wparentheses -Wswitch -Wno-unused-function -Wno-unused-label -Wno-unused-parameter -Wno-unused-variable -Wunused-value -Wno-empty-body -Wno-uninitialized -Wno-unknown-pragmas -Wno-shadow -Wno-four-char-constants -Wno-conversion -Wno-constant-conversion -Wno-int-conversion -Wno-bool-conversion -Wno-enum-conversion -Wno-float-conversion -Wno-non-literal-null-conversion -Wno-objc-literal-conversion -Wshorten-64-to-32 -Wpointer-sign -Wno-newline-eof -Wno-implicit-fallthrough -isysroot /Applications/Xcode.app/Contents/Developer/Platforms/iPhoneSimulator.platform/Developer/SDKs/iPhoneSimulator26.5.sdk -fstrict-aliasing -Wdeprecated-declarations -Wno-sign-conversion -Wno-infinite-recursion -Wno-comma -Wno-block-capture-autoreleasing -Wno-strict-prototypes -Wno-semicolon-before-method-body @/Users/chrissotraidis/GitHub/caesarpad/build/ios/build/augustus.build/Release-iphonesimulator/Objects-normal/arm64/7187679823f38a2a940e0043cdf9d637-common-args.resp -MMD -MT dependencies -MF /Users/chrissotraidis/GitHub/caesarpad/build/ios/build/augustus.build/Release-iphonesimulator/Objects-normal/arm64/orientation-f02cd3ad335ece73a29af370799950e5.d --serialize-diagnostics /Users/chrissotraidis/GitHub/caesarpad/build/ios/build/augustus.build/Release-iphonesimulator/Objects-normal/arm64/orientation-f02cd3ad335ece73a29af370799950e5.dia -c /Users/chrissotraidis/GitHub/caesarpad/engines/augustus/src/game/orientation.c -o /Users/chrissotraidis/GitHub/caesarpad/build/ios/build/augustus.build/Release-iphonesimulator/Objects-normal/arm64/orientation-f02cd3ad335ece73a29af370799950e5.o

CompileC /Users/chrissotraidis/GitHub/caesarpad/build/ios/build/augustus.build/Release-iphonesimulator/Objects-normal/arm64/option_popup.o /Users/chrissotraidis/GitHub/caesarpad/engines/augustus/src/window/option_popup.c normal arm64 c com.apple.compilers.llvm.clang.1_0.compiler (in target 'augustus' from project 'augustus')
    cd /Users/chrissotraidis/GitHub/caesarpad/engines/augustus

    Using response file: /Users/chrissotraidis/GitHub/caesarpad/build/ios/build/augustus.build/Release-iphonesimulator/Objects-normal/arm64/7187679823f38a2a940e0043cdf9d637-common-args.resp

    /Applications/Xcode.app/Contents/Developer/Toolchains/XcodeDefault.xctoolchain/usr/bin/clang -x c -ivfsstatcache /Users/chrissotraidis/GitHub/caesarpad/build/ios/DerivedData/SDKStatCaches.noindex/iphonesimulator26.5-23F81a-6cfe768891a92b912361537c460fe42b.sdkstatcache -target arm64-apple-ios14.0-simulator -fmessage-length\=0 -fdiagnostics-show-note-include-stack -fmacro-backtrace-limit\=0 -fno-color-diagnostics -Wno-trigraphs -Wno-missing-field-initializers -Wno-missing-prototypes -Wno-return-type -Wno-missing-braces -Wparentheses -Wswitch -Wno-unused-function -Wno-unused-label -Wno-unused-parameter -Wno-unused-variable -Wunused-value -Wno-empty-body -Wno-uninitialized -Wno-unknown-pragmas -Wno-shadow -Wno-four-char-constants -Wno-conversion -Wno-constant-conversion -Wno-int-conversion -Wno-bool-conversion -Wno-enum-conversion -Wno-float-conversion -Wno-non-literal-null-conversion -Wno-objc-literal-conversion -Wshorten-64-to-32 -Wpointer-sign -Wno-newline-eof -Wno-implicit-fallthrough -isysroot /Applications/Xcode.app/Contents/Developer/Platforms/iPhoneSimulator.platform/Developer/SDKs/iPhoneSimulator26.5.sdk -fstrict-aliasing -Wdeprecated-declarations -Wno-sign-conversion -Wno-infinite-recursion -Wno-comma -Wno-block-capture-autoreleasing -Wno-strict-prototypes -Wno-semicolon-before-method-body @/Users/chrissotraidis/GitHub/caesarpad/build/ios/build/augustus.build/Release-iphonesimulator/Objects-normal/arm64/7187679823f38a2a940e0043cdf9d637-common-args.resp -MMD -MT dependencies -MF /Users/chrissotraidis/GitHub/caesarpad/build/ios/build/augustus.build/Release-iphonesimulator/Objects-normal/arm64/option_popup.d --serialize-diagnostics /Users/chrissotraidis/GitHub/caesarpad/build/ios/build/augustus.build/Release-iphonesimulator/Objects-normal/arm64/option_popup.dia -c /Users/chrissotraidis/GitHub/caesarpad/engines/augustus/src/window/option_popup.c -o /Users/chrissotraidis/GitHub/caesarpad/build/ios/build/augustus.build/Release-iphonesimulator/Objects-normal/arm64/option_popup.o

CompileC /Users/chrissotraidis/GitHub/caesarpad/build/ios/build/augustus.build/Release-iphonesimulator/Objects-normal/arm64/numeric_input.o /Users/chrissotraidis/GitHub/caesarpad/engines/augustus/src/window/numeric_input.c normal arm64 c com.apple.compilers.llvm.clang.1_0.compiler (in target 'augustus' from project 'augustus')
    cd /Users/chrissotraidis/GitHub/caesarpad/engines/augustus

    Using response file: /Users/chrissotraidis/GitHub/caesarpad/build/ios/build/augustus.build/Release-iphonesimulator/Objects-normal/arm64/7187679823f38a2a940e0043cdf9d637-common-args.resp

    /Applications/Xcode.app/Contents/Developer/Toolchains/XcodeDefault.xctoolchain/usr/bin/clang -x c -ivfsstatcache /Users/chrissotraidis/GitHub/caesarpad/build/ios/DerivedData/SDKStatCaches.noindex/iphonesimulator26.5-23F81a-6cfe768891a92b912361537c460fe42b.sdkstatcache -target arm64-apple-ios14.0-simulator -fmessage-length\=0 -fdiagnostics-show-note-include-stack -fmacro-backtrace-limit\=0 -fno-color-diagnostics -Wno-trigraphs -Wno-missing-field-initializers -Wno-missing-prototypes -Wno-return-type -Wno-missing-braces -Wparentheses -Wswitch -Wno-unused-function -Wno-unused-label -Wno-unused-parameter -Wno-unused-variable -Wunused-value -Wno-empty-body -Wno-uninitialized -Wno-unknown-pragmas -Wno-shadow -Wno-four-char-constants -Wno-conversion -Wno-constant-conversion -Wno-int-conversion -Wno-bool-conversion -Wno-enum-conversion -Wno-float-conversion -Wno-non-literal-null-conversion -Wno-objc-literal-conversion -Wshorten-64-to-32 -Wpointer-sign -Wno-newline-eof -Wno-implicit-fallthrough -isysroot /Applications/Xcode.app/Contents/Developer/Platforms/iPhoneSimulator.platform/Developer/SDKs/iPhoneSimulator26.5.sdk -fstrict-aliasing -Wdeprecated-declarations -Wno-sign-conversion -Wno-infinite-recursion -Wno-comma -Wno-block-capture-autoreleasing -Wno-strict-prototypes -Wno-semicolon-before-method-body @/Users/chrissotraidis/GitHub/caesarpad/build/ios/build/augustus.build/Release-iphonesimulator/Objects-normal/arm64/7187679823f38a2a940e0043cdf9d637-common-args.resp -MMD -MT dependencies -MF /Users/chrissotraidis/GitHub/caesarpad/build/ios/build/augustus.build/Release-iphonesimulator/Objects-normal/arm64/numeric_input.d --serialize-diagnostics /Users/chrissotraidis/GitHub/caesarpad/build/ios/build/augustus.build/Release-iphonesimulator/Objects-normal/arm64/numeric_input.dia -c /Users/chrissotraidis/GitHub/caesarpad/engines/augustus/src/window/numeric_input.c -o /Users/chrissotraidis/GitHub/caesarpad/build/ios/build/augustus.build/Release-iphonesimulator/Objects-normal/arm64/numeric_input.o

CompileC /Users/chrissotraidis/GitHub/caesarpad/build/ios/build/augustus.build/Release-iphonesimulator/Objects-normal/arm64/mouse-5497cd23cf75f0a99fe3459b63f0e8ec.o /Users/chrissotraidis/GitHub/caesarpad/engines/augustus/src/input/mouse.c normal arm64 c com.apple.compilers.llvm.clang.1_0.compiler (in target 'augustus' from project 'augustus')
    cd /Users/chrissotraidis/GitHub/caesarpad/engines/augustus

    Using response file: /Users/chrissotraidis/GitHub/caesarpad/build/ios/build/augustus.build/Release-iphonesimulator/Objects-normal/arm64/7187679823f38a2a940e0043cdf9d637-common-args.resp

    /Applications/Xcode.app/Contents/Developer/Toolchains/XcodeDefault.xctoolchain/usr/bin/clang -x c -ivfsstatcache /Users/chrissotraidis/GitHub/caesarpad/build/ios/DerivedData/SDKStatCaches.noindex/iphonesimulator26.5-23F81a-6cfe768891a92b912361537c460fe42b.sdkstatcache -target arm64-apple-ios14.0-simulator -fmessage-length\=0 -fdiagnostics-show-note-include-stack -fmacro-backtrace-limit\=0 -fno-color-diagnostics -Wno-trigraphs -Wno-missing-field-initializers -Wno-missing-prototypes -Wno-return-type -Wno-missing-braces -Wparentheses -Wswitch -Wno-unused-function -Wno-unused-label -Wno-unused-parameter -Wno-unused-variable -Wunused-value -Wno-empty-body -Wno-uninitialized -Wno-unknown-pragmas -Wno-shadow -Wno-four-char-constants -Wno-conversion -Wno-constant-conversion -Wno-int-conversion -Wno-bool-conversion -Wno-enum-conversion -Wno-float-conversion -Wno-non-literal-null-conversion -Wno-objc-literal-conversion -Wshorten-64-to-32 -Wpointer-sign -Wno-newline-eof -Wno-implicit-fallthrough -isysroot /Applications/Xcode.app/Contents/Developer/Platforms/iPhoneSimulator.platform/Developer/SDKs/iPhoneSimulator26.5.sdk -fstrict-aliasing -Wdeprecated-declarations -Wno-sign-conversion -Wno-infinite-recursion -Wno-comma -Wno-block-capture-autoreleasing -Wno-strict-prototypes -Wno-semicolon-before-method-body @/Users/chrissotraidis/GitHub/caesarpad/build/ios/build/augustus.build/Release-iphonesimulator/Objects-normal/arm64/7187679823f38a2a940e0043cdf9d637-common-args.resp -MMD -MT dependencies -MF /Users/chrissotraidis/GitHub/caesarpad/build/ios/build/augustus.build/Release-iphonesimulator/Objects-normal/arm64/mouse-5497cd23cf75f0a99fe3459b63f0e8ec.d --serialize-diagnostics /Users/chrissotraidis/GitHub/caesarpad/build/ios/build/augustus.build/Release-iphonesimulator/Objects-normal/arm64/mouse-5497cd23cf75f0a99fe3459b63f0e8ec.dia -c /Users/chrissotraidis/GitHub/caesarpad/engines/augustus/src/input/mouse.c -o /Users/chrissotraidis/GitHub/caesarpad/build/ios/build/augustus.build/Release-iphonesimulator/Objects-normal/arm64/mouse-5497cd23cf75f0a99fe3459b63f0e8ec.o

CompileC /Users/chrissotraidis/GitHub/caesarpad/build/ios/build/augustus.build/Release-iphonesimulator/Objects-normal/arm64/mouse-03971a93efd4f5940769ac6c7cce3d58.o /Users/chrissotraidis/GitHub/caesarpad/engines/augustus/src/platform/SDL2/mouse.c normal arm64 c com.apple.compilers.llvm.clang.1_0.compiler (in target 'augustus' from project 'augustus')
    cd /Users/chrissotraidis/GitHub/caesarpad/engines/augustus

    Using response file: /Users/chrissotraidis/GitHub/caesarpad/build/ios/build/augustus.build/Release-iphonesimulator/Objects-normal/arm64/7187679823f38a2a940e0043cdf9d637-common-args.resp

    /Applications/Xcode.app/Contents/Developer/Toolchains/XcodeDefault.xctoolchain/usr/bin/clang -x c -ivfsstatcache /Users/chrissotraidis/GitHub/caesarpad/build/ios/DerivedData/SDKStatCaches.noindex/iphonesimulator26.5-23F81a-6cfe768891a92b912361537c460fe42b.sdkstatcache -target arm64-apple-ios14.0-simulator -fmessage-length\=0 -fdiagnostics-show-note-include-stack -fmacro-backtrace-limit\=0 -fno-color-diagnostics -Wno-trigraphs -Wno-missing-field-initializers -Wno-missing-prototypes -Wno-return-type -Wno-missing-braces -Wparentheses -Wswitch -Wno-unused-function -Wno-unused-label -Wno-unused-parameter -Wno-unused-variable -Wunused-value -Wno-empty-body -Wno-uninitialized -Wno-unknown-pragmas -Wno-shadow -Wno-four-char-constants -Wno-conversion -Wno-constant-conversion -Wno-int-conversion -Wno-bool-conversion -Wno-enum-conversion -Wno-float-conversion -Wno-non-literal-null-conversion -Wno-objc-literal-conversion -Wshorten-64-to-32 -Wpointer-sign -Wno-newline-eof -Wno-implicit-fallthrough -isysroot /Applications/Xcode.app/Contents/Developer/Platforms/iPhoneSimulator.platform/Developer/SDKs/iPhoneSimulator26.5.sdk -fstrict-aliasing -Wdeprecated-declarations -Wno-sign-conversion -Wno-infinite-recursion -Wno-comma -Wno-block-capture-autoreleasing -Wno-strict-prototypes -Wno-semicolon-before-method-body @/Users/chrissotraidis/GitHub/caesarpad/build/ios/build/augustus.build/Release-iphonesimulator/Objects-normal/arm64/7187679823f38a2a940e0043cdf9d637-common-args.resp -MMD -MT dependencies -MF /Users/chrissotraidis/GitHub/caesarpad/build/ios/build/augustus.build/Release-iphonesimulator/Objects-normal/arm64/mouse-03971a93efd4f5940769ac6c7cce3d58.d --serialize-diagnostics /Users/chrissotraidis/GitHub/caesarpad/build/ios/build/augustus.build/Release-iphonesimulator/Objects-normal/arm64/mouse-03971a93efd4f5940769ac6c7cce3d58.dia -c /Users/chrissotraidis/GitHub/caesarpad/engines/augustus/src/platform/SDL2/mouse.c -o /Users/chrissotraidis/GitHub/caesarpad/build/ios/build/augustus.build/Release-iphonesimulator/Objects-normal/arm64/mouse-03971a93efd4f5940769ac6c7cce3d58.o

CompileC /Users/chrissotraidis/GitHub/caesarpad/build/ios/build/augustus.build/Release-iphonesimulator/Objects-normal/arm64/model_data.o /Users/chrissotraidis/GitHub/caesarpad/engines/augustus/src/window/editor/model_data.c normal arm64 c com.apple.compilers.llvm.clang.1_0.compiler (in target 'augustus' from project 'augustus')
    cd /Users/chrissotraidis/GitHub/caesarpad/engines/augustus

    Using response file: /Users/chrissotraidis/GitHub/caesarpad/build/ios/build/augustus.build/Release-iphonesimulator/Objects-normal/arm64/7187679823f38a2a940e0043cdf9d637-common-args.resp

    /Applications/Xcode.app/Contents/Developer/Toolchains/XcodeDefault.xctoolchain/usr/bin/clang -x c -ivfsstatcache /Users/chrissotraidis/GitHub/caesarpad/build/ios/DerivedData/SDKStatCaches.noindex/iphonesimulator26.5-23F81a-6cfe768891a92b912361537c460fe42b.sdkstatcache -target arm64-apple-ios14.0-simulator -fmessage-length\=0 -fdiagnostics-show-note-include-stack -fmacro-backtrace-limit\=0 -fno-color-diagnostics -Wno-trigraphs -Wno-missing-field-initializers -Wno-missing-prototypes -Wno-return-type -Wno-missing-braces -Wparentheses -Wswitch -Wno-unused-function -Wno-unused-label -Wno-unused-parameter -Wno-unused-variable -Wunused-value -Wno-empty-body -Wno-uninitialized -Wno-unknown-pragmas -Wno-shadow -Wno-four-char-constants -Wno-conversion -Wno-constant-conversion -Wno-int-conversion -Wno-bool-conversion -Wno-enum-conversion -Wno-float-conversion -Wno-non-literal-null-conversion -Wno-objc-literal-conversion -Wshorten-64-to-32 -Wpointer-sign -Wno-newline-eof -Wno-implicit-fallthrough -isysroot /Applications/Xcode.app/Contents/Developer/Platforms/iPhoneSimulator.platform/Developer/SDKs/iPhoneSimulator26.5.sdk -fstrict-aliasing -Wdeprecated-declarations -Wno-sign-conversion -Wno-infinite-recursion -Wno-comma -Wno-block-capture-autoreleasing -Wno-strict-prototypes -Wno-semicolon-before-method-body @/Users/chrissotraidis/GitHub/caesarpad/build/ios/build/augustus.build/Release-iphonesimulator/Objects-normal/arm64/7187679823f38a2a940e0043cdf9d637-common-args.resp -MMD -MT dependencies -MF /Users/chrissotraidis/GitHub/caesarpad/build/ios/build/augustus.build/Release-iphonesimulator/Objects-normal/arm64/model_data.d --serialize-diagnostics /Users/chrissotraidis/GitHub/caesarpad/build/ios/build/augustus.build/Release-iphonesimulator/Objects-normal/arm64/model_data.dia -c /Users/chrissotraidis/GitHub/caesarpad/engines/augustus/src/window/editor/model_data.c -o /Users/chrissotraidis/GitHub/caesarpad/build/ios/build/augustus.build/Release-iphonesimulator/Objects-normal/arm64/model_data.o

CompileC /Users/chrissotraidis/GitHub/caesarpad/build/ios/build/augustus.build/Release-iphonesimulator/Objects-normal/arm64/mission_selection.o /Users/chrissotraidis/GitHub/caesarpad/engines/augustus/src/window/mission_selection.c normal arm64 c com.apple.compilers.llvm.clang.1_0.compiler (in target 'augustus' from project 'augustus')
    cd /Users/chrissotraidis/GitHub/caesarpad/engines/augustus

    Using response file: /Users/chrissotraidis/GitHub/caesarpad/build/ios/build/augustus.build/Release-iphonesimulator/Objects-normal/arm64/7187679823f38a2a940e0043cdf9d637-common-args.resp

    /Applications/Xcode.app/Contents/Developer/Toolchains/XcodeDefault.xctoolchain/usr/bin/clang -x c -ivfsstatcache /Users/chrissotraidis/GitHub/caesarpad/build/ios/DerivedData/SDKStatCaches.noindex/iphonesimulator26.5-23F81a-6cfe768891a92b912361537c460fe42b.sdkstatcache -target arm64-apple-ios14.0-simulator -fmessage-length\=0 -fdiagnostics-show-note-include-stack -fmacro-backtrace-limit\=0 -fno-color-diagnostics -Wno-trigraphs -Wno-missing-field-initializers -Wno-missing-prototypes -Wno-return-type -Wno-missing-braces -Wparentheses -Wswitch -Wno-unused-function -Wno-unused-label -Wno-unused-parameter -Wno-unused-variable -Wunused-value -Wno-empty-body -Wno-uninitialized -Wno-unknown-pragmas -Wno-shadow -Wno-four-char-constants -Wno-conversion -Wno-constant-conversion -Wno-int-conversion -Wno-bool-conversion -Wno-enum-conversion -Wno-float-conversion -Wno-non-literal-null-conversion -Wno-objc-literal-conversion -Wshorten-64-to-32 -Wpointer-sign -Wno-newline-eof -Wno-implicit-fallthrough -isysroot /Applications/Xcode.app/Contents/Developer/Platforms/iPhoneSimulator.platform/Developer/SDKs/iPhoneSimulator26.5.sdk -fstrict-aliasing -Wdeprecated-declarations -Wno-sign-conversion -Wno-infinite-recursion -Wno-comma -Wno-block-capture-autoreleasing -Wno-strict-prototypes -Wno-semicolon-before-method-body @/Users/chrissotraidis/GitHub/caesarpad/build/ios/build/augustus.build/Release-iphonesimulator/Objects-normal/arm64/7187679823f38a2a940e0043cdf9d637-common-args.resp -MMD -MT dependencies -MF /Users/chrissotraidis/GitHub/caesarpad/build/ios/build/augustus.build/Release-iphonesimulator/Objects-normal/arm64/mission_selection.d --serialize-diagnostics /Users/chrissotraidis/GitHub/caesarpad/build/ios/build/augustus.build/Release-iphonesimulator/Objects-normal/arm64/mission_selection.dia -c /Users/chrissotraidis/GitHub/caesarpad/engines/augustus/src/window/mission_selection.c -o /Users/chrissotraidis/GitHub/caesarpad/build/ios/build/augustus.build/Release-iphonesimulator/Objects-normal/arm64/mission_selection.o

CompileC /Users/chrissotraidis/GitHub/caesarpad/build/ios/build/augustus.build/Release-iphonesimulator/Objects-normal/arm64/mission_list.o /Users/chrissotraidis/GitHub/caesarpad/engines/augustus/src/window/mission_list.c normal arm64 c com.apple.compilers.llvm.clang.1_0.compiler (in target 'augustus' from project 'augustus')
    cd /Users/chrissotraidis/GitHub/caesarpad/engines/augustus

    Using response file: /Users/chrissotraidis/GitHub/caesarpad/build/ios/build/augustus.build/Release-iphonesimulator/Objects-normal/arm64/7187679823f38a2a940e0043cdf9d637-common-args.resp

    /Applications/Xcode.app/Contents/Developer/Toolchains/XcodeDefault.xctoolchain/usr/bin/clang -x c -ivfsstatcache /Users/chrissotraidis/GitHub/caesarpad/build/ios/DerivedData/SDKStatCaches.noindex/iphonesimulator26.5-23F81a-6cfe768891a92b912361537c460fe42b.sdkstatcache -target arm64-apple-ios14.0-simulator -fmessage-length\=0 -fdiagnostics-show-note-include-stack -fmacro-backtrace-limit\=0 -fno-color-diagnostics -Wno-trigraphs -Wno-missing-field-initializers -Wno-missing-prototypes -Wno-return-type -Wno-missing-braces -Wparentheses -Wswitch -Wno-unused-function -Wno-unused-label -Wno-unused-parameter -Wno-unused-variable -Wunused-value -Wno-empty-body -Wno-uninitialized -Wno-unknown-pragmas -Wno-shadow -Wno-four-char-constants -Wno-conversion -Wno-constant-conversion -Wno-int-conversion -Wno-bool-conversion -Wno-enum-conversion -Wno-float-conversion -Wno-non-literal-null-conversion -Wno-objc-literal-conversion -Wshorten-64-to-32 -Wpointer-sign -Wno-newline-eof -Wno-implicit-fallthrough -isysroot /Applications/Xcode.app/Contents/Developer/Platforms/iPhoneSimulator.platform/Developer/SDKs/iPhoneSimulator26.5.sdk -fstrict-aliasing -Wdeprecated-declarations -Wno-sign-conversion -Wno-infinite-recursion -Wno-comma -Wno-block-capture-autoreleasing -Wno-strict-prototypes -Wno-semicolon-before-method-body @/Users/chrissotraidis/GitHub/caesarpad/build/ios/build/augustus.build/Release-iphonesimulator/Objects-normal/arm64/7187679823f38a2a940e0043cdf9d637-common-args.resp -MMD -MT dependencies -MF /Users/chrissotraidis/GitHub/caesarpad/build/ios/build/augustus.build/Release-iphonesimulator/Objects-normal/arm64/mission_list.d --serialize-diagnostics /Users/chrissotraidis/GitHub/caesarpad/build/ios/build/augustus.build/Release-iphonesimulator/Objects-normal/arm64/mission_list.dia -c /Users/chrissotraidis/GitHub/caesarpad/engines/augustus/src/window/mission_list.c -o /Users/chrissotraidis/GitHub/caesarpad/build/ios/build/augustus.build/Release-iphonesimulator/Objects-normal/arm64/mission_list.o

CompileC /Users/chrissotraidis/GitHub/caesarpad/build/ios/build/augustus.build/Release-iphonesimulator/Objects-normal/arm64/mission_end.o /Users/chrissotraidis/GitHub/caesarpad/engines/augustus/src/window/mission_end.c normal arm64 c com.apple.compilers.llvm.clang.1_0.compiler (in target 'augustus' from project 'augustus')
    cd /Users/chrissotraidis/GitHub/caesarpad/engines/augustus

    Using response file: /Users/chrissotraidis/GitHub/caesarpad/build/ios/build/augustus.build/Release-iphonesimulator/Objects-normal/arm64/7187679823f38a2a940e0043cdf9d637-common-args.resp

    /Applications/Xcode.app/Contents/Developer/Toolchains/XcodeDefault.xctoolchain/usr/bin/clang -x c -ivfsstatcache /Users/chrissotraidis/GitHub/caesarpad/build/ios/DerivedData/SDKStatCaches.noindex/iphonesimulator26.5-23F81a-6cfe768891a92b912361537c460fe42b.sdkstatcache -target arm64-apple-ios14.0-simulator -fmessage-length\=0 -fdiagnostics-show-note-include-stack -fmacro-backtrace-limit\=0 -fno-color-diagnostics -Wno-trigraphs -Wno-missing-field-initializers -Wno-missing-prototypes -Wno-return-type -Wno-missing-braces -Wparentheses -Wswitch -Wno-unused-function -Wno-unused-label -Wno-unused-parameter -Wno-unused-variable -Wunused-value -Wno-empty-body -Wno-uninitialized -Wno-unknown-pragmas -Wno-shadow -Wno-four-char-constants -Wno-conversion -Wno-constant-conversion -Wno-int-conversion -Wno-bool-conversion -Wno-enum-conversion -Wno-float-conversion -Wno-non-literal-null-conversion -Wno-objc-literal-conversion -Wshorten-64-to-32 -Wpointer-sign -Wno-newline-eof -Wno-implicit-fallthrough -isysroot /Applications/Xcode.app/Contents/Developer/Platforms/iPhoneSimulator.platform/Developer/SDKs/iPhoneSimulator26.5.sdk -fstrict-aliasing -Wdeprecated-declarations -Wno-sign-conversion -Wno-infinite-recursion -Wno-comma -Wno-block-capture-autoreleasing -Wno-strict-prototypes -Wno-semicolon-before-method-body @/Users/chrissotraidis/GitHub/caesarpad/build/ios/build/augustus.build/Release-iphonesimulator/Objects-normal/arm64/7187679823f38a2a940e0043cdf9d637-common-args.resp -MMD -MT dependencies -MF /Users/chrissotraidis/GitHub/caesarpad/build/ios/build/augustus.build/Release-iphonesimulator/Objects-normal/arm64/mission_end.d --serialize-diagnostics /Users/chrissotraidis/GitHub/caesarpad/build/ios/build/augustus.build/Release-iphonesimulator/Objects-normal/arm64/mission_end.dia -c /Users/chrissotraidis/GitHub/caesarpad/engines/augustus/src/window/mission_end.c -o /Users/chrissotraidis/GitHub/caesarpad/build/ios/build/augustus.build/Release-iphonesimulator/Objects-normal/arm64/mission_end.o

CompileC /Users/chrissotraidis/GitHub/caesarpad/build/ios/build/augustus.build/Release-iphonesimulator/Objects-normal/arm64/mission_briefing.o /Users/chrissotraidis/GitHub/caesarpad/engines/augustus/src/window/mission_briefing.c normal arm64 c com.apple.compilers.llvm.clang.1_0.compiler (in target 'augustus' from project 'augustus')
    cd /Users/chrissotraidis/GitHub/caesarpad/engines/augustus

    Using response file: /Users/chrissotraidis/GitHub/caesarpad/build/ios/build/augustus.build/Release-iphonesimulator/Objects-normal/arm64/7187679823f38a2a940e0043cdf9d637-common-args.resp

    /Applications/Xcode.app/Contents/Developer/Toolchains/XcodeDefault.xctoolchain/usr/bin/clang -x c -ivfsstatcache /Users/chrissotraidis/GitHub/caesarpad/build/ios/DerivedData/SDKStatCaches.noindex/iphonesimulator26.5-23F81a-6cfe768891a92b912361537c460fe42b.sdkstatcache -target arm64-apple-ios14.0-simulator -fmessage-length\=0 -fdiagnostics-show-note-include-stack -fmacro-backtrace-limit\=0 -fno-color-diagnostics -Wno-trigraphs -Wno-missing-field-initializers -Wno-missing-prototypes -Wno-return-type -Wno-missing-braces -Wparentheses -Wswitch -Wno-unused-function -Wno-unused-label -Wno-unused-parameter -Wno-unused-variable -Wunused-value -Wno-empty-body -Wno-uninitialized -Wno-unknown-pragmas -Wno-shadow -Wno-four-char-constants -Wno-conversion -Wno-constant-conversion -Wno-int-conversion -Wno-bool-conversion -Wno-enum-conversion -Wno-float-conversion -Wno-non-literal-null-conversion -Wno-objc-literal-conversion -Wshorten-64-to-32 -Wpointer-sign -Wno-newline-eof -Wno-implicit-fallthrough -isysroot /Applications/Xcode.app/Contents/Developer/Platforms/iPhoneSimulator.platform/Developer/SDKs/iPhoneSimulator26.5.sdk -fstrict-aliasing -Wdeprecated-declarations -Wno-sign-conversion -Wno-infinite-recursion -Wno-comma -Wno-block-capture-autoreleasing -Wno-strict-prototypes -Wno-semicolon-before-method-body @/Users/chrissotraidis/GitHub/caesarpad/build/ios/build/augustus.build/Release-iphonesimulator/Objects-normal/arm64/7187679823f38a2a940e0043cdf9d637-common-args.resp -MMD -MT dependencies -MF /Users/chrissotraidis/GitHub/caesarpad/build/ios/build/augustus.build/Release-iphonesimulator/Objects-normal/arm64/mission_briefing.d --serialize-diagnostics /Users/chrissotraidis/GitHub/caesarpad/build/ios/build/augustus.build/Release-iphonesimulator/Objects-normal/arm64/mission_briefing.dia -c /Users/chrissotraidis/GitHub/caesarpad/engines/augustus/src/window/mission_briefing.c -o /Users/chrissotraidis/GitHub/caesarpad/build/ios/build/augustus.build/Release-iphonesimulator/Objects-normal/arm64/mission_briefing.o

CompileC /Users/chrissotraidis/GitHub/caesarpad/build/ios/build/augustus.build/Release-iphonesimulator/Objects-normal/arm64/minimap.o /Users/chrissotraidis/GitHub/caesarpad/engines/augustus/src/widget/minimap.c normal arm64 c com.apple.compilers.llvm.clang.1_0.compiler (in target 'augustus' from project 'augustus')
    cd /Users/chrissotraidis/GitHub/caesarpad/engines/augustus

    Using response file: /Users/chrissotraidis/GitHub/caesarpad/build/ios/build/augustus.build/Release-iphonesimulator/Objects-normal/arm64/7187679823f38a2a940e0043cdf9d637-common-args.resp

    /Applications/Xcode.app/Contents/Developer/Toolchains/XcodeDefault.xctoolchain/usr/bin/clang -x c -ivfsstatcache /Users/chrissotraidis/GitHub/caesarpad/build/ios/DerivedData/SDKStatCaches.noindex/iphonesimulator26.5-23F81a-6cfe768891a92b912361537c460fe42b.sdkstatcache -target arm64-apple-ios14.0-simulator -fmessage-length\=0 -fdiagnostics-show-note-include-stack -fmacro-backtrace-limit\=0 -fno-color-diagnostics -Wno-trigraphs -Wno-missing-field-initializers -Wno-missing-prototypes -Wno-return-type -Wno-missing-braces -Wparentheses -Wswitch -Wno-unused-function -Wno-unused-label -Wno-unused-parameter -Wno-unused-variable -Wunused-value -Wno-empty-body -Wno-uninitialized -Wno-unknown-pragmas -Wno-shadow -Wno-four-char-constants -Wno-conversion -Wno-constant-conversion -Wno-int-conversion -Wno-bool-conversion -Wno-enum-conversion -Wno-float-conversion -Wno-non-literal-null-conversion -Wno-objc-literal-conversion -Wshorten-64-to-32 -Wpointer-sign -Wno-newline-eof -Wno-implicit-fallthrough -isysroot /Applications/Xcode.app/Contents/Developer/Platforms/iPhoneSimulator.platform/Developer/SDKs/iPhoneSimulator26.5.sdk -fstrict-aliasing -Wdeprecated-declarations -Wno-sign-conversion -Wno-infinite-recursion -Wno-comma -Wno-block-capture-autoreleasing -Wno-strict-prototypes -Wno-semicolon-before-method-body @/Users/chrissotraidis/GitHub/caesarpad/build/ios/build/augustus.build/Release-iphonesimulator/Objects-normal/arm64/7187679823f38a2a940e0043cdf9d637-common-args.resp -MMD -MT dependencies -MF /Users/chrissotraidis/GitHub/caesarpad/build/ios/build/augustus.build/Release-iphonesimulator/Objects-normal/arm64/minimap.d --serialize-diagnostics /Users/chrissotraidis/GitHub/caesarpad/build/ios/build/augustus.build/Release-iphonesimulator/Objects-normal/arm64/minimap.dia -c /Users/chrissotraidis/GitHub/caesarpad/engines/augustus/src/widget/minimap.c -o /Users/chrissotraidis/GitHub/caesarpad/build/ios/build/augustus.build/Release-iphonesimulator/Objects-normal/arm64/minimap.o

CompileC /Users/chrissotraidis/GitHub/caesarpad/build/ios/build/augustus.build/Release-iphonesimulator/Objects-normal/arm64/military_menu.o /Users/chrissotraidis/GitHub/caesarpad/engines/augustus/src/window/military_menu.c normal arm64 c com.apple.compilers.llvm.clang.1_0.compiler (in target 'augustus' from project 'augustus')
    cd /Users/chrissotraidis/GitHub/caesarpad/engines/augustus

    Using response file: /Users/chrissotraidis/GitHub/caesarpad/build/ios/build/augustus.build/Release-iphonesimulator/Objects-normal/arm64/7187679823f38a2a940e0043cdf9d637-common-args.resp

    /Applications/Xcode.app/Contents/Developer/Toolchains/XcodeDefault.xctoolchain/usr/bin/clang -x c -ivfsstatcache /Users/chrissotraidis/GitHub/caesarpad/build/ios/DerivedData/SDKStatCaches.noindex/iphonesimulator26.5-23F81a-6cfe768891a92b912361537c460fe42b.sdkstatcache -target arm64-apple-ios14.0-simulator -fmessage-length\=0 -fdiagnostics-show-note-include-stack -fmacro-backtrace-limit\=0 -fno-color-diagnostics -Wno-trigraphs -Wno-missing-field-initializers -Wno-missing-prototypes -Wno-return-type -Wno-missing-braces -Wparentheses -Wswitch -Wno-unused-function -Wno-unused-label -Wno-unused-parameter -Wno-unused-variable -Wunused-value -Wno-empty-body -Wno-uninitialized -Wno-unknown-pragmas -Wno-shadow -Wno-four-char-constants -Wno-conversion -Wno-constant-conversion -Wno-int-conversion -Wno-bool-conversion -Wno-enum-conversion -Wno-float-conversion -Wno-non-literal-null-conversion -Wno-objc-literal-conversion -Wshorten-64-to-32 -Wpointer-sign -Wno-newline-eof -Wno-implicit-fallthrough -isysroot /Applications/Xcode.app/Contents/Developer/Platforms/iPhoneSimulator.platform/Developer/SDKs/iPhoneSimulator26.5.sdk -fstrict-aliasing -Wdeprecated-declarations -Wno-sign-conversion -Wno-infinite-recursion -Wno-comma -Wno-block-capture-autoreleasing -Wno-strict-prototypes -Wno-semicolon-before-method-body @/Users/chrissotraidis/GitHub/caesarpad/build/ios/build/augustus.build/Release-iphonesimulator/Objects-normal/arm64/7187679823f38a2a940e0043cdf9d637-common-args.resp -MMD -MT dependencies -MF /Users/chrissotraidis/GitHub/caesarpad/build/ios/build/augustus.build/Release-iphonesimulator/Objects-normal/arm64/military_menu.d --serialize-diagnostics /Users/chrissotraidis/GitHub/caesarpad/build/ios/build/augustus.build/Release-iphonesimulator/Objects-normal/arm64/military_menu.dia -c /Users/chrissotraidis/GitHub/caesarpad/engines/augustus/src/window/military_menu.c -o /Users/chrissotraidis/GitHub/caesarpad/build/ios/build/augustus.build/Release-iphonesimulator/Objects-normal/arm64/military_menu.o

CompileC /Users/chrissotraidis/GitHub/caesarpad/build/ios/build/augustus.build/Release-iphonesimulator/Objects-normal/arm64/military-1e183c69e5d786d2e169a13cd2f0e12f.o /Users/chrissotraidis/GitHub/caesarpad/engines/augustus/src/window/building/military.c normal arm64 c com.apple.compilers.llvm.clang.1_0.compiler (in target 'augustus' from project 'augustus')
    cd /Users/chrissotraidis/GitHub/caesarpad/engines/augustus

    Using response file: /Users/chrissotraidis/GitHub/caesarpad/build/ios/build/augustus.build/Release-iphonesimulator/Objects-normal/arm64/7187679823f38a2a940e0043cdf9d637-common-args.resp

    /Applications/Xcode.app/Contents/Developer/Toolchains/XcodeDefault.xctoolchain/usr/bin/clang -x c -ivfsstatcache /Users/chrissotraidis/GitHub/caesarpad/build/ios/DerivedData/SDKStatCaches.noindex/iphonesimulator26.5-23F81a-6cfe768891a92b912361537c460fe42b.sdkstatcache -target arm64-apple-ios14.0-simulator -fmessage-length\=0 -fdiagnostics-show-note-include-stack -fmacro-backtrace-limit\=0 -fno-color-diagnostics -Wno-trigraphs -Wno-missing-field-initializers -Wno-missing-prototypes -Wno-return-type -Wno-missing-braces -Wparentheses -Wswitch -Wno-unused-function -Wno-unused-label -Wno-unused-parameter -Wno-unused-variable -Wunused-value -Wno-empty-body -Wno-uninitialized -Wno-unknown-pragmas -Wno-shadow -Wno-four-char-constants -Wno-conversion -Wno-constant-conversion -Wno-int-conversion -Wno-bool-conversion -Wno-enum-conversion -Wno-float-conversion -Wno-non-literal-null-conversion -Wno-objc-literal-conversion -Wshorten-64-to-32 -Wpointer-sign -Wno-newline-eof -Wno-implicit-fallthrough -isysroot /Applications/Xcode.app/Contents/Developer/Platforms/iPhoneSimulator.platform/Developer/SDKs/iPhoneSimulator26.5.sdk -fstrict-aliasing -Wdeprecated-declarations -Wno-sign-conversion -Wno-infinite-recursion -Wno-comma -Wno-block-capture-autoreleasing -Wno-strict-prototypes -Wno-semicolon-before-method-body @/Users/chrissotraidis/GitHub/caesarpad/build/ios/build/augustus.build/Release-iphonesimulator/Objects-normal/arm64/7187679823f38a2a940e0043cdf9d637-common-args.resp -MMD -MT dependencies -MF /Users/chrissotraidis/GitHub/caesarpad/build/ios/build/augustus.build/Release-iphonesimulator/Objects-normal/arm64/military-1e183c69e5d786d2e169a13cd2f0e12f.d --serialize-diagnostics /Users/chrissotraidis/GitHub/caesarpad/build/ios/build/augustus.build/Release-iphonesimulator/Objects-normal/arm64/military-1e183c69e5d786d2e169a13cd2f0e12f.dia -c /Users/chrissotraidis/GitHub/caesarpad/engines/augustus/src/window/building/military.c -o /Users/chrissotraidis/GitHub/caesarpad/build/ios/build/augustus.build/Release-iphonesimulator/Objects-normal/arm64/military-1e183c69e5d786d2e169a13cd2f0e12f.o

CompileC /Users/chrissotraidis/GitHub/caesarpad/build/ios/build/augustus.build/Release-iphonesimulator/Objects-normal/arm64/military-1c6dca4d86b76504e9dde657550e2f02.o /Users/chrissotraidis/GitHub/caesarpad/engines/augustus/src/window/advisor/military.c normal arm64 c com.apple.compilers.llvm.clang.1_0.compiler (in target 'augustus' from project 'augustus')
    cd /Users/chrissotraidis/GitHub/caesarpad/engines/augustus

    Using response file: /Users/chrissotraidis/GitHub/caesarpad/build/ios/build/augustus.build/Release-iphonesimulator/Objects-normal/arm64/7187679823f38a2a940e0043cdf9d637-common-args.resp

    /Applications/Xcode.app/Contents/Developer/Toolchains/XcodeDefault.xctoolchain/usr/bin/clang -x c -ivfsstatcache /Users/chrissotraidis/GitHub/caesarpad/build/ios/DerivedData/SDKStatCaches.noindex/iphonesimulator26.5-23F81a-6cfe768891a92b912361537c460fe42b.sdkstatcache -target arm64-apple-ios14.0-simulator -fmessage-length\=0 -fdiagnostics-show-note-include-stack -fmacro-backtrace-limit\=0 -fno-color-diagnostics -Wno-trigraphs -Wno-missing-field-initializers -Wno-missing-prototypes -Wno-return-type -Wno-missing-braces -Wparentheses -Wswitch -Wno-unused-function -Wno-unused-label -Wno-unused-parameter -Wno-unused-variable -Wunused-value -Wno-empty-body -Wno-uninitialized -Wno-unknown-pragmas -Wno-shadow -Wno-four-char-constants -Wno-conversion -Wno-constant-conversion -Wno-int-conversion -Wno-bool-conversion -Wno-enum-conversion -Wno-float-conversion -Wno-non-literal-null-conversion -Wno-objc-literal-conversion -Wshorten-64-to-32 -Wpointer-sign -Wno-newline-eof -Wno-implicit-fallthrough -isysroot /Applications/Xcode.app/Contents/Developer/Platforms/iPhoneSimulator.platform/Developer/SDKs/iPhoneSimulator26.5.sdk -fstrict-aliasing -Wdeprecated-declarations -Wno-sign-conversion -Wno-infinite-recursion -Wno-comma -Wno-block-capture-autoreleasing -Wno-strict-prototypes -Wno-semicolon-before-method-body @/Users/chrissotraidis/GitHub/caesarpad/build/ios/build/augustus.build/Release-iphonesimulator/Objects-normal/arm64/7187679823f38a2a940e0043cdf9d637-common-args.resp -MMD -MT dependencies -MF /Users/chrissotraidis/GitHub/caesarpad/build/ios/build/augustus.build/Release-iphonesimulator/Objects-normal/arm64/military-1c6dca4d86b76504e9dde657550e2f02.d --serialize-diagnostics /Users/chrissotraidis/GitHub/caesarpad/build/ios/build/augustus.build/Release-iphonesimulator/Objects-normal/arm64/military-1c6dca4d86b76504e9dde657550e2f02.dia -c /Users/chrissotraidis/GitHub/caesarpad/engines/augustus/src/window/advisor/military.c -o /Users/chrissotraidis/GitHub/caesarpad/build/ios/build/augustus.build/Release-iphonesimulator/Objects-normal/arm64/military-1c6dca4d86b76504e9dde657550e2f02.o

CompileC /Users/chrissotraidis/GitHub/caesarpad/build/ios/build/augustus.build/Release-iphonesimulator/Objects-normal/arm64/military-10887c35fa0e865496277076bc6ad577.o /Users/chrissotraidis/GitHub/caesarpad/engines/augustus/src/widget/sidebar/military.c normal arm64 c com.apple.compilers.llvm.clang.1_0.compiler (in target 'augustus' from project 'augustus')
    cd /Users/chrissotraidis/GitHub/caesarpad/engines/augustus

    Using response file: /Users/chrissotraidis/GitHub/caesarpad/build/ios/build/augustus.build/Release-iphonesimulator/Objects-normal/arm64/7187679823f38a2a940e0043cdf9d637-common-args.resp

    /Applications/Xcode.app/Contents/Developer/Toolchains/XcodeDefault.xctoolchain/usr/bin/clang -x c -ivfsstatcache /Users/chrissotraidis/GitHub/caesarpad/build/ios/DerivedData/SDKStatCaches.noindex/iphonesimulator26.5-23F81a-6cfe768891a92b912361537c460fe42b.sdkstatcache -target arm64-apple-ios14.0-simulator -fmessage-length\=0 -fdiagnostics-show-note-include-stack -fmacro-backtrace-limit\=0 -fno-color-diagnostics -Wno-trigraphs -Wno-missing-field-initializers -Wno-missing-prototypes -Wno-return-type -Wno-missing-braces -Wparentheses -Wswitch -Wno-unused-function -Wno-unused-label -Wno-unused-parameter -Wno-unused-variable -Wunused-value -Wno-empty-body -Wno-uninitialized -Wno-unknown-pragmas -Wno-shadow -Wno-four-char-constants -Wno-conversion -Wno-constant-conversion -Wno-int-conversion -Wno-bool-conversion -Wno-enum-conversion -Wno-float-conversion -Wno-non-literal-null-conversion -Wno-objc-literal-conversion -Wshorten-64-to-32 -Wpointer-sign -Wno-newline-eof -Wno-implicit-fallthrough -isysroot /Applications/Xcode.app/Contents/Developer/Platforms/iPhoneSimulator.platform/Developer/SDKs/iPhoneSimulator26.5.sdk -fstrict-aliasing -Wdeprecated-declarations -Wno-sign-conversion -Wno-infinite-recursion -Wno-comma -Wno-block-capture-autoreleasing -Wno-strict-prototypes -Wno-semicolon-before-method-body @/Users/chrissotraidis/GitHub/caesarpad/build/ios/build/augustus.build/Release-iphonesimulator/Objects-normal/arm64/7187679823f38a2a940e0043cdf9d637-common-args.resp -MMD -MT dependencies -MF /Users/chrissotraidis/GitHub/caesarpad/build/ios/build/augustus.build/Release-iphonesimulator/Objects-normal/arm64/military-10887c35fa0e865496277076bc6ad577.d --serialize-diagnostics /Users/chrissotraidis/GitHub/caesarpad/build/ios/build/augustus.build/Release-iphonesimulator/Objects-normal/arm64/military-10887c35fa0e865496277076bc6ad577.dia -c /Users/chrissotraidis/GitHub/caesarpad/engines/augustus/src/widget/sidebar/military.c -o /Users/chrissotraidis/GitHub/caesarpad/build/ios/build/augustus.build/Release-iphonesimulator/Objects-normal/arm64/military-10887c35fa0e865496277076bc6ad577.o

CompileC /Users/chrissotraidis/GitHub/caesarpad/build/ios/build/augustus.build/Release-iphonesimulator/Objects-normal/arm64/message_list.o /Users/chrissotraidis/GitHub/caesarpad/engines/augustus/src/window/message_list.c normal arm64 c com.apple.compilers.llvm.clang.1_0.compiler (in target 'augustus' from project 'augustus')
    cd /Users/chrissotraidis/GitHub/caesarpad/engines/augustus

    Using response file: /Users/chrissotraidis/GitHub/caesarpad/build/ios/build/augustus.build/Release-iphonesimulator/Objects-normal/arm64/7187679823f38a2a940e0043cdf9d637-common-args.resp

    /Applications/Xcode.app/Contents/Developer/Toolchains/XcodeDefault.xctoolchain/usr/bin/clang -x c -ivfsstatcache /Users/chrissotraidis/GitHub/caesarpad/build/ios/DerivedData/SDKStatCaches.noindex/iphonesimulator26.5-23F81a-6cfe768891a92b912361537c460fe42b.sdkstatcache -target arm64-apple-ios14.0-simulator -fmessage-length\=0 -fdiagnostics-show-note-include-stack -fmacro-backtrace-limit\=0 -fno-color-diagnostics -Wno-trigraphs -Wno-missing-field-initializers -Wno-missing-prototypes -Wno-return-type -Wno-missing-braces -Wparentheses -Wswitch -Wno-unused-function -Wno-unused-label -Wno-unused-parameter -Wno-unused-variable -Wunused-value -Wno-empty-body -Wno-uninitialized -Wno-unknown-pragmas -Wno-shadow -Wno-four-char-constants -Wno-conversion -Wno-constant-conversion -Wno-int-conversion -Wno-bool-conversion -Wno-enum-conversion -Wno-float-conversion -Wno-non-literal-null-conversion -Wno-objc-literal-conversion -Wshorten-64-to-32 -Wpointer-sign -Wno-newline-eof -Wno-implicit-fallthrough -isysroot /Applications/Xcode.app/Contents/Developer/Platforms/iPhoneSimulator.platform/Developer/SDKs/iPhoneSimulator26.5.sdk -fstrict-aliasing -Wdeprecated-declarations -Wno-sign-conversion -Wno-infinite-recursion -Wno-comma -Wno-block-capture-autoreleasing -Wno-strict-prototypes -Wno-semicolon-before-method-body @/Users/chrissotraidis/GitHub/caesarpad/build/ios/build/augustus.build/Release-iphonesimulator/Objects-normal/arm64/7187679823f38a2a940e0043cdf9d637-common-args.resp -MMD -MT dependencies -MF /Users/chrissotraidis/GitHub/caesarpad/build/ios/build/augustus.build/Release-iphonesimulator/Objects-normal/arm64/message_list.d --serialize-diagnostics /Users/chrissotraidis/GitHub/caesarpad/build/ios/build/augustus.build/Release-iphonesimulator/Objects-normal/arm64/message_list.dia -c /Users/chrissotraidis/GitHub/caesarpad/engines/augustus/src/window/message_list.c -o /Users/chrissotraidis/GitHub/caesarpad/build/ios/build/augustus.build/Release-iphonesimulator/Objects-normal/arm64/message_list.o

CompileC /Users/chrissotraidis/GitHub/caesarpad/build/ios/build/augustus.build/Release-iphonesimulator/Objects-normal/arm64/message_dialog.o /Users/chrissotraidis/GitHub/caesarpad/engines/augustus/src/window/message_dialog.c normal arm64 c com.apple.compilers.llvm.clang.1_0.compiler (in target 'augustus' from project 'augustus')
    cd /Users/chrissotraidis/GitHub/caesarpad/engines/augustus

    Using response file: /Users/chrissotraidis/GitHub/caesarpad/build/ios/build/augustus.build/Release-iphonesimulator/Objects-normal/arm64/7187679823f38a2a940e0043cdf9d637-common-args.resp

    /Applications/Xcode.app/Contents/Developer/Toolchains/XcodeDefault.xctoolchain/usr/bin/clang -x c -ivfsstatcache /Users/chrissotraidis/GitHub/caesarpad/build/ios/DerivedData/SDKStatCaches.noindex/iphonesimulator26.5-23F81a-6cfe768891a92b912361537c460fe42b.sdkstatcache -target arm64-apple-ios14.0-simulator -fmessage-length\=0 -fdiagnostics-show-note-include-stack -fmacro-backtrace-limit\=0 -fno-color-diagnostics -Wno-trigraphs -Wno-missing-field-initializers -Wno-missing-prototypes -Wno-return-type -Wno-missing-braces -Wparentheses -Wswitch -Wno-unused-function -Wno-unused-label -Wno-unused-parameter -Wno-unused-variable -Wunused-value -Wno-empty-body -Wno-uninitialized -Wno-unknown-pragmas -Wno-shadow -Wno-four-char-constants -Wno-conversion -Wno-constant-conversion -Wno-int-conversion -Wno-bool-conversion -Wno-enum-conversion -Wno-float-conversion -Wno-non-literal-null-conversion -Wno-objc-literal-conversion -Wshorten-64-to-32 -Wpointer-sign -Wno-newline-eof -Wno-implicit-fallthrough -isysroot /Applications/Xcode.app/Contents/Developer/Platforms/iPhoneSimulator.platform/Developer/SDKs/iPhoneSimulator26.5.sdk -fstrict-aliasing -Wdeprecated-declarations -Wno-sign-conversion -Wno-infinite-recursion -Wno-comma -Wno-block-capture-autoreleasing -Wno-strict-prototypes -Wno-semicolon-before-method-body @/Users/chrissotraidis/GitHub/caesarpad/build/ios/build/augustus.build/Release-iphonesimulator/Objects-normal/arm64/7187679823f38a2a940e0043cdf9d637-common-args.resp -MMD -MT dependencies -MF /Users/chrissotraidis/GitHub/caesarpad/build/ios/build/augustus.build/Release-iphonesimulator/Objects-normal/arm64/message_dialog.d --serialize-diagnostics /Users/chrissotraidis/GitHub/caesarpad/build/ios/build/augustus.build/Release-iphonesimulator/Objects-normal/arm64/message_dialog.dia -c /Users/chrissotraidis/GitHub/caesarpad/engines/augustus/src/window/message_dialog.c -o /Users/chrissotraidis/GitHub/caesarpad/build/ios/build/augustus.build/Release-iphonesimulator/Objects-normal/arm64/message_dialog.o

CompileC /Users/chrissotraidis/GitHub/caesarpad/build/ios/build/augustus.build/Release-iphonesimulator/Objects-normal/arm64/message.o /Users/chrissotraidis/GitHub/caesarpad/engines/augustus/src/city/message.c normal arm64 c com.apple.compilers.llvm.clang.1_0.compiler (in target 'augustus' from project 'augustus')
    cd /Users/chrissotraidis/GitHub/caesarpad/engines/augustus

    Using response file: /Users/chrissotraidis/GitHub/caesarpad/build/ios/build/augustus.build/Release-iphonesimulator/Objects-normal/arm64/7187679823f38a2a940e0043cdf9d637-common-args.resp

    /Applications/Xcode.app/Contents/Developer/Toolchains/XcodeDefault.xctoolchain/usr/bin/clang -x c -ivfsstatcache /Users/chrissotraidis/GitHub/caesarpad/build/ios/DerivedData/SDKStatCaches.noindex/iphonesimulator26.5-23F81a-6cfe768891a92b912361537c460fe42b.sdkstatcache -target arm64-apple-ios14.0-simulator -fmessage-length\=0 -fdiagnostics-show-note-include-stack -fmacro-backtrace-limit\=0 -fno-color-diagnostics -Wno-trigraphs -Wno-missing-field-initializers -Wno-missing-prototypes -Wno-return-type -Wno-missing-braces -Wparentheses -Wswitch -Wno-unused-function -Wno-unused-label -Wno-unused-parameter -Wno-unused-variable -Wunused-value -Wno-empty-body -Wno-uninitialized -Wno-unknown-pragmas -Wno-shadow -Wno-four-char-constants -Wno-conversion -Wno-constant-conversion -Wno-int-conversion -Wno-bool-conversion -Wno-enum-conversion -Wno-float-conversion -Wno-non-literal-null-conversion -Wno-objc-literal-conversion -Wshorten-64-to-32 -Wpointer-sign -Wno-newline-eof -Wno-implicit-fallthrough -isysroot /Applications/Xcode.app/Contents/Developer/Platforms/iPhoneSimulator.platform/Developer/SDKs/iPhoneSimulator26.5.sdk -fstrict-aliasing -Wdeprecated-declarations -Wno-sign-conversion -Wno-infinite-recursion -Wno-comma -Wno-block-capture-autoreleasing -Wno-strict-prototypes -Wno-semicolon-before-method-body @/Users/chrissotraidis/GitHub/caesarpad/build/ios/build/augustus.build/Release-iphonesimulator/Objects-normal/arm64/7187679823f38a2a940e0043cdf9d637-common-args.resp -MMD -MT dependencies -MF /Users/chrissotraidis/GitHub/caesarpad/build/ios/build/augustus.build/Release-iphonesimulator/Objects-normal/arm64/message.d --serialize-diagnostics /Users/chrissotraidis/GitHub/caesarpad/build/ios/build/augustus.build/Release-iphonesimulator/Objects-normal/arm64/message.dia -c /Users/chrissotraidis/GitHub/caesarpad/engines/augustus/src/city/message.c -o /Users/chrissotraidis/GitHub/caesarpad/build/ios/build/augustus.build/Release-iphonesimulator/Objects-normal/arm64/message.o

CompileC /Users/chrissotraidis/GitHub/caesarpad/build/ios/build/augustus.build/Release-iphonesimulator/Objects-normal/arm64/menu-fef598d1032cc604b47fb8dc9d57677b.o /Users/chrissotraidis/GitHub/caesarpad/engines/augustus/src/graphics/menu.c normal arm64 c com.apple.compilers.llvm.clang.1_0.compiler (in target 'augustus' from project 'augustus')
    cd /Users/chrissotraidis/GitHub/caesarpad/engines/augustus

    Using response file: /Users/chrissotraidis/GitHub/caesarpad/build/ios/build/augustus.build/Release-iphonesimulator/Objects-normal/arm64/7187679823f38a2a940e0043cdf9d637-common-args.resp

    /Applications/Xcode.app/Contents/Developer/Toolchains/XcodeDefault.xctoolchain/usr/bin/clang -x c -ivfsstatcache /Users/chrissotraidis/GitHub/caesarpad/build/ios/DerivedData/SDKStatCaches.noindex/iphonesimulator26.5-23F81a-6cfe768891a92b912361537c460fe42b.sdkstatcache -target arm64-apple-ios14.0-simulator -fmessage-length\=0 -fdiagnostics-show-note-include-stack -fmacro-backtrace-limit\=0 -fno-color-diagnostics -Wno-trigraphs -Wno-missing-field-initializers -Wno-missing-prototypes -Wno-return-type -Wno-missing-braces -Wparentheses -Wswitch -Wno-unused-function -Wno-unused-label -Wno-unused-parameter -Wno-unused-variable -Wunused-value -Wno-empty-body -Wno-uninitialized -Wno-unknown-pragmas -Wno-shadow -Wno-four-char-constants -Wno-conversion -Wno-constant-conversion -Wno-int-conversion -Wno-bool-conversion -Wno-enum-conversion -Wno-float-conversion -Wno-non-literal-null-conversion -Wno-objc-literal-conversion -Wshorten-64-to-32 -Wpointer-sign -Wno-newline-eof -Wno-implicit-fallthrough -isysroot /Applications/Xcode.app/Contents/Developer/Platforms/iPhoneSimulator.platform/Developer/SDKs/iPhoneSimulator26.5.sdk -fstrict-aliasing -Wdeprecated-declarations -Wno-sign-conversion -Wno-infinite-recursion -Wno-comma -Wno-block-capture-autoreleasing -Wno-strict-prototypes -Wno-semicolon-before-method-body @/Users/chrissotraidis/GitHub/caesarpad/build/ios/build/augustus.build/Release-iphonesimulator/Objects-normal/arm64/7187679823f38a2a940e0043cdf9d637-common-args.resp -MMD -MT dependencies -MF /Users/chrissotraidis/GitHub/caesarpad/build/ios/build/augustus.build/Release-iphonesimulator/Objects-normal/arm64/menu-fef598d1032cc604b47fb8dc9d57677b.d --serialize-diagnostics /Users/chrissotraidis/GitHub/caesarpad/build/ios/build/augustus.build/Release-iphonesimulator/Objects-normal/arm64/menu-fef598d1032cc604b47fb8dc9d57677b.dia -c /Users/chrissotraidis/GitHub/caesarpad/engines/augustus/src/graphics/menu.c -o /Users/chrissotraidis/GitHub/caesarpad/build/ios/build/augustus.build/Release-iphonesimulator/Objects-normal/arm64/menu-fef598d1032cc604b47fb8dc9d57677b.o

CompileC /Users/chrissotraidis/GitHub/caesarpad/build/ios/build/augustus.build/Release-iphonesimulator/Objects-normal/arm64/map_editor_tool.o /Users/chrissotraidis/GitHub/caesarpad/engines/augustus/src/widget/map_editor_tool.c normal arm64 c com.apple.compilers.llvm.clang.1_0.compiler (in target 'augustus' from project 'augustus')
    cd /Users/chrissotraidis/GitHub/caesarpad/engines/augustus

    Using response file: /Users/chrissotraidis/GitHub/caesarpad/build/ios/build/augustus.build/Release-iphonesimulator/Objects-normal/arm64/7187679823f38a2a940e0043cdf9d637-common-args.resp

    /Applications/Xcode.app/Contents/Developer/Toolchains/XcodeDefault.xctoolchain/usr/bin/clang -x c -ivfsstatcache /Users/chrissotraidis/GitHub/caesarpad/build/ios/DerivedData/SDKStatCaches.noindex/iphonesimulator26.5-23F81a-6cfe768891a92b912361537c460fe42b.sdkstatcache -target arm64-apple-ios14.0-simulator -fmessage-length\=0 -fdiagnostics-show-note-include-stack -fmacro-backtrace-limit\=0 -fno-color-diagnostics -Wno-trigraphs -Wno-missing-field-initializers -Wno-missing-prototypes -Wno-return-type -Wno-missing-braces -Wparentheses -Wswitch -Wno-unused-function -Wno-unused-label -Wno-unused-parameter -Wno-unused-variable -Wunused-value -Wno-empty-body -Wno-uninitialized -Wno-unknown-pragmas -Wno-shadow -Wno-four-char-constants -Wno-conversion -Wno-constant-conversion -Wno-int-conversion -Wno-bool-conversion -Wno-enum-conversion -Wno-float-conversion -Wno-non-literal-null-conversion -Wno-objc-literal-conversion -Wshorten-64-to-32 -Wpointer-sign -Wno-newline-eof -Wno-implicit-fallthrough -isysroot /Applications/Xcode.app/Contents/Developer/Platforms/iPhoneSimulator.platform/Developer/SDKs/iPhoneSimulator26.5.sdk -fstrict-aliasing -Wdeprecated-declarations -Wno-sign-conversion -Wno-infinite-recursion -Wno-comma -Wno-block-capture-autoreleasing -Wno-strict-prototypes -Wno-semicolon-before-method-body @/Users/chrissotraidis/GitHub/caesarpad/build/ios/build/augustus.build/Release-iphonesimulator/Objects-normal/arm64/7187679823f38a2a940e0043cdf9d637-common-args.resp -MMD -MT dependencies -MF /Users/chrissotraidis/GitHub/caesarpad/build/ios/build/augustus.build/Release-iphonesimulator/Objects-normal/arm64/map_editor_tool.d --serialize-diagnostics /Users/chrissotraidis/GitHub/caesarpad/build/ios/build/augustus.build/Release-iphonesimulator/Objects-normal/arm64/map_editor_tool.dia -c /Users/chrissotraidis/GitHub/caesarpad/engines/augustus/src/widget/map_editor_tool.c -o /Users/chrissotraidis/GitHub/caesarpad/build/ios/build/augustus.build/Release-iphonesimulator/Objects-normal/arm64/map_editor_tool.o

CompileC /Users/chrissotraidis/GitHub/caesarpad/build/ios/build/augustus.build/Release-iphonesimulator/Objects-normal/arm64/map_editor.o /Users/chrissotraidis/GitHub/caesarpad/engines/augustus/src/widget/map_editor.c normal arm64 c com.apple.compilers.llvm.clang.1_0.compiler (in target 'augustus' from project 'augustus')
    cd /Users/chrissotraidis/GitHub/caesarpad/engines/augustus

    Using response file: /Users/chrissotraidis/GitHub/caesarpad/build/ios/build/augustus.build/Release-iphonesimulator/Objects-normal/arm64/7187679823f38a2a940e0043cdf9d637-common-args.resp

    /Applications/Xcode.app/Contents/Developer/Toolchains/XcodeDefault.xctoolchain/usr/bin/clang -x c -ivfsstatcache /Users/chrissotraidis/GitHub/caesarpad/build/ios/DerivedData/SDKStatCaches.noindex/iphonesimulator26.5-23F81a-6cfe768891a92b912361537c460fe42b.sdkstatcache -target arm64-apple-ios14.0-simulator -fmessage-length\=0 -fdiagnostics-show-note-include-stack -fmacro-backtrace-limit\=0 -fno-color-diagnostics -Wno-trigraphs -Wno-missing-field-initializers -Wno-missing-prototypes -Wno-return-type -Wno-missing-braces -Wparentheses -Wswitch -Wno-unused-function -Wno-unused-label -Wno-unused-parameter -Wno-unused-variable -Wunused-value -Wno-empty-body -Wno-uninitialized -Wno-unknown-pragmas -Wno-shadow -Wno-four-char-constants -Wno-conversion -Wno-constant-conversion -Wno-int-conversion -Wno-bool-conversion -Wno-enum-conversion -Wno-float-conversion -Wno-non-literal-null-conversion -Wno-objc-literal-conversion -Wshorten-64-to-32 -Wpointer-sign -Wno-newline-eof -Wno-implicit-fallthrough -isysroot /Applications/Xcode.app/Contents/Developer/Platforms/iPhoneSimulator.platform/Developer/SDKs/iPhoneSimulator26.5.sdk -fstrict-aliasing -Wdeprecated-declarations -Wno-sign-conversion -Wno-infinite-recursion -Wno-comma -Wno-block-capture-autoreleasing -Wno-strict-prototypes -Wno-semicolon-before-method-body @/Users/chrissotraidis/GitHub/caesarpad/build/ios/build/augustus.build/Release-iphonesimulator/Objects-normal/arm64/7187679823f38a2a940e0043cdf9d637-common-args.resp -MMD -MT dependencies -MF /Users/chrissotraidis/GitHub/caesarpad/build/ios/build/augustus.build/Release-iphonesimulator/Objects-normal/arm64/map_editor.d --serialize-diagnostics /Users/chrissotraidis/GitHub/caesarpad/build/ios/build/augustus.build/Release-iphonesimulator/Objects-normal/arm64/map_editor.dia -c /Users/chrissotraidis/GitHub/caesarpad/engines/augustus/src/widget/map_editor.c -o /Users/chrissotraidis/GitHub/caesarpad/build/ios/build/augustus.build/Release-iphonesimulator/Objects-normal/arm64/map_editor.o

CompileC /Users/chrissotraidis/GitHub/caesarpad/build/ios/build/augustus.build/Release-iphonesimulator/Objects-normal/arm64/map-97902fbb7bbc2ffef57959afda773b0b.o /Users/chrissotraidis/GitHub/caesarpad/engines/augustus/src/window/editor/map.c normal arm64 c com.apple.compilers.llvm.clang.1_0.compiler (in target 'augustus' from project 'augustus')
    cd /Users/chrissotraidis/GitHub/caesarpad/engines/augustus

    Using response file: /Users/chrissotraidis/GitHub/caesarpad/build/ios/build/augustus.build/Release-iphonesimulator/Objects-normal/arm64/7187679823f38a2a940e0043cdf9d637-common-args.resp

    /Applications/Xcode.app/Contents/Developer/Toolchains/XcodeDefault.xctoolchain/usr/bin/clang -x c -ivfsstatcache /Users/chrissotraidis/GitHub/caesarpad/build/ios/DerivedData/SDKStatCaches.noindex/iphonesimulator26.5-23F81a-6cfe768891a92b912361537c460fe42b.sdkstatcache -target arm64-apple-ios14.0-simulator -fmessage-length\=0 -fdiagnostics-show-note-include-stack -fmacro-backtrace-limit\=0 -fno-color-diagnostics -Wno-trigraphs -Wno-missing-field-initializers -Wno-missing-prototypes -Wno-return-type -Wno-missing-braces -Wparentheses -Wswitch -Wno-unused-function -Wno-unused-label -Wno-unused-parameter -Wno-unused-variable -Wunused-value -Wno-empty-body -Wno-uninitialized -Wno-unknown-pragmas -Wno-shadow -Wno-four-char-constants -Wno-conversion -Wno-constant-conversion -Wno-int-conversion -Wno-bool-conversion -Wno-enum-conversion -Wno-float-conversion -Wno-non-literal-null-conversion -Wno-objc-literal-conversion -Wshorten-64-to-32 -Wpointer-sign -Wno-newline-eof -Wno-implicit-fallthrough -isysroot /Applications/Xcode.app/Contents/Developer/Platforms/iPhoneSimulator.platform/Developer/SDKs/iPhoneSimulator26.5.sdk -fstrict-aliasing -Wdeprecated-declarations -Wno-sign-conversion -Wno-infinite-recursion -Wno-comma -Wno-block-capture-autoreleasing -Wno-strict-prototypes -Wno-semicolon-before-method-body @/Users/chrissotraidis/GitHub/caesarpad/build/ios/build/augustus.build/Release-iphonesimulator/Objects-normal/arm64/7187679823f38a2a940e0043cdf9d637-common-args.resp -MMD -MT dependencies -MF /Users/chrissotraidis/GitHub/caesarpad/build/ios/build/augustus.build/Release-iphonesimulator/Objects-normal/arm64/map-97902fbb7bbc2ffef57959afda773b0b.d --serialize-diagnostics /Users/chrissotraidis/GitHub/caesarpad/build/ios/build/augustus.build/Release-iphonesimulator/Objects-normal/arm64/map-97902fbb7bbc2ffef57959afda773b0b.dia -c /Users/chrissotraidis/GitHub/caesarpad/engines/augustus/src/window/editor/map.c -o /Users/chrissotraidis/GitHub/caesarpad/build/ios/build/augustus.build/Release-iphonesimulator/Objects-normal/arm64/map-97902fbb7bbc2ffef57959afda773b0b.o

CompileC /Users/chrissotraidis/GitHub/caesarpad/build/ios/build/augustus.build/Release-iphonesimulator/Objects-normal/arm64/main_menu.o /Users/chrissotraidis/GitHub/caesarpad/engines/augustus/src/window/main_menu.c normal arm64 c com.apple.compilers.llvm.clang.1_0.compiler (in target 'augustus' from project 'augustus')
    cd /Users/chrissotraidis/GitHub/caesarpad/engines/augustus

    Using response file: /Users/chrissotraidis/GitHub/caesarpad/build/ios/build/augustus.build/Release-iphonesimulator/Objects-normal/arm64/7187679823f38a2a940e0043cdf9d637-common-args.resp

    /Applications/Xcode.app/Contents/Developer/Toolchains/XcodeDefault.xctoolchain/usr/bin/clang -x c -ivfsstatcache /Users/chrissotraidis/GitHub/caesarpad/build/ios/DerivedData/SDKStatCaches.noindex/iphonesimulator26.5-23F81a-6cfe768891a92b912361537c460fe42b.sdkstatcache -target arm64-apple-ios14.0-simulator -fmessage-length\=0 -fdiagnostics-show-note-include-stack -fmacro-backtrace-limit\=0 -fno-color-diagnostics -Wno-trigraphs -Wno-missing-field-initializers -Wno-missing-prototypes -Wno-return-type -Wno-missing-braces -Wparentheses -Wswitch -Wno-unused-function -Wno-unused-label -Wno-unused-parameter -Wno-unused-variable -Wunused-value -Wno-empty-body -Wno-uninitialized -Wno-unknown-pragmas -Wno-shadow -Wno-four-char-constants -Wno-conversion -Wno-constant-conversion -Wno-int-conversion -Wno-bool-conversion -Wno-enum-conversion -Wno-float-conversion -Wno-non-literal-null-conversion -Wno-objc-literal-conversion -Wshorten-64-to-32 -Wpointer-sign -Wno-newline-eof -Wno-implicit-fallthrough -isysroot /Applications/Xcode.app/Contents/Developer/Platforms/iPhoneSimulator.platform/Developer/SDKs/iPhoneSimulator26.5.sdk -fstrict-aliasing -Wdeprecated-declarations -Wno-sign-conversion -Wno-infinite-recursion -Wno-comma -Wno-block-capture-autoreleasing -Wno-strict-prototypes -Wno-semicolon-before-method-body @/Users/chrissotraidis/GitHub/caesarpad/build/ios/build/augustus.build/Release-iphonesimulator/Objects-normal/arm64/7187679823f38a2a940e0043cdf9d637-common-args.resp -MMD -MT dependencies -MF /Users/chrissotraidis/GitHub/caesarpad/build/ios/build/augustus.build/Release-iphonesimulator/Objects-normal/arm64/main_menu.d --serialize-diagnostics /Users/chrissotraidis/GitHub/caesarpad/build/ios/build/augustus.build/Release-iphonesimulator/Objects-normal/arm64/main_menu.dia -c /Users/chrissotraidis/GitHub/caesarpad/engines/augustus/src/window/main_menu.c -o /Users/chrissotraidis/GitHub/caesarpad/build/ios/build/augustus.build/Release-iphonesimulator/Objects-normal/arm64/main_menu.o

CompileC /Users/chrissotraidis/GitHub/caesarpad/build/ios/build/augustus.build/Release-iphonesimulator/Objects-normal/arm64/logo.o /Users/chrissotraidis/GitHub/caesarpad/engines/augustus/src/window/logo.c normal arm64 c com.apple.compilers.llvm.clang.1_0.compiler (in target 'augustus' from project 'augustus')
    cd /Users/chrissotraidis/GitHub/caesarpad/engines/augustus

    Using response file: /Users/chrissotraidis/GitHub/caesarpad/build/ios/build/augustus.build/Release-iphonesimulator/Objects-normal/arm64/7187679823f38a2a940e0043cdf9d637-common-args.resp

    /Applications/Xcode.app/Contents/Developer/Toolchains/XcodeDefault.xctoolchain/usr/bin/clang -x c -ivfsstatcache /Users/chrissotraidis/GitHub/caesarpad/build/ios/DerivedData/SDKStatCaches.noindex/iphonesimulator26.5-23F81a-6cfe768891a92b912361537c460fe42b.sdkstatcache -target arm64-apple-ios14.0-simulator -fmessage-length\=0 -fdiagnostics-show-note-include-stack -fmacro-backtrace-limit\=0 -fno-color-diagnostics -Wno-trigraphs -Wno-missing-field-initializers -Wno-missing-prototypes -Wno-return-type -Wno-missing-braces -Wparentheses -Wswitch -Wno-unused-function -Wno-unused-label -Wno-unused-parameter -Wno-unused-variable -Wunused-value -Wno-empty-body -Wno-uninitialized -Wno-unknown-pragmas -Wno-shadow -Wno-four-char-constants -Wno-conversion -Wno-constant-conversion -Wno-int-conversion -Wno-bool-conversion -Wno-enum-conversion -Wno-float-conversion -Wno-non-literal-null-conversion -Wno-objc-literal-conversion -Wshorten-64-to-32 -Wpointer-sign -Wno-newline-eof -Wno-implicit-fallthrough -isysroot /Applications/Xcode.app/Contents/Developer/Platforms/iPhoneSimulator.platform/Developer/SDKs/iPhoneSimulator26.5.sdk -fstrict-aliasing -Wdeprecated-declarations -Wno-sign-conversion -Wno-infinite-recursion -Wno-comma -Wno-block-capture-autoreleasing -Wno-strict-prototypes -Wno-semicolon-before-method-body @/Users/chrissotraidis/GitHub/caesarpad/build/ios/build/augustus.build/Release-iphonesimulator/Objects-normal/arm64/7187679823f38a2a940e0043cdf9d637-common-args.resp -MMD -MT dependencies -MF /Users/chrissotraidis/GitHub/caesarpad/build/ios/build/augustus.build/Release-iphonesimulator/Objects-normal/arm64/logo.d --serialize-diagnostics /Users/chrissotraidis/GitHub/caesarpad/build/ios/build/augustus.build/Release-iphonesimulator/Objects-normal/arm64/logo.dia -c /Users/chrissotraidis/GitHub/caesarpad/engines/augustus/src/window/logo.c -o /Users/chrissotraidis/GitHub/caesarpad/build/ios/build/augustus.build/Release-iphonesimulator/Objects-normal/arm64/logo.o

CompileC /Users/chrissotraidis/GitHub/caesarpad/build/ios/build/augustus.build/Release-iphonesimulator/Objects-normal/arm64/list_box.o /Users/chrissotraidis/GitHub/caesarpad/engines/augustus/src/graphics/list_box.c normal arm64 c com.apple.compilers.llvm.clang.1_0.compiler (in target 'augustus' from project 'augustus')
    cd /Users/chrissotraidis/GitHub/caesarpad/engines/augustus

    Using response file: /Users/chrissotraidis/GitHub/caesarpad/build/ios/build/augustus.build/Release-iphonesimulator/Objects-normal/arm64/7187679823f38a2a940e0043cdf9d637-common-args.resp

    /Applications/Xcode.app/Contents/Developer/Toolchains/XcodeDefault.xctoolchain/usr/bin/clang -x c -ivfsstatcache /Users/chrissotraidis/GitHub/caesarpad/build/ios/DerivedData/SDKStatCaches.noindex/iphonesimulator26.5-23F81a-6cfe768891a92b912361537c460fe42b.sdkstatcache -target arm64-apple-ios14.0-simulator -fmessage-length\=0 -fdiagnostics-show-note-include-stack -fmacro-backtrace-limit\=0 -fno-color-diagnostics -Wno-trigraphs -Wno-missing-field-initializers -Wno-missing-prototypes -Wno-return-type -Wno-missing-braces -Wparentheses -Wswitch -Wno-unused-function -Wno-unused-label -Wno-unused-parameter -Wno-unused-variable -Wunused-value -Wno-empty-body -Wno-uninitialized -Wno-unknown-pragmas -Wno-shadow -Wno-four-char-constants -Wno-conversion -Wno-constant-conversion -Wno-int-conversion -Wno-bool-conversion -Wno-enum-conversion -Wno-float-conversion -Wno-non-literal-null-conversion -Wno-objc-literal-conversion -Wshorten-64-to-32 -Wpointer-sign -Wno-newline-eof -Wno-implicit-fallthrough -isysroot /Applications/Xcode.app/Contents/Developer/Platforms/iPhoneSimulator.platform/Developer/SDKs/iPhoneSimulator26.5.sdk -fstrict-aliasing -Wdeprecated-declarations -Wno-sign-conversion -Wno-infinite-recursion -Wno-comma -Wno-block-capture-autoreleasing -Wno-strict-prototypes -Wno-semicolon-before-method-body @/Users/chrissotraidis/GitHub/caesarpad/build/ios/build/augustus.build/Release-iphonesimulator/Objects-normal/arm64/7187679823f38a2a940e0043cdf9d637-common-args.resp -MMD -MT dependencies -MF /Users/chrissotraidis/GitHub/caesarpad/build/ios/build/augustus.build/Release-iphonesimulator/Objects-normal/arm64/list_box.d --serialize-diagnostics /Users/chrissotraidis/GitHub/caesarpad/build/ios/build/augustus.build/Release-iphonesimulator/Objects-normal/arm64/list_box.dia -c /Users/chrissotraidis/GitHub/caesarpad/engines/augustus/src/graphics/list_box.c -o /Users/chrissotraidis/GitHub/caesarpad/build/ios/build/augustus.build/Release-iphonesimulator/Objects-normal/arm64/list_box.o

CompileC /Users/chrissotraidis/GitHub/caesarpad/build/ios/build/augustus.build/Release-iphonesimulator/Objects-normal/arm64/lang_text.o /Users/chrissotraidis/GitHub/caesarpad/engines/augustus/src/graphics/lang_text.c normal arm64 c com.apple.compilers.llvm.clang.1_0.compiler (in target 'augustus' from project 'augustus')
    cd /Users/chrissotraidis/GitHub/caesarpad/engines/augustus

    Using response file: /Users/chrissotraidis/GitHub/caesarpad/build/ios/build/augustus.build/Release-iphonesimulator/Objects-normal/arm64/7187679823f38a2a940e0043cdf9d637-common-args.resp

    /Applications/Xcode.app/Contents/Developer/Toolchains/XcodeDefault.xctoolchain/usr/bin/clang -x c -ivfsstatcache /Users/chrissotraidis/GitHub/caesarpad/build/ios/DerivedData/SDKStatCaches.noindex/iphonesimulator26.5-23F81a-6cfe768891a92b912361537c460fe42b.sdkstatcache -target arm64-apple-ios14.0-simulator -fmessage-length\=0 -fdiagnostics-show-note-include-stack -fmacro-backtrace-limit\=0 -fno-color-diagnostics -Wno-trigraphs -Wno-missing-field-initializers -Wno-missing-prototypes -Wno-return-type -Wno-missing-braces -Wparentheses -Wswitch -Wno-unused-function -Wno-unused-label -Wno-unused-parameter -Wno-unused-variable -Wunused-value -Wno-empty-body -Wno-uninitialized -Wno-unknown-pragmas -Wno-shadow -Wno-four-char-constants -Wno-conversion -Wno-constant-conversion -Wno-int-conversion -Wno-bool-conversion -Wno-enum-conversion -Wno-float-conversion -Wno-non-literal-null-conversion -Wno-objc-literal-conversion -Wshorten-64-to-32 -Wpointer-sign -Wno-newline-eof -Wno-implicit-fallthrough -isysroot /Applications/Xcode.app/Contents/Developer/Platforms/iPhoneSimulator.platform/Developer/SDKs/iPhoneSimulator26.5.sdk -fstrict-aliasing -Wdeprecated-declarations -Wno-sign-conversion -Wno-infinite-recursion -Wno-comma -Wno-block-capture-autoreleasing -Wno-strict-prototypes -Wno-semicolon-before-method-body @/Users/chrissotraidis/GitHub/caesarpad/build/ios/build/augustus.build/Release-iphonesimulator/Objects-normal/arm64/7187679823f38a2a940e0043cdf9d637-common-args.resp -MMD -MT dependencies -MF /Users/chrissotraidis/GitHub/caesarpad/build/ios/build/augustus.build/Release-iphonesimulator/Objects-normal/arm64/lang_text.d --serialize-diagnostics /Users/chrissotraidis/GitHub/caesarpad/build/ios/build/augustus.build/Release-iphonesimulator/Objects-normal/arm64/lang_text.dia -c /Users/chrissotraidis/GitHub/caesarpad/engines/augustus/src/graphics/lang_text.c -o /Users/chrissotraidis/GitHub/caesarpad/build/ios/build/augustus.build/Release-iphonesimulator/Objects-normal/arm64/lang_text.o
/Users/chrissotraidis/GitHub/caesarpad/engines/augustus/src/graphics/lang_text.c:607:19: warning: implicit conversion loses integer precision: 'long' to 'int' [-Wshorten-64-to-32]
  607 |     return cursor - dst; // Return length of concatenated string
      |     ~~~~~~ ~~~~~~~^~~~~
1 warning generated.

CompileC /Users/chrissotraidis/GitHub/caesarpad/build/ios/build/augustus.build/Release-iphonesimulator/Objects-normal/arm64/labor_priority.o /Users/chrissotraidis/GitHub/caesarpad/engines/augustus/src/window/labor_priority.c normal arm64 c com.apple.compilers.llvm.clang.1_0.compiler (in target 'augustus' from project 'augustus')
    cd /Users/chrissotraidis/GitHub/caesarpad/engines/augustus

    Using response file: /Users/chrissotraidis/GitHub/caesarpad/build/ios/build/augustus.build/Release-iphonesimulator/Objects-normal/arm64/7187679823f38a2a940e0043cdf9d637-common-args.resp

    /Applications/Xcode.app/Contents/Developer/Toolchains/XcodeDefault.xctoolchain/usr/bin/clang -x c -ivfsstatcache /Users/chrissotraidis/GitHub/caesarpad/build/ios/DerivedData/SDKStatCaches.noindex/iphonesimulator26.5-23F81a-6cfe768891a92b912361537c460fe42b.sdkstatcache -target arm64-apple-ios14.0-simulator -fmessage-length\=0 -fdiagnostics-show-note-include-stack -fmacro-backtrace-limit\=0 -fno-color-diagnostics -Wno-trigraphs -Wno-missing-field-initializers -Wno-missing-prototypes -Wno-return-type -Wno-missing-braces -Wparentheses -Wswitch -Wno-unused-function -Wno-unused-label -Wno-unused-parameter -Wno-unused-variable -Wunused-value -Wno-empty-body -Wno-uninitialized -Wno-unknown-pragmas -Wno-shadow -Wno-four-char-constants -Wno-conversion -Wno-constant-conversion -Wno-int-conversion -Wno-bool-conversion -Wno-enum-conversion -Wno-float-conversion -Wno-non-literal-null-conversion -Wno-objc-literal-conversion -Wshorten-64-to-32 -Wpointer-sign -Wno-newline-eof -Wno-implicit-fallthrough -isysroot /Applications/Xcode.app/Contents/Developer/Platforms/iPhoneSimulator.platform/Developer/SDKs/iPhoneSimulator26.5.sdk -fstrict-aliasing -Wdeprecated-declarations -Wno-sign-conversion -Wno-infinite-recursion -Wno-comma -Wno-block-capture-autoreleasing -Wno-strict-prototypes -Wno-semicolon-before-method-body @/Users/chrissotraidis/GitHub/caesarpad/build/ios/build/augustus.build/Release-iphonesimulator/Objects-normal/arm64/7187679823f38a2a940e0043cdf9d637-common-args.resp -MMD -MT dependencies -MF /Users/chrissotraidis/GitHub/caesarpad/build/ios/build/augustus.build/Release-iphonesimulator/Objects-normal/arm64/labor_priority.d --serialize-diagnostics /Users/chrissotraidis/GitHub/caesarpad/build/ios/build/augustus.build/Release-iphonesimulator/Objects-normal/arm64/labor_priority.dia -c /Users/chrissotraidis/GitHub/caesarpad/engines/augustus/src/window/labor_priority.c -o /Users/chrissotraidis/GitHub/caesarpad/build/ios/build/augustus.build/Release-iphonesimulator/Objects-normal/arm64/labor_priority.o

CompileC /Users/chrissotraidis/GitHub/caesarpad/build/ios/build/augustus.build/Release-iphonesimulator/Objects-normal/arm64/labor-354be2b1cc74c5e4588e628937b88897.o /Users/chrissotraidis/GitHub/caesarpad/engines/augustus/src/window/advisor/labor.c normal arm64 c com.apple.compilers.llvm.clang.1_0.compiler (in target 'augustus' from project 'augustus')
    cd /Users/chrissotraidis/GitHub/caesarpad/engines/augustus

    Using response file: /Users/chrissotraidis/GitHub/caesarpad/build/ios/build/augustus.build/Release-iphonesimulator/Objects-normal/arm64/7187679823f38a2a940e0043cdf9d637-common-args.resp

    /Applications/Xcode.app/Contents/Developer/Toolchains/XcodeDefault.xctoolchain/usr/bin/clang -x c -ivfsstatcache /Users/chrissotraidis/GitHub/caesarpad/build/ios/DerivedData/SDKStatCaches.noindex/iphonesimulator26.5-23F81a-6cfe768891a92b912361537c460fe42b.sdkstatcache -target arm64-apple-ios14.0-simulator -fmessage-length\=0 -fdiagnostics-show-note-include-stack -fmacro-backtrace-limit\=0 -fno-color-diagnostics -Wno-trigraphs -Wno-missing-field-initializers -Wno-missing-prototypes -Wno-return-type -Wno-missing-braces -Wparentheses -Wswitch -Wno-unused-function -Wno-unused-label -Wno-unused-parameter -Wno-unused-variable -Wunused-value -Wno-empty-body -Wno-uninitialized -Wno-unknown-pragmas -Wno-shadow -Wno-four-char-constants -Wno-conversion -Wno-constant-conversion -Wno-int-conversion -Wno-bool-conversion -Wno-enum-conversion -Wno-float-conversion -Wno-non-literal-null-conversion -Wno-objc-literal-conversion -Wshorten-64-to-32 -Wpointer-sign -Wno-newline-eof -Wno-implicit-fallthrough -isysroot /Applications/Xcode.app/Contents/Developer/Platforms/iPhoneSimulator.platform/Developer/SDKs/iPhoneSimulator26.5.sdk -fstrict-aliasing -Wdeprecated-declarations -Wno-sign-conversion -Wno-infinite-recursion -Wno-comma -Wno-block-capture-autoreleasing -Wno-strict-prototypes -Wno-semicolon-before-method-body @/Users/chrissotraidis/GitHub/caesarpad/build/ios/build/augustus.build/Release-iphonesimulator/Objects-normal/arm64/7187679823f38a2a940e0043cdf9d637-common-args.resp -MMD -MT dependencies -MF /Users/chrissotraidis/GitHub/caesarpad/build/ios/build/augustus.build/Release-iphonesimulator/Objects-normal/arm64/labor-354be2b1cc74c5e4588e628937b88897.d --serialize-diagnostics /Users/chrissotraidis/GitHub/caesarpad/build/ios/build/augustus.build/Release-iphonesimulator/Objects-normal/arm64/labor-354be2b1cc74c5e4588e628937b88897.dia -c /Users/chrissotraidis/GitHub/caesarpad/engines/augustus/src/window/advisor/labor.c -o /Users/chrissotraidis/GitHub/caesarpad/build/ios/build/augustus.build/Release-iphonesimulator/Objects-normal/arm64/labor-354be2b1cc74c5e4588e628937b88897.o

CompileC /Users/chrissotraidis/GitHub/caesarpad/build/ios/build/augustus.build/Release-iphonesimulator/Objects-normal/arm64/keyboard_input.o /Users/chrissotraidis/GitHub/caesarpad/engines/augustus/src/platform/SDL2/keyboard_input.c normal arm64 c com.apple.compilers.llvm.clang.1_0.compiler (in target 'augustus' from project 'augustus')
    cd /Users/chrissotraidis/GitHub/caesarpad/engines/augustus

    Using response file: /Users/chrissotraidis/GitHub/caesarpad/build/ios/build/augustus.build/Release-iphonesimulator/Objects-normal/arm64/7187679823f38a2a940e0043cdf9d637-common-args.resp

    /Applications/Xcode.app/Contents/Developer/Toolchains/XcodeDefault.xctoolchain/usr/bin/clang -x c -ivfsstatcache /Users/chrissotraidis/GitHub/caesarpad/build/ios/DerivedData/SDKStatCaches.noindex/iphonesimulator26.5-23F81a-6cfe768891a92b912361537c460fe42b.sdkstatcache -target arm64-apple-ios14.0-simulator -fmessage-length\=0 -fdiagnostics-show-note-include-stack -fmacro-backtrace-limit\=0 -fno-color-diagnostics -Wno-trigraphs -Wno-missing-field-initializers -Wno-missing-prototypes -Wno-return-type -Wno-missing-braces -Wparentheses -Wswitch -Wno-unused-function -Wno-unused-label -Wno-unused-parameter -Wno-unused-variable -Wunused-value -Wno-empty-body -Wno-uninitialized -Wno-unknown-pragmas -Wno-shadow -Wno-four-char-constants -Wno-conversion -Wno-constant-conversion -Wno-int-conversion -Wno-bool-conversion -Wno-enum-conversion -Wno-float-conversion -Wno-non-literal-null-conversion -Wno-objc-literal-conversion -Wshorten-64-to-32 -Wpointer-sign -Wno-newline-eof -Wno-implicit-fallthrough -isysroot /Applications/Xcode.app/Contents/Developer/Platforms/iPhoneSimulator.platform/Developer/SDKs/iPhoneSimulator26.5.sdk -fstrict-aliasing -Wdeprecated-declarations -Wno-sign-conversion -Wno-infinite-recursion -Wno-comma -Wno-block-capture-autoreleasing -Wno-strict-prototypes -Wno-semicolon-before-method-body @/Users/chrissotraidis/GitHub/caesarpad/build/ios/build/augustus.build/Release-iphonesimulator/Objects-normal/arm64/7187679823f38a2a940e0043cdf9d637-common-args.resp -MMD -MT dependencies -MF /Users/chrissotraidis/GitHub/caesarpad/build/ios/build/augustus.build/Release-iphonesimulator/Objects-normal/arm64/keyboard_input.d --serialize-diagnostics /Users/chrissotraidis/GitHub/caesarpad/build/ios/build/augustus.build/Release-iphonesimulator/Objects-normal/arm64/keyboard_input.dia -c /Users/chrissotraidis/GitHub/caesarpad/engines/augustus/src/platform/SDL2/keyboard_input.c -o /Users/chrissotraidis/GitHub/caesarpad/build/ios/build/augustus.build/Release-iphonesimulator/Objects-normal/arm64/keyboard_input.o

CompileC /Users/chrissotraidis/GitHub/caesarpad/build/ios/build/augustus.build/Release-iphonesimulator/Objects-normal/arm64/keyboard.o /Users/chrissotraidis/GitHub/caesarpad/engines/augustus/src/input/keyboard.c normal arm64 c com.apple.compilers.llvm.clang.1_0.compiler (in target 'augustus' from project 'augustus')
    cd /Users/chrissotraidis/GitHub/caesarpad/engines/augustus

    Using response file: /Users/chrissotraidis/GitHub/caesarpad/build/ios/build/augustus.build/Release-iphonesimulator/Objects-normal/arm64/7187679823f38a2a940e0043cdf9d637-common-args.resp

    /Applications/Xcode.app/Contents/Developer/Toolchains/XcodeDefault.xctoolchain/usr/bin/clang -x c -ivfsstatcache /Users/chrissotraidis/GitHub/caesarpad/build/ios/DerivedData/SDKStatCaches.noindex/iphonesimulator26.5-23F81a-6cfe768891a92b912361537c460fe42b.sdkstatcache -target arm64-apple-ios14.0-simulator -fmessage-length\=0 -fdiagnostics-show-note-include-stack -fmacro-backtrace-limit\=0 -fno-color-diagnostics -Wno-trigraphs -Wno-missing-field-initializers -Wno-missing-prototypes -Wno-return-type -Wno-missing-braces -Wparentheses -Wswitch -Wno-unused-function -Wno-unused-label -Wno-unused-parameter -Wno-unused-variable -Wunused-value -Wno-empty-body -Wno-uninitialized -Wno-unknown-pragmas -Wno-shadow -Wno-four-char-constants -Wno-conversion -Wno-constant-conversion -Wno-int-conversion -Wno-bool-conversion -Wno-enum-conversion -Wno-float-conversion -Wno-non-literal-null-conversion -Wno-objc-literal-conversion -Wshorten-64-to-32 -Wpointer-sign -Wno-newline-eof -Wno-implicit-fallthrough -isysroot /Applications/Xcode.app/Contents/Developer/Platforms/iPhoneSimulator.platform/Developer/SDKs/iPhoneSimulator26.5.sdk -fstrict-aliasing -Wdeprecated-declarations -Wno-sign-conversion -Wno-infinite-recursion -Wno-comma -Wno-block-capture-autoreleasing -Wno-strict-prototypes -Wno-semicolon-before-method-body @/Users/chrissotraidis/GitHub/caesarpad/build/ios/build/augustus.build/Release-iphonesimulator/Objects-normal/arm64/7187679823f38a2a940e0043cdf9d637-common-args.resp -MMD -MT dependencies -MF /Users/chrissotraidis/GitHub/caesarpad/build/ios/build/augustus.build/Release-iphonesimulator/Objects-normal/arm64/keyboard.d --serialize-diagnostics /Users/chrissotraidis/GitHub/caesarpad/build/ios/build/augustus.build/Release-iphonesimulator/Objects-normal/arm64/keyboard.dia -c /Users/chrissotraidis/GitHub/caesarpad/engines/augustus/src/input/keyboard.c -o /Users/chrissotraidis/GitHub/caesarpad/build/ios/build/augustus.build/Release-iphonesimulator/Objects-normal/arm64/keyboard.o

CompileC /Users/chrissotraidis/GitHub/caesarpad/build/ios/build/augustus.build/Release-iphonesimulator/Objects-normal/arm64/joystick-5164266826ee96f7aceec9c7599edf46.o /Users/chrissotraidis/GitHub/caesarpad/engines/augustus/src/input/joystick.c normal arm64 c com.apple.compilers.llvm.clang.1_0.compiler (in target 'augustus' from project 'augustus')
    cd /Users/chrissotraidis/GitHub/caesarpad/engines/augustus

    Using response file: /Users/chrissotraidis/GitHub/caesarpad/build/ios/build/augustus.build/Release-iphonesimulator/Objects-normal/arm64/7187679823f38a2a940e0043cdf9d637-common-args.resp

    /Applications/Xcode.app/Contents/Developer/Toolchains/XcodeDefault.xctoolchain/usr/bin/clang -x c -ivfsstatcache /Users/chrissotraidis/GitHub/caesarpad/build/ios/DerivedData/SDKStatCaches.noindex/iphonesimulator26.5-23F81a-6cfe768891a92b912361537c460fe42b.sdkstatcache -target arm64-apple-ios14.0-simulator -fmessage-length\=0 -fdiagnostics-show-note-include-stack -fmacro-backtrace-limit\=0 -fno-color-diagnostics -Wno-trigraphs -Wno-missing-field-initializers -Wno-missing-prototypes -Wno-return-type -Wno-missing-braces -Wparentheses -Wswitch -Wno-unused-function -Wno-unused-label -Wno-unused-parameter -Wno-unused-variable -Wunused-value -Wno-empty-body -Wno-uninitialized -Wno-unknown-pragmas -Wno-shadow -Wno-four-char-constants -Wno-conversion -Wno-constant-conversion -Wno-int-conversion -Wno-bool-conversion -Wno-enum-conversion -Wno-float-conversion -Wno-non-literal-null-conversion -Wno-objc-literal-conversion -Wshorten-64-to-32 -Wpointer-sign -Wno-newline-eof -Wno-implicit-fallthrough -isysroot /Applications/Xcode.app/Contents/Developer/Platforms/iPhoneSimulator.platform/Developer/SDKs/iPhoneSimulator26.5.sdk -fstrict-aliasing -Wdeprecated-declarations -Wno-sign-conversion -Wno-infinite-recursion -Wno-comma -Wno-block-capture-autoreleasing -Wno-strict-prototypes -Wno-semicolon-before-method-body @/Users/chrissotraidis/GitHub/caesarpad/build/ios/build/augustus.build/Release-iphonesimulator/Objects-normal/arm64/7187679823f38a2a940e0043cdf9d637-common-args.resp -MMD -MT dependencies -MF /Users/chrissotraidis/GitHub/caesarpad/build/ios/build/augustus.build/Release-iphonesimulator/Objects-normal/arm64/joystick-5164266826ee96f7aceec9c7599edf46.d --serialize-diagnostics /Users/chrissotraidis/GitHub/caesarpad/build/ios/build/augustus.build/Release-iphonesimulator/Objects-normal/arm64/joystick-5164266826ee96f7aceec9c7599edf46.dia -c /Users/chrissotraidis/GitHub/caesarpad/engines/augustus/src/input/joystick.c -o /Users/chrissotraidis/GitHub/caesarpad/build/ios/build/augustus.build/Release-iphonesimulator/Objects-normal/arm64/joystick-5164266826ee96f7aceec9c7599edf46.o

CompileC /Users/chrissotraidis/GitHub/caesarpad/build/ios/build/augustus.build/Release-iphonesimulator/Objects-normal/arm64/joystick-2800fb6535b364b66bed278d418b4af2.o /Users/chrissotraidis/GitHub/caesarpad/engines/augustus/src/platform/SDL2/joystick.c normal arm64 c com.apple.compilers.llvm.clang.1_0.compiler (in target 'augustus' from project 'augustus')
    cd /Users/chrissotraidis/GitHub/caesarpad/engines/augustus

    Using response file: /Users/chrissotraidis/GitHub/caesarpad/build/ios/build/augustus.build/Release-iphonesimulator/Objects-normal/arm64/7187679823f38a2a940e0043cdf9d637-common-args.resp

    /Applications/Xcode.app/Contents/Developer/Toolchains/XcodeDefault.xctoolchain/usr/bin/clang -x c -ivfsstatcache /Users/chrissotraidis/GitHub/caesarpad/build/ios/DerivedData/SDKStatCaches.noindex/iphonesimulator26.5-23F81a-6cfe768891a92b912361537c460fe42b.sdkstatcache -target arm64-apple-ios14.0-simulator -fmessage-length\=0 -fdiagnostics-show-note-include-stack -fmacro-backtrace-limit\=0 -fno-color-diagnostics -Wno-trigraphs -Wno-missing-field-initializers -Wno-missing-prototypes -Wno-return-type -Wno-missing-braces -Wparentheses -Wswitch -Wno-unused-function -Wno-unused-label -Wno-unused-parameter -Wno-unused-variable -Wunused-value -Wno-empty-body -Wno-uninitialized -Wno-unknown-pragmas -Wno-shadow -Wno-four-char-constants -Wno-conversion -Wno-constant-conversion -Wno-int-conversion -Wno-bool-conversion -Wno-enum-conversion -Wno-float-conversion -Wno-non-literal-null-conversion -Wno-objc-literal-conversion -Wshorten-64-to-32 -Wpointer-sign -Wno-newline-eof -Wno-implicit-fallthrough -isysroot /Applications/Xcode.app/Contents/Developer/Platforms/iPhoneSimulator.platform/Developer/SDKs/iPhoneSimulator26.5.sdk -fstrict-aliasing -Wdeprecated-declarations -Wno-sign-conversion -Wno-infinite-recursion -Wno-comma -Wno-block-capture-autoreleasing -Wno-strict-prototypes -Wno-semicolon-before-method-body @/Users/chrissotraidis/GitHub/caesarpad/build/ios/build/augustus.build/Release-iphonesimulator/Objects-normal/arm64/7187679823f38a2a940e0043cdf9d637-common-args.resp -MMD -MT dependencies -MF /Users/chrissotraidis/GitHub/caesarpad/build/ios/build/augustus.build/Release-iphonesimulator/Objects-normal/arm64/joystick-2800fb6535b364b66bed278d418b4af2.d --serialize-diagnostics /Users/chrissotraidis/GitHub/caesarpad/build/ios/build/augustus.build/Release-iphonesimulator/Objects-normal/arm64/joystick-2800fb6535b364b66bed278d418b4af2.dia -c /Users/chrissotraidis/GitHub/caesarpad/engines/augustus/src/platform/SDL2/joystick.c -o /Users/chrissotraidis/GitHub/caesarpad/build/ios/build/augustus.build/Release-iphonesimulator/Objects-normal/arm64/joystick-2800fb6535b364b66bed278d418b4af2.o

CompileC /Users/chrissotraidis/GitHub/caesarpad/build/ios/build/augustus.build/Release-iphonesimulator/Objects-normal/arm64/ios.o /Users/chrissotraidis/GitHub/caesarpad/engines/augustus/src/platform/ios/ios.m normal arm64 objective-c com.apple.compilers.llvm.clang.1_0.compiler (in target 'augustus' from project 'augustus')
    cd /Users/chrissotraidis/GitHub/caesarpad/engines/augustus

    Using response file: /Users/chrissotraidis/GitHub/caesarpad/build/ios/build/augustus.build/Release-iphonesimulator/Objects-normal/arm64/e6072d4f65d7061329687fe24e3d63a7-common-args.resp

    /Applications/Xcode.app/Contents/Developer/Toolchains/XcodeDefault.xctoolchain/usr/bin/clang -x objective-c -ivfsstatcache /Users/chrissotraidis/GitHub/caesarpad/build/ios/DerivedData/SDKStatCaches.noindex/iphonesimulator26.5-23F81a-6cfe768891a92b912361537c460fe42b.sdkstatcache -target arm64-apple-ios14.0-simulator -fmessage-length\=0 -fdiagnostics-show-note-include-stack -fmacro-backtrace-limit\=0 -fno-color-diagnostics -Wno-trigraphs -Wno-missing-field-initializers -Wno-missing-prototypes -Wno-return-type -Wno-implicit-atomic-properties -Wno-objc-interface-ivars -Wno-arc-repeated-use-of-weak -Wno-missing-braces -Wparentheses -Wswitch -Wno-unused-function -Wno-unused-label -Wno-unused-parameter -Wno-unused-variable -Wunused-value -Wno-empty-body -Wno-uninitialized -Wno-unknown-pragmas -Wno-shadow -Wno-four-char-constants -Wno-conversion -Wno-constant-conversion -Wno-int-conversion -Wno-bool-conversion -Wno-enum-conversion -Wno-float-conversion -Wno-non-literal-null-conversion -Wno-objc-literal-conversion -Wshorten-64-to-32 -Wpointer-sign -Wno-newline-eof -Wno-selector -Wno-strict-selector-match -Wno-undeclared-selector -Wno-deprecated-implementations -Wno-implicit-fallthrough -isysroot /Applications/Xcode.app/Contents/Developer/Platforms/iPhoneSimulator.platform/Developer/SDKs/iPhoneSimulator26.5.sdk -fstrict-aliasing -Wprotocol -Wdeprecated-declarations -Wno-sign-conversion -Wno-infinite-recursion -Wno-comma -Wno-block-capture-autoreleasing -Wno-strict-prototypes -Wno-semicolon-before-method-body @/Users/chrissotraidis/GitHub/caesarpad/build/ios/build/augustus.build/Release-iphonesimulator/Objects-normal/arm64/e6072d4f65d7061329687fe24e3d63a7-common-args.resp -MMD -MT dependencies -MF /Users/chrissotraidis/GitHub/caesarpad/build/ios/build/augustus.build/Release-iphonesimulator/Objects-normal/arm64/ios.d --serialize-diagnostics /Users/chrissotraidis/GitHub/caesarpad/build/ios/build/augustus.build/Release-iphonesimulator/Objects-normal/arm64/ios.dia -c /Users/chrissotraidis/GitHub/caesarpad/engines/augustus/src/platform/ios/ios.m -o /Users/chrissotraidis/GitHub/caesarpad/build/ios/build/augustus.build/Release-iphonesimulator/Objects-normal/arm64/ios.o

CompileC /Users/chrissotraidis/GitHub/caesarpad/build/ios/build/augustus.build/Release-iphonesimulator/Objects-normal/arm64/invasions.o /Users/chrissotraidis/GitHub/caesarpad/engines/augustus/src/window/editor/invasions.c normal arm64 c com.apple.compilers.llvm.clang.1_0.compiler (in target 'augustus' from project 'augustus')
    cd /Users/chrissotraidis/GitHub/caesarpad/engines/augustus

    Using response file: /Users/chrissotraidis/GitHub/caesarpad/build/ios/build/augustus.build/Release-iphonesimulator/Objects-normal/arm64/7187679823f38a2a940e0043cdf9d637-common-args.resp

    /Applications/Xcode.app/Contents/Developer/Toolchains/XcodeDefault.xctoolchain/usr/bin/clang -x c -ivfsstatcache /Users/chrissotraidis/GitHub/caesarpad/build/ios/DerivedData/SDKStatCaches.noindex/iphonesimulator26.5-23F81a-6cfe768891a92b912361537c460fe42b.sdkstatcache -target arm64-apple-ios14.0-simulator -fmessage-length\=0 -fdiagnostics-show-note-include-stack -fmacro-backtrace-limit\=0 -fno-color-diagnostics -Wno-trigraphs -Wno-missing-field-initializers -Wno-missing-prototypes -Wno-return-type -Wno-missing-braces -Wparentheses -Wswitch -Wno-unused-function -Wno-unused-label -Wno-unused-parameter -Wno-unused-variable -Wunused-value -Wno-empty-body -Wno-uninitialized -Wno-unknown-pragmas -Wno-shadow -Wno-four-char-constants -Wno-conversion -Wno-constant-conversion -Wno-int-conversion -Wno-bool-conversion -Wno-enum-conversion -Wno-float-conversion -Wno-non-literal-null-conversion -Wno-objc-literal-conversion -Wshorten-64-to-32 -Wpointer-sign -Wno-newline-eof -Wno-implicit-fallthrough -isysroot /Applications/Xcode.app/Contents/Developer/Platforms/iPhoneSimulator.platform/Developer/SDKs/iPhoneSimulator26.5.sdk -fstrict-aliasing -Wdeprecated-declarations -Wno-sign-conversion -Wno-infinite-recursion -Wno-comma -Wno-block-capture-autoreleasing -Wno-strict-prototypes -Wno-semicolon-before-method-body @/Users/chrissotraidis/GitHub/caesarpad/build/ios/build/augustus.build/Release-iphonesimulator/Objects-normal/arm64/7187679823f38a2a940e0043cdf9d637-common-args.resp -MMD -MT dependencies -MF /Users/chrissotraidis/GitHub/caesarpad/build/ios/build/augustus.build/Release-iphonesimulator/Objects-normal/arm64/invasions.d --serialize-diagnostics /Users/chrissotraidis/GitHub/caesarpad/build/ios/build/augustus.build/Release-iphonesimulator/Objects-normal/arm64/invasions.dia -c /Users/chrissotraidis/GitHub/caesarpad/engines/augustus/src/window/editor/invasions.c -o /Users/chrissotraidis/GitHub/caesarpad/build/ios/build/augustus.build/Release-iphonesimulator/Objects-normal/arm64/invasions.o

CompileC /Users/chrissotraidis/GitHub/caesarpad/build/ios/build/augustus.build/Release-iphonesimulator/Objects-normal/arm64/intro_video.o /Users/chrissotraidis/GitHub/caesarpad/engines/augustus/src/window/intro_video.c normal arm64 c com.apple.compilers.llvm.clang.1_0.compiler (in target 'augustus' from project 'augustus')
    cd /Users/chrissotraidis/GitHub/caesarpad/engines/augustus

    Using response file: /Users/chrissotraidis/GitHub/caesarpad/build/ios/build/augustus.build/Release-iphonesimulator/Objects-normal/arm64/7187679823f38a2a940e0043cdf9d637-common-args.resp

    /Applications/Xcode.app/Contents/Developer/Toolchains/XcodeDefault.xctoolchain/usr/bin/clang -x c -ivfsstatcache /Users/chrissotraidis/GitHub/caesarpad/build/ios/DerivedData/SDKStatCaches.noindex/iphonesimulator26.5-23F81a-6cfe768891a92b912361537c460fe42b.sdkstatcache -target arm64-apple-ios14.0-simulator -fmessage-length\=0 -fdiagnostics-show-note-include-stack -fmacro-backtrace-limit\=0 -fno-color-diagnostics -Wno-trigraphs -Wno-missing-field-initializers -Wno-missing-prototypes -Wno-return-type -Wno-missing-braces -Wparentheses -Wswitch -Wno-unused-function -Wno-unused-label -Wno-unused-parameter -Wno-unused-variable -Wunused-value -Wno-empty-body -Wno-uninitialized -Wno-unknown-pragmas -Wno-shadow -Wno-four-char-constants -Wno-conversion -Wno-constant-conversion -Wno-int-conversion -Wno-bool-conversion -Wno-enum-conversion -Wno-float-conversion -Wno-non-literal-null-conversion -Wno-objc-literal-conversion -Wshorten-64-to-32 -Wpointer-sign -Wno-newline-eof -Wno-implicit-fallthrough -isysroot /Applications/Xcode.app/Contents/Developer/Platforms/iPhoneSimulator.platform/Developer/SDKs/iPhoneSimulator26.5.sdk -fstrict-aliasing -Wdeprecated-declarations -Wno-sign-conversion -Wno-infinite-recursion -Wno-comma -Wno-block-capture-autoreleasing -Wno-strict-prototypes -Wno-semicolon-before-method-body @/Users/chrissotraidis/GitHub/caesarpad/build/ios/build/augustus.build/Release-iphonesimulator/Objects-normal/arm64/7187679823f38a2a940e0043cdf9d637-common-args.resp -MMD -MT dependencies -MF /Users/chrissotraidis/GitHub/caesarpad/build/ios/build/augustus.build/Release-iphonesimulator/Objects-normal/arm64/intro_video.d --serialize-diagnostics /Users/chrissotraidis/GitHub/caesarpad/build/ios/build/augustus.build/Release-iphonesimulator/Objects-normal/arm64/intro_video.dia -c /Users/chrissotraidis/GitHub/caesarpad/engines/augustus/src/window/intro_video.c -o /Users/chrissotraidis/GitHub/caesarpad/build/ios/build/augustus.build/Release-iphonesimulator/Objects-normal/arm64/intro_video.o

CompileC /Users/chrissotraidis/GitHub/caesarpad/build/ios/build/augustus.build/Release-iphonesimulator/Objects-normal/arm64/intermezzo.o /Users/chrissotraidis/GitHub/caesarpad/engines/augustus/src/window/intermezzo.c normal arm64 c com.apple.compilers.llvm.clang.1_0.compiler (in target 'augustus' from project 'augustus')
    cd /Users/chrissotraidis/GitHub/caesarpad/engines/augustus

    Using response file: /Users/chrissotraidis/GitHub/caesarpad/build/ios/build/augustus.build/Release-iphonesimulator/Objects-normal/arm64/7187679823f38a2a940e0043cdf9d637-common-args.resp

    /Applications/Xcode.app/Contents/Developer/Toolchains/XcodeDefault.xctoolchain/usr/bin/clang -x c -ivfsstatcache /Users/chrissotraidis/GitHub/caesarpad/build/ios/DerivedData/SDKStatCaches.noindex/iphonesimulator26.5-23F81a-6cfe768891a92b912361537c460fe42b.sdkstatcache -target arm64-apple-ios14.0-simulator -fmessage-length\=0 -fdiagnostics-show-note-include-stack -fmacro-backtrace-limit\=0 -fno-color-diagnostics -Wno-trigraphs -Wno-missing-field-initializers -Wno-missing-prototypes -Wno-return-type -Wno-missing-braces -Wparentheses -Wswitch -Wno-unused-function -Wno-unused-label -Wno-unused-parameter -Wno-unused-variable -Wunused-value -Wno-empty-body -Wno-uninitialized -Wno-unknown-pragmas -Wno-shadow -Wno-four-char-constants -Wno-conversion -Wno-constant-conversion -Wno-int-conversion -Wno-bool-conversion -Wno-enum-conversion -Wno-float-conversion -Wno-non-literal-null-conversion -Wno-objc-literal-conversion -Wshorten-64-to-32 -Wpointer-sign -Wno-newline-eof -Wno-implicit-fallthrough -isysroot /Applications/Xcode.app/Contents/Developer/Platforms/iPhoneSimulator.platform/Developer/SDKs/iPhoneSimulator26.5.sdk -fstrict-aliasing -Wdeprecated-declarations -Wno-sign-conversion -Wno-infinite-recursion -Wno-comma -Wno-block-capture-autoreleasing -Wno-strict-prototypes -Wno-semicolon-before-method-body @/Users/chrissotraidis/GitHub/caesarpad/build/ios/build/augustus.build/Release-iphonesimulator/Objects-normal/arm64/7187679823f38a2a940e0043cdf9d637-common-args.resp -MMD -MT dependencies -MF /Users/chrissotraidis/GitHub/caesarpad/build/ios/build/augustus.build/Release-iphonesimulator/Objects-normal/arm64/intermezzo.d --serialize-diagnostics /Users/chrissotraidis/GitHub/caesarpad/build/ios/build/augustus.build/Release-iphonesimulator/Objects-normal/arm64/intermezzo.dia -c /Users/chrissotraidis/GitHub/caesarpad/engines/augustus/src/window/intermezzo.c -o /Users/chrissotraidis/GitHub/caesarpad/build/ios/build/augustus.build/Release-iphonesimulator/Objects-normal/arm64/intermezzo.o

CompileC /Users/chrissotraidis/GitHub/caesarpad/build/ios/build/augustus.build/Release-iphonesimulator/Objects-normal/arm64/input_box.o /Users/chrissotraidis/GitHub/caesarpad/engines/augustus/src/widget/input_box.c normal arm64 c com.apple.compilers.llvm.clang.1_0.compiler (in target 'augustus' from project 'augustus')
    cd /Users/chrissotraidis/GitHub/caesarpad/engines/augustus

    Using response file: /Users/chrissotraidis/GitHub/caesarpad/build/ios/build/augustus.build/Release-iphonesimulator/Objects-normal/arm64/7187679823f38a2a940e0043cdf9d637-common-args.resp

    /Applications/Xcode.app/Contents/Developer/Toolchains/XcodeDefault.xctoolchain/usr/bin/clang -x c -ivfsstatcache /Users/chrissotraidis/GitHub/caesarpad/build/ios/DerivedData/SDKStatCaches.noindex/iphonesimulator26.5-23F81a-6cfe768891a92b912361537c460fe42b.sdkstatcache -target arm64-apple-ios14.0-simulator -fmessage-length\=0 -fdiagnostics-show-note-include-stack -fmacro-backtrace-limit\=0 -fno-color-diagnostics -Wno-trigraphs -Wno-missing-field-initializers -Wno-missing-prototypes -Wno-return-type -Wno-missing-braces -Wparentheses -Wswitch -Wno-unused-function -Wno-unused-label -Wno-unused-parameter -Wno-unused-variable -Wunused-value -Wno-empty-body -Wno-uninitialized -Wno-unknown-pragmas -Wno-shadow -Wno-four-char-constants -Wno-conversion -Wno-constant-conversion -Wno-int-conversion -Wno-bool-conversion -Wno-enum-conversion -Wno-float-conversion -Wno-non-literal-null-conversion -Wno-objc-literal-conversion -Wshorten-64-to-32 -Wpointer-sign -Wno-newline-eof -Wno-implicit-fallthrough -isysroot /Applications/Xcode.app/Contents/Developer/Platforms/iPhoneSimulator.platform/Developer/SDKs/iPhoneSimulator26.5.sdk -fstrict-aliasing -Wdeprecated-declarations -Wno-sign-conversion -Wno-infinite-recursion -Wno-comma -Wno-block-capture-autoreleasing -Wno-strict-prototypes -Wno-semicolon-before-method-body @/Users/chrissotraidis/GitHub/caesarpad/build/ios/build/augustus.build/Release-iphonesimulator/Objects-normal/arm64/7187679823f38a2a940e0043cdf9d637-common-args.resp -MMD -MT dependencies -MF /Users/chrissotraidis/GitHub/caesarpad/build/ios/build/augustus.build/Release-iphonesimulator/Objects-normal/arm64/input_box.d --serialize-diagnostics /Users/chrissotraidis/GitHub/caesarpad/build/ios/build/augustus.build/Release-iphonesimulator/Objects-normal/arm64/input_box.dia -c /Users/chrissotraidis/GitHub/caesarpad/engines/augustus/src/widget/input_box.c -o /Users/chrissotraidis/GitHub/caesarpad/build/ios/build/augustus.build/Release-iphonesimulator/Objects-normal/arm64/input_box.o

CompileC /Users/chrissotraidis/GitHub/caesarpad/build/ios/build/augustus.build/Release-iphonesimulator/Objects-normal/arm64/input.o /Users/chrissotraidis/GitHub/caesarpad/engines/augustus/src/input/input.c normal arm64 c com.apple.compilers.llvm.clang.1_0.compiler (in target 'augustus' from project 'augustus')
    cd /Users/chrissotraidis/GitHub/caesarpad/engines/augustus

    Using response file: /Users/chrissotraidis/GitHub/caesarpad/build/ios/build/augustus.build/Release-iphonesimulator/Objects-normal/arm64/7187679823f38a2a940e0043cdf9d637-common-args.resp

    /Applications/Xcode.app/Contents/Developer/Toolchains/XcodeDefault.xctoolchain/usr/bin/clang -x c -ivfsstatcache /Users/chrissotraidis/GitHub/caesarpad/build/ios/DerivedData/SDKStatCaches.noindex/iphonesimulator26.5-23F81a-6cfe768891a92b912361537c460fe42b.sdkstatcache -target arm64-apple-ios14.0-simulator -fmessage-length\=0 -fdiagnostics-show-note-include-stack -fmacro-backtrace-limit\=0 -fno-color-diagnostics -Wno-trigraphs -Wno-missing-field-initializers -Wno-missing-prototypes -Wno-return-type -Wno-missing-braces -Wparentheses -Wswitch -Wno-unused-function -Wno-unused-label -Wno-unused-parameter -Wno-unused-variable -Wunused-value -Wno-empty-body -Wno-uninitialized -Wno-unknown-pragmas -Wno-shadow -Wno-four-char-constants -Wno-conversion -Wno-constant-conversion -Wno-int-conversion -Wno-bool-conversion -Wno-enum-conversion -Wno-float-conversion -Wno-non-literal-null-conversion -Wno-objc-literal-conversion -Wshorten-64-to-32 -Wpointer-sign -Wno-newline-eof -Wno-implicit-fallthrough -isysroot /Applications/Xcode.app/Contents/Developer/Platforms/iPhoneSimulator.platform/Developer/SDKs/iPhoneSimulator26.5.sdk -fstrict-aliasing -Wdeprecated-declarations -Wno-sign-conversion -Wno-infinite-recursion -Wno-comma -Wno-block-capture-autoreleasing -Wno-strict-prototypes -Wno-semicolon-before-method-body @/Users/chrissotraidis/GitHub/caesarpad/build/ios/build/augustus.build/Release-iphonesimulator/Objects-normal/arm64/7187679823f38a2a940e0043cdf9d637-common-args.resp -MMD -MT dependencies -MF /Users/chrissotraidis/GitHub/caesarpad/build/ios/build/augustus.build/Release-iphonesimulator/Objects-normal/arm64/input.d --serialize-diagnostics /Users/chrissotraidis/GitHub/caesarpad/build/ios/build/augustus.build/Release-iphonesimulator/Objects-normal/arm64/input.dia -c /Users/chrissotraidis/GitHub/caesarpad/engines/augustus/src/input/input.c -o /Users/chrissotraidis/GitHub/caesarpad/build/ios/build/augustus.build/Release-iphonesimulator/Objects-normal/arm64/input.o

CompileC /Users/chrissotraidis/GitHub/caesarpad/build/ios/build/augustus.build/Release-iphonesimulator/Objects-normal/arm64/industry-1d4c9525efd195ab2246f9dabd984bbd.o /Users/chrissotraidis/GitHub/caesarpad/engines/augustus/src/window/building/industry.c normal arm64 c com.apple.compilers.llvm.clang.1_0.compiler (in target 'augustus' from project 'augustus')
    cd /Users/chrissotraidis/GitHub/caesarpad/engines/augustus

    Using response file: /Users/chrissotraidis/GitHub/caesarpad/build/ios/build/augustus.build/Release-iphonesimulator/Objects-normal/arm64/7187679823f38a2a940e0043cdf9d637-common-args.resp

    /Applications/Xcode.app/Contents/Developer/Toolchains/XcodeDefault.xctoolchain/usr/bin/clang -x c -ivfsstatcache /Users/chrissotraidis/GitHub/caesarpad/build/ios/DerivedData/SDKStatCaches.noindex/iphonesimulator26.5-23F81a-6cfe768891a92b912361537c460fe42b.sdkstatcache -target arm64-apple-ios14.0-simulator -fmessage-length\=0 -fdiagnostics-show-note-include-stack -fmacro-backtrace-limit\=0 -fno-color-diagnostics -Wno-trigraphs -Wno-missing-field-initializers -Wno-missing-prototypes -Wno-return-type -Wno-missing-braces -Wparentheses -Wswitch -Wno-unused-function -Wno-unused-label -Wno-unused-parameter -Wno-unused-variable -Wunused-value -Wno-empty-body -Wno-uninitialized -Wno-unknown-pragmas -Wno-shadow -Wno-four-char-constants -Wno-conversion -Wno-constant-conversion -Wno-int-conversion -Wno-bool-conversion -Wno-enum-conversion -Wno-float-conversion -Wno-non-literal-null-conversion -Wno-objc-literal-conversion -Wshorten-64-to-32 -Wpointer-sign -Wno-newline-eof -Wno-implicit-fallthrough -isysroot /Applications/Xcode.app/Contents/Developer/Platforms/iPhoneSimulator.platform/Developer/SDKs/iPhoneSimulator26.5.sdk -fstrict-aliasing -Wdeprecated-declarations -Wno-sign-conversion -Wno-infinite-recursion -Wno-comma -Wno-block-capture-autoreleasing -Wno-strict-prototypes -Wno-semicolon-before-method-body @/Users/chrissotraidis/GitHub/caesarpad/build/ios/build/augustus.build/Release-iphonesimulator/Objects-normal/arm64/7187679823f38a2a940e0043cdf9d637-common-args.resp -MMD -MT dependencies -MF /Users/chrissotraidis/GitHub/caesarpad/build/ios/build/augustus.build/Release-iphonesimulator/Objects-normal/arm64/industry-1d4c9525efd195ab2246f9dabd984bbd.d --serialize-diagnostics /Users/chrissotraidis/GitHub/caesarpad/build/ios/build/augustus.build/Release-iphonesimulator/Objects-normal/arm64/industry-1d4c9525efd195ab2246f9dabd984bbd.dia -c /Users/chrissotraidis/GitHub/caesarpad/engines/augustus/src/window/building/industry.c -o /Users/chrissotraidis/GitHub/caesarpad/build/ios/build/augustus.build/Release-iphonesimulator/Objects-normal/arm64/industry-1d4c9525efd195ab2246f9dabd984bbd.o

CompileC /Users/chrissotraidis/GitHub/caesarpad/build/ios/build/augustus.build/Release-iphonesimulator/Objects-normal/arm64/import_xml-8d8dfbfe464d687c98e5fae83d6cc7e7.o /Users/chrissotraidis/GitHub/caesarpad/engines/augustus/src/empire/import_xml.c normal arm64 c com.apple.compilers.llvm.clang.1_0.compiler (in target 'augustus' from project 'augustus')
    cd /Users/chrissotraidis/GitHub/caesarpad/engines/augustus

    Using response file: /Users/chrissotraidis/GitHub/caesarpad/build/ios/build/augustus.build/Release-iphonesimulator/Objects-normal/arm64/7187679823f38a2a940e0043cdf9d637-common-args.resp

    /Applications/Xcode.app/Contents/Developer/Toolchains/XcodeDefault.xctoolchain/usr/bin/clang -x c -ivfsstatcache /Users/chrissotraidis/GitHub/caesarpad/build/ios/DerivedData/SDKStatCaches.noindex/iphonesimulator26.5-23F81a-6cfe768891a92b912361537c460fe42b.sdkstatcache -target arm64-apple-ios14.0-simulator -fmessage-length\=0 -fdiagnostics-show-note-include-stack -fmacro-backtrace-limit\=0 -fno-color-diagnostics -Wno-trigraphs -Wno-missing-field-initializers -Wno-missing-prototypes -Wno-return-type -Wno-missing-braces -Wparentheses -Wswitch -Wno-unused-function -Wno-unused-label -Wno-unused-parameter -Wno-unused-variable -Wunused-value -Wno-empty-body -Wno-uninitialized -Wno-unknown-pragmas -Wno-shadow -Wno-four-char-constants -Wno-conversion -Wno-constant-conversion -Wno-int-conversion -Wno-bool-conversion -Wno-enum-conversion -Wno-float-conversion -Wno-non-literal-null-conversion -Wno-objc-literal-conversion -Wshorten-64-to-32 -Wpointer-sign -Wno-newline-eof -Wno-implicit-fallthrough -isysroot /Applications/Xcode.app/Contents/Developer/Platforms/iPhoneSimulator.platform/Developer/SDKs/iPhoneSimulator26.5.sdk -fstrict-aliasing -Wdeprecated-declarations -Wno-sign-conversion -Wno-infinite-recursion -Wno-comma -Wno-block-capture-autoreleasing -Wno-strict-prototypes -Wno-semicolon-before-method-body @/Users/chrissotraidis/GitHub/caesarpad/build/ios/build/augustus.build/Release-iphonesimulator/Objects-normal/arm64/7187679823f38a2a940e0043cdf9d637-common-args.resp -MMD -MT dependencies -MF /Users/chrissotraidis/GitHub/caesarpad/build/ios/build/augustus.build/Release-iphonesimulator/Objects-normal/arm64/import_xml-8d8dfbfe464d687c98e5fae83d6cc7e7.d --serialize-diagnostics /Users/chrissotraidis/GitHub/caesarpad/build/ios/build/augustus.build/Release-iphonesimulator/Objects-normal/arm64/import_xml-8d8dfbfe464d687c98e5fae83d6cc7e7.dia -c /Users/chrissotraidis/GitHub/caesarpad/engines/augustus/src/empire/import_xml.c -o /Users/chrissotraidis/GitHub/caesarpad/build/ios/build/augustus.build/Release-iphonesimulator/Objects-normal/arm64/import_xml-8d8dfbfe464d687c98e5fae83d6cc7e7.o
/Users/chrissotraidis/GitHub/caesarpad/engines/augustus/src/empire/import_xml.c:749:16: warning: implicit conversion loses integer precision: 'long' to 'int' [-Wshorten-64-to-32]
  749 |     int size = ftell(file);
      |         ~~~~   ^~~~~~~~~~~
1 warning generated.

CompileC /Users/chrissotraidis/GitHub/caesarpad/build/ios/build/augustus.build/Release-iphonesimulator/Objects-normal/arm64/imperial.o /Users/chrissotraidis/GitHub/caesarpad/engines/augustus/src/window/advisor/imperial.c normal arm64 c com.apple.compilers.llvm.clang.1_0.compiler (in target 'augustus' from project 'augustus')
    cd /Users/chrissotraidis/GitHub/caesarpad/engines/augustus

    Using response file: /Users/chrissotraidis/GitHub/caesarpad/build/ios/build/augustus.build/Release-iphonesimulator/Objects-normal/arm64/7187679823f38a2a940e0043cdf9d637-common-args.resp

    /Applications/Xcode.app/Contents/Developer/Toolchains/XcodeDefault.xctoolchain/usr/bin/clang -x c -ivfsstatcache /Users/chrissotraidis/GitHub/caesarpad/build/ios/DerivedData/SDKStatCaches.noindex/iphonesimulator26.5-23F81a-6cfe768891a92b912361537c460fe42b.sdkstatcache -target arm64-apple-ios14.0-simulator -fmessage-length\=0 -fdiagnostics-show-note-include-stack -fmacro-backtrace-limit\=0 -fno-color-diagnostics -Wno-trigraphs -Wno-missing-field-initializers -Wno-missing-prototypes -Wno-return-type -Wno-missing-braces -Wparentheses -Wswitch -Wno-unused-function -Wno-unused-label -Wno-unused-parameter -Wno-unused-variable -Wunused-value -Wno-empty-body -Wno-uninitialized -Wno-unknown-pragmas -Wno-shadow -Wno-four-char-constants -Wno-conversion -Wno-constant-conversion -Wno-int-conversion -Wno-bool-conversion -Wno-enum-conversion -Wno-float-conversion -Wno-non-literal-null-conversion -Wno-objc-literal-conversion -Wshorten-64-to-32 -Wpointer-sign -Wno-newline-eof -Wno-implicit-fallthrough -isysroot /Applications/Xcode.app/Contents/Developer/Platforms/iPhoneSimulator.platform/Developer/SDKs/iPhoneSimulator26.5.sdk -fstrict-aliasing -Wdeprecated-declarations -Wno-sign-conversion -Wno-infinite-recursion -Wno-comma -Wno-block-capture-autoreleasing -Wno-strict-prototypes -Wno-semicolon-before-method-body @/Users/chrissotraidis/GitHub/caesarpad/build/ios/build/augustus.build/Release-iphonesimulator/Objects-normal/arm64/7187679823f38a2a940e0043cdf9d637-common-args.resp -MMD -MT dependencies -MF /Users/chrissotraidis/GitHub/caesarpad/build/ios/build/augustus.build/Release-iphonesimulator/Objects-normal/arm64/imperial.d --serialize-diagnostics /Users/chrissotraidis/GitHub/caesarpad/build/ios/build/augustus.build/Release-iphonesimulator/Objects-normal/arm64/imperial.dia -c /Users/chrissotraidis/GitHub/caesarpad/engines/augustus/src/window/advisor/imperial.c -o /Users/chrissotraidis/GitHub/caesarpad/build/ios/build/augustus.build/Release-iphonesimulator/Objects-normal/arm64/imperial.o

CompileC /Users/chrissotraidis/GitHub/caesarpad/build/ios/build/augustus.build/Release-iphonesimulator/Objects-normal/arm64/image_button.o /Users/chrissotraidis/GitHub/caesarpad/engines/augustus/src/graphics/image_button.c normal arm64 c com.apple.compilers.llvm.clang.1_0.compiler (in target 'augustus' from project 'augustus')
    cd /Users/chrissotraidis/GitHub/caesarpad/engines/augustus

    Using response file: /Users/chrissotraidis/GitHub/caesarpad/build/ios/build/augustus.build/Release-iphonesimulator/Objects-normal/arm64/7187679823f38a2a940e0043cdf9d637-common-args.resp

    /Applications/Xcode.app/Contents/Developer/Toolchains/XcodeDefault.xctoolchain/usr/bin/clang -x c -ivfsstatcache /Users/chrissotraidis/GitHub/caesarpad/build/ios/DerivedData/SDKStatCaches.noindex/iphonesimulator26.5-23F81a-6cfe768891a92b912361537c460fe42b.sdkstatcache -target arm64-apple-ios14.0-simulator -fmessage-length\=0 -fdiagnostics-show-note-include-stack -fmacro-backtrace-limit\=0 -fno-color-diagnostics -Wno-trigraphs -Wno-missing-field-initializers -Wno-missing-prototypes -Wno-return-type -Wno-missing-braces -Wparentheses -Wswitch -Wno-unused-function -Wno-unused-label -Wno-unused-parameter -Wno-unused-variable -Wunused-value -Wno-empty-body -Wno-uninitialized -Wno-unknown-pragmas -Wno-shadow -Wno-four-char-constants -Wno-conversion -Wno-constant-conversion -Wno-int-conversion -Wno-bool-conversion -Wno-enum-conversion -Wno-float-conversion -Wno-non-literal-null-conversion -Wno-objc-literal-conversion -Wshorten-64-to-32 -Wpointer-sign -Wno-newline-eof -Wno-implicit-fallthrough -isysroot /Applications/Xcode.app/Contents/Developer/Platforms/iPhoneSimulator.platform/Developer/SDKs/iPhoneSimulator26.5.sdk -fstrict-aliasing -Wdeprecated-declarations -Wno-sign-conversion -Wno-infinite-recursion -Wno-comma -Wno-block-capture-autoreleasing -Wno-strict-prototypes -Wno-semicolon-before-method-body @/Users/chrissotraidis/GitHub/caesarpad/build/ios/build/augustus.build/Release-iphonesimulator/Objects-normal/arm64/7187679823f38a2a940e0043cdf9d637-common-args.resp -MMD -MT dependencies -MF /Users/chrissotraidis/GitHub/caesarpad/build/ios/build/augustus.build/Release-iphonesimulator/Objects-normal/arm64/image_button.d --serialize-diagnostics /Users/chrissotraidis/GitHub/caesarpad/build/ios/build/augustus.build/Release-iphonesimulator/Objects-normal/arm64/image_button.dia -c /Users/chrissotraidis/GitHub/caesarpad/engines/augustus/src/graphics/image_button.c -o /Users/chrissotraidis/GitHub/caesarpad/build/ios/build/augustus.build/Release-iphonesimulator/Objects-normal/arm64/image_button.o

CompileC /Users/chrissotraidis/GitHub/caesarpad/build/ios/build/augustus.build/Release-iphonesimulator/Objects-normal/arm64/housing-a4dce27c73880c827b9995cdd92194b7.o /Users/chrissotraidis/GitHub/caesarpad/engines/augustus/src/widget/city/overlay/housing.c normal arm64 c com.apple.compilers.llvm.clang.1_0.compiler (in target 'augustus' from project 'augustus')
    cd /Users/chrissotraidis/GitHub/caesarpad/engines/augustus

    Using response file: /Users/chrissotraidis/GitHub/caesarpad/build/ios/build/augustus.build/Release-iphonesimulator/Objects-normal/arm64/7187679823f38a2a940e0043cdf9d637-common-args.resp

    /Applications/Xcode.app/Contents/Developer/Toolchains/XcodeDefault.xctoolchain/usr/bin/clang -x c -ivfsstatcache /Users/chrissotraidis/GitHub/caesarpad/build/ios/DerivedData/SDKStatCaches.noindex/iphonesimulator26.5-23F81a-6cfe768891a92b912361537c460fe42b.sdkstatcache -target arm64-apple-ios14.0-simulator -fmessage-length\=0 -fdiagnostics-show-note-include-stack -fmacro-backtrace-limit\=0 -fno-color-diagnostics -Wno-trigraphs -Wno-missing-field-initializers -Wno-missing-prototypes -Wno-return-type -Wno-missing-braces -Wparentheses -Wswitch -Wno-unused-function -Wno-unused-label -Wno-unused-parameter -Wno-unused-variable -Wunused-value -Wno-empty-body -Wno-uninitialized -Wno-unknown-pragmas -Wno-shadow -Wno-four-char-constants -Wno-conversion -Wno-constant-conversion -Wno-int-conversion -Wno-bool-conversion -Wno-enum-conversion -Wno-float-conversion -Wno-non-literal-null-conversion -Wno-objc-literal-conversion -Wshorten-64-to-32 -Wpointer-sign -Wno-newline-eof -Wno-implicit-fallthrough -isysroot /Applications/Xcode.app/Contents/Developer/Platforms/iPhoneSimulator.platform/Developer/SDKs/iPhoneSimulator26.5.sdk -fstrict-aliasing -Wdeprecated-declarations -Wno-sign-conversion -Wno-infinite-recursion -Wno-comma -Wno-block-capture-autoreleasing -Wno-strict-prototypes -Wno-semicolon-before-method-body @/Users/chrissotraidis/GitHub/caesarpad/build/ios/build/augustus.build/Release-iphonesimulator/Objects-normal/arm64/7187679823f38a2a940e0043cdf9d637-common-args.resp -MMD -MT dependencies -MF /Users/chrissotraidis/GitHub/caesarpad/build/ios/build/augustus.build/Release-iphonesimulator/Objects-normal/arm64/housing-a4dce27c73880c827b9995cdd92194b7.d --serialize-diagnostics /Users/chrissotraidis/GitHub/caesarpad/build/ios/build/augustus.build/Release-iphonesimulator/Objects-normal/arm64/housing-a4dce27c73880c827b9995cdd92194b7.dia -c /Users/chrissotraidis/GitHub/caesarpad/engines/augustus/src/widget/city/overlay/housing.c -o /Users/chrissotraidis/GitHub/caesarpad/build/ios/build/augustus.build/Release-iphonesimulator/Objects-normal/arm64/housing-a4dce27c73880c827b9995cdd92194b7.o

CompileC /Users/chrissotraidis/GitHub/caesarpad/build/ios/build/augustus.build/Release-iphonesimulator/Objects-normal/arm64/housing-2f9297d9200ecc5c2df731c86312fbb8.o /Users/chrissotraidis/GitHub/caesarpad/engines/augustus/src/window/advisor/housing.c normal arm64 c com.apple.compilers.llvm.clang.1_0.compiler (in target 'augustus' from project 'augustus')
    cd /Users/chrissotraidis/GitHub/caesarpad/engines/augustus

    Using response file: /Users/chrissotraidis/GitHub/caesarpad/build/ios/build/augustus.build/Release-iphonesimulator/Objects-normal/arm64/7187679823f38a2a940e0043cdf9d637-common-args.resp

    /Applications/Xcode.app/Contents/Developer/Toolchains/XcodeDefault.xctoolchain/usr/bin/clang -x c -ivfsstatcache /Users/chrissotraidis/GitHub/caesarpad/build/ios/DerivedData/SDKStatCaches.noindex/iphonesimulator26.5-23F81a-6cfe768891a92b912361537c460fe42b.sdkstatcache -target arm64-apple-ios14.0-simulator -fmessage-length\=0 -fdiagnostics-show-note-include-stack -fmacro-backtrace-limit\=0 -fno-color-diagnostics -Wno-trigraphs -Wno-missing-field-initializers -Wno-missing-prototypes -Wno-return-type -Wno-missing-braces -Wparentheses -Wswitch -Wno-unused-function -Wno-unused-label -Wno-unused-parameter -Wno-unused-variable -Wunused-value -Wno-empty-body -Wno-uninitialized -Wno-unknown-pragmas -Wno-shadow -Wno-four-char-constants -Wno-conversion -Wno-constant-conversion -Wno-int-conversion -Wno-bool-conversion -Wno-enum-conversion -Wno-float-conversion -Wno-non-literal-null-conversion -Wno-objc-literal-conversion -Wshorten-64-to-32 -Wpointer-sign -Wno-newline-eof -Wno-implicit-fallthrough -isysroot /Applications/Xcode.app/Contents/Developer/Platforms/iPhoneSimulator.platform/Developer/SDKs/iPhoneSimulator26.5.sdk -fstrict-aliasing -Wdeprecated-declarations -Wno-sign-conversion -Wno-infinite-recursion -Wno-comma -Wno-block-capture-autoreleasing -Wno-strict-prototypes -Wno-semicolon-before-method-body @/Users/chrissotraidis/GitHub/caesarpad/build/ios/build/augustus.build/Release-iphonesimulator/Objects-normal/arm64/7187679823f38a2a940e0043cdf9d637-common-args.resp -MMD -MT dependencies -MF /Users/chrissotraidis/GitHub/caesarpad/build/ios/build/augustus.build/Release-iphonesimulator/Objects-normal/arm64/housing-2f9297d9200ecc5c2df731c86312fbb8.d --serialize-diagnostics /Users/chrissotraidis/GitHub/caesarpad/build/ios/build/augustus.build/Release-iphonesimulator/Objects-normal/arm64/housing-2f9297d9200ecc5c2df731c86312fbb8.dia -c /Users/chrissotraidis/GitHub/caesarpad/engines/augustus/src/window/advisor/housing.c -o /Users/chrissotraidis/GitHub/caesarpad/build/ios/build/augustus.build/Release-iphonesimulator/Objects-normal/arm64/housing-2f9297d9200ecc5c2df731c86312fbb8.o

CompileC /Users/chrissotraidis/GitHub/caesarpad/build/ios/build/augustus.build/Release-iphonesimulator/Objects-normal/arm64/house-1c68e6b39ec53003f5608c03b8f0b7b8.o /Users/chrissotraidis/GitHub/caesarpad/engines/augustus/src/window/building/house.c normal arm64 c com.apple.compilers.llvm.clang.1_0.compiler (in target 'augustus' from project 'augustus')
    cd /Users/chrissotraidis/GitHub/caesarpad/engines/augustus

    Using response file: /Users/chrissotraidis/GitHub/caesarpad/build/ios/build/augustus.build/Release-iphonesimulator/Objects-normal/arm64/7187679823f38a2a940e0043cdf9d637-common-args.resp

    /Applications/Xcode.app/Contents/Developer/Toolchains/XcodeDefault.xctoolchain/usr/bin/clang -x c -ivfsstatcache /Users/chrissotraidis/GitHub/caesarpad/build/ios/DerivedData/SDKStatCaches.noindex/iphonesimulator26.5-23F81a-6cfe768891a92b912361537c460fe42b.sdkstatcache -target arm64-apple-ios14.0-simulator -fmessage-length\=0 -fdiagnostics-show-note-include-stack -fmacro-backtrace-limit\=0 -fno-color-diagnostics -Wno-trigraphs -Wno-missing-field-initializers -Wno-missing-prototypes -Wno-return-type -Wno-missing-braces -Wparentheses -Wswitch -Wno-unused-function -Wno-unused-label -Wno-unused-parameter -Wno-unused-variable -Wunused-value -Wno-empty-body -Wno-uninitialized -Wno-unknown-pragmas -Wno-shadow -Wno-four-char-constants -Wno-conversion -Wno-constant-conversion -Wno-int-conversion -Wno-bool-conversion -Wno-enum-conversion -Wno-float-conversion -Wno-non-literal-null-conversion -Wno-objc-literal-conversion -Wshorten-64-to-32 -Wpointer-sign -Wno-newline-eof -Wno-implicit-fallthrough -isysroot /Applications/Xcode.app/Contents/Developer/Platforms/iPhoneSimulator.platform/Developer/SDKs/iPhoneSimulator26.5.sdk -fstrict-aliasing -Wdeprecated-declarations -Wno-sign-conversion -Wno-infinite-recursion -Wno-comma -Wno-block-capture-autoreleasing -Wno-strict-prototypes -Wno-semicolon-before-method-body @/Users/chrissotraidis/GitHub/caesarpad/build/ios/build/augustus.build/Release-iphonesimulator/Objects-normal/arm64/7187679823f38a2a940e0043cdf9d637-common-args.resp -MMD -MT dependencies -MF /Users/chrissotraidis/GitHub/caesarpad/build/ios/build/augustus.build/Release-iphonesimulator/Objects-normal/arm64/house-1c68e6b39ec53003f5608c03b8f0b7b8.d --serialize-diagnostics /Users/chrissotraidis/GitHub/caesarpad/build/ios/build/augustus.build/Release-iphonesimulator/Objects-normal/arm64/house-1c68e6b39ec53003f5608c03b8f0b7b8.dia -c /Users/chrissotraidis/GitHub/caesarpad/engines/augustus/src/window/building/house.c -o /Users/chrissotraidis/GitHub/caesarpad/build/ios/build/augustus.build/Release-iphonesimulator/Objects-normal/arm64/house-1c68e6b39ec53003f5608c03b8f0b7b8.o

CompileC /Users/chrissotraidis/GitHub/caesarpad/build/ios/build/augustus.build/Release-iphonesimulator/Objects-normal/arm64/hotkey_editor.o /Users/chrissotraidis/GitHub/caesarpad/engines/augustus/src/window/hotkey_editor.c normal arm64 c com.apple.compilers.llvm.clang.1_0.compiler (in target 'augustus' from project 'augustus')
    cd /Users/chrissotraidis/GitHub/caesarpad/engines/augustus

    Using response file: /Users/chrissotraidis/GitHub/caesarpad/build/ios/build/augustus.build/Release-iphonesimulator/Objects-normal/arm64/7187679823f38a2a940e0043cdf9d637-common-args.resp

    /Applications/Xcode.app/Contents/Developer/Toolchains/XcodeDefault.xctoolchain/usr/bin/clang -x c -ivfsstatcache /Users/chrissotraidis/GitHub/caesarpad/build/ios/DerivedData/SDKStatCaches.noindex/iphonesimulator26.5-23F81a-6cfe768891a92b912361537c460fe42b.sdkstatcache -target arm64-apple-ios14.0-simulator -fmessage-length\=0 -fdiagnostics-show-note-include-stack -fmacro-backtrace-limit\=0 -fno-color-diagnostics -Wno-trigraphs -Wno-missing-field-initializers -Wno-missing-prototypes -Wno-return-type -Wno-missing-braces -Wparentheses -Wswitch -Wno-unused-function -Wno-unused-label -Wno-unused-parameter -Wno-unused-variable -Wunused-value -Wno-empty-body -Wno-uninitialized -Wno-unknown-pragmas -Wno-shadow -Wno-four-char-constants -Wno-conversion -Wno-constant-conversion -Wno-int-conversion -Wno-bool-conversion -Wno-enum-conversion -Wno-float-conversion -Wno-non-literal-null-conversion -Wno-objc-literal-conversion -Wshorten-64-to-32 -Wpointer-sign -Wno-newline-eof -Wno-implicit-fallthrough -isysroot /Applications/Xcode.app/Contents/Developer/Platforms/iPhoneSimulator.platform/Developer/SDKs/iPhoneSimulator26.5.sdk -fstrict-aliasing -Wdeprecated-declarations -Wno-sign-conversion -Wno-infinite-recursion -Wno-comma -Wno-block-capture-autoreleasing -Wno-strict-prototypes -Wno-semicolon-before-method-body @/Users/chrissotraidis/GitHub/caesarpad/build/ios/build/augustus.build/Release-iphonesimulator/Objects-normal/arm64/7187679823f38a2a940e0043cdf9d637-common-args.resp -MMD -MT dependencies -MF /Users/chrissotraidis/GitHub/caesarpad/build/ios/build/augustus.build/Release-iphonesimulator/Objects-normal/arm64/hotkey_editor.d --serialize-diagnostics /Users/chrissotraidis/GitHub/caesarpad/build/ios/build/augustus.build/Release-iphonesimulator/Objects-normal/arm64/hotkey_editor.dia -c /Users/chrissotraidis/GitHub/caesarpad/engines/augustus/src/window/hotkey_editor.c -o /Users/chrissotraidis/GitHub/caesarpad/build/ios/build/augustus.build/Release-iphonesimulator/Objects-normal/arm64/hotkey_editor.o

CompileC /Users/chrissotraidis/GitHub/caesarpad/build/ios/build/augustus.build/Release-iphonesimulator/Objects-normal/arm64/hotkey_config-1b30a989b3d4d9e7bde3d9d8dc17ced8.o /Users/chrissotraidis/GitHub/caesarpad/engines/augustus/src/window/hotkey_config.c normal arm64 c com.apple.compilers.llvm.clang.1_0.compiler (in target 'augustus' from project 'augustus')
    cd /Users/chrissotraidis/GitHub/caesarpad/engines/augustus

    Using response file: /Users/chrissotraidis/GitHub/caesarpad/build/ios/build/augustus.build/Release-iphonesimulator/Objects-normal/arm64/7187679823f38a2a940e0043cdf9d637-common-args.resp

    /Applications/Xcode.app/Contents/Developer/Toolchains/XcodeDefault.xctoolchain/usr/bin/clang -x c -ivfsstatcache /Users/chrissotraidis/GitHub/caesarpad/build/ios/DerivedData/SDKStatCaches.noindex/iphonesimulator26.5-23F81a-6cfe768891a92b912361537c460fe42b.sdkstatcache -target arm64-apple-ios14.0-simulator -fmessage-length\=0 -fdiagnostics-show-note-include-stack -fmacro-backtrace-limit\=0 -fno-color-diagnostics -Wno-trigraphs -Wno-missing-field-initializers -Wno-missing-prototypes -Wno-return-type -Wno-missing-braces -Wparentheses -Wswitch -Wno-unused-function -Wno-unused-label -Wno-unused-parameter -Wno-unused-variable -Wunused-value -Wno-empty-body -Wno-uninitialized -Wno-unknown-pragmas -Wno-shadow -Wno-four-char-constants -Wno-conversion -Wno-constant-conversion -Wno-int-conversion -Wno-bool-conversion -Wno-enum-conversion -Wno-float-conversion -Wno-non-literal-null-conversion -Wno-objc-literal-conversion -Wshorten-64-to-32 -Wpointer-sign -Wno-newline-eof -Wno-implicit-fallthrough -isysroot /Applications/Xcode.app/Contents/Developer/Platforms/iPhoneSimulator.platform/Developer/SDKs/iPhoneSimulator26.5.sdk -fstrict-aliasing -Wdeprecated-declarations -Wno-sign-conversion -Wno-infinite-recursion -Wno-comma -Wno-block-capture-autoreleasing -Wno-strict-prototypes -Wno-semicolon-before-method-body @/Users/chrissotraidis/GitHub/caesarpad/build/ios/build/augustus.build/Release-iphonesimulator/Objects-normal/arm64/7187679823f38a2a940e0043cdf9d637-common-args.resp -MMD -MT dependencies -MF /Users/chrissotraidis/GitHub/caesarpad/build/ios/build/augustus.build/Release-iphonesimulator/Objects-normal/arm64/hotkey_config-1b30a989b3d4d9e7bde3d9d8dc17ced8.d --serialize-diagnostics /Users/chrissotraidis/GitHub/caesarpad/build/ios/build/augustus.build/Release-iphonesimulator/Objects-normal/arm64/hotkey_config-1b30a989b3d4d9e7bde3d9d8dc17ced8.dia -c /Users/chrissotraidis/GitHub/caesarpad/engines/augustus/src/window/hotkey_config.c -o /Users/chrissotraidis/GitHub/caesarpad/build/ios/build/augustus.build/Release-iphonesimulator/Objects-normal/arm64/hotkey_config-1b30a989b3d4d9e7bde3d9d8dc17ced8.o

CompileC /Users/chrissotraidis/GitHub/caesarpad/build/ios/build/augustus.build/Release-iphonesimulator/Objects-normal/arm64/hotkey.o /Users/chrissotraidis/GitHub/caesarpad/engines/augustus/src/input/hotkey.c normal arm64 c com.apple.compilers.llvm.clang.1_0.compiler (in target 'augustus' from project 'augustus')
    cd /Users/chrissotraidis/GitHub/caesarpad/engines/augustus

    Using response file: /Users/chrissotraidis/GitHub/caesarpad/build/ios/build/augustus.build/Release-iphonesimulator/Objects-normal/arm64/7187679823f38a2a940e0043cdf9d637-common-args.resp

    /Applications/Xcode.app/Contents/Developer/Toolchains/XcodeDefault.xctoolchain/usr/bin/clang -x c -ivfsstatcache /Users/chrissotraidis/GitHub/caesarpad/build/ios/DerivedData/SDKStatCaches.noindex/iphonesimulator26.5-23F81a-6cfe768891a92b912361537c460fe42b.sdkstatcache -target arm64-apple-ios14.0-simulator -fmessage-length\=0 -fdiagnostics-show-note-include-stack -fmacro-backtrace-limit\=0 -fno-color-diagnostics -Wno-trigraphs -Wno-missing-field-initializers -Wno-missing-prototypes -Wno-return-type -Wno-missing-braces -Wparentheses -Wswitch -Wno-unused-function -Wno-unused-label -Wno-unused-parameter -Wno-unused-variable -Wunused-value -Wno-empty-body -Wno-uninitialized -Wno-unknown-pragmas -Wno-shadow -Wno-four-char-constants -Wno-conversion -Wno-constant-conversion -Wno-int-conversion -Wno-bool-conversion -Wno-enum-conversion -Wno-float-conversion -Wno-non-literal-null-conversion -Wno-objc-literal-conversion -Wshorten-64-to-32 -Wpointer-sign -Wno-newline-eof -Wno-implicit-fallthrough -isysroot /Applications/Xcode.app/Contents/Developer/Platforms/iPhoneSimulator.platform/Developer/SDKs/iPhoneSimulator26.5.sdk -fstrict-aliasing -Wdeprecated-declarations -Wno-sign-conversion -Wno-infinite-recursion -Wno-comma -Wno-block-capture-autoreleasing -Wno-strict-prototypes -Wno-semicolon-before-method-body @/Users/chrissotraidis/GitHub/caesarpad/build/ios/build/augustus.build/Release-iphonesimulator/Objects-normal/arm64/7187679823f38a2a940e0043cdf9d637-common-args.resp -MMD -MT dependencies -MF /Users/chrissotraidis/GitHub/caesarpad/build/ios/build/augustus.build/Release-iphonesimulator/Objects-normal/arm64/hotkey.d --serialize-diagnostics /Users/chrissotraidis/GitHub/caesarpad/build/ios/build/augustus.build/Release-iphonesimulator/Objects-normal/arm64/hotkey.dia -c /Users/chrissotraidis/GitHub/caesarpad/engines/augustus/src/input/hotkey.c -o /Users/chrissotraidis/GitHub/caesarpad/build/ios/build/augustus.build/Release-iphonesimulator/Objects-normal/arm64/hotkey.o

CompileC /Users/chrissotraidis/GitHub/caesarpad/build/ios/build/augustus.build/Release-iphonesimulator/Objects-normal/arm64/hold_games.o /Users/chrissotraidis/GitHub/caesarpad/engines/augustus/src/window/hold_games.c normal arm64 c com.apple.compilers.llvm.clang.1_0.compiler (in target 'augustus' from project 'augustus')
    cd /Users/chrissotraidis/GitHub/caesarpad/engines/augustus

    Using response file: /Users/chrissotraidis/GitHub/caesarpad/build/ios/build/augustus.build/Release-iphonesimulator/Objects-normal/arm64/7187679823f38a2a940e0043cdf9d637-common-args.resp

    /Applications/Xcode.app/Contents/Developer/Toolchains/XcodeDefault.xctoolchain/usr/bin/clang -x c -ivfsstatcache /Users/chrissotraidis/GitHub/caesarpad/build/ios/DerivedData/SDKStatCaches.noindex/iphonesimulator26.5-23F81a-6cfe768891a92b912361537c460fe42b.sdkstatcache -target arm64-apple-ios14.0-simulator -fmessage-length\=0 -fdiagnostics-show-note-include-stack -fmacro-backtrace-limit\=0 -fno-color-diagnostics -Wno-trigraphs -Wno-missing-field-initializers -Wno-missing-prototypes -Wno-return-type -Wno-missing-braces -Wparentheses -Wswitch -Wno-unused-function -Wno-unused-label -Wno-unused-parameter -Wno-unused-variable -Wunused-value -Wno-empty-body -Wno-uninitialized -Wno-unknown-pragmas -Wno-shadow -Wno-four-char-constants -Wno-conversion -Wno-constant-conversion -Wno-int-conversion -Wno-bool-conversion -Wno-enum-conversion -Wno-float-conversion -Wno-non-literal-null-conversion -Wno-objc-literal-conversion -Wshorten-64-to-32 -Wpointer-sign -Wno-newline-eof -Wno-implicit-fallthrough -isysroot /Applications/Xcode.app/Contents/Developer/Platforms/iPhoneSimulator.platform/Developer/SDKs/iPhoneSimulator26.5.sdk -fstrict-aliasing -Wdeprecated-declarations -Wno-sign-conversion -Wno-infinite-recursion -Wno-comma -Wno-block-capture-autoreleasing -Wno-strict-prototypes -Wno-semicolon-before-method-body @/Users/chrissotraidis/GitHub/caesarpad/build/ios/build/augustus.build/Release-iphonesimulator/Objects-normal/arm64/7187679823f38a2a940e0043cdf9d637-common-args.resp -MMD -MT dependencies -MF /Users/chrissotraidis/GitHub/caesarpad/build/ios/build/augustus.build/Release-iphonesimulator/Objects-normal/arm64/hold_games.d --serialize-diagnostics /Users/chrissotraidis/GitHub/caesarpad/build/ios/build/augustus.build/Release-iphonesimulator/Objects-normal/arm64/hold_games.dia -c /Users/chrissotraidis/GitHub/caesarpad/engines/augustus/src/window/hold_games.c -o /Users/chrissotraidis/GitHub/caesarpad/build/ios/build/augustus.build/Release-iphonesimulator/Objects-normal/arm64/hold_games.o

CompileC /Users/chrissotraidis/GitHub/caesarpad/build/ios/build/augustus.build/Release-iphonesimulator/Objects-normal/arm64/hold_festival.o /Users/chrissotraidis/GitHub/caesarpad/engines/augustus/src/window/hold_festival.c normal arm64 c com.apple.compilers.llvm.clang.1_0.compiler (in target 'augustus' from project 'augustus')
    cd /Users/chrissotraidis/GitHub/caesarpad/engines/augustus

    Using response file: /Users/chrissotraidis/GitHub/caesarpad/build/ios/build/augustus.build/Release-iphonesimulator/Objects-normal/arm64/7187679823f38a2a940e0043cdf9d637-common-args.resp

    /Applications/Xcode.app/Contents/Developer/Toolchains/XcodeDefault.xctoolchain/usr/bin/clang -x c -ivfsstatcache /Users/chrissotraidis/GitHub/caesarpad/build/ios/DerivedData/SDKStatCaches.noindex/iphonesimulator26.5-23F81a-6cfe768891a92b912361537c460fe42b.sdkstatcache -target arm64-apple-ios14.0-simulator -fmessage-length\=0 -fdiagnostics-show-note-include-stack -fmacro-backtrace-limit\=0 -fno-color-diagnostics -Wno-trigraphs -Wno-missing-field-initializers -Wno-missing-prototypes -Wno-return-type -Wno-missing-braces -Wparentheses -Wswitch -Wno-unused-function -Wno-unused-label -Wno-unused-parameter -Wno-unused-variable -Wunused-value -Wno-empty-body -Wno-uninitialized -Wno-unknown-pragmas -Wno-shadow -Wno-four-char-constants -Wno-conversion -Wno-constant-conversion -Wno-int-conversion -Wno-bool-conversion -Wno-enum-conversion -Wno-float-conversion -Wno-non-literal-null-conversion -Wno-objc-literal-conversion -Wshorten-64-to-32 -Wpointer-sign -Wno-newline-eof -Wno-implicit-fallthrough -isysroot /Applications/Xcode.app/Contents/Developer/Platforms/iPhoneSimulator.platform/Developer/SDKs/iPhoneSimulator26.5.sdk -fstrict-aliasing -Wdeprecated-declarations -Wno-sign-conversion -Wno-infinite-recursion -Wno-comma -Wno-block-capture-autoreleasing -Wno-strict-prototypes -Wno-semicolon-before-method-body @/Users/chrissotraidis/GitHub/caesarpad/build/ios/build/augustus.build/Release-iphonesimulator/Objects-normal/arm64/7187679823f38a2a940e0043cdf9d637-common-args.resp -MMD -MT dependencies -MF /Users/chrissotraidis/GitHub/caesarpad/build/ios/build/augustus.build/Release-iphonesimulator/Objects-normal/arm64/hold_festival.d --serialize-diagnostics /Users/chrissotraidis/GitHub/caesarpad/build/ios/build/augustus.build/Release-iphonesimulator/Objects-normal/arm64/hold_festival.dia -c /Users/chrissotraidis/GitHub/caesarpad/engines/augustus/src/window/hold_festival.c -o /Users/chrissotraidis/GitHub/caesarpad/build/ios/build/augustus.build/Release-iphonesimulator/Objects-normal/arm64/hold_festival.o

CompileC /Users/chrissotraidis/GitHub/caesarpad/build/ios/build/augustus.build/Release-iphonesimulator/Objects-normal/arm64/highway_station-ec4c6d4f92de365da744d0feb0a2c5be.o /Users/chrissotraidis/GitHub/caesarpad/engines/augustus/src/window/building/highway_station.c normal arm64 c com.apple.compilers.llvm.clang.1_0.compiler (in target 'augustus' from project 'augustus')
    cd /Users/chrissotraidis/GitHub/caesarpad/engines/augustus

    Using response file: /Users/chrissotraidis/GitHub/caesarpad/build/ios/build/augustus.build/Release-iphonesimulator/Objects-normal/arm64/7187679823f38a2a940e0043cdf9d637-common-args.resp

    /Applications/Xcode.app/Contents/Developer/Toolchains/XcodeDefault.xctoolchain/usr/bin/clang -x c -ivfsstatcache /Users/chrissotraidis/GitHub/caesarpad/build/ios/DerivedData/SDKStatCaches.noindex/iphonesimulator26.5-23F81a-6cfe768891a92b912361537c460fe42b.sdkstatcache -target arm64-apple-ios14.0-simulator -fmessage-length\=0 -fdiagnostics-show-note-include-stack -fmacro-backtrace-limit\=0 -fno-color-diagnostics -Wno-trigraphs -Wno-missing-field-initializers -Wno-missing-prototypes -Wno-return-type -Wno-missing-braces -Wparentheses -Wswitch -Wno-unused-function -Wno-unused-label -Wno-unused-parameter -Wno-unused-variable -Wunused-value -Wno-empty-body -Wno-uninitialized -Wno-unknown-pragmas -Wno-shadow -Wno-four-char-constants -Wno-conversion -Wno-constant-conversion -Wno-int-conversion -Wno-bool-conversion -Wno-enum-conversion -Wno-float-conversion -Wno-non-literal-null-conversion -Wno-objc-literal-conversion -Wshorten-64-to-32 -Wpointer-sign -Wno-newline-eof -Wno-implicit-fallthrough -isysroot /Applications/Xcode.app/Contents/Developer/Platforms/iPhoneSimulator.platform/Developer/SDKs/iPhoneSimulator26.5.sdk -fstrict-aliasing -Wdeprecated-declarations -Wno-sign-conversion -Wno-infinite-recursion -Wno-comma -Wno-block-capture-autoreleasing -Wno-strict-prototypes -Wno-semicolon-before-method-body @/Users/chrissotraidis/GitHub/caesarpad/build/ios/build/augustus.build/Release-iphonesimulator/Objects-normal/arm64/7187679823f38a2a940e0043cdf9d637-common-args.resp -MMD -MT dependencies -MF /Users/chrissotraidis/GitHub/caesarpad/build/ios/build/augustus.build/Release-iphonesimulator/Objects-normal/arm64/highway_station-ec4c6d4f92de365da744d0feb0a2c5be.d --serialize-diagnostics /Users/chrissotraidis/GitHub/caesarpad/build/ios/build/augustus.build/Release-iphonesimulator/Objects-normal/arm64/highway_station-ec4c6d4f92de365da744d0feb0a2c5be.dia -c /Users/chrissotraidis/GitHub/caesarpad/engines/augustus/src/window/building/highway_station.c -o /Users/chrissotraidis/GitHub/caesarpad/build/ios/build/augustus.build/Release-iphonesimulator/Objects-normal/arm64/highway_station-ec4c6d4f92de365da744d0feb0a2c5be.o

CompileC /Users/chrissotraidis/GitHub/caesarpad/build/ios/build/augustus.build/Release-iphonesimulator/Objects-normal/arm64/health-77c5ba9989af808ab101af96c5f02c38.o /Users/chrissotraidis/GitHub/caesarpad/engines/augustus/src/window/advisor/health.c normal arm64 c com.apple.compilers.llvm.clang.1_0.compiler (in target 'augustus' from project 'augustus')
    cd /Users/chrissotraidis/GitHub/caesarpad/engines/augustus

    Using response file: /Users/chrissotraidis/GitHub/caesarpad/build/ios/build/augustus.build/Release-iphonesimulator/Objects-normal/arm64/7187679823f38a2a940e0043cdf9d637-common-args.resp

    /Applications/Xcode.app/Contents/Developer/Toolchains/XcodeDefault.xctoolchain/usr/bin/clang -x c -ivfsstatcache /Users/chrissotraidis/GitHub/caesarpad/build/ios/DerivedData/SDKStatCaches.noindex/iphonesimulator26.5-23F81a-6cfe768891a92b912361537c460fe42b.sdkstatcache -target arm64-apple-ios14.0-simulator -fmessage-length\=0 -fdiagnostics-show-note-include-stack -fmacro-backtrace-limit\=0 -fno-color-diagnostics -Wno-trigraphs -Wno-missing-field-initializers -Wno-missing-prototypes -Wno-return-type -Wno-missing-braces -Wparentheses -Wswitch -Wno-unused-function -Wno-unused-label -Wno-unused-parameter -Wno-unused-variable -Wunused-value -Wno-empty-body -Wno-uninitialized -Wno-unknown-pragmas -Wno-shadow -Wno-four-char-constants -Wno-conversion -Wno-constant-conversion -Wno-int-conversion -Wno-bool-conversion -Wno-enum-conversion -Wno-float-conversion -Wno-non-literal-null-conversion -Wno-objc-literal-conversion -Wshorten-64-to-32 -Wpointer-sign -Wno-newline-eof -Wno-implicit-fallthrough -isysroot /Applications/Xcode.app/Contents/Developer/Platforms/iPhoneSimulator.platform/Developer/SDKs/iPhoneSimulator26.5.sdk -fstrict-aliasing -Wdeprecated-declarations -Wno-sign-conversion -Wno-infinite-recursion -Wno-comma -Wno-block-capture-autoreleasing -Wno-strict-prototypes -Wno-semicolon-before-method-body @/Users/chrissotraidis/GitHub/caesarpad/build/ios/build/augustus.build/Release-iphonesimulator/Objects-normal/arm64/7187679823f38a2a940e0043cdf9d637-common-args.resp -MMD -MT dependencies -MF /Users/chrissotraidis/GitHub/caesarpad/build/ios/build/augustus.build/Release-iphonesimulator/Objects-normal/arm64/health-77c5ba9989af808ab101af96c5f02c38.d --serialize-diagnostics /Users/chrissotraidis/GitHub/caesarpad/build/ios/build/augustus.build/Release-iphonesimulator/Objects-normal/arm64/health-77c5ba9989af808ab101af96c5f02c38.dia -c /Users/chrissotraidis/GitHub/caesarpad/engines/augustus/src/window/advisor/health.c -o /Users/chrissotraidis/GitHub/caesarpad/build/ios/build/augustus.build/Release-iphonesimulator/Objects-normal/arm64/health-77c5ba9989af808ab101af96c5f02c38.o

CompileC /Users/chrissotraidis/GitHub/caesarpad/build/ios/build/augustus.build/Release-iphonesimulator/Objects-normal/arm64/health-5b88c4af3434e44f0b381c5ba7d1e34e.o /Users/chrissotraidis/GitHub/caesarpad/engines/augustus/src/widget/city/overlay/health.c normal arm64 c com.apple.compilers.llvm.clang.1_0.compiler (in target 'augustus' from project 'augustus')
    cd /Users/chrissotraidis/GitHub/caesarpad/engines/augustus

    Using response file: /Users/chrissotraidis/GitHub/caesarpad/build/ios/build/augustus.build/Release-iphonesimulator/Objects-normal/arm64/7187679823f38a2a940e0043cdf9d637-common-args.resp

    /Applications/Xcode.app/Contents/Developer/Toolchains/XcodeDefault.xctoolchain/usr/bin/clang -x c -ivfsstatcache /Users/chrissotraidis/GitHub/caesarpad/build/ios/DerivedData/SDKStatCaches.noindex/iphonesimulator26.5-23F81a-6cfe768891a92b912361537c460fe42b.sdkstatcache -target arm64-apple-ios14.0-simulator -fmessage-length\=0 -fdiagnostics-show-note-include-stack -fmacro-backtrace-limit\=0 -fno-color-diagnostics -Wno-trigraphs -Wno-missing-field-initializers -Wno-missing-prototypes -Wno-return-type -Wno-missing-braces -Wparentheses -Wswitch -Wno-unused-function -Wno-unused-label -Wno-unused-parameter -Wno-unused-variable -Wunused-value -Wno-empty-body -Wno-uninitialized -Wno-unknown-pragmas -Wno-shadow -Wno-four-char-constants -Wno-conversion -Wno-constant-conversion -Wno-int-conversion -Wno-bool-conversion -Wno-enum-conversion -Wno-float-conversion -Wno-non-literal-null-conversion -Wno-objc-literal-conversion -Wshorten-64-to-32 -Wpointer-sign -Wno-newline-eof -Wno-implicit-fallthrough -isysroot /Applications/Xcode.app/Contents/Developer/Platforms/iPhoneSimulator.platform/Developer/SDKs/iPhoneSimulator26.5.sdk -fstrict-aliasing -Wdeprecated-declarations -Wno-sign-conversion -Wno-infinite-recursion -Wno-comma -Wno-block-capture-autoreleasing -Wno-strict-prototypes -Wno-semicolon-before-method-body @/Users/chrissotraidis/GitHub/caesarpad/build/ios/build/augustus.build/Release-iphonesimulator/Objects-normal/arm64/7187679823f38a2a940e0043cdf9d637-common-args.resp -MMD -MT dependencies -MF /Users/chrissotraidis/GitHub/caesarpad/build/ios/build/augustus.build/Release-iphonesimulator/Objects-normal/arm64/health-5b88c4af3434e44f0b381c5ba7d1e34e.d --serialize-diagnostics /Users/chrissotraidis/GitHub/caesarpad/build/ios/build/augustus.build/Release-iphonesimulator/Objects-normal/arm64/health-5b88c4af3434e44f0b381c5ba7d1e34e.dia -c /Users/chrissotraidis/GitHub/caesarpad/engines/augustus/src/widget/city/overlay/health.c -o /Users/chrissotraidis/GitHub/caesarpad/build/ios/build/augustus.build/Release-iphonesimulator/Objects-normal/arm64/health-5b88c4af3434e44f0b381c5ba7d1e34e.o

CompileC /Users/chrissotraidis/GitHub/caesarpad/build/ios/build/augustus.build/Release-iphonesimulator/Objects-normal/arm64/grid_box.o /Users/chrissotraidis/GitHub/caesarpad/engines/augustus/src/graphics/grid_box.c normal arm64 c com.apple.compilers.llvm.clang.1_0.compiler (in target 'augustus' from project 'augustus')
    cd /Users/chrissotraidis/GitHub/caesarpad/engines/augustus

    Using response file: /Users/chrissotraidis/GitHub/caesarpad/build/ios/build/augustus.build/Release-iphonesimulator/Objects-normal/arm64/7187679823f38a2a940e0043cdf9d637-common-args.resp

    /Applications/Xcode.app/Contents/Developer/Toolchains/XcodeDefault.xctoolchain/usr/bin/clang -x c -ivfsstatcache /Users/chrissotraidis/GitHub/caesarpad/build/ios/DerivedData/SDKStatCaches.noindex/iphonesimulator26.5-23F81a-6cfe768891a92b912361537c460fe42b.sdkstatcache -target arm64-apple-ios14.0-simulator -fmessage-length\=0 -fdiagnostics-show-note-include-stack -fmacro-backtrace-limit\=0 -fno-color-diagnostics -Wno-trigraphs -Wno-missing-field-initializers -Wno-missing-prototypes -Wno-return-type -Wno-missing-braces -Wparentheses -Wswitch -Wno-unused-function -Wno-unused-label -Wno-unused-parameter -Wno-unused-variable -Wunused-value -Wno-empty-body -Wno-uninitialized -Wno-unknown-pragmas -Wno-shadow -Wno-four-char-constants -Wno-conversion -Wno-constant-conversion -Wno-int-conversion -Wno-bool-conversion -Wno-enum-conversion -Wno-float-conversion -Wno-non-literal-null-conversion -Wno-objc-literal-conversion -Wshorten-64-to-32 -Wpointer-sign -Wno-newline-eof -Wno-implicit-fallthrough -isysroot /Applications/Xcode.app/Contents/Developer/Platforms/iPhoneSimulator.platform/Developer/SDKs/iPhoneSimulator26.5.sdk -fstrict-aliasing -Wdeprecated-declarations -Wno-sign-conversion -Wno-infinite-recursion -Wno-comma -Wno-block-capture-autoreleasing -Wno-strict-prototypes -Wno-semicolon-before-method-body @/Users/chrissotraidis/GitHub/caesarpad/build/ios/build/augustus.build/Release-iphonesimulator/Objects-normal/arm64/7187679823f38a2a940e0043cdf9d637-common-args.resp -MMD -MT dependencies -MF /Users/chrissotraidis/GitHub/caesarpad/build/ios/build/augustus.build/Release-iphonesimulator/Objects-normal/arm64/grid_box.d --serialize-diagnostics /Users/chrissotraidis/GitHub/caesarpad/build/ios/build/augustus.build/Release-iphonesimulator/Objects-normal/arm64/grid_box.dia -c /Users/chrissotraidis/GitHub/caesarpad/engines/augustus/src/graphics/grid_box.c -o /Users/chrissotraidis/GitHub/caesarpad/build/ios/build/augustus.build/Release-iphonesimulator/Objects-normal/arm64/grid_box.o

CompileC /Users/chrissotraidis/GitHub/caesarpad/build/ios/build/augustus.build/Release-iphonesimulator/Objects-normal/arm64/government-428188f8167e9f1aa86ad2201c310796.o /Users/chrissotraidis/GitHub/caesarpad/engines/augustus/src/window/building/government.c normal arm64 c com.apple.compilers.llvm.clang.1_0.compiler (in target 'augustus' from project 'augustus')
    cd /Users/chrissotraidis/GitHub/caesarpad/engines/augustus

    Using response file: /Users/chrissotraidis/GitHub/caesarpad/build/ios/build/augustus.build/Release-iphonesimulator/Objects-normal/arm64/7187679823f38a2a940e0043cdf9d637-common-args.resp

    /Applications/Xcode.app/Contents/Developer/Toolchains/XcodeDefault.xctoolchain/usr/bin/clang -x c -ivfsstatcache /Users/chrissotraidis/GitHub/caesarpad/build/ios/DerivedData/SDKStatCaches.noindex/iphonesimulator26.5-23F81a-6cfe768891a92b912361537c460fe42b.sdkstatcache -target arm64-apple-ios14.0-simulator -fmessage-length\=0 -fdiagnostics-show-note-include-stack -fmacro-backtrace-limit\=0 -fno-color-diagnostics -Wno-trigraphs -Wno-missing-field-initializers -Wno-missing-prototypes -Wno-return-type -Wno-missing-braces -Wparentheses -Wswitch -Wno-unused-function -Wno-unused-label -Wno-unused-parameter -Wno-unused-variable -Wunused-value -Wno-empty-body -Wno-uninitialized -Wno-unknown-pragmas -Wno-shadow -Wno-four-char-constants -Wno-conversion -Wno-constant-conversion -Wno-int-conversion -Wno-bool-conversion -Wno-enum-conversion -Wno-float-conversion -Wno-non-literal-null-conversion -Wno-objc-literal-conversion -Wshorten-64-to-32 -Wpointer-sign -Wno-newline-eof -Wno-implicit-fallthrough -isysroot /Applications/Xcode.app/Contents/Developer/Platforms/iPhoneSimulator.platform/Developer/SDKs/iPhoneSimulator26.5.sdk -fstrict-aliasing -Wdeprecated-declarations -Wno-sign-conversion -Wno-infinite-recursion -Wno-comma -Wno-block-capture-autoreleasing -Wno-strict-prototypes -Wno-semicolon-before-method-body @/Users/chrissotraidis/GitHub/caesarpad/build/ios/build/augustus.build/Release-iphonesimulator/Objects-normal/arm64/7187679823f38a2a940e0043cdf9d637-common-args.resp -MMD -MT dependencies -MF /Users/chrissotraidis/GitHub/caesarpad/build/ios/build/augustus.build/Release-iphonesimulator/Objects-normal/arm64/government-428188f8167e9f1aa86ad2201c310796.d --serialize-diagnostics /Users/chrissotraidis/GitHub/caesarpad/build/ios/build/augustus.build/Release-iphonesimulator/Objects-normal/arm64/government-428188f8167e9f1aa86ad2201c310796.dia -c /Users/chrissotraidis/GitHub/caesarpad/engines/augustus/src/window/building/government.c -o /Users/chrissotraidis/GitHub/caesarpad/build/ios/build/augustus.build/Release-iphonesimulator/Objects-normal/arm64/government-428188f8167e9f1aa86ad2201c310796.o

CompileC /Users/chrissotraidis/GitHub/caesarpad/build/ios/build/augustus.build/Release-iphonesimulator/Objects-normal/arm64/gift_to_emperor.o /Users/chrissotraidis/GitHub/caesarpad/engines/augustus/src/window/gift_to_emperor.c normal arm64 c com.apple.compilers.llvm.clang.1_0.compiler (in target 'augustus' from project 'augustus')
    cd /Users/chrissotraidis/GitHub/caesarpad/engines/augustus

    Using response file: /Users/chrissotraidis/GitHub/caesarpad/build/ios/build/augustus.build/Release-iphonesimulator/Objects-normal/arm64/7187679823f38a2a940e0043cdf9d637-common-args.resp

    /Applications/Xcode.app/Contents/Developer/Toolchains/XcodeDefault.xctoolchain/usr/bin/clang -x c -ivfsstatcache /Users/chrissotraidis/GitHub/caesarpad/build/ios/DerivedData/SDKStatCaches.noindex/iphonesimulator26.5-23F81a-6cfe768891a92b912361537c460fe42b.sdkstatcache -target arm64-apple-ios14.0-simulator -fmessage-length\=0 -fdiagnostics-show-note-include-stack -fmacro-backtrace-limit\=0 -fno-color-diagnostics -Wno-trigraphs -Wno-missing-field-initializers -Wno-missing-prototypes -Wno-return-type -Wno-missing-braces -Wparentheses -Wswitch -Wno-unused-function -Wno-unused-label -Wno-unused-parameter -Wno-unused-variable -Wunused-value -Wno-empty-body -Wno-uninitialized -Wno-unknown-pragmas -Wno-shadow -Wno-four-char-constants -Wno-conversion -Wno-constant-conversion -Wno-int-conversion -Wno-bool-conversion -Wno-enum-conversion -Wno-float-conversion -Wno-non-literal-null-conversion -Wno-objc-literal-conversion -Wshorten-64-to-32 -Wpointer-sign -Wno-newline-eof -Wno-implicit-fallthrough -isysroot /Applications/Xcode.app/Contents/Developer/Platforms/iPhoneSimulator.platform/Developer/SDKs/iPhoneSimulator26.5.sdk -fstrict-aliasing -Wdeprecated-declarations -Wno-sign-conversion -Wno-infinite-recursion -Wno-comma -Wno-block-capture-autoreleasing -Wno-strict-prototypes -Wno-semicolon-before-method-body @/Users/chrissotraidis/GitHub/caesarpad/build/ios/build/augustus.build/Release-iphonesimulator/Objects-normal/arm64/7187679823f38a2a940e0043cdf9d637-common-args.resp -MMD -MT dependencies -MF /Users/chrissotraidis/GitHub/caesarpad/build/ios/build/augustus.build/Release-iphonesimulator/Objects-normal/arm64/gift_to_emperor.d --serialize-diagnostics /Users/chrissotraidis/GitHub/caesarpad/build/ios/build/augustus.build/Release-iphonesimulator/Objects-normal/arm64/gift_to_emperor.dia -c /Users/chrissotraidis/GitHub/caesarpad/engines/augustus/src/window/gift_to_emperor.c -o /Users/chrissotraidis/GitHub/caesarpad/build/ios/build/augustus.build/Release-iphonesimulator/Objects-normal/arm64/gift_to_emperor.o

CompileC /Users/chrissotraidis/GitHub/caesarpad/build/ios/build/augustus.build/Release-iphonesimulator/Objects-normal/arm64/generic_button.o /Users/chrissotraidis/GitHub/caesarpad/engines/augustus/src/graphics/generic_button.c normal arm64 c com.apple.compilers.llvm.clang.1_0.compiler (in target 'augustus' from project 'augustus')
    cd /Users/chrissotraidis/GitHub/caesarpad/engines/augustus

    Using response file: /Users/chrissotraidis/GitHub/caesarpad/build/ios/build/augustus.build/Release-iphonesimulator/Objects-normal/arm64/7187679823f38a2a940e0043cdf9d637-common-args.resp

    /Applications/Xcode.app/Contents/Developer/Toolchains/XcodeDefault.xctoolchain/usr/bin/clang -x c -ivfsstatcache /Users/chrissotraidis/GitHub/caesarpad/build/ios/DerivedData/SDKStatCaches.noindex/iphonesimulator26.5-23F81a-6cfe768891a92b912361537c460fe42b.sdkstatcache -target arm64-apple-ios14.0-simulator -fmessage-length\=0 -fdiagnostics-show-note-include-stack -fmacro-backtrace-limit\=0 -fno-color-diagnostics -Wno-trigraphs -Wno-missing-field-initializers -Wno-missing-prototypes -Wno-return-type -Wno-missing-braces -Wparentheses -Wswitch -Wno-unused-function -Wno-unused-label -Wno-unused-parameter -Wno-unused-variable -Wunused-value -Wno-empty-body -Wno-uninitialized -Wno-unknown-pragmas -Wno-shadow -Wno-four-char-constants -Wno-conversion -Wno-constant-conversion -Wno-int-conversion -Wno-bool-conversion -Wno-enum-conversion -Wno-float-conversion -Wno-non-literal-null-conversion -Wno-objc-literal-conversion -Wshorten-64-to-32 -Wpointer-sign -Wno-newline-eof -Wno-implicit-fallthrough -isysroot /Applications/Xcode.app/Contents/Developer/Platforms/iPhoneSimulator.platform/Developer/SDKs/iPhoneSimulator26.5.sdk -fstrict-aliasing -Wdeprecated-declarations -Wno-sign-conversion -Wno-infinite-recursion -Wno-comma -Wno-block-capture-autoreleasing -Wno-strict-prototypes -Wno-semicolon-before-method-body @/Users/chrissotraidis/GitHub/caesarpad/build/ios/build/augustus.build/Release-iphonesimulator/Objects-normal/arm64/7187679823f38a2a940e0043cdf9d637-common-args.resp -MMD -MT dependencies -MF /Users/chrissotraidis/GitHub/caesarpad/build/ios/build/augustus.build/Release-iphonesimulator/Objects-normal/arm64/generic_button.d --serialize-diagnostics /Users/chrissotraidis/GitHub/caesarpad/build/ios/build/augustus.build/Release-iphonesimulator/Objects-normal/arm64/generic_button.dia -c /Users/chrissotraidis/GitHub/caesarpad/engines/augustus/src/graphics/generic_button.c -o /Users/chrissotraidis/GitHub/caesarpad/build/ios/build/augustus.build/Release-iphonesimulator/Objects-normal/arm64/generic_button.o

CompileC /Users/chrissotraidis/GitHub/caesarpad/build/ios/build/augustus.build/Release-iphonesimulator/Objects-normal/arm64/game.o /Users/chrissotraidis/GitHub/caesarpad/engines/augustus/src/game/game.c normal arm64 c com.apple.compilers.llvm.clang.1_0.compiler (in target 'augustus' from project 'augustus')
    cd /Users/chrissotraidis/GitHub/caesarpad/engines/augustus

    Using response file: /Users/chrissotraidis/GitHub/caesarpad/build/ios/build/augustus.build/Release-iphonesimulator/Objects-normal/arm64/7187679823f38a2a940e0043cdf9d637-common-args.resp

    /Applications/Xcode.app/Contents/Developer/Toolchains/XcodeDefault.xctoolchain/usr/bin/clang -x c -ivfsstatcache /Users/chrissotraidis/GitHub/caesarpad/build/ios/DerivedData/SDKStatCaches.noindex/iphonesimulator26.5-23F81a-6cfe768891a92b912361537c460fe42b.sdkstatcache -target arm64-apple-ios14.0-simulator -fmessage-length\=0 -fdiagnostics-show-note-include-stack -fmacro-backtrace-limit\=0 -fno-color-diagnostics -Wno-trigraphs -Wno-missing-field-initializers -Wno-missing-prototypes -Wno-return-type -Wno-missing-braces -Wparentheses -Wswitch -Wno-unused-function -Wno-unused-label -Wno-unused-parameter -Wno-unused-variable -Wunused-value -Wno-empty-body -Wno-uninitialized -Wno-unknown-pragmas -Wno-shadow -Wno-four-char-constants -Wno-conversion -Wno-constant-conversion -Wno-int-conversion -Wno-bool-conversion -Wno-enum-conversion -Wno-float-conversion -Wno-non-literal-null-conversion -Wno-objc-literal-conversion -Wshorten-64-to-32 -Wpointer-sign -Wno-newline-eof -Wno-implicit-fallthrough -isysroot /Applications/Xcode.app/Contents/Developer/Platforms/iPhoneSimulator.platform/Developer/SDKs/iPhoneSimulator26.5.sdk -fstrict-aliasing -Wdeprecated-declarations -Wno-sign-conversion -Wno-infinite-recursion -Wno-comma -Wno-block-capture-autoreleasing -Wno-strict-prototypes -Wno-semicolon-before-method-body @/Users/chrissotraidis/GitHub/caesarpad/build/ios/build/augustus.build/Release-iphonesimulator/Objects-normal/arm64/7187679823f38a2a940e0043cdf9d637-common-args.resp -MMD -MT dependencies -MF /Users/chrissotraidis/GitHub/caesarpad/build/ios/build/augustus.build/Release-iphonesimulator/Objects-normal/arm64/game.d --serialize-diagnostics /Users/chrissotraidis/GitHub/caesarpad/build/ios/build/augustus.build/Release-iphonesimulator/Objects-normal/arm64/game.dia -c /Users/chrissotraidis/GitHub/caesarpad/engines/augustus/src/game/game.c -o /Users/chrissotraidis/GitHub/caesarpad/build/ios/build/augustus.build/Release-iphonesimulator/Objects-normal/arm64/game.o

CompileC /Users/chrissotraidis/GitHub/caesarpad/build/ios/build/augustus.build/Release-iphonesimulator/Objects-normal/arm64/formation.o /Users/chrissotraidis/GitHub/caesarpad/engines/augustus/src/figure/formation.c normal arm64 c com.apple.compilers.llvm.clang.1_0.compiler (in target 'augustus' from project 'augustus')
    cd /Users/chrissotraidis/GitHub/caesarpad/engines/augustus

    Using response file: /Users/chrissotraidis/GitHub/caesarpad/build/ios/build/augustus.build/Release-iphonesimulator/Objects-normal/arm64/7187679823f38a2a940e0043cdf9d637-common-args.resp

    /Applications/Xcode.app/Contents/Developer/Toolchains/XcodeDefault.xctoolchain/usr/bin/clang -x c -ivfsstatcache /Users/chrissotraidis/GitHub/caesarpad/build/ios/DerivedData/SDKStatCaches.noindex/iphonesimulator26.5-23F81a-6cfe768891a92b912361537c460fe42b.sdkstatcache -target arm64-apple-ios14.0-simulator -fmessage-length\=0 -fdiagnostics-show-note-include-stack -fmacro-backtrace-limit\=0 -fno-color-diagnostics -Wno-trigraphs -Wno-missing-field-initializers -Wno-missing-prototypes -Wno-return-type -Wno-missing-braces -Wparentheses -Wswitch -Wno-unused-function -Wno-unused-label -Wno-unused-parameter -Wno-unused-variable -Wunused-value -Wno-empty-body -Wno-uninitialized -Wno-unknown-pragmas -Wno-shadow -Wno-four-char-constants -Wno-conversion -Wno-constant-conversion -Wno-int-conversion -Wno-bool-conversion -Wno-enum-conversion -Wno-float-conversion -Wno-non-literal-null-conversion -Wno-objc-literal-conversion -Wshorten-64-to-32 -Wpointer-sign -Wno-newline-eof -Wno-implicit-fallthrough -isysroot /Applications/Xcode.app/Contents/Developer/Platforms/iPhoneSimulator.platform/Developer/SDKs/iPhoneSimulator26.5.sdk -fstrict-aliasing -Wdeprecated-declarations -Wno-sign-conversion -Wno-infinite-recursion -Wno-comma -Wno-block-capture-autoreleasing -Wno-strict-prototypes -Wno-semicolon-before-method-body @/Users/chrissotraidis/GitHub/caesarpad/build/ios/build/augustus.build/Release-iphonesimulator/Objects-normal/arm64/7187679823f38a2a940e0043cdf9d637-common-args.resp -MMD -MT dependencies -MF /Users/chrissotraidis/GitHub/caesarpad/build/ios/build/augustus.build/Release-iphonesimulator/Objects-normal/arm64/formation.d --serialize-diagnostics /Users/chrissotraidis/GitHub/caesarpad/build/ios/build/augustus.build/Release-iphonesimulator/Objects-normal/arm64/formation.dia -c /Users/chrissotraidis/GitHub/caesarpad/engines/augustus/src/figure/formation.c -o /Users/chrissotraidis/GitHub/caesarpad/build/ios/build/augustus.build/Release-iphonesimulator/Objects-normal/arm64/formation.o

CompileC /Users/chrissotraidis/GitHub/caesarpad/build/ios/build/augustus.build/Release-iphonesimulator/Objects-normal/arm64/financial.o /Users/chrissotraidis/GitHub/caesarpad/engines/augustus/src/window/advisor/financial.c normal arm64 c com.apple.compilers.llvm.clang.1_0.compiler (in target 'augustus' from project 'augustus')
    cd /Users/chrissotraidis/GitHub/caesarpad/engines/augustus

    Using response file: /Users/chrissotraidis/GitHub/caesarpad/build/ios/build/augustus.build/Release-iphonesimulator/Objects-normal/arm64/7187679823f38a2a940e0043cdf9d637-common-args.resp

    /Applications/Xcode.app/Contents/Developer/Toolchains/XcodeDefault.xctoolchain/usr/bin/clang -x c -ivfsstatcache /Users/chrissotraidis/GitHub/caesarpad/build/ios/DerivedData/SDKStatCaches.noindex/iphonesimulator26.5-23F81a-6cfe768891a92b912361537c460fe42b.sdkstatcache -target arm64-apple-ios14.0-simulator -fmessage-length\=0 -fdiagnostics-show-note-include-stack -fmacro-backtrace-limit\=0 -fno-color-diagnostics -Wno-trigraphs -Wno-missing-field-initializers -Wno-missing-prototypes -Wno-return-type -Wno-missing-braces -Wparentheses -Wswitch -Wno-unused-function -Wno-unused-label -Wno-unused-parameter -Wno-unused-variable -Wunused-value -Wno-empty-body -Wno-uninitialized -Wno-unknown-pragmas -Wno-shadow -Wno-four-char-constants -Wno-conversion -Wno-constant-conversion -Wno-int-conversion -Wno-bool-conversion -Wno-enum-conversion -Wno-float-conversion -Wno-non-literal-null-conversion -Wno-objc-literal-conversion -Wshorten-64-to-32 -Wpointer-sign -Wno-newline-eof -Wno-implicit-fallthrough -isysroot /Applications/Xcode.app/Contents/Developer/Platforms/iPhoneSimulator.platform/Developer/SDKs/iPhoneSimulator26.5.sdk -fstrict-aliasing -Wdeprecated-declarations -Wno-sign-conversion -Wno-infinite-recursion -Wno-comma -Wno-block-capture-autoreleasing -Wno-strict-prototypes -Wno-semicolon-before-method-body @/Users/chrissotraidis/GitHub/caesarpad/build/ios/build/augustus.build/Release-iphonesimulator/Objects-normal/arm64/7187679823f38a2a940e0043cdf9d637-common-args.resp -MMD -MT dependencies -MF /Users/chrissotraidis/GitHub/caesarpad/build/ios/build/augustus.build/Release-iphonesimulator/Objects-normal/arm64/financial.d --serialize-diagnostics /Users/chrissotraidis/GitHub/caesarpad/build/ios/build/augustus.build/Release-iphonesimulator/Objects-normal/arm64/financial.dia -c /Users/chrissotraidis/GitHub/caesarpad/engines/augustus/src/window/advisor/financial.c -o /Users/chrissotraidis/GitHub/caesarpad/build/ios/build/augustus.build/Release-iphonesimulator/Objects-normal/arm64/financial.o

CompileC /Users/chrissotraidis/GitHub/caesarpad/build/ios/build/augustus.build/Release-iphonesimulator/Objects-normal/arm64/file_io.o /Users/chrissotraidis/GitHub/caesarpad/engines/augustus/src/game/file_io.c normal arm64 c com.apple.compilers.llvm.clang.1_0.compiler (in target 'augustus' from project 'augustus')
    cd /Users/chrissotraidis/GitHub/caesarpad/engines/augustus

    Using response file: /Users/chrissotraidis/GitHub/caesarpad/build/ios/build/augustus.build/Release-iphonesimulator/Objects-normal/arm64/7187679823f38a2a940e0043cdf9d637-common-args.resp

    /Applications/Xcode.app/Contents/Developer/Toolchains/XcodeDefault.xctoolchain/usr/bin/clang -x c -ivfsstatcache /Users/chrissotraidis/GitHub/caesarpad/build/ios/DerivedData/SDKStatCaches.noindex/iphonesimulator26.5-23F81a-6cfe768891a92b912361537c460fe42b.sdkstatcache -target arm64-apple-ios14.0-simulator -fmessage-length\=0 -fdiagnostics-show-note-include-stack -fmacro-backtrace-limit\=0 -fno-color-diagnostics -Wno-trigraphs -Wno-missing-field-initializers -Wno-missing-prototypes -Wno-return-type -Wno-missing-braces -Wparentheses -Wswitch -Wno-unused-function -Wno-unused-label -Wno-unused-parameter -Wno-unused-variable -Wunused-value -Wno-empty-body -Wno-uninitialized -Wno-unknown-pragmas -Wno-shadow -Wno-four-char-constants -Wno-conversion -Wno-constant-conversion -Wno-int-conversion -Wno-bool-conversion -Wno-enum-conversion -Wno-float-conversion -Wno-non-literal-null-conversion -Wno-objc-literal-conversion -Wshorten-64-to-32 -Wpointer-sign -Wno-newline-eof -Wno-implicit-fallthrough -isysroot /Applications/Xcode.app/Contents/Developer/Platforms/iPhoneSimulator.platform/Developer/SDKs/iPhoneSimulator26.5.sdk -fstrict-aliasing -Wdeprecated-declarations -Wno-sign-conversion -Wno-infinite-recursion -Wno-comma -Wno-block-capture-autoreleasing -Wno-strict-prototypes -Wno-semicolon-before-method-body @/Users/chrissotraidis/GitHub/caesarpad/build/ios/build/augustus.build/Release-iphonesimulator/Objects-normal/arm64/7187679823f38a2a940e0043cdf9d637-common-args.resp -MMD -MT dependencies -MF /Users/chrissotraidis/GitHub/caesarpad/build/ios/build/augustus.build/Release-iphonesimulator/Objects-normal/arm64/file_io.d --serialize-diagnostics /Users/chrissotraidis/GitHub/caesarpad/build/ios/build/augustus.build/Release-iphonesimulator/Objects-normal/arm64/file_io.dia -c /Users/chrissotraidis/GitHub/caesarpad/engines/augustus/src/game/file_io.c -o /Users/chrissotraidis/GitHub/caesarpad/build/ios/build/augustus.build/Release-iphonesimulator/Objects-normal/arm64/file_io.o

CompileC /Users/chrissotraidis/GitHub/caesarpad/build/ios/build/augustus.build/Release-iphonesimulator/Objects-normal/arm64/file_editor.o /Users/chrissotraidis/GitHub/caesarpad/engines/augustus/src/game/file_editor.c normal arm64 c com.apple.compilers.llvm.clang.1_0.compiler (in target 'augustus' from project 'augustus')
    cd /Users/chrissotraidis/GitHub/caesarpad/engines/augustus

    Using response file: /Users/chrissotraidis/GitHub/caesarpad/build/ios/build/augustus.build/Release-iphonesimulator/Objects-normal/arm64/7187679823f38a2a940e0043cdf9d637-common-args.resp

    /Applications/Xcode.app/Contents/Developer/Toolchains/XcodeDefault.xctoolchain/usr/bin/clang -x c -ivfsstatcache /Users/chrissotraidis/GitHub/caesarpad/build/ios/DerivedData/SDKStatCaches.noindex/iphonesimulator26.5-23F81a-6cfe768891a92b912361537c460fe42b.sdkstatcache -target arm64-apple-ios14.0-simulator -fmessage-length\=0 -fdiagnostics-show-note-include-stack -fmacro-backtrace-limit\=0 -fno-color-diagnostics -Wno-trigraphs -Wno-missing-field-initializers -Wno-missing-prototypes -Wno-return-type -Wno-missing-braces -Wparentheses -Wswitch -Wno-unused-function -Wno-unused-label -Wno-unused-parameter -Wno-unused-variable -Wunused-value -Wno-empty-body -Wno-uninitialized -Wno-unknown-pragmas -Wno-shadow -Wno-four-char-constants -Wno-conversion -Wno-constant-conversion -Wno-int-conversion -Wno-bool-conversion -Wno-enum-conversion -Wno-float-conversion -Wno-non-literal-null-conversion -Wno-objc-literal-conversion -Wshorten-64-to-32 -Wpointer-sign -Wno-newline-eof -Wno-implicit-fallthrough -isysroot /Applications/Xcode.app/Contents/Developer/Platforms/iPhoneSimulator.platform/Developer/SDKs/iPhoneSimulator26.5.sdk -fstrict-aliasing -Wdeprecated-declarations -Wno-sign-conversion -Wno-infinite-recursion -Wno-comma -Wno-block-capture-autoreleasing -Wno-strict-prototypes -Wno-semicolon-before-method-body @/Users/chrissotraidis/GitHub/caesarpad/build/ios/build/augustus.build/Release-iphonesimulator/Objects-normal/arm64/7187679823f38a2a940e0043cdf9d637-common-args.resp -MMD -MT dependencies -MF /Users/chrissotraidis/GitHub/caesarpad/build/ios/build/augustus.build/Release-iphonesimulator/Objects-normal/arm64/file_editor.d --serialize-diagnostics /Users/chrissotraidis/GitHub/caesarpad/build/ios/build/augustus.build/Release-iphonesimulator/Objects-normal/arm64/file_editor.dia -c /Users/chrissotraidis/GitHub/caesarpad/engines/augustus/src/game/file_editor.c -o /Users/chrissotraidis/GitHub/caesarpad/build/ios/build/augustus.build/Release-iphonesimulator/Objects-normal/arm64/file_editor.o

CompileC /Users/chrissotraidis/GitHub/caesarpad/build/ios/build/augustus.build/Release-iphonesimulator/Objects-normal/arm64/file_dialog.o /Users/chrissotraidis/GitHub/caesarpad/engines/augustus/src/window/file_dialog.c normal arm64 c com.apple.compilers.llvm.clang.1_0.compiler (in target 'augustus' from project 'augustus')
    cd /Users/chrissotraidis/GitHub/caesarpad/engines/augustus

    Using response file: /Users/chrissotraidis/GitHub/caesarpad/build/ios/build/augustus.build/Release-iphonesimulator/Objects-normal/arm64/7187679823f38a2a940e0043cdf9d637-common-args.resp

    /Applications/Xcode.app/Contents/Developer/Toolchains/XcodeDefault.xctoolchain/usr/bin/clang -x c -ivfsstatcache /Users/chrissotraidis/GitHub/caesarpad/build/ios/DerivedData/SDKStatCaches.noindex/iphonesimulator26.5-23F81a-6cfe768891a92b912361537c460fe42b.sdkstatcache -target arm64-apple-ios14.0-simulator -fmessage-length\=0 -fdiagnostics-show-note-include-stack -fmacro-backtrace-limit\=0 -fno-color-diagnostics -Wno-trigraphs -Wno-missing-field-initializers -Wno-missing-prototypes -Wno-return-type -Wno-missing-braces -Wparentheses -Wswitch -Wno-unused-function -Wno-unused-label -Wno-unused-parameter -Wno-unused-variable -Wunused-value -Wno-empty-body -Wno-uninitialized -Wno-unknown-pragmas -Wno-shadow -Wno-four-char-constants -Wno-conversion -Wno-constant-conversion -Wno-int-conversion -Wno-bool-conversion -Wno-enum-conversion -Wno-float-conversion -Wno-non-literal-null-conversion -Wno-objc-literal-conversion -Wshorten-64-to-32 -Wpointer-sign -Wno-newline-eof -Wno-implicit-fallthrough -isysroot /Applications/Xcode.app/Contents/Developer/Platforms/iPhoneSimulator.platform/Developer/SDKs/iPhoneSimulator26.5.sdk -fstrict-aliasing -Wdeprecated-declarations -Wno-sign-conversion -Wno-infinite-recursion -Wno-comma -Wno-block-capture-autoreleasing -Wno-strict-prototypes -Wno-semicolon-before-method-body @/Users/chrissotraidis/GitHub/caesarpad/build/ios/build/augustus.build/Release-iphonesimulator/Objects-normal/arm64/7187679823f38a2a940e0043cdf9d637-common-args.resp -MMD -MT dependencies -MF /Users/chrissotraidis/GitHub/caesarpad/build/ios/build/augustus.build/Release-iphonesimulator/Objects-normal/arm64/file_dialog.d --serialize-diagnostics /Users/chrissotraidis/GitHub/caesarpad/build/ios/build/augustus.build/Release-iphonesimulator/Objects-normal/arm64/file_dialog.dia -c /Users/chrissotraidis/GitHub/caesarpad/engines/augustus/src/window/file_dialog.c -o /Users/chrissotraidis/GitHub/caesarpad/build/ios/build/augustus.build/Release-iphonesimulator/Objects-normal/arm64/file_dialog.o

CompileC /Users/chrissotraidis/GitHub/caesarpad/build/ios/build/augustus.build/Release-iphonesimulator/Objects-normal/arm64/figures-338e2105cf2dfc522cf6143916e5094b.o /Users/chrissotraidis/GitHub/caesarpad/engines/augustus/src/window/building/figures.c normal arm64 c com.apple.compilers.llvm.clang.1_0.compiler (in target 'augustus' from project 'augustus')
    cd /Users/chrissotraidis/GitHub/caesarpad/engines/augustus

    Using response file: /Users/chrissotraidis/GitHub/caesarpad/build/ios/build/augustus.build/Release-iphonesimulator/Objects-normal/arm64/7187679823f38a2a940e0043cdf9d637-common-args.resp

    /Applications/Xcode.app/Contents/Developer/Toolchains/XcodeDefault.xctoolchain/usr/bin/clang -x c -ivfsstatcache /Users/chrissotraidis/GitHub/caesarpad/build/ios/DerivedData/SDKStatCaches.noindex/iphonesimulator26.5-23F81a-6cfe768891a92b912361537c460fe42b.sdkstatcache -target arm64-apple-ios14.0-simulator -fmessage-length\=0 -fdiagnostics-show-note-include-stack -fmacro-backtrace-limit\=0 -fno-color-diagnostics -Wno-trigraphs -Wno-missing-field-initializers -Wno-missing-prototypes -Wno-return-type -Wno-missing-braces -Wparentheses -Wswitch -Wno-unused-function -Wno-unused-label -Wno-unused-parameter -Wno-unused-variable -Wunused-value -Wno-empty-body -Wno-uninitialized -Wno-unknown-pragmas -Wno-shadow -Wno-four-char-constants -Wno-conversion -Wno-constant-conversion -Wno-int-conversion -Wno-bool-conversion -Wno-enum-conversion -Wno-float-conversion -Wno-non-literal-null-conversion -Wno-objc-literal-conversion -Wshorten-64-to-32 -Wpointer-sign -Wno-newline-eof -Wno-implicit-fallthrough -isysroot /Applications/Xcode.app/Contents/Developer/Platforms/iPhoneSimulator.platform/Developer/SDKs/iPhoneSimulator26.5.sdk -fstrict-aliasing -Wdeprecated-declarations -Wno-sign-conversion -Wno-infinite-recursion -Wno-comma -Wno-block-capture-autoreleasing -Wno-strict-prototypes -Wno-semicolon-before-method-body @/Users/chrissotraidis/GitHub/caesarpad/build/ios/build/augustus.build/Release-iphonesimulator/Objects-normal/arm64/7187679823f38a2a940e0043cdf9d637-common-args.resp -MMD -MT dependencies -MF /Users/chrissotraidis/GitHub/caesarpad/build/ios/build/augustus.build/Release-iphonesimulator/Objects-normal/arm64/figures-338e2105cf2dfc522cf6143916e5094b.d --serialize-diagnostics /Users/chrissotraidis/GitHub/caesarpad/build/ios/build/augustus.build/Release-iphonesimulator/Objects-normal/arm64/figures-338e2105cf2dfc522cf6143916e5094b.dia -c /Users/chrissotraidis/GitHub/caesarpad/engines/augustus/src/window/building/figures.c -o /Users/chrissotraidis/GitHub/caesarpad/build/ios/build/augustus.build/Release-iphonesimulator/Objects-normal/arm64/figures-338e2105cf2dfc522cf6143916e5094b.o

CompileC /Users/chrissotraidis/GitHub/caesarpad/build/ios/build/augustus.build/Release-iphonesimulator/Objects-normal/arm64/figure-f99641cc2cdd74ba0f0127d532f24b2f.o /Users/chrissotraidis/GitHub/caesarpad/engines/augustus/src/widget/city/figure.c normal arm64 c com.apple.compilers.llvm.clang.1_0.compiler (in target 'augustus' from project 'augustus')
    cd /Users/chrissotraidis/GitHub/caesarpad/engines/augustus

    Using response file: /Users/chrissotraidis/GitHub/caesarpad/build/ios/build/augustus.build/Release-iphonesimulator/Objects-normal/arm64/7187679823f38a2a940e0043cdf9d637-common-args.resp

    /Applications/Xcode.app/Contents/Developer/Toolchains/XcodeDefault.xctoolchain/usr/bin/clang -x c -ivfsstatcache /Users/chrissotraidis/GitHub/caesarpad/build/ios/DerivedData/SDKStatCaches.noindex/iphonesimulator26.5-23F81a-6cfe768891a92b912361537c460fe42b.sdkstatcache -target arm64-apple-ios14.0-simulator -fmessage-length\=0 -fdiagnostics-show-note-include-stack -fmacro-backtrace-limit\=0 -fno-color-diagnostics -Wno-trigraphs -Wno-missing-field-initializers -Wno-missing-prototypes -Wno-return-type -Wno-missing-braces -Wparentheses -Wswitch -Wno-unused-function -Wno-unused-label -Wno-unused-parameter -Wno-unused-variable -Wunused-value -Wno-empty-body -Wno-uninitialized -Wno-unknown-pragmas -Wno-shadow -Wno-four-char-constants -Wno-conversion -Wno-constant-conversion -Wno-int-conversion -Wno-bool-conversion -Wno-enum-conversion -Wno-float-conversion -Wno-non-literal-null-conversion -Wno-objc-literal-conversion -Wshorten-64-to-32 -Wpointer-sign -Wno-newline-eof -Wno-implicit-fallthrough -isysroot /Applications/Xcode.app/Contents/Developer/Platforms/iPhoneSimulator.platform/Developer/SDKs/iPhoneSimulator26.5.sdk -fstrict-aliasing -Wdeprecated-declarations -Wno-sign-conversion -Wno-infinite-recursion -Wno-comma -Wno-block-capture-autoreleasing -Wno-strict-prototypes -Wno-semicolon-before-method-body @/Users/chrissotraidis/GitHub/caesarpad/build/ios/build/augustus.build/Release-iphonesimulator/Objects-normal/arm64/7187679823f38a2a940e0043cdf9d637-common-args.resp -MMD -MT dependencies -MF /Users/chrissotraidis/GitHub/caesarpad/build/ios/build/augustus.build/Release-iphonesimulator/Objects-normal/arm64/figure-f99641cc2cdd74ba0f0127d532f24b2f.d --serialize-diagnostics /Users/chrissotraidis/GitHub/caesarpad/build/ios/build/augustus.build/Release-iphonesimulator/Objects-normal/arm64/figure-f99641cc2cdd74ba0f0127d532f24b2f.dia -c /Users/chrissotraidis/GitHub/caesarpad/engines/augustus/src/widget/city/figure.c -o /Users/chrissotraidis/GitHub/caesarpad/build/ios/build/augustus.build/Release-iphonesimulator/Objects-normal/arm64/figure-f99641cc2cdd74ba0f0127d532f24b2f.o

CompileC /Users/chrissotraidis/GitHub/caesarpad/build/ios/build/augustus.build/Release-iphonesimulator/Objects-normal/arm64/extra.o /Users/chrissotraidis/GitHub/caesarpad/engines/augustus/src/widget/sidebar/extra.c normal arm64 c com.apple.compilers.llvm.clang.1_0.compiler (in target 'augustus' from project 'augustus')
    cd /Users/chrissotraidis/GitHub/caesarpad/engines/augustus

    Using response file: /Users/chrissotraidis/GitHub/caesarpad/build/ios/build/augustus.build/Release-iphonesimulator/Objects-normal/arm64/7187679823f38a2a940e0043cdf9d637-common-args.resp

    /Applications/Xcode.app/Contents/Developer/Toolchains/XcodeDefault.xctoolchain/usr/bin/clang -x c -ivfsstatcache /Users/chrissotraidis/GitHub/caesarpad/build/ios/DerivedData/SDKStatCaches.noindex/iphonesimulator26.5-23F81a-6cfe768891a92b912361537c460fe42b.sdkstatcache -target arm64-apple-ios14.0-simulator -fmessage-length\=0 -fdiagnostics-show-note-include-stack -fmacro-backtrace-limit\=0 -fno-color-diagnostics -Wno-trigraphs -Wno-missing-field-initializers -Wno-missing-prototypes -Wno-return-type -Wno-missing-braces -Wparentheses -Wswitch -Wno-unused-function -Wno-unused-label -Wno-unused-parameter -Wno-unused-variable -Wunused-value -Wno-empty-body -Wno-uninitialized -Wno-unknown-pragmas -Wno-shadow -Wno-four-char-constants -Wno-conversion -Wno-constant-conversion -Wno-int-conversion -Wno-bool-conversion -Wno-enum-conversion -Wno-float-conversion -Wno-non-literal-null-conversion -Wno-objc-literal-conversion -Wshorten-64-to-32 -Wpointer-sign -Wno-newline-eof -Wno-implicit-fallthrough -isysroot /Applications/Xcode.app/Contents/Developer/Platforms/iPhoneSimulator.platform/Developer/SDKs/iPhoneSimulator26.5.sdk -fstrict-aliasing -Wdeprecated-declarations -Wno-sign-conversion -Wno-infinite-recursion -Wno-comma -Wno-block-capture-autoreleasing -Wno-strict-prototypes -Wno-semicolon-before-method-body @/Users/chrissotraidis/GitHub/caesarpad/build/ios/build/augustus.build/Release-iphonesimulator/Objects-normal/arm64/7187679823f38a2a940e0043cdf9d637-common-args.resp -MMD -MT dependencies -MF /Users/chrissotraidis/GitHub/caesarpad/build/ios/build/augustus.build/Release-iphonesimulator/Objects-normal/arm64/extra.d --serialize-diagnostics /Users/chrissotraidis/GitHub/caesarpad/build/ios/build/augustus.build/Release-iphonesimulator/Objects-normal/arm64/extra.dia -c /Users/chrissotraidis/GitHub/caesarpad/engines/augustus/src/widget/sidebar/extra.c -o /Users/chrissotraidis/GitHub/caesarpad/build/ios/build/augustus.build/Release-iphonesimulator/Objects-normal/arm64/extra.o

CompileC /Users/chrissotraidis/GitHub/caesarpad/build/ios/build/augustus.build/Release-iphonesimulator/Objects-normal/arm64/epithets.o /Users/chrissotraidis/GitHub/caesarpad/engines/augustus/src/window/epithets.c normal arm64 c com.apple.compilers.llvm.clang.1_0.compiler (in target 'augustus' from project 'augustus')
    cd /Users/chrissotraidis/GitHub/caesarpad/engines/augustus

    Using response file: /Users/chrissotraidis/GitHub/caesarpad/build/ios/build/augustus.build/Release-iphonesimulator/Objects-normal/arm64/7187679823f38a2a940e0043cdf9d637-common-args.resp

    /Applications/Xcode.app/Contents/Developer/Toolchains/XcodeDefault.xctoolchain/usr/bin/clang -x c -ivfsstatcache /Users/chrissotraidis/GitHub/caesarpad/build/ios/DerivedData/SDKStatCaches.noindex/iphonesimulator26.5-23F81a-6cfe768891a92b912361537c460fe42b.sdkstatcache -target arm64-apple-ios14.0-simulator -fmessage-length\=0 -fdiagnostics-show-note-include-stack -fmacro-backtrace-limit\=0 -fno-color-diagnostics -Wno-trigraphs -Wno-missing-field-initializers -Wno-missing-prototypes -Wno-return-type -Wno-missing-braces -Wparentheses -Wswitch -Wno-unused-function -Wno-unused-label -Wno-unused-parameter -Wno-unused-variable -Wunused-value -Wno-empty-body -Wno-uninitialized -Wno-unknown-pragmas -Wno-shadow -Wno-four-char-constants -Wno-conversion -Wno-constant-conversion -Wno-int-conversion -Wno-bool-conversion -Wno-enum-conversion -Wno-float-conversion -Wno-non-literal-null-conversion -Wno-objc-literal-conversion -Wshorten-64-to-32 -Wpointer-sign -Wno-newline-eof -Wno-implicit-fallthrough -isysroot /Applications/Xcode.app/Contents/Developer/Platforms/iPhoneSimulator.platform/Developer/SDKs/iPhoneSimulator26.5.sdk -fstrict-aliasing -Wdeprecated-declarations -Wno-sign-conversion -Wno-infinite-recursion -Wno-comma -Wno-block-capture-autoreleasing -Wno-strict-prototypes -Wno-semicolon-before-method-body @/Users/chrissotraidis/GitHub/caesarpad/build/ios/build/augustus.build/Release-iphonesimulator/Objects-normal/arm64/7187679823f38a2a940e0043cdf9d637-common-args.resp -MMD -MT dependencies -MF /Users/chrissotraidis/GitHub/caesarpad/build/ios/build/augustus.build/Release-iphonesimulator/Objects-normal/arm64/epithets.d --serialize-diagnostics /Users/chrissotraidis/GitHub/caesarpad/build/ios/build/augustus.build/Release-iphonesimulator/Objects-normal/arm64/epithets.dia -c /Users/chrissotraidis/GitHub/caesarpad/engines/augustus/src/window/epithets.c -o /Users/chrissotraidis/GitHub/caesarpad/build/ios/build/augustus.build/Release-iphonesimulator/Objects-normal/arm64/epithets.o
/Users/chrissotraidis/GitHub/caesarpad/engines/augustus/src/window/epithets.c:191:31: warning: implicit conversion loses integer precision: 'long' to 'int' [-Wshorten-64-to-32]
  191 |     selected_god_id = (button - buttons_gods_size); // Calculate index based on button pointer
      |                     ~  ~~~~~~~^~~~~~~~~~~~~~~~~~~
1 warning generated.

CompileC /Users/chrissotraidis/GitHub/caesarpad/build/ios/build/augustus.build/Release-iphonesimulator/Objects-normal/arm64/entertainment-9ec701c865d4d337510efe58fe2f4d97.o /Users/chrissotraidis/GitHub/caesarpad/engines/augustus/src/widget/city/overlay/entertainment.c normal arm64 c com.apple.compilers.llvm.clang.1_0.compiler (in target 'augustus' from project 'augustus')
    cd /Users/chrissotraidis/GitHub/caesarpad/engines/augustus

    Using response file: /Users/chrissotraidis/GitHub/caesarpad/build/ios/build/augustus.build/Release-iphonesimulator/Objects-normal/arm64/7187679823f38a2a940e0043cdf9d637-common-args.resp

    /Applications/Xcode.app/Contents/Developer/Toolchains/XcodeDefault.xctoolchain/usr/bin/clang -x c -ivfsstatcache /Users/chrissotraidis/GitHub/caesarpad/build/ios/DerivedData/SDKStatCaches.noindex/iphonesimulator26.5-23F81a-6cfe768891a92b912361537c460fe42b.sdkstatcache -target arm64-apple-ios14.0-simulator -fmessage-length\=0 -fdiagnostics-show-note-include-stack -fmacro-backtrace-limit\=0 -fno-color-diagnostics -Wno-trigraphs -Wno-missing-field-initializers -Wno-missing-prototypes -Wno-return-type -Wno-missing-braces -Wparentheses -Wswitch -Wno-unused-function -Wno-unused-label -Wno-unused-parameter -Wno-unused-variable -Wunused-value -Wno-empty-body -Wno-uninitialized -Wno-unknown-pragmas -Wno-shadow -Wno-four-char-constants -Wno-conversion -Wno-constant-conversion -Wno-int-conversion -Wno-bool-conversion -Wno-enum-conversion -Wno-float-conversion -Wno-non-literal-null-conversion -Wno-objc-literal-conversion -Wshorten-64-to-32 -Wpointer-sign -Wno-newline-eof -Wno-implicit-fallthrough -isysroot /Applications/Xcode.app/Contents/Developer/Platforms/iPhoneSimulator.platform/Developer/SDKs/iPhoneSimulator26.5.sdk -fstrict-aliasing -Wdeprecated-declarations -Wno-sign-conversion -Wno-infinite-recursion -Wno-comma -Wno-block-capture-autoreleasing -Wno-strict-prototypes -Wno-semicolon-before-method-body @/Users/chrissotraidis/GitHub/caesarpad/build/ios/build/augustus.build/Release-iphonesimulator/Objects-normal/arm64/7187679823f38a2a940e0043cdf9d637-common-args.resp -MMD -MT dependencies -MF /Users/chrissotraidis/GitHub/caesarpad/build/ios/build/augustus.build/Release-iphonesimulator/Objects-normal/arm64/entertainment-9ec701c865d4d337510efe58fe2f4d97.d --serialize-diagnostics /Users/chrissotraidis/GitHub/caesarpad/build/ios/build/augustus.build/Release-iphonesimulator/Objects-normal/arm64/entertainment-9ec701c865d4d337510efe58fe2f4d97.dia -c /Users/chrissotraidis/GitHub/caesarpad/engines/augustus/src/widget/city/overlay/entertainment.c -o /Users/chrissotraidis/GitHub/caesarpad/build/ios/build/augustus.build/Release-iphonesimulator/Objects-normal/arm64/entertainment-9ec701c865d4d337510efe58fe2f4d97.o

CompileC /Users/chrissotraidis/GitHub/caesarpad/build/ios/build/augustus.build/Release-iphonesimulator/Objects-normal/arm64/entertainment-2c3702b867396e1948fbbe2c26ea0e6b.o /Users/chrissotraidis/GitHub/caesarpad/engines/augustus/src/window/advisor/entertainment.c normal arm64 c com.apple.compilers.llvm.clang.1_0.compiler (in target 'augustus' from project 'augustus')
    cd /Users/chrissotraidis/GitHub/caesarpad/engines/augustus

    Using response file: /Users/chrissotraidis/GitHub/caesarpad/build/ios/build/augustus.build/Release-iphonesimulator/Objects-normal/arm64/7187679823f38a2a940e0043cdf9d637-common-args.resp

    /Applications/Xcode.app/Contents/Developer/Toolchains/XcodeDefault.xctoolchain/usr/bin/clang -x c -ivfsstatcache /Users/chrissotraidis/GitHub/caesarpad/build/ios/DerivedData/SDKStatCaches.noindex/iphonesimulator26.5-23F81a-6cfe768891a92b912361537c460fe42b.sdkstatcache -target arm64-apple-ios14.0-simulator -fmessage-length\=0 -fdiagnostics-show-note-include-stack -fmacro-backtrace-limit\=0 -fno-color-diagnostics -Wno-trigraphs -Wno-missing-field-initializers -Wno-missing-prototypes -Wno-return-type -Wno-missing-braces -Wparentheses -Wswitch -Wno-unused-function -Wno-unused-label -Wno-unused-parameter -Wno-unused-variable -Wunused-value -Wno-empty-body -Wno-uninitialized -Wno-unknown-pragmas -Wno-shadow -Wno-four-char-constants -Wno-conversion -Wno-constant-conversion -Wno-int-conversion -Wno-bool-conversion -Wno-enum-conversion -Wno-float-conversion -Wno-non-literal-null-conversion -Wno-objc-literal-conversion -Wshorten-64-to-32 -Wpointer-sign -Wno-newline-eof -Wno-implicit-fallthrough -isysroot /Applications/Xcode.app/Contents/Developer/Platforms/iPhoneSimulator.platform/Developer/SDKs/iPhoneSimulator26.5.sdk -fstrict-aliasing -Wdeprecated-declarations -Wno-sign-conversion -Wno-infinite-recursion -Wno-comma -Wno-block-capture-autoreleasing -Wno-strict-prototypes -Wno-semicolon-before-method-body @/Users/chrissotraidis/GitHub/caesarpad/build/ios/build/augustus.build/Release-iphonesimulator/Objects-normal/arm64/7187679823f38a2a940e0043cdf9d637-common-args.resp -MMD -MT dependencies -MF /Users/chrissotraidis/GitHub/caesarpad/build/ios/build/augustus.build/Release-iphonesimulator/Objects-normal/arm64/entertainment-2c3702b867396e1948fbbe2c26ea0e6b.d --serialize-diagnostics /Users/chrissotraidis/GitHub/caesarpad/build/ios/build/augustus.build/Release-iphonesimulator/Objects-normal/arm64/entertainment-2c3702b867396e1948fbbe2c26ea0e6b.dia -c /Users/chrissotraidis/GitHub/caesarpad/engines/augustus/src/window/advisor/entertainment.c -o /Users/chrissotraidis/GitHub/caesarpad/build/ios/build/augustus.build/Release-iphonesimulator/Objects-normal/arm64/entertainment-2c3702b867396e1948fbbe2c26ea0e6b.o

CompileC /Users/chrissotraidis/GitHub/caesarpad/build/ios/build/augustus.build/Release-iphonesimulator/Objects-normal/arm64/empire_sidebar_sort.o /Users/chrissotraidis/GitHub/caesarpad/engines/augustus/src/window/empire_sidebar_sort.c normal arm64 c com.apple.compilers.llvm.clang.1_0.compiler (in target 'augustus' from project 'augustus')
    cd /Users/chrissotraidis/GitHub/caesarpad/engines/augustus

    Using response file: /Users/chrissotraidis/GitHub/caesarpad/build/ios/build/augustus.build/Release-iphonesimulator/Objects-normal/arm64/7187679823f38a2a940e0043cdf9d637-common-args.resp

    /Applications/Xcode.app/Contents/Developer/Toolchains/XcodeDefault.xctoolchain/usr/bin/clang -x c -ivfsstatcache /Users/chrissotraidis/GitHub/caesarpad/build/ios/DerivedData/SDKStatCaches.noindex/iphonesimulator26.5-23F81a-6cfe768891a92b912361537c460fe42b.sdkstatcache -target arm64-apple-ios14.0-simulator -fmessage-length\=0 -fdiagnostics-show-note-include-stack -fmacro-backtrace-limit\=0 -fno-color-diagnostics -Wno-trigraphs -Wno-missing-field-initializers -Wno-missing-prototypes -Wno-return-type -Wno-missing-braces -Wparentheses -Wswitch -Wno-unused-function -Wno-unused-label -Wno-unused-parameter -Wno-unused-variable -Wunused-value -Wno-empty-body -Wno-uninitialized -Wno-unknown-pragmas -Wno-shadow -Wno-four-char-constants -Wno-conversion -Wno-constant-conversion -Wno-int-conversion -Wno-bool-conversion -Wno-enum-conversion -Wno-float-conversion -Wno-non-literal-null-conversion -Wno-objc-literal-conversion -Wshorten-64-to-32 -Wpointer-sign -Wno-newline-eof -Wno-implicit-fallthrough -isysroot /Applications/Xcode.app/Contents/Developer/Platforms/iPhoneSimulator.platform/Developer/SDKs/iPhoneSimulator26.5.sdk -fstrict-aliasing -Wdeprecated-declarations -Wno-sign-conversion -Wno-infinite-recursion -Wno-comma -Wno-block-capture-autoreleasing -Wno-strict-prototypes -Wno-semicolon-before-method-body @/Users/chrissotraidis/GitHub/caesarpad/build/ios/build/augustus.build/Release-iphonesimulator/Objects-normal/arm64/7187679823f38a2a940e0043cdf9d637-common-args.resp -MMD -MT dependencies -MF /Users/chrissotraidis/GitHub/caesarpad/build/ios/build/augustus.build/Release-iphonesimulator/Objects-normal/arm64/empire_sidebar_sort.d --serialize-diagnostics /Users/chrissotraidis/GitHub/caesarpad/build/ios/build/augustus.build/Release-iphonesimulator/Objects-normal/arm64/empire_sidebar_sort.dia -c /Users/chrissotraidis/GitHub/caesarpad/engines/augustus/src/window/empire_sidebar_sort.c -o /Users/chrissotraidis/GitHub/caesarpad/build/ios/build/augustus.build/Release-iphonesimulator/Objects-normal/arm64/empire_sidebar_sort.o

CompileC /Users/chrissotraidis/GitHub/caesarpad/build/ios/build/augustus.build/Release-iphonesimulator/Objects-normal/arm64/empire_properties.o /Users/chrissotraidis/GitHub/caesarpad/engines/augustus/src/window/editor/empire_properties.c normal arm64 c com.apple.compilers.llvm.clang.1_0.compiler (in target 'augustus' from project 'augustus')
    cd /Users/chrissotraidis/GitHub/caesarpad/engines/augustus

    Using response file: /Users/chrissotraidis/GitHub/caesarpad/build/ios/build/augustus.build/Release-iphonesimulator/Objects-normal/arm64/7187679823f38a2a940e0043cdf9d637-common-args.resp

    /Applications/Xcode.app/Contents/Developer/Toolchains/XcodeDefault.xctoolchain/usr/bin/clang -x c -ivfsstatcache /Users/chrissotraidis/GitHub/caesarpad/build/ios/DerivedData/SDKStatCaches.noindex/iphonesimulator26.5-23F81a-6cfe768891a92b912361537c460fe42b.sdkstatcache -target arm64-apple-ios14.0-simulator -fmessage-length\=0 -fdiagnostics-show-note-include-stack -fmacro-backtrace-limit\=0 -fno-color-diagnostics -Wno-trigraphs -Wno-missing-field-initializers -Wno-missing-prototypes -Wno-return-type -Wno-missing-braces -Wparentheses -Wswitch -Wno-unused-function -Wno-unused-label -Wno-unused-parameter -Wno-unused-variable -Wunused-value -Wno-empty-body -Wno-uninitialized -Wno-unknown-pragmas -Wno-shadow -Wno-four-char-constants -Wno-conversion -Wno-constant-conversion -Wno-int-conversion -Wno-bool-conversion -Wno-enum-conversion -Wno-float-conversion -Wno-non-literal-null-conversion -Wno-objc-literal-conversion -Wshorten-64-to-32 -Wpointer-sign -Wno-newline-eof -Wno-implicit-fallthrough -isysroot /Applications/Xcode.app/Contents/Developer/Platforms/iPhoneSimulator.platform/Developer/SDKs/iPhoneSimulator26.5.sdk -fstrict-aliasing -Wdeprecated-declarations -Wno-sign-conversion -Wno-infinite-recursion -Wno-comma -Wno-block-capture-autoreleasing -Wno-strict-prototypes -Wno-semicolon-before-method-body @/Users/chrissotraidis/GitHub/caesarpad/build/ios/build/augustus.build/Release-iphonesimulator/Objects-normal/arm64/7187679823f38a2a940e0043cdf9d637-common-args.resp -MMD -MT dependencies -MF /Users/chrissotraidis/GitHub/caesarpad/build/ios/build/augustus.build/Release-iphonesimulator/Objects-normal/arm64/empire_properties.d --serialize-diagnostics /Users/chrissotraidis/GitHub/caesarpad/build/ios/build/augustus.build/Release-iphonesimulator/Objects-normal/arm64/empire_properties.dia -c /Users/chrissotraidis/GitHub/caesarpad/engines/augustus/src/window/editor/empire_properties.c -o /Users/chrissotraidis/GitHub/caesarpad/build/ios/build/augustus.build/Release-iphonesimulator/Objects-normal/arm64/empire_properties.o

CompileC /Users/chrissotraidis/GitHub/caesarpad/build/ios/build/augustus.build/Release-iphonesimulator/Objects-normal/arm64/empire-fd23c9c464362931db262482f98528ff.o /Users/chrissotraidis/GitHub/caesarpad/engines/augustus/src/window/editor/empire.c normal arm64 c com.apple.compilers.llvm.clang.1_0.compiler (in target 'augustus' from project 'augustus')
    cd /Users/chrissotraidis/GitHub/caesarpad/engines/augustus

    Using response file: /Users/chrissotraidis/GitHub/caesarpad/build/ios/build/augustus.build/Release-iphonesimulator/Objects-normal/arm64/7187679823f38a2a940e0043cdf9d637-common-args.resp

    /Applications/Xcode.app/Contents/Developer/Toolchains/XcodeDefault.xctoolchain/usr/bin/clang -x c -ivfsstatcache /Users/chrissotraidis/GitHub/caesarpad/build/ios/DerivedData/SDKStatCaches.noindex/iphonesimulator26.5-23F81a-6cfe768891a92b912361537c460fe42b.sdkstatcache -target arm64-apple-ios14.0-simulator -fmessage-length\=0 -fdiagnostics-show-note-include-stack -fmacro-backtrace-limit\=0 -fno-color-diagnostics -Wno-trigraphs -Wno-missing-field-initializers -Wno-missing-prototypes -Wno-return-type -Wno-missing-braces -Wparentheses -Wswitch -Wno-unused-function -Wno-unused-label -Wno-unused-parameter -Wno-unused-variable -Wunused-value -Wno-empty-body -Wno-uninitialized -Wno-unknown-pragmas -Wno-shadow -Wno-four-char-constants -Wno-conversion -Wno-constant-conversion -Wno-int-conversion -Wno-bool-conversion -Wno-enum-conversion -Wno-float-conversion -Wno-non-literal-null-conversion -Wno-objc-literal-conversion -Wshorten-64-to-32 -Wpointer-sign -Wno-newline-eof -Wno-implicit-fallthrough -isysroot /Applications/Xcode.app/Contents/Developer/Platforms/iPhoneSimulator.platform/Developer/SDKs/iPhoneSimulator26.5.sdk -fstrict-aliasing -Wdeprecated-declarations -Wno-sign-conversion -Wno-infinite-recursion -Wno-comma -Wno-block-capture-autoreleasing -Wno-strict-prototypes -Wno-semicolon-before-method-body @/Users/chrissotraidis/GitHub/caesarpad/build/ios/build/augustus.build/Release-iphonesimulator/Objects-normal/arm64/7187679823f38a2a940e0043cdf9d637-common-args.resp -MMD -MT dependencies -MF /Users/chrissotraidis/GitHub/caesarpad/build/ios/build/augustus.build/Release-iphonesimulator/Objects-normal/arm64/empire-fd23c9c464362931db262482f98528ff.d --serialize-diagnostics /Users/chrissotraidis/GitHub/caesarpad/build/ios/build/augustus.build/Release-iphonesimulator/Objects-normal/arm64/empire-fd23c9c464362931db262482f98528ff.dia -c /Users/chrissotraidis/GitHub/caesarpad/engines/augustus/src/window/editor/empire.c -o /Users/chrissotraidis/GitHub/caesarpad/build/ios/build/augustus.build/Release-iphonesimulator/Objects-normal/arm64/empire-fd23c9c464362931db262482f98528ff.o
/Users/chrissotraidis/GitHub/caesarpad/engines/augustus/src/window/editor/empire.c:251:33: warning: implicit conversion loses integer precision: 'time_millis' (aka 'unsigned long long') to 'int' [-Wshorten-64-to-32]
  251 |     data.resource_pulse_start = time_get_millis();
      |                               ~ ^~~~~~~~~~~~~~~~~
/Users/chrissotraidis/GitHub/caesarpad/engines/augustus/src/window/editor/empire.c:604:37: warning: implicit conversion loses integer precision: 'time_millis' (aka 'unsigned long long') to 'int' [-Wshorten-64-to-32]
  604 |         data.resource_pulse_start = time_get_millis();
      |                                   ~ ^~~~~~~~~~~~~~~~~
2 warnings generated.

CompileC /Users/chrissotraidis/GitHub/caesarpad/build/ios/build/augustus.build/Release-iphonesimulator/Objects-normal/arm64/empire-23a3409cefae0ff3904b7754041daf39.o /Users/chrissotraidis/GitHub/caesarpad/engines/augustus/src/window/empire.c normal arm64 c com.apple.compilers.llvm.clang.1_0.compiler (in target 'augustus' from project 'augustus')
    cd /Users/chrissotraidis/GitHub/caesarpad/engines/augustus

    Using response file: /Users/chrissotraidis/GitHub/caesarpad/build/ios/build/augustus.build/Release-iphonesimulator/Objects-normal/arm64/7187679823f38a2a940e0043cdf9d637-common-args.resp

    /Applications/Xcode.app/Contents/Developer/Toolchains/XcodeDefault.xctoolchain/usr/bin/clang -x c -ivfsstatcache /Users/chrissotraidis/GitHub/caesarpad/build/ios/DerivedData/SDKStatCaches.noindex/iphonesimulator26.5-23F81a-6cfe768891a92b912361537c460fe42b.sdkstatcache -target arm64-apple-ios14.0-simulator -fmessage-length\=0 -fdiagnostics-show-note-include-stack -fmacro-backtrace-limit\=0 -fno-color-diagnostics -Wno-trigraphs -Wno-missing-field-initializers -Wno-missing-prototypes -Wno-return-type -Wno-missing-braces -Wparentheses -Wswitch -Wno-unused-function -Wno-unused-label -Wno-unused-parameter -Wno-unused-variable -Wunused-value -Wno-empty-body -Wno-uninitialized -Wno-unknown-pragmas -Wno-shadow -Wno-four-char-constants -Wno-conversion -Wno-constant-conversion -Wno-int-conversion -Wno-bool-conversion -Wno-enum-conversion -Wno-float-conversion -Wno-non-literal-null-conversion -Wno-objc-literal-conversion -Wshorten-64-to-32 -Wpointer-sign -Wno-newline-eof -Wno-implicit-fallthrough -isysroot /Applications/Xcode.app/Contents/Developer/Platforms/iPhoneSimulator.platform/Developer/SDKs/iPhoneSimulator26.5.sdk -fstrict-aliasing -Wdeprecated-declarations -Wno-sign-conversion -Wno-infinite-recursion -Wno-comma -Wno-block-capture-autoreleasing -Wno-strict-prototypes -Wno-semicolon-before-method-body @/Users/chrissotraidis/GitHub/caesarpad/build/ios/build/augustus.build/Release-iphonesimulator/Objects-normal/arm64/7187679823f38a2a940e0043cdf9d637-common-args.resp -MMD -MT dependencies -MF /Users/chrissotraidis/GitHub/caesarpad/build/ios/build/augustus.build/Release-iphonesimulator/Objects-normal/arm64/empire-23a3409cefae0ff3904b7754041daf39.d --serialize-diagnostics /Users/chrissotraidis/GitHub/caesarpad/build/ios/build/augustus.build/Release-iphonesimulator/Objects-normal/arm64/empire-23a3409cefae0ff3904b7754041daf39.dia -c /Users/chrissotraidis/GitHub/caesarpad/engines/augustus/src/window/empire.c -o /Users/chrissotraidis/GitHub/caesarpad/build/ios/build/augustus.build/Release-iphonesimulator/Objects-normal/arm64/empire-23a3409cefae0ff3904b7754041daf39.o
/Users/chrissotraidis/GitHub/caesarpad/engines/augustus/src/window/empire.c:339:35: warning: implicit conversion loses integer precision: 'time_millis' (aka 'unsigned long long') to 'int' [-Wshorten-64-to-32]
  339 |     data.trade_route_anim_start = time_get_millis();
      |                                 ~ ^~~~~~~~~~~~~~~~~
/Users/chrissotraidis/GitHub/caesarpad/engines/augustus/src/window/empire.c:1676:39: warning: implicit conversion loses integer precision: 'time_millis' (aka 'unsigned long long') to 'int' [-Wshorten-64-to-32]
 1676 |         data.trade_route_anim_start = time_get_millis();
      |                                     ~ ^~~~~~~~~~~~~~~~~
2 warnings generated.

CompileC /Users/chrissotraidis/GitHub/caesarpad/build/ios/build/augustus.build/Release-iphonesimulator/Objects-normal/arm64/education-ea3267d103cf7cdb36eed990cec05cf2.o /Users/chrissotraidis/GitHub/caesarpad/engines/augustus/src/window/advisor/education.c normal arm64 c com.apple.compilers.llvm.clang.1_0.compiler (in target 'augustus' from project 'augustus')
    cd /Users/chrissotraidis/GitHub/caesarpad/engines/augustus

    Using response file: /Users/chrissotraidis/GitHub/caesarpad/build/ios/build/augustus.build/Release-iphonesimulator/Objects-normal/arm64/7187679823f38a2a940e0043cdf9d637-common-args.resp

    /Applications/Xcode.app/Contents/Developer/Toolchains/XcodeDefault.xctoolchain/usr/bin/clang -x c -ivfsstatcache /Users/chrissotraidis/GitHub/caesarpad/build/ios/DerivedData/SDKStatCaches.noindex/iphonesimulator26.5-23F81a-6cfe768891a92b912361537c460fe42b.sdkstatcache -target arm64-apple-ios14.0-simulator -fmessage-length\=0 -fdiagnostics-show-note-include-stack -fmacro-backtrace-limit\=0 -fno-color-diagnostics -Wno-trigraphs -Wno-missing-field-initializers -Wno-missing-prototypes -Wno-return-type -Wno-missing-braces -Wparentheses -Wswitch -Wno-unused-function -Wno-unused-label -Wno-unused-parameter -Wno-unused-variable -Wunused-value -Wno-empty-body -Wno-uninitialized -Wno-unknown-pragmas -Wno-shadow -Wno-four-char-constants -Wno-conversion -Wno-constant-conversion -Wno-int-conversion -Wno-bool-conversion -Wno-enum-conversion -Wno-float-conversion -Wno-non-literal-null-conversion -Wno-objc-literal-conversion -Wshorten-64-to-32 -Wpointer-sign -Wno-newline-eof -Wno-implicit-fallthrough -isysroot /Applications/Xcode.app/Contents/Developer/Platforms/iPhoneSimulator.platform/Developer/SDKs/iPhoneSimulator26.5.sdk -fstrict-aliasing -Wdeprecated-declarations -Wno-sign-conversion -Wno-infinite-recursion -Wno-comma -Wno-block-capture-autoreleasing -Wno-strict-prototypes -Wno-semicolon-before-method-body @/Users/chrissotraidis/GitHub/caesarpad/build/ios/build/augustus.build/Release-iphonesimulator/Objects-normal/arm64/7187679823f38a2a940e0043cdf9d637-common-args.resp -MMD -MT dependencies -MF /Users/chrissotraidis/GitHub/caesarpad/build/ios/build/augustus.build/Release-iphonesimulator/Objects-normal/arm64/education-ea3267d103cf7cdb36eed990cec05cf2.d --serialize-diagnostics /Users/chrissotraidis/GitHub/caesarpad/build/ios/build/augustus.build/Release-iphonesimulator/Objects-normal/arm64/education-ea3267d103cf7cdb36eed990cec05cf2.dia -c /Users/chrissotraidis/GitHub/caesarpad/engines/augustus/src/window/advisor/education.c -o /Users/chrissotraidis/GitHub/caesarpad/build/ios/build/augustus.build/Release-iphonesimulator/Objects-normal/arm64/education-ea3267d103cf7cdb36eed990cec05cf2.o

CompileC /Users/chrissotraidis/GitHub/caesarpad/build/ios/build/augustus.build/Release-iphonesimulator/Objects-normal/arm64/education-7c158dd2b9d4cfaa95cd56c13474b5be.o /Users/chrissotraidis/GitHub/caesarpad/engines/augustus/src/widget/city/overlay/education.c normal arm64 c com.apple.compilers.llvm.clang.1_0.compiler (in target 'augustus' from project 'augustus')
    cd /Users/chrissotraidis/GitHub/caesarpad/engines/augustus

    Using response file: /Users/chrissotraidis/GitHub/caesarpad/build/ios/build/augustus.build/Release-iphonesimulator/Objects-normal/arm64/7187679823f38a2a940e0043cdf9d637-common-args.resp

    /Applications/Xcode.app/Contents/Developer/Toolchains/XcodeDefault.xctoolchain/usr/bin/clang -x c -ivfsstatcache /Users/chrissotraidis/GitHub/caesarpad/build/ios/DerivedData/SDKStatCaches.noindex/iphonesimulator26.5-23F81a-6cfe768891a92b912361537c460fe42b.sdkstatcache -target arm64-apple-ios14.0-simulator -fmessage-length\=0 -fdiagnostics-show-note-include-stack -fmacro-backtrace-limit\=0 -fno-color-diagnostics -Wno-trigraphs -Wno-missing-field-initializers -Wno-missing-prototypes -Wno-return-type -Wno-missing-braces -Wparentheses -Wswitch -Wno-unused-function -Wno-unused-label -Wno-unused-parameter -Wno-unused-variable -Wunused-value -Wno-empty-body -Wno-uninitialized -Wno-unknown-pragmas -Wno-shadow -Wno-four-char-constants -Wno-conversion -Wno-constant-conversion -Wno-int-conversion -Wno-bool-conversion -Wno-enum-conversion -Wno-float-conversion -Wno-non-literal-null-conversion -Wno-objc-literal-conversion -Wshorten-64-to-32 -Wpointer-sign -Wno-newline-eof -Wno-implicit-fallthrough -isysroot /Applications/Xcode.app/Contents/Developer/Platforms/iPhoneSimulator.platform/Developer/SDKs/iPhoneSimulator26.5.sdk -fstrict-aliasing -Wdeprecated-declarations -Wno-sign-conversion -Wno-infinite-recursion -Wno-comma -Wno-block-capture-autoreleasing -Wno-strict-prototypes -Wno-semicolon-before-method-body @/Users/chrissotraidis/GitHub/caesarpad/build/ios/build/augustus.build/Release-iphonesimulator/Objects-normal/arm64/7187679823f38a2a940e0043cdf9d637-common-args.resp -MMD -MT dependencies -MF /Users/chrissotraidis/GitHub/caesarpad/build/ios/build/augustus.build/Release-iphonesimulator/Objects-normal/arm64/education-7c158dd2b9d4cfaa95cd56c13474b5be.d --serialize-diagnostics /Users/chrissotraidis/GitHub/caesarpad/build/ios/build/augustus.build/Release-iphonesimulator/Objects-normal/arm64/education-7c158dd2b9d4cfaa95cd56c13474b5be.dia -c /Users/chrissotraidis/GitHub/caesarpad/engines/augustus/src/widget/city/overlay/education.c -o /Users/chrissotraidis/GitHub/caesarpad/build/ios/build/augustus.build/Release-iphonesimulator/Objects-normal/arm64/education-7c158dd2b9d4cfaa95cd56c13474b5be.o

CompileC /Users/chrissotraidis/GitHub/caesarpad/build/ios/build/augustus.build/Release-iphonesimulator/Objects-normal/arm64/editor-ea0a3bde8a8b7428bd7da323be108ae0.o /Users/chrissotraidis/GitHub/caesarpad/engines/augustus/src/empire/editor.c normal arm64 c com.apple.compilers.llvm.clang.1_0.compiler (in target 'augustus' from project 'augustus')
    cd /Users/chrissotraidis/GitHub/caesarpad/engines/augustus

    Using response file: /Users/chrissotraidis/GitHub/caesarpad/build/ios/build/augustus.build/Release-iphonesimulator/Objects-normal/arm64/7187679823f38a2a940e0043cdf9d637-common-args.resp

    /Applications/Xcode.app/Contents/Developer/Toolchains/XcodeDefault.xctoolchain/usr/bin/clang -x c -ivfsstatcache /Users/chrissotraidis/GitHub/caesarpad/build/ios/DerivedData/SDKStatCaches.noindex/iphonesimulator26.5-23F81a-6cfe768891a92b912361537c460fe42b.sdkstatcache -target arm64-apple-ios14.0-simulator -fmessage-length\=0 -fdiagnostics-show-note-include-stack -fmacro-backtrace-limit\=0 -fno-color-diagnostics -Wno-trigraphs -Wno-missing-field-initializers -Wno-missing-prototypes -Wno-return-type -Wno-missing-braces -Wparentheses -Wswitch -Wno-unused-function -Wno-unused-label -Wno-unused-parameter -Wno-unused-variable -Wunused-value -Wno-empty-body -Wno-uninitialized -Wno-unknown-pragmas -Wno-shadow -Wno-four-char-constants -Wno-conversion -Wno-constant-conversion -Wno-int-conversion -Wno-bool-conversion -Wno-enum-conversion -Wno-float-conversion -Wno-non-literal-null-conversion -Wno-objc-literal-conversion -Wshorten-64-to-32 -Wpointer-sign -Wno-newline-eof -Wno-implicit-fallthrough -isysroot /Applications/Xcode.app/Contents/Developer/Platforms/iPhoneSimulator.platform/Developer/SDKs/iPhoneSimulator26.5.sdk -fstrict-aliasing -Wdeprecated-declarations -Wno-sign-conversion -Wno-infinite-recursion -Wno-comma -Wno-block-capture-autoreleasing -Wno-strict-prototypes -Wno-semicolon-before-method-body @/Users/chrissotraidis/GitHub/caesarpad/build/ios/build/augustus.build/Release-iphonesimulator/Objects-normal/arm64/7187679823f38a2a940e0043cdf9d637-common-args.resp -MMD -MT dependencies -MF /Users/chrissotraidis/GitHub/caesarpad/build/ios/build/augustus.build/Release-iphonesimulator/Objects-normal/arm64/editor-ea0a3bde8a8b7428bd7da323be108ae0.d --serialize-diagnostics /Users/chrissotraidis/GitHub/caesarpad/build/ios/build/augustus.build/Release-iphonesimulator/Objects-normal/arm64/editor-ea0a3bde8a8b7428bd7da323be108ae0.dia -c /Users/chrissotraidis/GitHub/caesarpad/engines/augustus/src/empire/editor.c -o /Users/chrissotraidis/GitHub/caesarpad/build/ios/build/augustus.build/Release-iphonesimulator/Objects-normal/arm64/editor-ea0a3bde8a8b7428bd7da323be108ae0.o

CompileC /Users/chrissotraidis/GitHub/caesarpad/build/ios/build/augustus.build/Release-iphonesimulator/Objects-normal/arm64/editor-3da0327f4e8c0cfd2d8c56cc22188eaa.o /Users/chrissotraidis/GitHub/caesarpad/engines/augustus/src/widget/sidebar/editor.c normal arm64 c com.apple.compilers.llvm.clang.1_0.compiler (in target 'augustus' from project 'augustus')
    cd /Users/chrissotraidis/GitHub/caesarpad/engines/augustus

    Using response file: /Users/chrissotraidis/GitHub/caesarpad/build/ios/build/augustus.build/Release-iphonesimulator/Objects-normal/arm64/7187679823f38a2a940e0043cdf9d637-common-args.resp

    /Applications/Xcode.app/Contents/Developer/Toolchains/XcodeDefault.xctoolchain/usr/bin/clang -x c -ivfsstatcache /Users/chrissotraidis/GitHub/caesarpad/build/ios/DerivedData/SDKStatCaches.noindex/iphonesimulator26.5-23F81a-6cfe768891a92b912361537c460fe42b.sdkstatcache -target arm64-apple-ios14.0-simulator -fmessage-length\=0 -fdiagnostics-show-note-include-stack -fmacro-backtrace-limit\=0 -fno-color-diagnostics -Wno-trigraphs -Wno-missing-field-initializers -Wno-missing-prototypes -Wno-return-type -Wno-missing-braces -Wparentheses -Wswitch -Wno-unused-function -Wno-unused-label -Wno-unused-parameter -Wno-unused-variable -Wunused-value -Wno-empty-body -Wno-uninitialized -Wno-unknown-pragmas -Wno-shadow -Wno-four-char-constants -Wno-conversion -Wno-constant-conversion -Wno-int-conversion -Wno-bool-conversion -Wno-enum-conversion -Wno-float-conversion -Wno-non-literal-null-conversion -Wno-objc-literal-conversion -Wshorten-64-to-32 -Wpointer-sign -Wno-newline-eof -Wno-implicit-fallthrough -isysroot /Applications/Xcode.app/Contents/Developer/Platforms/iPhoneSimulator.platform/Developer/SDKs/iPhoneSimulator26.5.sdk -fstrict-aliasing -Wdeprecated-declarations -Wno-sign-conversion -Wno-infinite-recursion -Wno-comma -Wno-block-capture-autoreleasing -Wno-strict-prototypes -Wno-semicolon-before-method-body @/Users/chrissotraidis/GitHub/caesarpad/build/ios/build/augustus.build/Release-iphonesimulator/Objects-normal/arm64/7187679823f38a2a940e0043cdf9d637-common-args.resp -MMD -MT dependencies -MF /Users/chrissotraidis/GitHub/caesarpad/build/ios/build/augustus.build/Release-iphonesimulator/Objects-normal/arm64/editor-3da0327f4e8c0cfd2d8c56cc22188eaa.d --serialize-diagnostics /Users/chrissotraidis/GitHub/caesarpad/build/ios/build/augustus.build/Release-iphonesimulator/Objects-normal/arm64/editor-3da0327f4e8c0cfd2d8c56cc22188eaa.dia -c /Users/chrissotraidis/GitHub/caesarpad/engines/augustus/src/widget/sidebar/editor.c -o /Users/chrissotraidis/GitHub/caesarpad/build/ios/build/augustus.build/Release-iphonesimulator/Objects-normal/arm64/editor-3da0327f4e8c0cfd2d8c56cc22188eaa.o

CompileC /Users/chrissotraidis/GitHub/caesarpad/build/ios/build/augustus.build/Release-iphonesimulator/Objects-normal/arm64/edit_request.o /Users/chrissotraidis/GitHub/caesarpad/engines/augustus/src/window/editor/edit_request.c normal arm64 c com.apple.compilers.llvm.clang.1_0.compiler (in target 'augustus' from project 'augustus')
    cd /Users/chrissotraidis/GitHub/caesarpad/engines/augustus

    Using response file: /Users/chrissotraidis/GitHub/caesarpad/build/ios/build/augustus.build/Release-iphonesimulator/Objects-normal/arm64/7187679823f38a2a940e0043cdf9d637-common-args.resp

    /Applications/Xcode.app/Contents/Developer/Toolchains/XcodeDefault.xctoolchain/usr/bin/clang -x c -ivfsstatcache /Users/chrissotraidis/GitHub/caesarpad/build/ios/DerivedData/SDKStatCaches.noindex/iphonesimulator26.5-23F81a-6cfe768891a92b912361537c460fe42b.sdkstatcache -target arm64-apple-ios14.0-simulator -fmessage-length\=0 -fdiagnostics-show-note-include-stack -fmacro-backtrace-limit\=0 -fno-color-diagnostics -Wno-trigraphs -Wno-missing-field-initializers -Wno-missing-prototypes -Wno-return-type -Wno-missing-braces -Wparentheses -Wswitch -Wno-unused-function -Wno-unused-label -Wno-unused-parameter -Wno-unused-variable -Wunused-value -Wno-empty-body -Wno-uninitialized -Wno-unknown-pragmas -Wno-shadow -Wno-four-char-constants -Wno-conversion -Wno-constant-conversion -Wno-int-conversion -Wno-bool-conversion -Wno-enum-conversion -Wno-float-conversion -Wno-non-literal-null-conversion -Wno-objc-literal-conversion -Wshorten-64-to-32 -Wpointer-sign -Wno-newline-eof -Wno-implicit-fallthrough -isysroot /Applications/Xcode.app/Contents/Developer/Platforms/iPhoneSimulator.platform/Developer/SDKs/iPhoneSimulator26.5.sdk -fstrict-aliasing -Wdeprecated-declarations -Wno-sign-conversion -Wno-infinite-recursion -Wno-comma -Wno-block-capture-autoreleasing -Wno-strict-prototypes -Wno-semicolon-before-method-body @/Users/chrissotraidis/GitHub/caesarpad/build/ios/build/augustus.build/Release-iphonesimulator/Objects-normal/arm64/7187679823f38a2a940e0043cdf9d637-common-args.resp -MMD -MT dependencies -MF /Users/chrissotraidis/GitHub/caesarpad/build/ios/build/augustus.build/Release-iphonesimulator/Objects-normal/arm64/edit_request.d --serialize-diagnostics /Users/chrissotraidis/GitHub/caesarpad/build/ios/build/augustus.build/Release-iphonesimulator/Objects-normal/arm64/edit_request.dia -c /Users/chrissotraidis/GitHub/caesarpad/engines/augustus/src/window/editor/edit_request.c -o /Users/chrissotraidis/GitHub/caesarpad/build/ios/build/augustus.build/Release-iphonesimulator/Objects-normal/arm64/edit_request.o

CompileC /Users/chrissotraidis/GitHub/caesarpad/build/ios/build/augustus.build/Release-iphonesimulator/Objects-normal/arm64/edit_price_change.o /Users/chrissotraidis/GitHub/caesarpad/engines/augustus/src/window/editor/edit_price_change.c normal arm64 c com.apple.compilers.llvm.clang.1_0.compiler (in target 'augustus' from project 'augustus')
    cd /Users/chrissotraidis/GitHub/caesarpad/engines/augustus

    Using response file: /Users/chrissotraidis/GitHub/caesarpad/build/ios/build/augustus.build/Release-iphonesimulator/Objects-normal/arm64/7187679823f38a2a940e0043cdf9d637-common-args.resp

    /Applications/Xcode.app/Contents/Developer/Toolchains/XcodeDefault.xctoolchain/usr/bin/clang -x c -ivfsstatcache /Users/chrissotraidis/GitHub/caesarpad/build/ios/DerivedData/SDKStatCaches.noindex/iphonesimulator26.5-23F81a-6cfe768891a92b912361537c460fe42b.sdkstatcache -target arm64-apple-ios14.0-simulator -fmessage-length\=0 -fdiagnostics-show-note-include-stack -fmacro-backtrace-limit\=0 -fno-color-diagnostics -Wno-trigraphs -Wno-missing-field-initializers -Wno-missing-prototypes -Wno-return-type -Wno-missing-braces -Wparentheses -Wswitch -Wno-unused-function -Wno-unused-label -Wno-unused-parameter -Wno-unused-variable -Wunused-value -Wno-empty-body -Wno-uninitialized -Wno-unknown-pragmas -Wno-shadow -Wno-four-char-constants -Wno-conversion -Wno-constant-conversion -Wno-int-conversion -Wno-bool-conversion -Wno-enum-conversion -Wno-float-conversion -Wno-non-literal-null-conversion -Wno-objc-literal-conversion -Wshorten-64-to-32 -Wpointer-sign -Wno-newline-eof -Wno-implicit-fallthrough -isysroot /Applications/Xcode.app/Contents/Developer/Platforms/iPhoneSimulator.platform/Developer/SDKs/iPhoneSimulator26.5.sdk -fstrict-aliasing -Wdeprecated-declarations -Wno-sign-conversion -Wno-infinite-recursion -Wno-comma -Wno-block-capture-autoreleasing -Wno-strict-prototypes -Wno-semicolon-before-method-body @/Users/chrissotraidis/GitHub/caesarpad/build/ios/build/augustus.build/Release-iphonesimulator/Objects-normal/arm64/7187679823f38a2a940e0043cdf9d637-common-args.resp -MMD -MT dependencies -MF /Users/chrissotraidis/GitHub/caesarpad/build/ios/build/augustus.build/Release-iphonesimulator/Objects-normal/arm64/edit_price_change.d --serialize-diagnostics /Users/chrissotraidis/GitHub/caesarpad/build/ios/build/augustus.build/Release-iphonesimulator/Objects-normal/arm64/edit_price_change.dia -c /Users/chrissotraidis/GitHub/caesarpad/engines/augustus/src/window/editor/edit_price_change.c -o /Users/chrissotraidis/GitHub/caesarpad/build/ios/build/augustus.build/Release-iphonesimulator/Objects-normal/arm64/edit_price_change.o

CompileC /Users/chrissotraidis/GitHub/caesarpad/build/ios/build/augustus.build/Release-iphonesimulator/Objects-normal/arm64/edit_invasion.o /Users/chrissotraidis/GitHub/caesarpad/engines/augustus/src/window/editor/edit_invasion.c normal arm64 c com.apple.compilers.llvm.clang.1_0.compiler (in target 'augustus' from project 'augustus')
    cd /Users/chrissotraidis/GitHub/caesarpad/engines/augustus

    Using response file: /Users/chrissotraidis/GitHub/caesarpad/build/ios/build/augustus.build/Release-iphonesimulator/Objects-normal/arm64/7187679823f38a2a940e0043cdf9d637-common-args.resp

    /Applications/Xcode.app/Contents/Developer/Toolchains/XcodeDefault.xctoolchain/usr/bin/clang -x c -ivfsstatcache /Users/chrissotraidis/GitHub/caesarpad/build/ios/DerivedData/SDKStatCaches.noindex/iphonesimulator26.5-23F81a-6cfe768891a92b912361537c460fe42b.sdkstatcache -target arm64-apple-ios14.0-simulator -fmessage-length\=0 -fdiagnostics-show-note-include-stack -fmacro-backtrace-limit\=0 -fno-color-diagnostics -Wno-trigraphs -Wno-missing-field-initializers -Wno-missing-prototypes -Wno-return-type -Wno-missing-braces -Wparentheses -Wswitch -Wno-unused-function -Wno-unused-label -Wno-unused-parameter -Wno-unused-variable -Wunused-value -Wno-empty-body -Wno-uninitialized -Wno-unknown-pragmas -Wno-shadow -Wno-four-char-constants -Wno-conversion -Wno-constant-conversion -Wno-int-conversion -Wno-bool-conversion -Wno-enum-conversion -Wno-float-conversion -Wno-non-literal-null-conversion -Wno-objc-literal-conversion -Wshorten-64-to-32 -Wpointer-sign -Wno-newline-eof -Wno-implicit-fallthrough -isysroot /Applications/Xcode.app/Contents/Developer/Platforms/iPhoneSimulator.platform/Developer/SDKs/iPhoneSimulator26.5.sdk -fstrict-aliasing -Wdeprecated-declarations -Wno-sign-conversion -Wno-infinite-recursion -Wno-comma -Wno-block-capture-autoreleasing -Wno-strict-prototypes -Wno-semicolon-before-method-body @/Users/chrissotraidis/GitHub/caesarpad/build/ios/build/augustus.build/Release-iphonesimulator/Objects-normal/arm64/7187679823f38a2a940e0043cdf9d637-common-args.resp -MMD -MT dependencies -MF /Users/chrissotraidis/GitHub/caesarpad/build/ios/build/augustus.build/Release-iphonesimulator/Objects-normal/arm64/edit_invasion.d --serialize-diagnostics /Users/chrissotraidis/GitHub/caesarpad/build/ios/build/augustus.build/Release-iphonesimulator/Objects-normal/arm64/edit_invasion.dia -c /Users/chrissotraidis/GitHub/caesarpad/engines/augustus/src/window/editor/edit_invasion.c -o /Users/chrissotraidis/GitHub/caesarpad/build/ios/build/augustus.build/Release-iphonesimulator/Objects-normal/arm64/edit_invasion.o

CompileC /Users/chrissotraidis/GitHub/caesarpad/build/ios/build/augustus.build/Release-iphonesimulator/Objects-normal/arm64/edit_demand_change.o /Users/chrissotraidis/GitHub/caesarpad/engines/augustus/src/window/editor/edit_demand_change.c normal arm64 c com.apple.compilers.llvm.clang.1_0.compiler (in target 'augustus' from project 'augustus')
    cd /Users/chrissotraidis/GitHub/caesarpad/engines/augustus

    Using response file: /Users/chrissotraidis/GitHub/caesarpad/build/ios/build/augustus.build/Release-iphonesimulator/Objects-normal/arm64/7187679823f38a2a940e0043cdf9d637-common-args.resp

    /Applications/Xcode.app/Contents/Developer/Toolchains/XcodeDefault.xctoolchain/usr/bin/clang -x c -ivfsstatcache /Users/chrissotraidis/GitHub/caesarpad/build/ios/DerivedData/SDKStatCaches.noindex/iphonesimulator26.5-23F81a-6cfe768891a92b912361537c460fe42b.sdkstatcache -target arm64-apple-ios14.0-simulator -fmessage-length\=0 -fdiagnostics-show-note-include-stack -fmacro-backtrace-limit\=0 -fno-color-diagnostics -Wno-trigraphs -Wno-missing-field-initializers -Wno-missing-prototypes -Wno-return-type -Wno-missing-braces -Wparentheses -Wswitch -Wno-unused-function -Wno-unused-label -Wno-unused-parameter -Wno-unused-variable -Wunused-value -Wno-empty-body -Wno-uninitialized -Wno-unknown-pragmas -Wno-shadow -Wno-four-char-constants -Wno-conversion -Wno-constant-conversion -Wno-int-conversion -Wno-bool-conversion -Wno-enum-conversion -Wno-float-conversion -Wno-non-literal-null-conversion -Wno-objc-literal-conversion -Wshorten-64-to-32 -Wpointer-sign -Wno-newline-eof -Wno-implicit-fallthrough -isysroot /Applications/Xcode.app/Contents/Developer/Platforms/iPhoneSimulator.platform/Developer/SDKs/iPhoneSimulator26.5.sdk -fstrict-aliasing -Wdeprecated-declarations -Wno-sign-conversion -Wno-infinite-recursion -Wno-comma -Wno-block-capture-autoreleasing -Wno-strict-prototypes -Wno-semicolon-before-method-body @/Users/chrissotraidis/GitHub/caesarpad/build/ios/build/augustus.build/Release-iphonesimulator/Objects-normal/arm64/7187679823f38a2a940e0043cdf9d637-common-args.resp -MMD -MT dependencies -MF /Users/chrissotraidis/GitHub/caesarpad/build/ios/build/augustus.build/Release-iphonesimulator/Objects-normal/arm64/edit_demand_change.d --serialize-diagnostics /Users/chrissotraidis/GitHub/caesarpad/build/ios/build/augustus.build/Release-iphonesimulator/Objects-normal/arm64/edit_demand_change.dia -c /Users/chrissotraidis/GitHub/caesarpad/engines/augustus/src/window/editor/edit_demand_change.c -o /Users/chrissotraidis/GitHub/caesarpad/build/ios/build/augustus.build/Release-iphonesimulator/Objects-normal/arm64/edit_demand_change.o

CompileC /Users/chrissotraidis/GitHub/caesarpad/build/ios/build/augustus.build/Release-iphonesimulator/Objects-normal/arm64/dropdown_button.o /Users/chrissotraidis/GitHub/caesarpad/engines/augustus/src/widget/dropdown_button.c normal arm64 c com.apple.compilers.llvm.clang.1_0.compiler (in target 'augustus' from project 'augustus')
    cd /Users/chrissotraidis/GitHub/caesarpad/engines/augustus

    Using response file: /Users/chrissotraidis/GitHub/caesarpad/build/ios/build/augustus.build/Release-iphonesimulator/Objects-normal/arm64/7187679823f38a2a940e0043cdf9d637-common-args.resp

    /Applications/Xcode.app/Contents/Developer/Toolchains/XcodeDefault.xctoolchain/usr/bin/clang -x c -ivfsstatcache /Users/chrissotraidis/GitHub/caesarpad/build/ios/DerivedData/SDKStatCaches.noindex/iphonesimulator26.5-23F81a-6cfe768891a92b912361537c460fe42b.sdkstatcache -target arm64-apple-ios14.0-simulator -fmessage-length\=0 -fdiagnostics-show-note-include-stack -fmacro-backtrace-limit\=0 -fno-color-diagnostics -Wno-trigraphs -Wno-missing-field-initializers -Wno-missing-prototypes -Wno-return-type -Wno-missing-braces -Wparentheses -Wswitch -Wno-unused-function -Wno-unused-label -Wno-unused-parameter -Wno-unused-variable -Wunused-value -Wno-empty-body -Wno-uninitialized -Wno-unknown-pragmas -Wno-shadow -Wno-four-char-constants -Wno-conversion -Wno-constant-conversion -Wno-int-conversion -Wno-bool-conversion -Wno-enum-conversion -Wno-float-conversion -Wno-non-literal-null-conversion -Wno-objc-literal-conversion -Wshorten-64-to-32 -Wpointer-sign -Wno-newline-eof -Wno-implicit-fallthrough -isysroot /Applications/Xcode.app/Contents/Developer/Platforms/iPhoneSimulator.platform/Developer/SDKs/iPhoneSimulator26.5.sdk -fstrict-aliasing -Wdeprecated-declarations -Wno-sign-conversion -Wno-infinite-recursion -Wno-comma -Wno-block-capture-autoreleasing -Wno-strict-prototypes -Wno-semicolon-before-method-body @/Users/chrissotraidis/GitHub/caesarpad/build/ios/build/augustus.build/Release-iphonesimulator/Objects-normal/arm64/7187679823f38a2a940e0043cdf9d637-common-args.resp -MMD -MT dependencies -MF /Users/chrissotraidis/GitHub/caesarpad/build/ios/build/augustus.build/Release-iphonesimulator/Objects-normal/arm64/dropdown_button.d --serialize-diagnostics /Users/chrissotraidis/GitHub/caesarpad/build/ios/build/augustus.build/Release-iphonesimulator/Objects-normal/arm64/dropdown_button.dia -c /Users/chrissotraidis/GitHub/caesarpad/engines/augustus/src/widget/dropdown_button.c -o /Users/chrissotraidis/GitHub/caesarpad/build/ios/build/augustus.build/Release-iphonesimulator/Objects-normal/arm64/dropdown_button.o

CompileC /Users/chrissotraidis/GitHub/caesarpad/build/ios/build/augustus.build/Release-iphonesimulator/Objects-normal/arm64/draw.o /Users/chrissotraidis/GitHub/caesarpad/engines/augustus/src/widget/city/draw.c normal arm64 c com.apple.compilers.llvm.clang.1_0.compiler (in target 'augustus' from project 'augustus')
    cd /Users/chrissotraidis/GitHub/caesarpad/engines/augustus

    Using response file: /Users/chrissotraidis/GitHub/caesarpad/build/ios/build/augustus.build/Release-iphonesimulator/Objects-normal/arm64/7187679823f38a2a940e0043cdf9d637-common-args.resp

    /Applications/Xcode.app/Contents/Developer/Toolchains/XcodeDefault.xctoolchain/usr/bin/clang -x c -ivfsstatcache /Users/chrissotraidis/GitHub/caesarpad/build/ios/DerivedData/SDKStatCaches.noindex/iphonesimulator26.5-23F81a-6cfe768891a92b912361537c460fe42b.sdkstatcache -target arm64-apple-ios14.0-simulator -fmessage-length\=0 -fdiagnostics-show-note-include-stack -fmacro-backtrace-limit\=0 -fno-color-diagnostics -Wno-trigraphs -Wno-missing-field-initializers -Wno-missing-prototypes -Wno-return-type -Wno-missing-braces -Wparentheses -Wswitch -Wno-unused-function -Wno-unused-label -Wno-unused-parameter -Wno-unused-variable -Wunused-value -Wno-empty-body -Wno-uninitialized -Wno-unknown-pragmas -Wno-shadow -Wno-four-char-constants -Wno-conversion -Wno-constant-conversion -Wno-int-conversion -Wno-bool-conversion -Wno-enum-conversion -Wno-float-conversion -Wno-non-literal-null-conversion -Wno-objc-literal-conversion -Wshorten-64-to-32 -Wpointer-sign -Wno-newline-eof -Wno-implicit-fallthrough -isysroot /Applications/Xcode.app/Contents/Developer/Platforms/iPhoneSimulator.platform/Developer/SDKs/iPhoneSimulator26.5.sdk -fstrict-aliasing -Wdeprecated-declarations -Wno-sign-conversion -Wno-infinite-recursion -Wno-comma -Wno-block-capture-autoreleasing -Wno-strict-prototypes -Wno-semicolon-before-method-body @/Users/chrissotraidis/GitHub/caesarpad/build/ios/build/augustus.build/Release-iphonesimulator/Objects-normal/arm64/7187679823f38a2a940e0043cdf9d637-common-args.resp -MMD -MT dependencies -MF /Users/chrissotraidis/GitHub/caesarpad/build/ios/build/augustus.build/Release-iphonesimulator/Objects-normal/arm64/draw.d --serialize-diagnostics /Users/chrissotraidis/GitHub/caesarpad/build/ios/build/augustus.build/Release-iphonesimulator/Objects-normal/arm64/draw.dia -c /Users/chrissotraidis/GitHub/caesarpad/engines/augustus/src/widget/city/draw.c -o /Users/chrissotraidis/GitHub/caesarpad/build/ios/build/augustus.build/Release-iphonesimulator/Objects-normal/arm64/draw.o

CompileC /Users/chrissotraidis/GitHub/caesarpad/build/ios/build/augustus.build/Release-iphonesimulator/Objects-normal/arm64/donate_to_city.o /Users/chrissotraidis/GitHub/caesarpad/engines/augustus/src/window/donate_to_city.c normal arm64 c com.apple.compilers.llvm.clang.1_0.compiler (in target 'augustus' from project 'augustus')
    cd /Users/chrissotraidis/GitHub/caesarpad/engines/augustus

    Using response file: /Users/chrissotraidis/GitHub/caesarpad/build/ios/build/augustus.build/Release-iphonesimulator/Objects-normal/arm64/7187679823f38a2a940e0043cdf9d637-common-args.resp

    /Applications/Xcode.app/Contents/Developer/Toolchains/XcodeDefault.xctoolchain/usr/bin/clang -x c -ivfsstatcache /Users/chrissotraidis/GitHub/caesarpad/build/ios/DerivedData/SDKStatCaches.noindex/iphonesimulator26.5-23F81a-6cfe768891a92b912361537c460fe42b.sdkstatcache -target arm64-apple-ios14.0-simulator -fmessage-length\=0 -fdiagnostics-show-note-include-stack -fmacro-backtrace-limit\=0 -fno-color-diagnostics -Wno-trigraphs -Wno-missing-field-initializers -Wno-missing-prototypes -Wno-return-type -Wno-missing-braces -Wparentheses -Wswitch -Wno-unused-function -Wno-unused-label -Wno-unused-parameter -Wno-unused-variable -Wunused-value -Wno-empty-body -Wno-uninitialized -Wno-unknown-pragmas -Wno-shadow -Wno-four-char-constants -Wno-conversion -Wno-constant-conversion -Wno-int-conversion -Wno-bool-conversion -Wno-enum-conversion -Wno-float-conversion -Wno-non-literal-null-conversion -Wno-objc-literal-conversion -Wshorten-64-to-32 -Wpointer-sign -Wno-newline-eof -Wno-implicit-fallthrough -isysroot /Applications/Xcode.app/Contents/Developer/Platforms/iPhoneSimulator.platform/Developer/SDKs/iPhoneSimulator26.5.sdk -fstrict-aliasing -Wdeprecated-declarations -Wno-sign-conversion -Wno-infinite-recursion -Wno-comma -Wno-block-capture-autoreleasing -Wno-strict-prototypes -Wno-semicolon-before-method-body @/Users/chrissotraidis/GitHub/caesarpad/build/ios/build/augustus.build/Release-iphonesimulator/Objects-normal/arm64/7187679823f38a2a940e0043cdf9d637-common-args.resp -MMD -MT dependencies -MF /Users/chrissotraidis/GitHub/caesarpad/build/ios/build/augustus.build/Release-iphonesimulator/Objects-normal/arm64/donate_to_city.d --serialize-diagnostics /Users/chrissotraidis/GitHub/caesarpad/build/ios/build/augustus.build/Release-iphonesimulator/Objects-normal/arm64/donate_to_city.dia -c /Users/chrissotraidis/GitHub/caesarpad/engines/augustus/src/window/donate_to_city.c -o /Users/chrissotraidis/GitHub/caesarpad/build/ios/build/augustus.build/Release-iphonesimulator/Objects-normal/arm64/donate_to_city.o

CompileC /Users/chrissotraidis/GitHub/caesarpad/build/ios/build/augustus.build/Release-iphonesimulator/Objects-normal/arm64/distribution-1b38e4cb57167f2d384cef8657dd2ce8.o /Users/chrissotraidis/GitHub/caesarpad/engines/augustus/src/window/building/distribution.c normal arm64 c com.apple.compilers.llvm.clang.1_0.compiler (in target 'augustus' from project 'augustus')
    cd /Users/chrissotraidis/GitHub/caesarpad/engines/augustus

    Using response file: /Users/chrissotraidis/GitHub/caesarpad/build/ios/build/augustus.build/Release-iphonesimulator/Objects-normal/arm64/7187679823f38a2a940e0043cdf9d637-common-args.resp

    /Applications/Xcode.app/Contents/Developer/Toolchains/XcodeDefault.xctoolchain/usr/bin/clang -x c -ivfsstatcache /Users/chrissotraidis/GitHub/caesarpad/build/ios/DerivedData/SDKStatCaches.noindex/iphonesimulator26.5-23F81a-6cfe768891a92b912361537c460fe42b.sdkstatcache -target arm64-apple-ios14.0-simulator -fmessage-length\=0 -fdiagnostics-show-note-include-stack -fmacro-backtrace-limit\=0 -fno-color-diagnostics -Wno-trigraphs -Wno-missing-field-initializers -Wno-missing-prototypes -Wno-return-type -Wno-missing-braces -Wparentheses -Wswitch -Wno-unused-function -Wno-unused-label -Wno-unused-parameter -Wno-unused-variable -Wunused-value -Wno-empty-body -Wno-uninitialized -Wno-unknown-pragmas -Wno-shadow -Wno-four-char-constants -Wno-conversion -Wno-constant-conversion -Wno-int-conversion -Wno-bool-conversion -Wno-enum-conversion -Wno-float-conversion -Wno-non-literal-null-conversion -Wno-objc-literal-conversion -Wshorten-64-to-32 -Wpointer-sign -Wno-newline-eof -Wno-implicit-fallthrough -isysroot /Applications/Xcode.app/Contents/Developer/Platforms/iPhoneSimulator.platform/Developer/SDKs/iPhoneSimulator26.5.sdk -fstrict-aliasing -Wdeprecated-declarations -Wno-sign-conversion -Wno-infinite-recursion -Wno-comma -Wno-block-capture-autoreleasing -Wno-strict-prototypes -Wno-semicolon-before-method-body @/Users/chrissotraidis/GitHub/caesarpad/build/ios/build/augustus.build/Release-iphonesimulator/Objects-normal/arm64/7187679823f38a2a940e0043cdf9d637-common-args.resp -MMD -MT dependencies -MF /Users/chrissotraidis/GitHub/caesarpad/build/ios/build/augustus.build/Release-iphonesimulator/Objects-normal/arm64/distribution-1b38e4cb57167f2d384cef8657dd2ce8.d --serialize-diagnostics /Users/chrissotraidis/GitHub/caesarpad/build/ios/build/augustus.build/Release-iphonesimulator/Objects-normal/arm64/distribution-1b38e4cb57167f2d384cef8657dd2ce8.dia -c /Users/chrissotraidis/GitHub/caesarpad/engines/augustus/src/window/building/distribution.c -o /Users/chrissotraidis/GitHub/caesarpad/build/ios/build/augustus.build/Release-iphonesimulator/Objects-normal/arm64/distribution-1b38e4cb57167f2d384cef8657dd2ce8.o

CompileC /Users/chrissotraidis/GitHub/caesarpad/build/ios/build/augustus.build/Release-iphonesimulator/Objects-normal/arm64/depot-f599851fd2bc2b2009f0b245719e47af.o /Users/chrissotraidis/GitHub/caesarpad/engines/augustus/src/window/building/depot.c normal arm64 c com.apple.compilers.llvm.clang.1_0.compiler (in target 'augustus' from project 'augustus')
    cd /Users/chrissotraidis/GitHub/caesarpad/engines/augustus

    Using response file: /Users/chrissotraidis/GitHub/caesarpad/build/ios/build/augustus.build/Release-iphonesimulator/Objects-normal/arm64/7187679823f38a2a940e0043cdf9d637-common-args.resp

    /Applications/Xcode.app/Contents/Developer/Toolchains/XcodeDefault.xctoolchain/usr/bin/clang -x c -ivfsstatcache /Users/chrissotraidis/GitHub/caesarpad/build/ios/DerivedData/SDKStatCaches.noindex/iphonesimulator26.5-23F81a-6cfe768891a92b912361537c460fe42b.sdkstatcache -target arm64-apple-ios14.0-simulator -fmessage-length\=0 -fdiagnostics-show-note-include-stack -fmacro-backtrace-limit\=0 -fno-color-diagnostics -Wno-trigraphs -Wno-missing-field-initializers -Wno-missing-prototypes -Wno-return-type -Wno-missing-braces -Wparentheses -Wswitch -Wno-unused-function -Wno-unused-label -Wno-unused-parameter -Wno-unused-variable -Wunused-value -Wno-empty-body -Wno-uninitialized -Wno-unknown-pragmas -Wno-shadow -Wno-four-char-constants -Wno-conversion -Wno-constant-conversion -Wno-int-conversion -Wno-bool-conversion -Wno-enum-conversion -Wno-float-conversion -Wno-non-literal-null-conversion -Wno-objc-literal-conversion -Wshorten-64-to-32 -Wpointer-sign -Wno-newline-eof -Wno-implicit-fallthrough -isysroot /Applications/Xcode.app/Contents/Developer/Platforms/iPhoneSimulator.platform/Developer/SDKs/iPhoneSimulator26.5.sdk -fstrict-aliasing -Wdeprecated-declarations -Wno-sign-conversion -Wno-infinite-recursion -Wno-comma -Wno-block-capture-autoreleasing -Wno-strict-prototypes -Wno-semicolon-before-method-body @/Users/chrissotraidis/GitHub/caesarpad/build/ios/build/augustus.build/Release-iphonesimulator/Objects-normal/arm64/7187679823f38a2a940e0043cdf9d637-common-args.resp -MMD -MT dependencies -MF /Users/chrissotraidis/GitHub/caesarpad/build/ios/build/augustus.build/Release-iphonesimulator/Objects-normal/arm64/depot-f599851fd2bc2b2009f0b245719e47af.d --serialize-diagnostics /Users/chrissotraidis/GitHub/caesarpad/build/ios/build/augustus.build/Release-iphonesimulator/Objects-normal/arm64/depot-f599851fd2bc2b2009f0b245719e47af.dia -c /Users/chrissotraidis/GitHub/caesarpad/engines/augustus/src/window/building/depot.c -o /Users/chrissotraidis/GitHub/caesarpad/build/ios/build/augustus.build/Release-iphonesimulator/Objects-normal/arm64/depot-f599851fd2bc2b2009f0b245719e47af.o

CompileC /Users/chrissotraidis/GitHub/caesarpad/build/ios/build/augustus.build/Release-iphonesimulator/Objects-normal/arm64/demand_changes.o /Users/chrissotraidis/GitHub/caesarpad/engines/augustus/src/window/editor/demand_changes.c normal arm64 c com.apple.compilers.llvm.clang.1_0.compiler (in target 'augustus' from project 'augustus')
    cd /Users/chrissotraidis/GitHub/caesarpad/engines/augustus

    Using response file: /Users/chrissotraidis/GitHub/caesarpad/build/ios/build/augustus.build/Release-iphonesimulator/Objects-normal/arm64/7187679823f38a2a940e0043cdf9d637-common-args.resp

    /Applications/Xcode.app/Contents/Developer/Toolchains/XcodeDefault.xctoolchain/usr/bin/clang -x c -ivfsstatcache /Users/chrissotraidis/GitHub/caesarpad/build/ios/DerivedData/SDKStatCaches.noindex/iphonesimulator26.5-23F81a-6cfe768891a92b912361537c460fe42b.sdkstatcache -target arm64-apple-ios14.0-simulator -fmessage-length\=0 -fdiagnostics-show-note-include-stack -fmacro-backtrace-limit\=0 -fno-color-diagnostics -Wno-trigraphs -Wno-missing-field-initializers -Wno-missing-prototypes -Wno-return-type -Wno-missing-braces -Wparentheses -Wswitch -Wno-unused-function -Wno-unused-label -Wno-unused-parameter -Wno-unused-variable -Wunused-value -Wno-empty-body -Wno-uninitialized -Wno-unknown-pragmas -Wno-shadow -Wno-four-char-constants -Wno-conversion -Wno-constant-conversion -Wno-int-conversion -Wno-bool-conversion -Wno-enum-conversion -Wno-float-conversion -Wno-non-literal-null-conversion -Wno-objc-literal-conversion -Wshorten-64-to-32 -Wpointer-sign -Wno-newline-eof -Wno-implicit-fallthrough -isysroot /Applications/Xcode.app/Contents/Developer/Platforms/iPhoneSimulator.platform/Developer/SDKs/iPhoneSimulator26.5.sdk -fstrict-aliasing -Wdeprecated-declarations -Wno-sign-conversion -Wno-infinite-recursion -Wno-comma -Wno-block-capture-autoreleasing -Wno-strict-prototypes -Wno-semicolon-before-method-body @/Users/chrissotraidis/GitHub/caesarpad/build/ios/build/augustus.build/Release-iphonesimulator/Objects-normal/arm64/7187679823f38a2a940e0043cdf9d637-common-args.resp -MMD -MT dependencies -MF /Users/chrissotraidis/GitHub/caesarpad/build/ios/build/augustus.build/Release-iphonesimulator/Objects-normal/arm64/demand_changes.d --serialize-diagnostics /Users/chrissotraidis/GitHub/caesarpad/build/ios/build/augustus.build/Release-iphonesimulator/Objects-normal/arm64/demand_changes.dia -c /Users/chrissotraidis/GitHub/caesarpad/engines/augustus/src/window/editor/demand_changes.c -o /Users/chrissotraidis/GitHub/caesarpad/build/ios/build/augustus.build/Release-iphonesimulator/Objects-normal/arm64/demand_changes.o

CompileC /Users/chrissotraidis/GitHub/caesarpad/build/ios/build/augustus.build/Release-iphonesimulator/Objects-normal/arm64/custom_variables.o /Users/chrissotraidis/GitHub/caesarpad/engines/augustus/src/window/editor/custom_variables.c normal arm64 c com.apple.compilers.llvm.clang.1_0.compiler (in target 'augustus' from project 'augustus')
    cd /Users/chrissotraidis/GitHub/caesarpad/engines/augustus

    Using response file: /Users/chrissotraidis/GitHub/caesarpad/build/ios/build/augustus.build/Release-iphonesimulator/Objects-normal/arm64/7187679823f38a2a940e0043cdf9d637-common-args.resp

    /Applications/Xcode.app/Contents/Developer/Toolchains/XcodeDefault.xctoolchain/usr/bin/clang -x c -ivfsstatcache /Users/chrissotraidis/GitHub/caesarpad/build/ios/DerivedData/SDKStatCaches.noindex/iphonesimulator26.5-23F81a-6cfe768891a92b912361537c460fe42b.sdkstatcache -target arm64-apple-ios14.0-simulator -fmessage-length\=0 -fdiagnostics-show-note-include-stack -fmacro-backtrace-limit\=0 -fno-color-diagnostics -Wno-trigraphs -Wno-missing-field-initializers -Wno-missing-prototypes -Wno-return-type -Wno-missing-braces -Wparentheses -Wswitch -Wno-unused-function -Wno-unused-label -Wno-unused-parameter -Wno-unused-variable -Wunused-value -Wno-empty-body -Wno-uninitialized -Wno-unknown-pragmas -Wno-shadow -Wno-four-char-constants -Wno-conversion -Wno-constant-conversion -Wno-int-conversion -Wno-bool-conversion -Wno-enum-conversion -Wno-float-conversion -Wno-non-literal-null-conversion -Wno-objc-literal-conversion -Wshorten-64-to-32 -Wpointer-sign -Wno-newline-eof -Wno-implicit-fallthrough -isysroot /Applications/Xcode.app/Contents/Developer/Platforms/iPhoneSimulator.platform/Developer/SDKs/iPhoneSimulator26.5.sdk -fstrict-aliasing -Wdeprecated-declarations -Wno-sign-conversion -Wno-infinite-recursion -Wno-comma -Wno-block-capture-autoreleasing -Wno-strict-prototypes -Wno-semicolon-before-method-body @/Users/chrissotraidis/GitHub/caesarpad/build/ios/build/augustus.build/Release-iphonesimulator/Objects-normal/arm64/7187679823f38a2a940e0043cdf9d637-common-args.resp -MMD -MT dependencies -MF /Users/chrissotraidis/GitHub/caesarpad/build/ios/build/augustus.build/Release-iphonesimulator/Objects-normal/arm64/custom_variables.d --serialize-diagnostics /Users/chrissotraidis/GitHub/caesarpad/build/ios/build/augustus.build/Release-iphonesimulator/Objects-normal/arm64/custom_variables.dia -c /Users/chrissotraidis/GitHub/caesarpad/engines/augustus/src/window/editor/custom_variables.c -o /Users/chrissotraidis/GitHub/caesarpad/build/ios/build/augustus.build/Release-iphonesimulator/Objects-normal/arm64/custom_variables.o

CompileC /Users/chrissotraidis/GitHub/caesarpad/build/ios/build/augustus.build/Release-iphonesimulator/Objects-normal/arm64/custom_messages-3fa5648746ec84fcdf3ad69d3bf87c7d.o /Users/chrissotraidis/GitHub/caesarpad/engines/augustus/src/window/editor/custom_messages.c normal arm64 c com.apple.compilers.llvm.clang.1_0.compiler (in target 'augustus' from project 'augustus')
    cd /Users/chrissotraidis/GitHub/caesarpad/engines/augustus

    Using response file: /Users/chrissotraidis/GitHub/caesarpad/build/ios/build/augustus.build/Release-iphonesimulator/Objects-normal/arm64/7187679823f38a2a940e0043cdf9d637-common-args.resp

    /Applications/Xcode.app/Contents/Developer/Toolchains/XcodeDefault.xctoolchain/usr/bin/clang -x c -ivfsstatcache /Users/chrissotraidis/GitHub/caesarpad/build/ios/DerivedData/SDKStatCaches.noindex/iphonesimulator26.5-23F81a-6cfe768891a92b912361537c460fe42b.sdkstatcache -target arm64-apple-ios14.0-simulator -fmessage-length\=0 -fdiagnostics-show-note-include-stack -fmacro-backtrace-limit\=0 -fno-color-diagnostics -Wno-trigraphs -Wno-missing-field-initializers -Wno-missing-prototypes -Wno-return-type -Wno-missing-braces -Wparentheses -Wswitch -Wno-unused-function -Wno-unused-label -Wno-unused-parameter -Wno-unused-variable -Wunused-value -Wno-empty-body -Wno-uninitialized -Wno-unknown-pragmas -Wno-shadow -Wno-four-char-constants -Wno-conversion -Wno-constant-conversion -Wno-int-conversion -Wno-bool-conversion -Wno-enum-conversion -Wno-float-conversion -Wno-non-literal-null-conversion -Wno-objc-literal-conversion -Wshorten-64-to-32 -Wpointer-sign -Wno-newline-eof -Wno-implicit-fallthrough -isysroot /Applications/Xcode.app/Contents/Developer/Platforms/iPhoneSimulator.platform/Developer/SDKs/iPhoneSimulator26.5.sdk -fstrict-aliasing -Wdeprecated-declarations -Wno-sign-conversion -Wno-infinite-recursion -Wno-comma -Wno-block-capture-autoreleasing -Wno-strict-prototypes -Wno-semicolon-before-method-body @/Users/chrissotraidis/GitHub/caesarpad/build/ios/build/augustus.build/Release-iphonesimulator/Objects-normal/arm64/7187679823f38a2a940e0043cdf9d637-common-args.resp -MMD -MT dependencies -MF /Users/chrissotraidis/GitHub/caesarpad/build/ios/build/augustus.build/Release-iphonesimulator/Objects-normal/arm64/custom_messages-3fa5648746ec84fcdf3ad69d3bf87c7d.d --serialize-diagnostics /Users/chrissotraidis/GitHub/caesarpad/build/ios/build/augustus.build/Release-iphonesimulator/Objects-normal/arm64/custom_messages-3fa5648746ec84fcdf3ad69d3bf87c7d.dia -c /Users/chrissotraidis/GitHub/caesarpad/engines/augustus/src/window/editor/custom_messages.c -o /Users/chrissotraidis/GitHub/caesarpad/build/ios/build/augustus.build/Release-iphonesimulator/Objects-normal/arm64/custom_messages-3fa5648746ec84fcdf3ad69d3bf87c7d.o

CompileC /Users/chrissotraidis/GitHub/caesarpad/build/ios/build/augustus.build/Release-iphonesimulator/Objects-normal/arm64/cursor-8e257291804a57fa1605da2718bafc70.o /Users/chrissotraidis/GitHub/caesarpad/engines/augustus/src/platform/SDL2/cursor.c normal arm64 c com.apple.compilers.llvm.clang.1_0.compiler (in target 'augustus' from project 'augustus')
    cd /Users/chrissotraidis/GitHub/caesarpad/engines/augustus

    Using response file: /Users/chrissotraidis/GitHub/caesarpad/build/ios/build/augustus.build/Release-iphonesimulator/Objects-normal/arm64/7187679823f38a2a940e0043cdf9d637-common-args.resp

    /Applications/Xcode.app/Contents/Developer/Toolchains/XcodeDefault.xctoolchain/usr/bin/clang -x c -ivfsstatcache /Users/chrissotraidis/GitHub/caesarpad/build/ios/DerivedData/SDKStatCaches.noindex/iphonesimulator26.5-23F81a-6cfe768891a92b912361537c460fe42b.sdkstatcache -target arm64-apple-ios14.0-simulator -fmessage-length\=0 -fdiagnostics-show-note-include-stack -fmacro-backtrace-limit\=0 -fno-color-diagnostics -Wno-trigraphs -Wno-missing-field-initializers -Wno-missing-prototypes -Wno-return-type -Wno-missing-braces -Wparentheses -Wswitch -Wno-unused-function -Wno-unused-label -Wno-unused-parameter -Wno-unused-variable -Wunused-value -Wno-empty-body -Wno-uninitialized -Wno-unknown-pragmas -Wno-shadow -Wno-four-char-constants -Wno-conversion -Wno-constant-conversion -Wno-int-conversion -Wno-bool-conversion -Wno-enum-conversion -Wno-float-conversion -Wno-non-literal-null-conversion -Wno-objc-literal-conversion -Wshorten-64-to-32 -Wpointer-sign -Wno-newline-eof -Wno-implicit-fallthrough -isysroot /Applications/Xcode.app/Contents/Developer/Platforms/iPhoneSimulator.platform/Developer/SDKs/iPhoneSimulator26.5.sdk -fstrict-aliasing -Wdeprecated-declarations -Wno-sign-conversion -Wno-infinite-recursion -Wno-comma -Wno-block-capture-autoreleasing -Wno-strict-prototypes -Wno-semicolon-before-method-body @/Users/chrissotraidis/GitHub/caesarpad/build/ios/build/augustus.build/Release-iphonesimulator/Objects-normal/arm64/7187679823f38a2a940e0043cdf9d637-common-args.resp -MMD -MT dependencies -MF /Users/chrissotraidis/GitHub/caesarpad/build/ios/build/augustus.build/Release-iphonesimulator/Objects-normal/arm64/cursor-8e257291804a57fa1605da2718bafc70.d --serialize-diagnostics /Users/chrissotraidis/GitHub/caesarpad/build/ios/build/augustus.build/Release-iphonesimulator/Objects-normal/arm64/cursor-8e257291804a57fa1605da2718bafc70.dia -c /Users/chrissotraidis/GitHub/caesarpad/engines/augustus/src/platform/SDL2/cursor.c -o /Users/chrissotraidis/GitHub/caesarpad/build/ios/build/augustus.build/Release-iphonesimulator/Objects-normal/arm64/cursor-8e257291804a57fa1605da2718bafc70.o

CompileC /Users/chrissotraidis/GitHub/caesarpad/build/ios/build/augustus.build/Release-iphonesimulator/Objects-normal/arm64/cursor-6f9241076733d166761436055e333bee.o /Users/chrissotraidis/GitHub/caesarpad/engines/augustus/src/input/cursor.c normal arm64 c com.apple.compilers.llvm.clang.1_0.compiler (in target 'augustus' from project 'augustus')
    cd /Users/chrissotraidis/GitHub/caesarpad/engines/augustus

    Using response file: /Users/chrissotraidis/GitHub/caesarpad/build/ios/build/augustus.build/Release-iphonesimulator/Objects-normal/arm64/7187679823f38a2a940e0043cdf9d637-common-args.resp

    /Applications/Xcode.app/Contents/Developer/Toolchains/XcodeDefault.xctoolchain/usr/bin/clang -x c -ivfsstatcache /Users/chrissotraidis/GitHub/caesarpad/build/ios/DerivedData/SDKStatCaches.noindex/iphonesimulator26.5-23F81a-6cfe768891a92b912361537c460fe42b.sdkstatcache -target arm64-apple-ios14.0-simulator -fmessage-length\=0 -fdiagnostics-show-note-include-stack -fmacro-backtrace-limit\=0 -fno-color-diagnostics -Wno-trigraphs -Wno-missing-field-initializers -Wno-missing-prototypes -Wno-return-type -Wno-missing-braces -Wparentheses -Wswitch -Wno-unused-function -Wno-unused-label -Wno-unused-parameter -Wno-unused-variable -Wunused-value -Wno-empty-body -Wno-uninitialized -Wno-unknown-pragmas -Wno-shadow -Wno-four-char-constants -Wno-conversion -Wno-constant-conversion -Wno-int-conversion -Wno-bool-conversion -Wno-enum-conversion -Wno-float-conversion -Wno-non-literal-null-conversion -Wno-objc-literal-conversion -Wshorten-64-to-32 -Wpointer-sign -Wno-newline-eof -Wno-implicit-fallthrough -isysroot /Applications/Xcode.app/Contents/Developer/Platforms/iPhoneSimulator.platform/Developer/SDKs/iPhoneSimulator26.5.sdk -fstrict-aliasing -Wdeprecated-declarations -Wno-sign-conversion -Wno-infinite-recursion -Wno-comma -Wno-block-capture-autoreleasing -Wno-strict-prototypes -Wno-semicolon-before-method-body @/Users/chrissotraidis/GitHub/caesarpad/build/ios/build/augustus.build/Release-iphonesimulator/Objects-normal/arm64/7187679823f38a2a940e0043cdf9d637-common-args.resp -MMD -MT dependencies -MF /Users/chrissotraidis/GitHub/caesarpad/build/ios/build/augustus.build/Release-iphonesimulator/Objects-normal/arm64/cursor-6f9241076733d166761436055e333bee.d --serialize-diagnostics /Users/chrissotraidis/GitHub/caesarpad/build/ios/build/augustus.build/Release-iphonesimulator/Objects-normal/arm64/cursor-6f9241076733d166761436055e333bee.dia -c /Users/chrissotraidis/GitHub/caesarpad/engines/augustus/src/input/cursor.c -o /Users/chrissotraidis/GitHub/caesarpad/build/ios/build/augustus.build/Release-iphonesimulator/Objects-normal/arm64/cursor-6f9241076733d166761436055e333bee.o

CompileC /Users/chrissotraidis/GitHub/caesarpad/build/ios/build/augustus.build/Release-iphonesimulator/Objects-normal/arm64/culture-76f12c13f95fc017af603a6c9652f2d5.o /Users/chrissotraidis/GitHub/caesarpad/engines/augustus/src/window/building/culture.c normal arm64 c com.apple.compilers.llvm.clang.1_0.compiler (in target 'augustus' from project 'augustus')
    cd /Users/chrissotraidis/GitHub/caesarpad/engines/augustus

    Using response file: /Users/chrissotraidis/GitHub/caesarpad/build/ios/build/augustus.build/Release-iphonesimulator/Objects-normal/arm64/7187679823f38a2a940e0043cdf9d637-common-args.resp

    /Applications/Xcode.app/Contents/Developer/Toolchains/XcodeDefault.xctoolchain/usr/bin/clang -x c -ivfsstatcache /Users/chrissotraidis/GitHub/caesarpad/build/ios/DerivedData/SDKStatCaches.noindex/iphonesimulator26.5-23F81a-6cfe768891a92b912361537c460fe42b.sdkstatcache -target arm64-apple-ios14.0-simulator -fmessage-length\=0 -fdiagnostics-show-note-include-stack -fmacro-backtrace-limit\=0 -fno-color-diagnostics -Wno-trigraphs -Wno-missing-field-initializers -Wno-missing-prototypes -Wno-return-type -Wno-missing-braces -Wparentheses -Wswitch -Wno-unused-function -Wno-unused-label -Wno-unused-parameter -Wno-unused-variable -Wunused-value -Wno-empty-body -Wno-uninitialized -Wno-unknown-pragmas -Wno-shadow -Wno-four-char-constants -Wno-conversion -Wno-constant-conversion -Wno-int-conversion -Wno-bool-conversion -Wno-enum-conversion -Wno-float-conversion -Wno-non-literal-null-conversion -Wno-objc-literal-conversion -Wshorten-64-to-32 -Wpointer-sign -Wno-newline-eof -Wno-implicit-fallthrough -isysroot /Applications/Xcode.app/Contents/Developer/Platforms/iPhoneSimulator.platform/Developer/SDKs/iPhoneSimulator26.5.sdk -fstrict-aliasing -Wdeprecated-declarations -Wno-sign-conversion -Wno-infinite-recursion -Wno-comma -Wno-block-capture-autoreleasing -Wno-strict-prototypes -Wno-semicolon-before-method-body @/Users/chrissotraidis/GitHub/caesarpad/build/ios/build/augustus.build/Release-iphonesimulator/Objects-normal/arm64/7187679823f38a2a940e0043cdf9d637-common-args.resp -MMD -MT dependencies -MF /Users/chrissotraidis/GitHub/caesarpad/build/ios/build/augustus.build/Release-iphonesimulator/Objects-normal/arm64/culture-76f12c13f95fc017af603a6c9652f2d5.d --serialize-diagnostics /Users/chrissotraidis/GitHub/caesarpad/build/ios/build/augustus.build/Release-iphonesimulator/Objects-normal/arm64/culture-76f12c13f95fc017af603a6c9652f2d5.dia -c /Users/chrissotraidis/GitHub/caesarpad/engines/augustus/src/window/building/culture.c -o /Users/chrissotraidis/GitHub/caesarpad/build/ios/build/augustus.build/Release-iphonesimulator/Objects-normal/arm64/culture-76f12c13f95fc017af603a6c9652f2d5.o

CompileC /Users/chrissotraidis/GitHub/caesarpad/build/ios/build/augustus.build/Release-iphonesimulator/Objects-normal/arm64/controller.o /Users/chrissotraidis/GitHub/caesarpad/engines/augustus/src/scenario/event/controller.c normal arm64 c com.apple.compilers.llvm.clang.1_0.compiler (in target 'augustus' from project 'augustus')
    cd /Users/chrissotraidis/GitHub/caesarpad/engines/augustus

    Using response file: /Users/chrissotraidis/GitHub/caesarpad/build/ios/build/augustus.build/Release-iphonesimulator/Objects-normal/arm64/7187679823f38a2a940e0043cdf9d637-common-args.resp

    /Applications/Xcode.app/Contents/Developer/Toolchains/XcodeDefault.xctoolchain/usr/bin/clang -x c -ivfsstatcache /Users/chrissotraidis/GitHub/caesarpad/build/ios/DerivedData/SDKStatCaches.noindex/iphonesimulator26.5-23F81a-6cfe768891a92b912361537c460fe42b.sdkstatcache -target arm64-apple-ios14.0-simulator -fmessage-length\=0 -fdiagnostics-show-note-include-stack -fmacro-backtrace-limit\=0 -fno-color-diagnostics -Wno-trigraphs -Wno-missing-field-initializers -Wno-missing-prototypes -Wno-return-type -Wno-missing-braces -Wparentheses -Wswitch -Wno-unused-function -Wno-unused-label -Wno-unused-parameter -Wno-unused-variable -Wunused-value -Wno-empty-body -Wno-uninitialized -Wno-unknown-pragmas -Wno-shadow -Wno-four-char-constants -Wno-conversion -Wno-constant-conversion -Wno-int-conversion -Wno-bool-conversion -Wno-enum-conversion -Wno-float-conversion -Wno-non-literal-null-conversion -Wno-objc-literal-conversion -Wshorten-64-to-32 -Wpointer-sign -Wno-newline-eof -Wno-implicit-fallthrough -isysroot /Applications/Xcode.app/Contents/Developer/Platforms/iPhoneSimulator.platform/Developer/SDKs/iPhoneSimulator26.5.sdk -fstrict-aliasing -Wdeprecated-declarations -Wno-sign-conversion -Wno-infinite-recursion -Wno-comma -Wno-block-capture-autoreleasing -Wno-strict-prototypes -Wno-semicolon-before-method-body @/Users/chrissotraidis/GitHub/caesarpad/build/ios/build/augustus.build/Release-iphonesimulator/Objects-normal/arm64/7187679823f38a2a940e0043cdf9d637-common-args.resp -MMD -MT dependencies -MF /Users/chrissotraidis/GitHub/caesarpad/build/ios/build/augustus.build/Release-iphonesimulator/Objects-normal/arm64/controller.d --serialize-diagnostics /Users/chrissotraidis/GitHub/caesarpad/build/ios/build/augustus.build/Release-iphonesimulator/Objects-normal/arm64/controller.dia -c /Users/chrissotraidis/GitHub/caesarpad/engines/augustus/src/scenario/event/controller.c -o /Users/chrissotraidis/GitHub/caesarpad/build/ios/build/augustus.build/Release-iphonesimulator/Objects-normal/arm64/controller.o
/Users/chrissotraidis/GitHub/caesarpad/engines/augustus/src/scenario/event/controller.c:387:10: warning: implicit conversion loses integer precision: 'size_t' (aka 'unsigned long') to 'unsigned int' [-Wshorten-64-to-32]
  387 |         !array_expand(scenario_formulas, array_size)) {
      |          ^~~~~~~~~~~~~~~~~~~~~~~~~~~~~~~~~~~~~~~~~~~
In file included from /Users/chrissotraidis/GitHub/caesarpad/engines/augustus/src/scenario/event/controller.c:1:
In file included from /Users/chrissotraidis/GitHub/caesarpad/engines/augustus/src/scenario/event/controller.h:5:
In file included from /Users/chrissotraidis/GitHub/caesarpad/engines/augustus/src/scenario/event/data.h:4:
/Users/chrissotraidis/GitHub/caesarpad/engines/augustus/src/core/array.h:249:78: note: expanded from macro 'array_expand'
  249 |     array_create_blocks(a, (size) > 0 ? (((size) - 1) >> (a).bit_offset) + 1 - (a).blocks : 0) \
      |     ~~~~~~~~~~~~~~~~~~~~~~~~~~~~~~~~~~~~~~~~~~~~~~~~~~~~~~~~~~~~~~~~~~~~~~~~~^~~~~~~~~~~~~~~~~
/Users/chrissotraidis/GitHub/caesarpad/engines/augustus/src/core/array.h:271:100: note: expanded from macro 'array_create_blocks'
  271 |     array_add_blocks((void ***)&(a).items, &(a).blocks, (a).block_offset + 1, sizeof(**(a).items), num_blocks) \
      |     ~~~~~~~~~~~~~~~~                                                                               ^~~~~~~~~~
1 warning generated.

CompileC /Users/chrissotraidis/GitHub/caesarpad/build/ios/build/augustus.build/Release-iphonesimulator/Objects-normal/arm64/construction_routed.o /Users/chrissotraidis/GitHub/caesarpad/engines/augustus/src/building/construction_routed.c normal arm64 c com.apple.compilers.llvm.clang.1_0.compiler (in target 'augustus' from project 'augustus')
    cd /Users/chrissotraidis/GitHub/caesarpad/engines/augustus

    Using response file: /Users/chrissotraidis/GitHub/caesarpad/build/ios/build/augustus.build/Release-iphonesimulator/Objects-normal/arm64/7187679823f38a2a940e0043cdf9d637-common-args.resp

    /Applications/Xcode.app/Contents/Developer/Toolchains/XcodeDefault.xctoolchain/usr/bin/clang -x c -ivfsstatcache /Users/chrissotraidis/GitHub/caesarpad/build/ios/DerivedData/SDKStatCaches.noindex/iphonesimulator26.5-23F81a-6cfe768891a92b912361537c460fe42b.sdkstatcache -target arm64-apple-ios14.0-simulator -fmessage-length\=0 -fdiagnostics-show-note-include-stack -fmacro-backtrace-limit\=0 -fno-color-diagnostics -Wno-trigraphs -Wno-missing-field-initializers -Wno-missing-prototypes -Wno-return-type -Wno-missing-braces -Wparentheses -Wswitch -Wno-unused-function -Wno-unused-label -Wno-unused-parameter -Wno-unused-variable -Wunused-value -Wno-empty-body -Wno-uninitialized -Wno-unknown-pragmas -Wno-shadow -Wno-four-char-constants -Wno-conversion -Wno-constant-conversion -Wno-int-conversion -Wno-bool-conversion -Wno-enum-conversion -Wno-float-conversion -Wno-non-literal-null-conversion -Wno-objc-literal-conversion -Wshorten-64-to-32 -Wpointer-sign -Wno-newline-eof -Wno-implicit-fallthrough -isysroot /Applications/Xcode.app/Contents/Developer/Platforms/iPhoneSimulator.platform/Developer/SDKs/iPhoneSimulator26.5.sdk -fstrict-aliasing -Wdeprecated-declarations -Wno-sign-conversion -Wno-infinite-recursion -Wno-comma -Wno-block-capture-autoreleasing -Wno-strict-prototypes -Wno-semicolon-before-method-body @/Users/chrissotraidis/GitHub/caesarpad/build/ios/build/augustus.build/Release-iphonesimulator/Objects-normal/arm64/7187679823f38a2a940e0043cdf9d637-common-args.resp -MMD -MT dependencies -MF /Users/chrissotraidis/GitHub/caesarpad/build/ios/build/augustus.build/Release-iphonesimulator/Objects-normal/arm64/construction_routed.d --serialize-diagnostics /Users/chrissotraidis/GitHub/caesarpad/build/ios/build/augustus.build/Release-iphonesimulator/Objects-normal/arm64/construction_routed.dia -c /Users/chrissotraidis/GitHub/caesarpad/engines/augustus/src/building/construction_routed.c -o /Users/chrissotraidis/GitHub/caesarpad/build/ios/build/augustus.build/Release-iphonesimulator/Objects-normal/arm64/construction_routed.o

CompileC /Users/chrissotraidis/GitHub/caesarpad/build/ios/build/augustus.build/Release-iphonesimulator/Objects-normal/arm64/construction_clear.o /Users/chrissotraidis/GitHub/caesarpad/engines/augustus/src/building/construction_clear.c normal arm64 c com.apple.compilers.llvm.clang.1_0.compiler (in target 'augustus' from project 'augustus')
    cd /Users/chrissotraidis/GitHub/caesarpad/engines/augustus

    Using response file: /Users/chrissotraidis/GitHub/caesarpad/build/ios/build/augustus.build/Release-iphonesimulator/Objects-normal/arm64/7187679823f38a2a940e0043cdf9d637-common-args.resp

    /Applications/Xcode.app/Contents/Developer/Toolchains/XcodeDefault.xctoolchain/usr/bin/clang -x c -ivfsstatcache /Users/chrissotraidis/GitHub/caesarpad/build/ios/DerivedData/SDKStatCaches.noindex/iphonesimulator26.5-23F81a-6cfe768891a92b912361537c460fe42b.sdkstatcache -target arm64-apple-ios14.0-simulator -fmessage-length\=0 -fdiagnostics-show-note-include-stack -fmacro-backtrace-limit\=0 -fno-color-diagnostics -Wno-trigraphs -Wno-missing-field-initializers -Wno-missing-prototypes -Wno-return-type -Wno-missing-braces -Wparentheses -Wswitch -Wno-unused-function -Wno-unused-label -Wno-unused-parameter -Wno-unused-variable -Wunused-value -Wno-empty-body -Wno-uninitialized -Wno-unknown-pragmas -Wno-shadow -Wno-four-char-constants -Wno-conversion -Wno-constant-conversion -Wno-int-conversion -Wno-bool-conversion -Wno-enum-conversion -Wno-float-conversion -Wno-non-literal-null-conversion -Wno-objc-literal-conversion -Wshorten-64-to-32 -Wpointer-sign -Wno-newline-eof -Wno-implicit-fallthrough -isysroot /Applications/Xcode.app/Contents/Developer/Platforms/iPhoneSimulator.platform/Developer/SDKs/iPhoneSimulator26.5.sdk -fstrict-aliasing -Wdeprecated-declarations -Wno-sign-conversion -Wno-infinite-recursion -Wno-comma -Wno-block-capture-autoreleasing -Wno-strict-prototypes -Wno-semicolon-before-method-body @/Users/chrissotraidis/GitHub/caesarpad/build/ios/build/augustus.build/Release-iphonesimulator/Objects-normal/arm64/7187679823f38a2a940e0043cdf9d637-common-args.resp -MMD -MT dependencies -MF /Users/chrissotraidis/GitHub/caesarpad/build/ios/build/augustus.build/Release-iphonesimulator/Objects-normal/arm64/construction_clear.d --serialize-diagnostics /Users/chrissotraidis/GitHub/caesarpad/build/ios/build/augustus.build/Release-iphonesimulator/Objects-normal/arm64/construction_clear.dia -c /Users/chrissotraidis/GitHub/caesarpad/engines/augustus/src/building/construction_clear.c -o /Users/chrissotraidis/GitHub/caesarpad/build/ios/build/augustus.build/Release-iphonesimulator/Objects-normal/arm64/construction_clear.o

CompileC /Users/chrissotraidis/GitHub/caesarpad/build/ios/build/augustus.build/Release-iphonesimulator/Objects-normal/arm64/console.o /Users/chrissotraidis/GitHub/caesarpad/engines/augustus/src/window/console.c normal arm64 c com.apple.compilers.llvm.clang.1_0.compiler (in target 'augustus' from project 'augustus')
    cd /Users/chrissotraidis/GitHub/caesarpad/engines/augustus

    Using response file: /Users/chrissotraidis/GitHub/caesarpad/build/ios/build/augustus.build/Release-iphonesimulator/Objects-normal/arm64/7187679823f38a2a940e0043cdf9d637-common-args.resp

    /Applications/Xcode.app/Contents/Developer/Toolchains/XcodeDefault.xctoolchain/usr/bin/clang -x c -ivfsstatcache /Users/chrissotraidis/GitHub/caesarpad/build/ios/DerivedData/SDKStatCaches.noindex/iphonesimulator26.5-23F81a-6cfe768891a92b912361537c460fe42b.sdkstatcache -target arm64-apple-ios14.0-simulator -fmessage-length\=0 -fdiagnostics-show-note-include-stack -fmacro-backtrace-limit\=0 -fno-color-diagnostics -Wno-trigraphs -Wno-missing-field-initializers -Wno-missing-prototypes -Wno-return-type -Wno-missing-braces -Wparentheses -Wswitch -Wno-unused-function -Wno-unused-label -Wno-unused-parameter -Wno-unused-variable -Wunused-value -Wno-empty-body -Wno-uninitialized -Wno-unknown-pragmas -Wno-shadow -Wno-four-char-constants -Wno-conversion -Wno-constant-conversion -Wno-int-conversion -Wno-bool-conversion -Wno-enum-conversion -Wno-float-conversion -Wno-non-literal-null-conversion -Wno-objc-literal-conversion -Wshorten-64-to-32 -Wpointer-sign -Wno-newline-eof -Wno-implicit-fallthrough -isysroot /Applications/Xcode.app/Contents/Developer/Platforms/iPhoneSimulator.platform/Developer/SDKs/iPhoneSimulator26.5.sdk -fstrict-aliasing -Wdeprecated-declarations -Wno-sign-conversion -Wno-infinite-recursion -Wno-comma -Wno-block-capture-autoreleasing -Wno-strict-prototypes -Wno-semicolon-before-method-body @/Users/chrissotraidis/GitHub/caesarpad/build/ios/build/augustus.build/Release-iphonesimulator/Objects-normal/arm64/7187679823f38a2a940e0043cdf9d637-common-args.resp -MMD -MT dependencies -MF /Users/chrissotraidis/GitHub/caesarpad/build/ios/build/augustus.build/Release-iphonesimulator/Objects-normal/arm64/console.d --serialize-diagnostics /Users/chrissotraidis/GitHub/caesarpad/build/ios/build/augustus.build/Release-iphonesimulator/Objects-normal/arm64/console.dia -c /Users/chrissotraidis/GitHub/caesarpad/engines/augustus/src/window/console.c -o /Users/chrissotraidis/GitHub/caesarpad/build/ios/build/augustus.build/Release-iphonesimulator/Objects-normal/arm64/console.o

CompileC /Users/chrissotraidis/GitHub/caesarpad/build/ios/build/augustus.build/Release-iphonesimulator/Objects-normal/arm64/config-370c2362cf643a22d6ad185bc5834d1e.o /Users/chrissotraidis/GitHub/caesarpad/engines/augustus/src/window/config.c normal arm64 c com.apple.compilers.llvm.clang.1_0.compiler (in target 'augustus' from project 'augustus')
    cd /Users/chrissotraidis/GitHub/caesarpad/engines/augustus

    Using response file: /Users/chrissotraidis/GitHub/caesarpad/build/ios/build/augustus.build/Release-iphonesimulator/Objects-normal/arm64/7187679823f38a2a940e0043cdf9d637-common-args.resp

    /Applications/Xcode.app/Contents/Developer/Toolchains/XcodeDefault.xctoolchain/usr/bin/clang -x c -ivfsstatcache /Users/chrissotraidis/GitHub/caesarpad/build/ios/DerivedData/SDKStatCaches.noindex/iphonesimulator26.5-23F81a-6cfe768891a92b912361537c460fe42b.sdkstatcache -target arm64-apple-ios14.0-simulator -fmessage-length\=0 -fdiagnostics-show-note-include-stack -fmacro-backtrace-limit\=0 -fno-color-diagnostics -Wno-trigraphs -Wno-missing-field-initializers -Wno-missing-prototypes -Wno-return-type -Wno-missing-braces -Wparentheses -Wswitch -Wno-unused-function -Wno-unused-label -Wno-unused-parameter -Wno-unused-variable -Wunused-value -Wno-empty-body -Wno-uninitialized -Wno-unknown-pragmas -Wno-shadow -Wno-four-char-constants -Wno-conversion -Wno-constant-conversion -Wno-int-conversion -Wno-bool-conversion -Wno-enum-conversion -Wno-float-conversion -Wno-non-literal-null-conversion -Wno-objc-literal-conversion -Wshorten-64-to-32 -Wpointer-sign -Wno-newline-eof -Wno-implicit-fallthrough -isysroot /Applications/Xcode.app/Contents/Developer/Platforms/iPhoneSimulator.platform/Developer/SDKs/iPhoneSimulator26.5.sdk -fstrict-aliasing -Wdeprecated-declarations -Wno-sign-conversion -Wno-infinite-recursion -Wno-comma -Wno-block-capture-autoreleasing -Wno-strict-prototypes -Wno-semicolon-before-method-body @/Users/chrissotraidis/GitHub/caesarpad/build/ios/build/augustus.build/Release-iphonesimulator/Objects-normal/arm64/7187679823f38a2a940e0043cdf9d637-common-args.resp -MMD -MT dependencies -MF /Users/chrissotraidis/GitHub/caesarpad/build/ios/build/augustus.build/Release-iphonesimulator/Objects-normal/arm64/config-370c2362cf643a22d6ad185bc5834d1e.d --serialize-diagnostics /Users/chrissotraidis/GitHub/caesarpad/build/ios/build/augustus.build/Release-iphonesimulator/Objects-normal/arm64/config-370c2362cf643a22d6ad185bc5834d1e.dia -c /Users/chrissotraidis/GitHub/caesarpad/engines/augustus/src/window/config.c -o /Users/chrissotraidis/GitHub/caesarpad/build/ios/build/augustus.build/Release-iphonesimulator/Objects-normal/arm64/config-370c2362cf643a22d6ad185bc5834d1e.o

CompileC /Users/chrissotraidis/GitHub/caesarpad/build/ios/build/augustus.build/Release-iphonesimulator/Objects-normal/arm64/complex_button.o /Users/chrissotraidis/GitHub/caesarpad/engines/augustus/src/graphics/complex_button.c normal arm64 c com.apple.compilers.llvm.clang.1_0.compiler (in target 'augustus' from project 'augustus')
    cd /Users/chrissotraidis/GitHub/caesarpad/engines/augustus

    Using response file: /Users/chrissotraidis/GitHub/caesarpad/build/ios/build/augustus.build/Release-iphonesimulator/Objects-normal/arm64/7187679823f38a2a940e0043cdf9d637-common-args.resp

    /Applications/Xcode.app/Contents/Developer/Toolchains/XcodeDefault.xctoolchain/usr/bin/clang -x c -ivfsstatcache /Users/chrissotraidis/GitHub/caesarpad/build/ios/DerivedData/SDKStatCaches.noindex/iphonesimulator26.5-23F81a-6cfe768891a92b912361537c460fe42b.sdkstatcache -target arm64-apple-ios14.0-simulator -fmessage-length\=0 -fdiagnostics-show-note-include-stack -fmacro-backtrace-limit\=0 -fno-color-diagnostics -Wno-trigraphs -Wno-missing-field-initializers -Wno-missing-prototypes -Wno-return-type -Wno-missing-braces -Wparentheses -Wswitch -Wno-unused-function -Wno-unused-label -Wno-unused-parameter -Wno-unused-variable -Wunused-value -Wno-empty-body -Wno-uninitialized -Wno-unknown-pragmas -Wno-shadow -Wno-four-char-constants -Wno-conversion -Wno-constant-conversion -Wno-int-conversion -Wno-bool-conversion -Wno-enum-conversion -Wno-float-conversion -Wno-non-literal-null-conversion -Wno-objc-literal-conversion -Wshorten-64-to-32 -Wpointer-sign -Wno-newline-eof -Wno-implicit-fallthrough -isysroot /Applications/Xcode.app/Contents/Developer/Platforms/iPhoneSimulator.platform/Developer/SDKs/iPhoneSimulator26.5.sdk -fstrict-aliasing -Wdeprecated-declarations -Wno-sign-conversion -Wno-infinite-recursion -Wno-comma -Wno-block-capture-autoreleasing -Wno-strict-prototypes -Wno-semicolon-before-method-body @/Users/chrissotraidis/GitHub/caesarpad/build/ios/build/augustus.build/Release-iphonesimulator/Objects-normal/arm64/7187679823f38a2a940e0043cdf9d637-common-args.resp -MMD -MT dependencies -MF /Users/chrissotraidis/GitHub/caesarpad/build/ios/build/augustus.build/Release-iphonesimulator/Objects-normal/arm64/complex_button.d --serialize-diagnostics /Users/chrissotraidis/GitHub/caesarpad/build/ios/build/augustus.build/Release-iphonesimulator/Objects-normal/arm64/complex_button.dia -c /Users/chrissotraidis/GitHub/caesarpad/engines/augustus/src/graphics/complex_button.c -o /Users/chrissotraidis/GitHub/caesarpad/build/ios/build/augustus.build/Release-iphonesimulator/Objects-normal/arm64/complex_button.o

CompileC /Users/chrissotraidis/GitHub/caesarpad/build/ios/build/augustus.build/Release-iphonesimulator/Objects-normal/arm64/common-f1c231b8045892cefd8a0b72c3c83faa.o /Users/chrissotraidis/GitHub/caesarpad/engines/augustus/src/widget/sidebar/common.c normal arm64 c com.apple.compilers.llvm.clang.1_0.compiler (in target 'augustus' from project 'augustus')
    cd /Users/chrissotraidis/GitHub/caesarpad/engines/augustus

    Using response file: /Users/chrissotraidis/GitHub/caesarpad/build/ios/build/augustus.build/Release-iphonesimulator/Objects-normal/arm64/7187679823f38a2a940e0043cdf9d637-common-args.resp

    /Applications/Xcode.app/Contents/Developer/Toolchains/XcodeDefault.xctoolchain/usr/bin/clang -x c -ivfsstatcache /Users/chrissotraidis/GitHub/caesarpad/build/ios/DerivedData/SDKStatCaches.noindex/iphonesimulator26.5-23F81a-6cfe768891a92b912361537c460fe42b.sdkstatcache -target arm64-apple-ios14.0-simulator -fmessage-length\=0 -fdiagnostics-show-note-include-stack -fmacro-backtrace-limit\=0 -fno-color-diagnostics -Wno-trigraphs -Wno-missing-field-initializers -Wno-missing-prototypes -Wno-return-type -Wno-missing-braces -Wparentheses -Wswitch -Wno-unused-function -Wno-unused-label -Wno-unused-parameter -Wno-unused-variable -Wunused-value -Wno-empty-body -Wno-uninitialized -Wno-unknown-pragmas -Wno-shadow -Wno-four-char-constants -Wno-conversion -Wno-constant-conversion -Wno-int-conversion -Wno-bool-conversion -Wno-enum-conversion -Wno-float-conversion -Wno-non-literal-null-conversion -Wno-objc-literal-conversion -Wshorten-64-to-32 -Wpointer-sign -Wno-newline-eof -Wno-implicit-fallthrough -isysroot /Applications/Xcode.app/Contents/Developer/Platforms/iPhoneSimulator.platform/Developer/SDKs/iPhoneSimulator26.5.sdk -fstrict-aliasing -Wdeprecated-declarations -Wno-sign-conversion -Wno-infinite-recursion -Wno-comma -Wno-block-capture-autoreleasing -Wno-strict-prototypes -Wno-semicolon-before-method-body @/Users/chrissotraidis/GitHub/caesarpad/build/ios/build/augustus.build/Release-iphonesimulator/Objects-normal/arm64/7187679823f38a2a940e0043cdf9d637-common-args.resp -MMD -MT dependencies -MF /Users/chrissotraidis/GitHub/caesarpad/build/ios/build/augustus.build/Release-iphonesimulator/Objects-normal/arm64/common-f1c231b8045892cefd8a0b72c3c83faa.d --serialize-diagnostics /Users/chrissotraidis/GitHub/caesarpad/build/ios/build/augustus.build/Release-iphonesimulator/Objects-normal/arm64/common-f1c231b8045892cefd8a0b72c3c83faa.dia -c /Users/chrissotraidis/GitHub/caesarpad/engines/augustus/src/widget/sidebar/common.c -o /Users/chrissotraidis/GitHub/caesarpad/build/ios/build/augustus.build/Release-iphonesimulator/Objects-normal/arm64/common-f1c231b8045892cefd8a0b72c3c83faa.o

CompileC /Users/chrissotraidis/GitHub/caesarpad/build/ios/build/augustus.build/Release-iphonesimulator/Objects-normal/arm64/common-aca2e23cbc866e92ace4d1949503e931.o /Users/chrissotraidis/GitHub/caesarpad/engines/augustus/src/window/building/common.c normal arm64 c com.apple.compilers.llvm.clang.1_0.compiler (in target 'augustus' from project 'augustus')
    cd /Users/chrissotraidis/GitHub/caesarpad/engines/augustus

    Using response file: /Users/chrissotraidis/GitHub/caesarpad/build/ios/build/augustus.build/Release-iphonesimulator/Objects-normal/arm64/7187679823f38a2a940e0043cdf9d637-common-args.resp

    /Applications/Xcode.app/Contents/Developer/Toolchains/XcodeDefault.xctoolchain/usr/bin/clang -x c -ivfsstatcache /Users/chrissotraidis/GitHub/caesarpad/build/ios/DerivedData/SDKStatCaches.noindex/iphonesimulator26.5-23F81a-6cfe768891a92b912361537c460fe42b.sdkstatcache -target arm64-apple-ios14.0-simulator -fmessage-length\=0 -fdiagnostics-show-note-include-stack -fmacro-backtrace-limit\=0 -fno-color-diagnostics -Wno-trigraphs -Wno-missing-field-initializers -Wno-missing-prototypes -Wno-return-type -Wno-missing-braces -Wparentheses -Wswitch -Wno-unused-function -Wno-unused-label -Wno-unused-parameter -Wno-unused-variable -Wunused-value -Wno-empty-body -Wno-uninitialized -Wno-unknown-pragmas -Wno-shadow -Wno-four-char-constants -Wno-conversion -Wno-constant-conversion -Wno-int-conversion -Wno-bool-conversion -Wno-enum-conversion -Wno-float-conversion -Wno-non-literal-null-conversion -Wno-objc-literal-conversion -Wshorten-64-to-32 -Wpointer-sign -Wno-newline-eof -Wno-implicit-fallthrough -isysroot /Applications/Xcode.app/Contents/Developer/Platforms/iPhoneSimulator.platform/Developer/SDKs/iPhoneSimulator26.5.sdk -fstrict-aliasing -Wdeprecated-declarations -Wno-sign-conversion -Wno-infinite-recursion -Wno-comma -Wno-block-capture-autoreleasing -Wno-strict-prototypes -Wno-semicolon-before-method-body @/Users/chrissotraidis/GitHub/caesarpad/build/ios/build/augustus.build/Release-iphonesimulator/Objects-normal/arm64/7187679823f38a2a940e0043cdf9d637-common-args.resp -MMD -MT dependencies -MF /Users/chrissotraidis/GitHub/caesarpad/build/ios/build/augustus.build/Release-iphonesimulator/Objects-normal/arm64/common-aca2e23cbc866e92ace4d1949503e931.d --serialize-diagnostics /Users/chrissotraidis/GitHub/caesarpad/build/ios/build/augustus.build/Release-iphonesimulator/Objects-normal/arm64/common-aca2e23cbc866e92ace4d1949503e931.dia -c /Users/chrissotraidis/GitHub/caesarpad/engines/augustus/src/window/building/common.c -o /Users/chrissotraidis/GitHub/caesarpad/build/ios/build/augustus.build/Release-iphonesimulator/Objects-normal/arm64/common-aca2e23cbc866e92ace4d1949503e931.o

CompileC /Users/chrissotraidis/GitHub/caesarpad/build/ios/build/augustus.build/Release-iphonesimulator/Objects-normal/arm64/city-f108e2a2f9bfab0368ba17bda1fe572e.o /Users/chrissotraidis/GitHub/caesarpad/engines/augustus/src/widget/sidebar/city.c normal arm64 c com.apple.compilers.llvm.clang.1_0.compiler (in target 'augustus' from project 'augustus')
    cd /Users/chrissotraidis/GitHub/caesarpad/engines/augustus

    Using response file: /Users/chrissotraidis/GitHub/caesarpad/build/ios/build/augustus.build/Release-iphonesimulator/Objects-normal/arm64/7187679823f38a2a940e0043cdf9d637-common-args.resp

    /Applications/Xcode.app/Contents/Developer/Toolchains/XcodeDefault.xctoolchain/usr/bin/clang -x c -ivfsstatcache /Users/chrissotraidis/GitHub/caesarpad/build/ios/DerivedData/SDKStatCaches.noindex/iphonesimulator26.5-23F81a-6cfe768891a92b912361537c460fe42b.sdkstatcache -target arm64-apple-ios14.0-simulator -fmessage-length\=0 -fdiagnostics-show-note-include-stack -fmacro-backtrace-limit\=0 -fno-color-diagnostics -Wno-trigraphs -Wno-missing-field-initializers -Wno-missing-prototypes -Wno-return-type -Wno-missing-braces -Wparentheses -Wswitch -Wno-unused-function -Wno-unused-label -Wno-unused-parameter -Wno-unused-variable -Wunused-value -Wno-empty-body -Wno-uninitialized -Wno-unknown-pragmas -Wno-shadow -Wno-four-char-constants -Wno-conversion -Wno-constant-conversion -Wno-int-conversion -Wno-bool-conversion -Wno-enum-conversion -Wno-float-conversion -Wno-non-literal-null-conversion -Wno-objc-literal-conversion -Wshorten-64-to-32 -Wpointer-sign -Wno-newline-eof -Wno-implicit-fallthrough -isysroot /Applications/Xcode.app/Contents/Developer/Platforms/iPhoneSimulator.platform/Developer/SDKs/iPhoneSimulator26.5.sdk -fstrict-aliasing -Wdeprecated-declarations -Wno-sign-conversion -Wno-infinite-recursion -Wno-comma -Wno-block-capture-autoreleasing -Wno-strict-prototypes -Wno-semicolon-before-method-body @/Users/chrissotraidis/GitHub/caesarpad/build/ios/build/augustus.build/Release-iphonesimulator/Objects-normal/arm64/7187679823f38a2a940e0043cdf9d637-common-args.resp -MMD -MT dependencies -MF /Users/chrissotraidis/GitHub/caesarpad/build/ios/build/augustus.build/Release-iphonesimulator/Objects-normal/arm64/city-f108e2a2f9bfab0368ba17bda1fe572e.d --serialize-diagnostics /Users/chrissotraidis/GitHub/caesarpad/build/ios/build/augustus.build/Release-iphonesimulator/Objects-normal/arm64/city-f108e2a2f9bfab0368ba17bda1fe572e.dia -c /Users/chrissotraidis/GitHub/caesarpad/engines/augustus/src/widget/sidebar/city.c -o /Users/chrissotraidis/GitHub/caesarpad/build/ios/build/augustus.build/Release-iphonesimulator/Objects-normal/arm64/city-f108e2a2f9bfab0368ba17bda1fe572e.o

CompileC /Users/chrissotraidis/GitHub/caesarpad/build/ios/build/augustus.build/Release-iphonesimulator/Objects-normal/arm64/city-d5e2d835add785d81553f754b726042a.o /Users/chrissotraidis/GitHub/caesarpad/engines/augustus/src/widget/city/city.c normal arm64 c com.apple.compilers.llvm.clang.1_0.compiler (in target 'augustus' from project 'augustus')
    cd /Users/chrissotraidis/GitHub/caesarpad/engines/augustus

    Using response file: /Users/chrissotraidis/GitHub/caesarpad/build/ios/build/augustus.build/Release-iphonesimulator/Objects-normal/arm64/7187679823f38a2a940e0043cdf9d637-common-args.resp

    /Applications/Xcode.app/Contents/Developer/Toolchains/XcodeDefault.xctoolchain/usr/bin/clang -x c -ivfsstatcache /Users/chrissotraidis/GitHub/caesarpad/build/ios/DerivedData/SDKStatCaches.noindex/iphonesimulator26.5-23F81a-6cfe768891a92b912361537c460fe42b.sdkstatcache -target arm64-apple-ios14.0-simulator -fmessage-length\=0 -fdiagnostics-show-note-include-stack -fmacro-backtrace-limit\=0 -fno-color-diagnostics -Wno-trigraphs -Wno-missing-field-initializers -Wno-missing-prototypes -Wno-return-type -Wno-missing-braces -Wparentheses -Wswitch -Wno-unused-function -Wno-unused-label -Wno-unused-parameter -Wno-unused-variable -Wunused-value -Wno-empty-body -Wno-uninitialized -Wno-unknown-pragmas -Wno-shadow -Wno-four-char-constants -Wno-conversion -Wno-constant-conversion -Wno-int-conversion -Wno-bool-conversion -Wno-enum-conversion -Wno-float-conversion -Wno-non-literal-null-conversion -Wno-objc-literal-conversion -Wshorten-64-to-32 -Wpointer-sign -Wno-newline-eof -Wno-implicit-fallthrough -isysroot /Applications/Xcode.app/Contents/Developer/Platforms/iPhoneSimulator.platform/Developer/SDKs/iPhoneSimulator26.5.sdk -fstrict-aliasing -Wdeprecated-declarations -Wno-sign-conversion -Wno-infinite-recursion -Wno-comma -Wno-block-capture-autoreleasing -Wno-strict-prototypes -Wno-semicolon-before-method-body @/Users/chrissotraidis/GitHub/caesarpad/build/ios/build/augustus.build/Release-iphonesimulator/Objects-normal/arm64/7187679823f38a2a940e0043cdf9d637-common-args.resp -MMD -MT dependencies -MF /Users/chrissotraidis/GitHub/caesarpad/build/ios/build/augustus.build/Release-iphonesimulator/Objects-normal/arm64/city-d5e2d835add785d81553f754b726042a.d --serialize-diagnostics /Users/chrissotraidis/GitHub/caesarpad/build/ios/build/augustus.build/Release-iphonesimulator/Objects-normal/arm64/city-d5e2d835add785d81553f754b726042a.dia -c /Users/chrissotraidis/GitHub/caesarpad/engines/augustus/src/widget/city/city.c -o /Users/chrissotraidis/GitHub/caesarpad/build/ios/build/augustus.build/Release-iphonesimulator/Objects-normal/arm64/city-d5e2d835add785d81553f754b726042a.o

CompileC /Users/chrissotraidis/GitHub/caesarpad/build/ios/build/augustus.build/Release-iphonesimulator/Objects-normal/arm64/city-c108ebe060815ebb419a419fb6d39c5d.o /Users/chrissotraidis/GitHub/caesarpad/engines/augustus/src/window/city.c normal arm64 c com.apple.compilers.llvm.clang.1_0.compiler (in target 'augustus' from project 'augustus')
    cd /Users/chrissotraidis/GitHub/caesarpad/engines/augustus

    Using response file: /Users/chrissotraidis/GitHub/caesarpad/build/ios/build/augustus.build/Release-iphonesimulator/Objects-normal/arm64/7187679823f38a2a940e0043cdf9d637-common-args.resp

    /Applications/Xcode.app/Contents/Developer/Toolchains/XcodeDefault.xctoolchain/usr/bin/clang -x c -ivfsstatcache /Users/chrissotraidis/GitHub/caesarpad/build/ios/DerivedData/SDKStatCaches.noindex/iphonesimulator26.5-23F81a-6cfe768891a92b912361537c460fe42b.sdkstatcache -target arm64-apple-ios14.0-simulator -fmessage-length\=0 -fdiagnostics-show-note-include-stack -fmacro-backtrace-limit\=0 -fno-color-diagnostics -Wno-trigraphs -Wno-missing-field-initializers -Wno-missing-prototypes -Wno-return-type -Wno-missing-braces -Wparentheses -Wswitch -Wno-unused-function -Wno-unused-label -Wno-unused-parameter -Wno-unused-variable -Wunused-value -Wno-empty-body -Wno-uninitialized -Wno-unknown-pragmas -Wno-shadow -Wno-four-char-constants -Wno-conversion -Wno-constant-conversion -Wno-int-conversion -Wno-bool-conversion -Wno-enum-conversion -Wno-float-conversion -Wno-non-literal-null-conversion -Wno-objc-literal-conversion -Wshorten-64-to-32 -Wpointer-sign -Wno-newline-eof -Wno-implicit-fallthrough -isysroot /Applications/Xcode.app/Contents/Developer/Platforms/iPhoneSimulator.platform/Developer/SDKs/iPhoneSimulator26.5.sdk -fstrict-aliasing -Wdeprecated-declarations -Wno-sign-conversion -Wno-infinite-recursion -Wno-comma -Wno-block-capture-autoreleasing -Wno-strict-prototypes -Wno-semicolon-before-method-body @/Users/chrissotraidis/GitHub/caesarpad/build/ios/build/augustus.build/Release-iphonesimulator/Objects-normal/arm64/7187679823f38a2a940e0043cdf9d637-common-args.resp -MMD -MT dependencies -MF /Users/chrissotraidis/GitHub/caesarpad/build/ios/build/augustus.build/Release-iphonesimulator/Objects-normal/arm64/city-c108ebe060815ebb419a419fb6d39c5d.d --serialize-diagnostics /Users/chrissotraidis/GitHub/caesarpad/build/ios/build/augustus.build/Release-iphonesimulator/Objects-normal/arm64/city-c108ebe060815ebb419a419fb6d39c5d.dia -c /Users/chrissotraidis/GitHub/caesarpad/engines/augustus/src/window/city.c -o /Users/chrissotraidis/GitHub/caesarpad/build/ios/build/augustus.build/Release-iphonesimulator/Objects-normal/arm64/city-c108ebe060815ebb419a419fb6d39c5d.o

CompileC /Users/chrissotraidis/GitHub/caesarpad/build/ios/build/augustus.build/Release-iphonesimulator/Objects-normal/arm64/city-aa6700a5b7ae0abe0d8bcd884a254cff.o /Users/chrissotraidis/GitHub/caesarpad/engines/augustus/src/sound/city.c normal arm64 c com.apple.compilers.llvm.clang.1_0.compiler (in target 'augustus' from project 'augustus')
    cd /Users/chrissotraidis/GitHub/caesarpad/engines/augustus

    Using response file: /Users/chrissotraidis/GitHub/caesarpad/build/ios/build/augustus.build/Release-iphonesimulator/Objects-normal/arm64/7187679823f38a2a940e0043cdf9d637-common-args.resp

    /Applications/Xcode.app/Contents/Developer/Toolchains/XcodeDefault.xctoolchain/usr/bin/clang -x c -ivfsstatcache /Users/chrissotraidis/GitHub/caesarpad/build/ios/DerivedData/SDKStatCaches.noindex/iphonesimulator26.5-23F81a-6cfe768891a92b912361537c460fe42b.sdkstatcache -target arm64-apple-ios14.0-simulator -fmessage-length\=0 -fdiagnostics-show-note-include-stack -fmacro-backtrace-limit\=0 -fno-color-diagnostics -Wno-trigraphs -Wno-missing-field-initializers -Wno-missing-prototypes -Wno-return-type -Wno-missing-braces -Wparentheses -Wswitch -Wno-unused-function -Wno-unused-label -Wno-unused-parameter -Wno-unused-variable -Wunused-value -Wno-empty-body -Wno-uninitialized -Wno-unknown-pragmas -Wno-shadow -Wno-four-char-constants -Wno-conversion -Wno-constant-conversion -Wno-int-conversion -Wno-bool-conversion -Wno-enum-conversion -Wno-float-conversion -Wno-non-literal-null-conversion -Wno-objc-literal-conversion -Wshorten-64-to-32 -Wpointer-sign -Wno-newline-eof -Wno-implicit-fallthrough -isysroot /Applications/Xcode.app/Contents/Developer/Platforms/iPhoneSimulator.platform/Developer/SDKs/iPhoneSimulator26.5.sdk -fstrict-aliasing -Wdeprecated-declarations -Wno-sign-conversion -Wno-infinite-recursion -Wno-comma -Wno-block-capture-autoreleasing -Wno-strict-prototypes -Wno-semicolon-before-method-body @/Users/chrissotraidis/GitHub/caesarpad/build/ios/build/augustus.build/Release-iphonesimulator/Objects-normal/arm64/7187679823f38a2a940e0043cdf9d637-common-args.resp -MMD -MT dependencies -MF /Users/chrissotraidis/GitHub/caesarpad/build/ios/build/augustus.build/Release-iphonesimulator/Objects-normal/arm64/city-aa6700a5b7ae0abe0d8bcd884a254cff.d --serialize-diagnostics /Users/chrissotraidis/GitHub/caesarpad/build/ios/build/augustus.build/Release-iphonesimulator/Objects-normal/arm64/city-aa6700a5b7ae0abe0d8bcd884a254cff.dia -c /Users/chrissotraidis/GitHub/caesarpad/engines/augustus/src/sound/city.c -o /Users/chrissotraidis/GitHub/caesarpad/build/ios/build/augustus.build/Release-iphonesimulator/Objects-normal/arm64/city-aa6700a5b7ae0abe0d8bcd884a254cff.o

CompileC /Users/chrissotraidis/GitHub/caesarpad/build/ios/build/augustus.build/Release-iphonesimulator/Objects-normal/arm64/chief.o /Users/chrissotraidis/GitHub/caesarpad/engines/augustus/src/window/advisor/chief.c normal arm64 c com.apple.compilers.llvm.clang.1_0.compiler (in target 'augustus' from project 'augustus')
    cd /Users/chrissotraidis/GitHub/caesarpad/engines/augustus

    Using response file: /Users/chrissotraidis/GitHub/caesarpad/build/ios/build/augustus.build/Release-iphonesimulator/Objects-normal/arm64/7187679823f38a2a940e0043cdf9d637-common-args.resp

    /Applications/Xcode.app/Contents/Developer/Toolchains/XcodeDefault.xctoolchain/usr/bin/clang -x c -ivfsstatcache /Users/chrissotraidis/GitHub/caesarpad/build/ios/DerivedData/SDKStatCaches.noindex/iphonesimulator26.5-23F81a-6cfe768891a92b912361537c460fe42b.sdkstatcache -target arm64-apple-ios14.0-simulator -fmessage-length\=0 -fdiagnostics-show-note-include-stack -fmacro-backtrace-limit\=0 -fno-color-diagnostics -Wno-trigraphs -Wno-missing-field-initializers -Wno-missing-prototypes -Wno-return-type -Wno-missing-braces -Wparentheses -Wswitch -Wno-unused-function -Wno-unused-label -Wno-unused-parameter -Wno-unused-variable -Wunused-value -Wno-empty-body -Wno-uninitialized -Wno-unknown-pragmas -Wno-shadow -Wno-four-char-constants -Wno-conversion -Wno-constant-conversion -Wno-int-conversion -Wno-bool-conversion -Wno-enum-conversion -Wno-float-conversion -Wno-non-literal-null-conversion -Wno-objc-literal-conversion -Wshorten-64-to-32 -Wpointer-sign -Wno-newline-eof -Wno-implicit-fallthrough -isysroot /Applications/Xcode.app/Contents/Developer/Platforms/iPhoneSimulator.platform/Developer/SDKs/iPhoneSimulator26.5.sdk -fstrict-aliasing -Wdeprecated-declarations -Wno-sign-conversion -Wno-infinite-recursion -Wno-comma -Wno-block-capture-autoreleasing -Wno-strict-prototypes -Wno-semicolon-before-method-body @/Users/chrissotraidis/GitHub/caesarpad/build/ios/build/augustus.build/Release-iphonesimulator/Objects-normal/arm64/7187679823f38a2a940e0043cdf9d637-common-args.resp -MMD -MT dependencies -MF /Users/chrissotraidis/GitHub/caesarpad/build/ios/build/augustus.build/Release-iphonesimulator/Objects-normal/arm64/chief.d --serialize-diagnostics /Users/chrissotraidis/GitHub/caesarpad/build/ios/build/augustus.build/Release-iphonesimulator/Objects-normal/arm64/chief.dia -c /Users/chrissotraidis/GitHub/caesarpad/engines/augustus/src/window/advisor/chief.c -o /Users/chrissotraidis/GitHub/caesarpad/build/ios/build/augustus.build/Release-iphonesimulator/Objects-normal/arm64/chief.o

CompileC /Users/chrissotraidis/GitHub/caesarpad/build/ios/build/augustus.build/Release-iphonesimulator/Objects-normal/arm64/cheats.o /Users/chrissotraidis/GitHub/caesarpad/engines/augustus/src/game/cheats.c normal arm64 c com.apple.compilers.llvm.clang.1_0.compiler (in target 'augustus' from project 'augustus')
    cd /Users/chrissotraidis/GitHub/caesarpad/engines/augustus

    Using response file: /Users/chrissotraidis/GitHub/caesarpad/build/ios/build/augustus.build/Release-iphonesimulator/Objects-normal/arm64/7187679823f38a2a940e0043cdf9d637-common-args.resp

    /Applications/Xcode.app/Contents/Developer/Toolchains/XcodeDefault.xctoolchain/usr/bin/clang -x c -ivfsstatcache /Users/chrissotraidis/GitHub/caesarpad/build/ios/DerivedData/SDKStatCaches.noindex/iphonesimulator26.5-23F81a-6cfe768891a92b912361537c460fe42b.sdkstatcache -target arm64-apple-ios14.0-simulator -fmessage-length\=0 -fdiagnostics-show-note-include-stack -fmacro-backtrace-limit\=0 -fno-color-diagnostics -Wno-trigraphs -Wno-missing-field-initializers -Wno-missing-prototypes -Wno-return-type -Wno-missing-braces -Wparentheses -Wswitch -Wno-unused-function -Wno-unused-label -Wno-unused-parameter -Wno-unused-variable -Wunused-value -Wno-empty-body -Wno-uninitialized -Wno-unknown-pragmas -Wno-shadow -Wno-four-char-constants -Wno-conversion -Wno-constant-conversion -Wno-int-conversion -Wno-bool-conversion -Wno-enum-conversion -Wno-float-conversion -Wno-non-literal-null-conversion -Wno-objc-literal-conversion -Wshorten-64-to-32 -Wpointer-sign -Wno-newline-eof -Wno-implicit-fallthrough -isysroot /Applications/Xcode.app/Contents/Developer/Platforms/iPhoneSimulator.platform/Developer/SDKs/iPhoneSimulator26.5.sdk -fstrict-aliasing -Wdeprecated-declarations -Wno-sign-conversion -Wno-infinite-recursion -Wno-comma -Wno-block-capture-autoreleasing -Wno-strict-prototypes -Wno-semicolon-before-method-body @/Users/chrissotraidis/GitHub/caesarpad/build/ios/build/augustus.build/Release-iphonesimulator/Objects-normal/arm64/7187679823f38a2a940e0043cdf9d637-common-args.resp -MMD -MT dependencies -MF /Users/chrissotraidis/GitHub/caesarpad/build/ios/build/augustus.build/Release-iphonesimulator/Objects-normal/arm64/cheats.d --serialize-diagnostics /Users/chrissotraidis/GitHub/caesarpad/build/ios/build/augustus.build/Release-iphonesimulator/Objects-normal/arm64/cheats.dia -c /Users/chrissotraidis/GitHub/caesarpad/engines/augustus/src/game/cheats.c -o /Users/chrissotraidis/GitHub/caesarpad/build/ios/build/augustus.build/Release-iphonesimulator/Objects-normal/arm64/cheats.o

CompileC /Users/chrissotraidis/GitHub/caesarpad/build/ios/build/augustus.build/Release-iphonesimulator/Objects-normal/arm64/cck_selection.o /Users/chrissotraidis/GitHub/caesarpad/engines/augustus/src/window/cck_selection.c normal arm64 c com.apple.compilers.llvm.clang.1_0.compiler (in target 'augustus' from project 'augustus')
    cd /Users/chrissotraidis/GitHub/caesarpad/engines/augustus

    Using response file: /Users/chrissotraidis/GitHub/caesarpad/build/ios/build/augustus.build/Release-iphonesimulator/Objects-normal/arm64/7187679823f38a2a940e0043cdf9d637-common-args.resp

    /Applications/Xcode.app/Contents/Developer/Toolchains/XcodeDefault.xctoolchain/usr/bin/clang -x c -ivfsstatcache /Users/chrissotraidis/GitHub/caesarpad/build/ios/DerivedData/SDKStatCaches.noindex/iphonesimulator26.5-23F81a-6cfe768891a92b912361537c460fe42b.sdkstatcache -target arm64-apple-ios14.0-simulator -fmessage-length\=0 -fdiagnostics-show-note-include-stack -fmacro-backtrace-limit\=0 -fno-color-diagnostics -Wno-trigraphs -Wno-missing-field-initializers -Wno-missing-prototypes -Wno-return-type -Wno-missing-braces -Wparentheses -Wswitch -Wno-unused-function -Wno-unused-label -Wno-unused-parameter -Wno-unused-variable -Wunused-value -Wno-empty-body -Wno-uninitialized -Wno-unknown-pragmas -Wno-shadow -Wno-four-char-constants -Wno-conversion -Wno-constant-conversion -Wno-int-conversion -Wno-bool-conversion -Wno-enum-conversion -Wno-float-conversion -Wno-non-literal-null-conversion -Wno-objc-literal-conversion -Wshorten-64-to-32 -Wpointer-sign -Wno-newline-eof -Wno-implicit-fallthrough -isysroot /Applications/Xcode.app/Contents/Developer/Platforms/iPhoneSimulator.platform/Developer/SDKs/iPhoneSimulator26.5.sdk -fstrict-aliasing -Wdeprecated-declarations -Wno-sign-conversion -Wno-infinite-recursion -Wno-comma -Wno-block-capture-autoreleasing -Wno-strict-prototypes -Wno-semicolon-before-method-body @/Users/chrissotraidis/GitHub/caesarpad/build/ios/build/augustus.build/Release-iphonesimulator/Objects-normal/arm64/7187679823f38a2a940e0043cdf9d637-common-args.resp -MMD -MT dependencies -MF /Users/chrissotraidis/GitHub/caesarpad/build/ios/build/augustus.build/Release-iphonesimulator/Objects-normal/arm64/cck_selection.d --serialize-diagnostics /Users/chrissotraidis/GitHub/caesarpad/build/ios/build/augustus.build/Release-iphonesimulator/Objects-normal/arm64/cck_selection.dia -c /Users/chrissotraidis/GitHub/caesarpad/engines/augustus/src/window/cck_selection.c -o /Users/chrissotraidis/GitHub/caesarpad/build/ios/build/augustus.build/Release-iphonesimulator/Objects-normal/arm64/cck_selection.o

CompileC /Users/chrissotraidis/GitHub/caesarpad/build/ios/build/augustus.build/Release-iphonesimulator/Objects-normal/arm64/building_info.o /Users/chrissotraidis/GitHub/caesarpad/engines/augustus/src/window/building_info.c normal arm64 c com.apple.compilers.llvm.clang.1_0.compiler (in target 'augustus' from project 'augustus')
    cd /Users/chrissotraidis/GitHub/caesarpad/engines/augustus

    Using response file: /Users/chrissotraidis/GitHub/caesarpad/build/ios/build/augustus.build/Release-iphonesimulator/Objects-normal/arm64/7187679823f38a2a940e0043cdf9d637-common-args.resp

    /Applications/Xcode.app/Contents/Developer/Toolchains/XcodeDefault.xctoolchain/usr/bin/clang -x c -ivfsstatcache /Users/chrissotraidis/GitHub/caesarpad/build/ios/DerivedData/SDKStatCaches.noindex/iphonesimulator26.5-23F81a-6cfe768891a92b912361537c460fe42b.sdkstatcache -target arm64-apple-ios14.0-simulator -fmessage-length\=0 -fdiagnostics-show-note-include-stack -fmacro-backtrace-limit\=0 -fno-color-diagnostics -Wno-trigraphs -Wno-missing-field-initializers -Wno-missing-prototypes -Wno-return-type -Wno-missing-braces -Wparentheses -Wswitch -Wno-unused-function -Wno-unused-label -Wno-unused-parameter -Wno-unused-variable -Wunused-value -Wno-empty-body -Wno-uninitialized -Wno-unknown-pragmas -Wno-shadow -Wno-four-char-constants -Wno-conversion -Wno-constant-conversion -Wno-int-conversion -Wno-bool-conversion -Wno-enum-conversion -Wno-float-conversion -Wno-non-literal-null-conversion -Wno-objc-literal-conversion -Wshorten-64-to-32 -Wpointer-sign -Wno-newline-eof -Wno-implicit-fallthrough -isysroot /Applications/Xcode.app/Contents/Developer/Platforms/iPhoneSimulator.platform/Developer/SDKs/iPhoneSimulator26.5.sdk -fstrict-aliasing -Wdeprecated-declarations -Wno-sign-conversion -Wno-infinite-recursion -Wno-comma -Wno-block-capture-autoreleasing -Wno-strict-prototypes -Wno-semicolon-before-method-body @/Users/chrissotraidis/GitHub/caesarpad/build/ios/build/augustus.build/Release-iphonesimulator/Objects-normal/arm64/7187679823f38a2a940e0043cdf9d637-common-args.resp -MMD -MT dependencies -MF /Users/chrissotraidis/GitHub/caesarpad/build/ios/build/augustus.build/Release-iphonesimulator/Objects-normal/arm64/building_info.d --serialize-diagnostics /Users/chrissotraidis/GitHub/caesarpad/build/ios/build/augustus.build/Release-iphonesimulator/Objects-normal/arm64/building_info.dia -c /Users/chrissotraidis/GitHub/caesarpad/engines/augustus/src/window/building_info.c -o /Users/chrissotraidis/GitHub/caesarpad/build/ios/build/augustus.build/Release-iphonesimulator/Objects-normal/arm64/building_info.o

CompileC /Users/chrissotraidis/GitHub/caesarpad/build/ios/build/augustus.build/Release-iphonesimulator/Objects-normal/arm64/building_ghost.o /Users/chrissotraidis/GitHub/caesarpad/engines/augustus/src/widget/city/building_ghost.c normal arm64 c com.apple.compilers.llvm.clang.1_0.compiler (in target 'augustus' from project 'augustus')
    cd /Users/chrissotraidis/GitHub/caesarpad/engines/augustus

    Using response file: /Users/chrissotraidis/GitHub/caesarpad/build/ios/build/augustus.build/Release-iphonesimulator/Objects-normal/arm64/7187679823f38a2a940e0043cdf9d637-common-args.resp

    /Applications/Xcode.app/Contents/Developer/Toolchains/XcodeDefault.xctoolchain/usr/bin/clang -x c -ivfsstatcache /Users/chrissotraidis/GitHub/caesarpad/build/ios/DerivedData/SDKStatCaches.noindex/iphonesimulator26.5-23F81a-6cfe768891a92b912361537c460fe42b.sdkstatcache -target arm64-apple-ios14.0-simulator -fmessage-length\=0 -fdiagnostics-show-note-include-stack -fmacro-backtrace-limit\=0 -fno-color-diagnostics -Wno-trigraphs -Wno-missing-field-initializers -Wno-missing-prototypes -Wno-return-type -Wno-missing-braces -Wparentheses -Wswitch -Wno-unused-function -Wno-unused-label -Wno-unused-parameter -Wno-unused-variable -Wunused-value -Wno-empty-body -Wno-uninitialized -Wno-unknown-pragmas -Wno-shadow -Wno-four-char-constants -Wno-conversion -Wno-constant-conversion -Wno-int-conversion -Wno-bool-conversion -Wno-enum-conversion -Wno-float-conversion -Wno-non-literal-null-conversion -Wno-objc-literal-conversion -Wshorten-64-to-32 -Wpointer-sign -Wno-newline-eof -Wno-implicit-fallthrough -isysroot /Applications/Xcode.app/Contents/Developer/Platforms/iPhoneSimulator.platform/Developer/SDKs/iPhoneSimulator26.5.sdk -fstrict-aliasing -Wdeprecated-declarations -Wno-sign-conversion -Wno-infinite-recursion -Wno-comma -Wno-block-capture-autoreleasing -Wno-strict-prototypes -Wno-semicolon-before-method-body @/Users/chrissotraidis/GitHub/caesarpad/build/ios/build/augustus.build/Release-iphonesimulator/Objects-normal/arm64/7187679823f38a2a940e0043cdf9d637-common-args.resp -MMD -MT dependencies -MF /Users/chrissotraidis/GitHub/caesarpad/build/ios/build/augustus.build/Release-iphonesimulator/Objects-normal/arm64/building_ghost.d --serialize-diagnostics /Users/chrissotraidis/GitHub/caesarpad/build/ios/build/augustus.build/Release-iphonesimulator/Objects-normal/arm64/building_ghost.dia -c /Users/chrissotraidis/GitHub/caesarpad/engines/augustus/src/widget/city/building_ghost.c -o /Users/chrissotraidis/GitHub/caesarpad/build/ios/build/augustus.build/Release-iphonesimulator/Objects-normal/arm64/building_ghost.o

CompileC /Users/chrissotraidis/GitHub/caesarpad/build/ios/build/augustus.build/Release-iphonesimulator/Objects-normal/arm64/build_menu-fab2542e2ec96ae02ea9f557b5bd2972.o /Users/chrissotraidis/GitHub/caesarpad/engines/augustus/src/window/build_menu.c normal arm64 c com.apple.compilers.llvm.clang.1_0.compiler (in target 'augustus' from project 'augustus')
    cd /Users/chrissotraidis/GitHub/caesarpad/engines/augustus

    Using response file: /Users/chrissotraidis/GitHub/caesarpad/build/ios/build/augustus.build/Release-iphonesimulator/Objects-normal/arm64/7187679823f38a2a940e0043cdf9d637-common-args.resp

    /Applications/Xcode.app/Contents/Developer/Toolchains/XcodeDefault.xctoolchain/usr/bin/clang -x c -ivfsstatcache /Users/chrissotraidis/GitHub/caesarpad/build/ios/DerivedData/SDKStatCaches.noindex/iphonesimulator26.5-23F81a-6cfe768891a92b912361537c460fe42b.sdkstatcache -target arm64-apple-ios14.0-simulator -fmessage-length\=0 -fdiagnostics-show-note-include-stack -fmacro-backtrace-limit\=0 -fno-color-diagnostics -Wno-trigraphs -Wno-missing-field-initializers -Wno-missing-prototypes -Wno-return-type -Wno-missing-braces -Wparentheses -Wswitch -Wno-unused-function -Wno-unused-label -Wno-unused-parameter -Wno-unused-variable -Wunused-value -Wno-empty-body -Wno-uninitialized -Wno-unknown-pragmas -Wno-shadow -Wno-four-char-constants -Wno-conversion -Wno-constant-conversion -Wno-int-conversion -Wno-bool-conversion -Wno-enum-conversion -Wno-float-conversion -Wno-non-literal-null-conversion -Wno-objc-literal-conversion -Wshorten-64-to-32 -Wpointer-sign -Wno-newline-eof -Wno-implicit-fallthrough -isysroot /Applications/Xcode.app/Contents/Developer/Platforms/iPhoneSimulator.platform/Developer/SDKs/iPhoneSimulator26.5.sdk -fstrict-aliasing -Wdeprecated-declarations -Wno-sign-conversion -Wno-infinite-recursion -Wno-comma -Wno-block-capture-autoreleasing -Wno-strict-prototypes -Wno-semicolon-before-method-body @/Users/chrissotraidis/GitHub/caesarpad/build/ios/build/augustus.build/Release-iphonesimulator/Objects-normal/arm64/7187679823f38a2a940e0043cdf9d637-common-args.resp -MMD -MT dependencies -MF /Users/chrissotraidis/GitHub/caesarpad/build/ios/build/augustus.build/Release-iphonesimulator/Objects-normal/arm64/build_menu-fab2542e2ec96ae02ea9f557b5bd2972.d --serialize-diagnostics /Users/chrissotraidis/GitHub/caesarpad/build/ios/build/augustus.build/Release-iphonesimulator/Objects-normal/arm64/build_menu-fab2542e2ec96ae02ea9f557b5bd2972.dia -c /Users/chrissotraidis/GitHub/caesarpad/engines/augustus/src/window/build_menu.c -o /Users/chrissotraidis/GitHub/caesarpad/build/ios/build/augustus.build/Release-iphonesimulator/Objects-normal/arm64/build_menu-fab2542e2ec96ae02ea9f557b5bd2972.o

CompileC /Users/chrissotraidis/GitHub/caesarpad/build/ios/build/augustus.build/Release-iphonesimulator/Objects-normal/arm64/build_menu-7e0d01d0f9261c53d24ca4f87965a7ab.o /Users/chrissotraidis/GitHub/caesarpad/engines/augustus/src/window/editor/build_menu.c normal arm64 c com.apple.compilers.llvm.clang.1_0.compiler (in target 'augustus' from project 'augustus')
    cd /Users/chrissotraidis/GitHub/caesarpad/engines/augustus

    Using response file: /Users/chrissotraidis/GitHub/caesarpad/build/ios/build/augustus.build/Release-iphonesimulator/Objects-normal/arm64/7187679823f38a2a940e0043cdf9d637-common-args.resp

    /Applications/Xcode.app/Contents/Developer/Toolchains/XcodeDefault.xctoolchain/usr/bin/clang -x c -ivfsstatcache /Users/chrissotraidis/GitHub/caesarpad/build/ios/DerivedData/SDKStatCaches.noindex/iphonesimulator26.5-23F81a-6cfe768891a92b912361537c460fe42b.sdkstatcache -target arm64-apple-ios14.0-simulator -fmessage-length\=0 -fdiagnostics-show-note-include-stack -fmacro-backtrace-limit\=0 -fno-color-diagnostics -Wno-trigraphs -Wno-missing-field-initializers -Wno-missing-prototypes -Wno-return-type -Wno-missing-braces -Wparentheses -Wswitch -Wno-unused-function -Wno-unused-label -Wno-unused-parameter -Wno-unused-variable -Wunused-value -Wno-empty-body -Wno-uninitialized -Wno-unknown-pragmas -Wno-shadow -Wno-four-char-constants -Wno-conversion -Wno-constant-conversion -Wno-int-conversion -Wno-bool-conversion -Wno-enum-conversion -Wno-float-conversion -Wno-non-literal-null-conversion -Wno-objc-literal-conversion -Wshorten-64-to-32 -Wpointer-sign -Wno-newline-eof -Wno-implicit-fallthrough -isysroot /Applications/Xcode.app/Contents/Developer/Platforms/iPhoneSimulator.platform/Developer/SDKs/iPhoneSimulator26.5.sdk -fstrict-aliasing -Wdeprecated-declarations -Wno-sign-conversion -Wno-infinite-recursion -Wno-comma -Wno-block-capture-autoreleasing -Wno-strict-prototypes -Wno-semicolon-before-method-body @/Users/chrissotraidis/GitHub/caesarpad/build/ios/build/augustus.build/Release-iphonesimulator/Objects-normal/arm64/7187679823f38a2a940e0043cdf9d637-common-args.resp -MMD -MT dependencies -MF /Users/chrissotraidis/GitHub/caesarpad/build/ios/build/augustus.build/Release-iphonesimulator/Objects-normal/arm64/build_menu-7e0d01d0f9261c53d24ca4f87965a7ab.d --serialize-diagnostics /Users/chrissotraidis/GitHub/caesarpad/build/ios/build/augustus.build/Release-iphonesimulator/Objects-normal/arm64/build_menu-7e0d01d0f9261c53d24ca4f87965a7ab.dia -c /Users/chrissotraidis/GitHub/caesarpad/engines/augustus/src/window/editor/build_menu.c -o /Users/chrissotraidis/GitHub/caesarpad/build/ios/build/augustus.build/Release-iphonesimulator/Objects-normal/arm64/build_menu-7e0d01d0f9261c53d24ca4f87965a7ab.o

CompileC /Users/chrissotraidis/GitHub/caesarpad/build/ios/build/augustus.build/Release-iphonesimulator/Objects-normal/arm64/augustus.o /Users/chrissotraidis/GitHub/caesarpad/engines/augustus/src/platform/SDL2/augustus.c normal arm64 c com.apple.compilers.llvm.clang.1_0.compiler (in target 'augustus' from project 'augustus')
    cd /Users/chrissotraidis/GitHub/caesarpad/engines/augustus

    Using response file: /Users/chrissotraidis/GitHub/caesarpad/build/ios/build/augustus.build/Release-iphonesimulator/Objects-normal/arm64/7187679823f38a2a940e0043cdf9d637-common-args.resp

    /Applications/Xcode.app/Contents/Developer/Toolchains/XcodeDefault.xctoolchain/usr/bin/clang -x c -ivfsstatcache /Users/chrissotraidis/GitHub/caesarpad/build/ios/DerivedData/SDKStatCaches.noindex/iphonesimulator26.5-23F81a-6cfe768891a92b912361537c460fe42b.sdkstatcache -target arm64-apple-ios14.0-simulator -fmessage-length\=0 -fdiagnostics-show-note-include-stack -fmacro-backtrace-limit\=0 -fno-color-diagnostics -Wno-trigraphs -Wno-missing-field-initializers -Wno-missing-prototypes -Wno-return-type -Wno-missing-braces -Wparentheses -Wswitch -Wno-unused-function -Wno-unused-label -Wno-unused-parameter -Wno-unused-variable -Wunused-value -Wno-empty-body -Wno-uninitialized -Wno-unknown-pragmas -Wno-shadow -Wno-four-char-constants -Wno-conversion -Wno-constant-conversion -Wno-int-conversion -Wno-bool-conversion -Wno-enum-conversion -Wno-float-conversion -Wno-non-literal-null-conversion -Wno-objc-literal-conversion -Wshorten-64-to-32 -Wpointer-sign -Wno-newline-eof -Wno-implicit-fallthrough -isysroot /Applications/Xcode.app/Contents/Developer/Platforms/iPhoneSimulator.platform/Developer/SDKs/iPhoneSimulator26.5.sdk -fstrict-aliasing -Wdeprecated-declarations -Wno-sign-conversion -Wno-infinite-recursion -Wno-comma -Wno-block-capture-autoreleasing -Wno-strict-prototypes -Wno-semicolon-before-method-body @/Users/chrissotraidis/GitHub/caesarpad/build/ios/build/augustus.build/Release-iphonesimulator/Objects-normal/arm64/7187679823f38a2a940e0043cdf9d637-common-args.resp -MMD -MT dependencies -MF /Users/chrissotraidis/GitHub/caesarpad/build/ios/build/augustus.build/Release-iphonesimulator/Objects-normal/arm64/augustus.d --serialize-diagnostics /Users/chrissotraidis/GitHub/caesarpad/build/ios/build/augustus.build/Release-iphonesimulator/Objects-normal/arm64/augustus.dia -c /Users/chrissotraidis/GitHub/caesarpad/engines/augustus/src/platform/SDL2/augustus.c -o /Users/chrissotraidis/GitHub/caesarpad/build/ios/build/augustus.build/Release-iphonesimulator/Objects-normal/arm64/augustus.o
/Users/chrissotraidis/GitHub/caesarpad/engines/augustus/src/platform/SDL2/augustus.c:161:30: warning: implicit conversion loses integer precision: 'uint64_t' (aka 'unsigned long long') to 'Uint32' (aka 'unsigned int') [-Wshorten-64-to-32]
  161 |     Uint32 time_after_draw = system_get_ticks();
      |            ~~~~~~~~~~~~~~~   ^~~~~~~~~~~~~~~~~~
/Users/chrissotraidis/GitHub/caesarpad/engines/augustus/src/platform/SDL2/augustus.c:560:15: warning: initializing 'char *' with an expression of type 'const char *' discards qualifiers [-Wincompatible-pointer-types-discards-qualifiers]
  560 |         char *base_path = ios_get_base_path();
      |               ^           ~~~~~~~~~~~~~~~~~~~
2 warnings generated.

CompileC /Users/chrissotraidis/GitHub/caesarpad/build/ios/build/augustus.build/Release-iphonesimulator/Objects-normal/arm64/attributes.o /Users/chrissotraidis/GitHub/caesarpad/engines/augustus/src/window/editor/attributes.c normal arm64 c com.apple.compilers.llvm.clang.1_0.compiler (in target 'augustus' from project 'augustus')
    cd /Users/chrissotraidis/GitHub/caesarpad/engines/augustus

    Using response file: /Users/chrissotraidis/GitHub/caesarpad/build/ios/build/augustus.build/Release-iphonesimulator/Objects-normal/arm64/7187679823f38a2a940e0043cdf9d637-common-args.resp

    /Applications/Xcode.app/Contents/Developer/Toolchains/XcodeDefault.xctoolchain/usr/bin/clang -x c -ivfsstatcache /Users/chrissotraidis/GitHub/caesarpad/build/ios/DerivedData/SDKStatCaches.noindex/iphonesimulator26.5-23F81a-6cfe768891a92b912361537c460fe42b.sdkstatcache -target arm64-apple-ios14.0-simulator -fmessage-length\=0 -fdiagnostics-show-note-include-stack -fmacro-backtrace-limit\=0 -fno-color-diagnostics -Wno-trigraphs -Wno-missing-field-initializers -Wno-missing-prototypes -Wno-return-type -Wno-missing-braces -Wparentheses -Wswitch -Wno-unused-function -Wno-unused-label -Wno-unused-parameter -Wno-unused-variable -Wunused-value -Wno-empty-body -Wno-uninitialized -Wno-unknown-pragmas -Wno-shadow -Wno-four-char-constants -Wno-conversion -Wno-constant-conversion -Wno-int-conversion -Wno-bool-conversion -Wno-enum-conversion -Wno-float-conversion -Wno-non-literal-null-conversion -Wno-objc-literal-conversion -Wshorten-64-to-32 -Wpointer-sign -Wno-newline-eof -Wno-implicit-fallthrough -isysroot /Applications/Xcode.app/Contents/Developer/Platforms/iPhoneSimulator.platform/Developer/SDKs/iPhoneSimulator26.5.sdk -fstrict-aliasing -Wdeprecated-declarations -Wno-sign-conversion -Wno-infinite-recursion -Wno-comma -Wno-block-capture-autoreleasing -Wno-strict-prototypes -Wno-semicolon-before-method-body @/Users/chrissotraidis/GitHub/caesarpad/build/ios/build/augustus.build/Release-iphonesimulator/Objects-normal/arm64/7187679823f38a2a940e0043cdf9d637-common-args.resp -MMD -MT dependencies -MF /Users/chrissotraidis/GitHub/caesarpad/build/ios/build/augustus.build/Release-iphonesimulator/Objects-normal/arm64/attributes.d --serialize-diagnostics /Users/chrissotraidis/GitHub/caesarpad/build/ios/build/augustus.build/Release-iphonesimulator/Objects-normal/arm64/attributes.dia -c /Users/chrissotraidis/GitHub/caesarpad/engines/augustus/src/window/editor/attributes.c -o /Users/chrissotraidis/GitHub/caesarpad/build/ios/build/augustus.build/Release-iphonesimulator/Objects-normal/arm64/attributes.o

CompileC /Users/chrissotraidis/GitHub/caesarpad/build/ios/build/augustus.build/Release-iphonesimulator/Objects-normal/arm64/asset_previewer.o /Users/chrissotraidis/GitHub/caesarpad/engines/augustus/src/window/asset_previewer.c normal arm64 c com.apple.compilers.llvm.clang.1_0.compiler (in target 'augustus' from project 'augustus')
    cd /Users/chrissotraidis/GitHub/caesarpad/engines/augustus

    Using response file: /Users/chrissotraidis/GitHub/caesarpad/build/ios/build/augustus.build/Release-iphonesimulator/Objects-normal/arm64/7187679823f38a2a940e0043cdf9d637-common-args.resp

    /Applications/Xcode.app/Contents/Developer/Toolchains/XcodeDefault.xctoolchain/usr/bin/clang -x c -ivfsstatcache /Users/chrissotraidis/GitHub/caesarpad/build/ios/DerivedData/SDKStatCaches.noindex/iphonesimulator26.5-23F81a-6cfe768891a92b912361537c460fe42b.sdkstatcache -target arm64-apple-ios14.0-simulator -fmessage-length\=0 -fdiagnostics-show-note-include-stack -fmacro-backtrace-limit\=0 -fno-color-diagnostics -Wno-trigraphs -Wno-missing-field-initializers -Wno-missing-prototypes -Wno-return-type -Wno-missing-braces -Wparentheses -Wswitch -Wno-unused-function -Wno-unused-label -Wno-unused-parameter -Wno-unused-variable -Wunused-value -Wno-empty-body -Wno-uninitialized -Wno-unknown-pragmas -Wno-shadow -Wno-four-char-constants -Wno-conversion -Wno-constant-conversion -Wno-int-conversion -Wno-bool-conversion -Wno-enum-conversion -Wno-float-conversion -Wno-non-literal-null-conversion -Wno-objc-literal-conversion -Wshorten-64-to-32 -Wpointer-sign -Wno-newline-eof -Wno-implicit-fallthrough -isysroot /Applications/Xcode.app/Contents/Developer/Platforms/iPhoneSimulator.platform/Developer/SDKs/iPhoneSimulator26.5.sdk -fstrict-aliasing -Wdeprecated-declarations -Wno-sign-conversion -Wno-infinite-recursion -Wno-comma -Wno-block-capture-autoreleasing -Wno-strict-prototypes -Wno-semicolon-before-method-body @/Users/chrissotraidis/GitHub/caesarpad/build/ios/build/augustus.build/Release-iphonesimulator/Objects-normal/arm64/7187679823f38a2a940e0043cdf9d637-common-args.resp -MMD -MT dependencies -MF /Users/chrissotraidis/GitHub/caesarpad/build/ios/build/augustus.build/Release-iphonesimulator/Objects-normal/arm64/asset_previewer.d --serialize-diagnostics /Users/chrissotraidis/GitHub/caesarpad/build/ios/build/augustus.build/Release-iphonesimulator/Objects-normal/arm64/asset_previewer.dia -c /Users/chrissotraidis/GitHub/caesarpad/engines/augustus/src/window/asset_previewer.c -o /Users/chrissotraidis/GitHub/caesarpad/build/ios/build/augustus.build/Release-iphonesimulator/Objects-normal/arm64/asset_previewer.o

CompileC /Users/chrissotraidis/GitHub/caesarpad/build/ios/build/augustus.build/Release-iphonesimulator/Objects-normal/arm64/arrow_button.o /Users/chrissotraidis/GitHub/caesarpad/engines/augustus/src/graphics/arrow_button.c normal arm64 c com.apple.compilers.llvm.clang.1_0.compiler (in target 'augustus' from project 'augustus')
    cd /Users/chrissotraidis/GitHub/caesarpad/engines/augustus

    Using response file: /Users/chrissotraidis/GitHub/caesarpad/build/ios/build/augustus.build/Release-iphonesimulator/Objects-normal/arm64/7187679823f38a2a940e0043cdf9d637-common-args.resp

    /Applications/Xcode.app/Contents/Developer/Toolchains/XcodeDefault.xctoolchain/usr/bin/clang -x c -ivfsstatcache /Users/chrissotraidis/GitHub/caesarpad/build/ios/DerivedData/SDKStatCaches.noindex/iphonesimulator26.5-23F81a-6cfe768891a92b912361537c460fe42b.sdkstatcache -target arm64-apple-ios14.0-simulator -fmessage-length\=0 -fdiagnostics-show-note-include-stack -fmacro-backtrace-limit\=0 -fno-color-diagnostics -Wno-trigraphs -Wno-missing-field-initializers -Wno-missing-prototypes -Wno-return-type -Wno-missing-braces -Wparentheses -Wswitch -Wno-unused-function -Wno-unused-label -Wno-unused-parameter -Wno-unused-variable -Wunused-value -Wno-empty-body -Wno-uninitialized -Wno-unknown-pragmas -Wno-shadow -Wno-four-char-constants -Wno-conversion -Wno-constant-conversion -Wno-int-conversion -Wno-bool-conversion -Wno-enum-conversion -Wno-float-conversion -Wno-non-literal-null-conversion -Wno-objc-literal-conversion -Wshorten-64-to-32 -Wpointer-sign -Wno-newline-eof -Wno-implicit-fallthrough -isysroot /Applications/Xcode.app/Contents/Developer/Platforms/iPhoneSimulator.platform/Developer/SDKs/iPhoneSimulator26.5.sdk -fstrict-aliasing -Wdeprecated-declarations -Wno-sign-conversion -Wno-infinite-recursion -Wno-comma -Wno-block-capture-autoreleasing -Wno-strict-prototypes -Wno-semicolon-before-method-body @/Users/chrissotraidis/GitHub/caesarpad/build/ios/build/augustus.build/Release-iphonesimulator/Objects-normal/arm64/7187679823f38a2a940e0043cdf9d637-common-args.resp -MMD -MT dependencies -MF /Users/chrissotraidis/GitHub/caesarpad/build/ios/build/augustus.build/Release-iphonesimulator/Objects-normal/arm64/arrow_button.d --serialize-diagnostics /Users/chrissotraidis/GitHub/caesarpad/build/ios/build/augustus.build/Release-iphonesimulator/Objects-normal/arm64/arrow_button.dia -c /Users/chrissotraidis/GitHub/caesarpad/engines/augustus/src/graphics/arrow_button.c -o /Users/chrissotraidis/GitHub/caesarpad/build/ios/build/augustus.build/Release-iphonesimulator/Objects-normal/arm64/arrow_button.o

CompileC /Users/chrissotraidis/GitHub/caesarpad/build/ios/build/augustus.build/Release-iphonesimulator/Objects-normal/arm64/animation-10f4cbb819d58b60a2b28e31ab2aa3e1.o /Users/chrissotraidis/GitHub/caesarpad/engines/augustus/src/game/animation.c normal arm64 c com.apple.compilers.llvm.clang.1_0.compiler (in target 'augustus' from project 'augustus')
    cd /Users/chrissotraidis/GitHub/caesarpad/engines/augustus

    Using response file: /Users/chrissotraidis/GitHub/caesarpad/build/ios/build/augustus.build/Release-iphonesimulator/Objects-normal/arm64/7187679823f38a2a940e0043cdf9d637-common-args.resp

    /Applications/Xcode.app/Contents/Developer/Toolchains/XcodeDefault.xctoolchain/usr/bin/clang -x c -ivfsstatcache /Users/chrissotraidis/GitHub/caesarpad/build/ios/DerivedData/SDKStatCaches.noindex/iphonesimulator26.5-23F81a-6cfe768891a92b912361537c460fe42b.sdkstatcache -target arm64-apple-ios14.0-simulator -fmessage-length\=0 -fdiagnostics-show-note-include-stack -fmacro-backtrace-limit\=0 -fno-color-diagnostics -Wno-trigraphs -Wno-missing-field-initializers -Wno-missing-prototypes -Wno-return-type -Wno-missing-braces -Wparentheses -Wswitch -Wno-unused-function -Wno-unused-label -Wno-unused-parameter -Wno-unused-variable -Wunused-value -Wno-empty-body -Wno-uninitialized -Wno-unknown-pragmas -Wno-shadow -Wno-four-char-constants -Wno-conversion -Wno-constant-conversion -Wno-int-conversion -Wno-bool-conversion -Wno-enum-conversion -Wno-float-conversion -Wno-non-literal-null-conversion -Wno-objc-literal-conversion -Wshorten-64-to-32 -Wpointer-sign -Wno-newline-eof -Wno-implicit-fallthrough -isysroot /Applications/Xcode.app/Contents/Developer/Platforms/iPhoneSimulator.platform/Developer/SDKs/iPhoneSimulator26.5.sdk -fstrict-aliasing -Wdeprecated-declarations -Wno-sign-conversion -Wno-infinite-recursion -Wno-comma -Wno-block-capture-autoreleasing -Wno-strict-prototypes -Wno-semicolon-before-method-body @/Users/chrissotraidis/GitHub/caesarpad/build/ios/build/augustus.build/Release-iphonesimulator/Objects-normal/arm64/7187679823f38a2a940e0043cdf9d637-common-args.resp -MMD -MT dependencies -MF /Users/chrissotraidis/GitHub/caesarpad/build/ios/build/augustus.build/Release-iphonesimulator/Objects-normal/arm64/animation-10f4cbb819d58b60a2b28e31ab2aa3e1.d --serialize-diagnostics /Users/chrissotraidis/GitHub/caesarpad/build/ios/build/augustus.build/Release-iphonesimulator/Objects-normal/arm64/animation-10f4cbb819d58b60a2b28e31ab2aa3e1.dia -c /Users/chrissotraidis/GitHub/caesarpad/engines/augustus/src/game/animation.c -o /Users/chrissotraidis/GitHub/caesarpad/build/ios/build/augustus.build/Release-iphonesimulator/Objects-normal/arm64/animation-10f4cbb819d58b60a2b28e31ab2aa3e1.o

CompileC /Users/chrissotraidis/GitHub/caesarpad/build/ios/build/augustus.build/Release-iphonesimulator/Objects-normal/arm64/allowed_buildings.o /Users/chrissotraidis/GitHub/caesarpad/engines/augustus/src/window/editor/allowed_buildings.c normal arm64 c com.apple.compilers.llvm.clang.1_0.compiler (in target 'augustus' from project 'augustus')
    cd /Users/chrissotraidis/GitHub/caesarpad/engines/augustus

    Using response file: /Users/chrissotraidis/GitHub/caesarpad/build/ios/build/augustus.build/Release-iphonesimulator/Objects-normal/arm64/7187679823f38a2a940e0043cdf9d637-common-args.resp

    /Applications/Xcode.app/Contents/Developer/Toolchains/XcodeDefault.xctoolchain/usr/bin/clang -x c -ivfsstatcache /Users/chrissotraidis/GitHub/caesarpad/build/ios/DerivedData/SDKStatCaches.noindex/iphonesimulator26.5-23F81a-6cfe768891a92b912361537c460fe42b.sdkstatcache -target arm64-apple-ios14.0-simulator -fmessage-length\=0 -fdiagnostics-show-note-include-stack -fmacro-backtrace-limit\=0 -fno-color-diagnostics -Wno-trigraphs -Wno-missing-field-initializers -Wno-missing-prototypes -Wno-return-type -Wno-missing-braces -Wparentheses -Wswitch -Wno-unused-function -Wno-unused-label -Wno-unused-parameter -Wno-unused-variable -Wunused-value -Wno-empty-body -Wno-uninitialized -Wno-unknown-pragmas -Wno-shadow -Wno-four-char-constants -Wno-conversion -Wno-constant-conversion -Wno-int-conversion -Wno-bool-conversion -Wno-enum-conversion -Wno-float-conversion -Wno-non-literal-null-conversion -Wno-objc-literal-conversion -Wshorten-64-to-32 -Wpointer-sign -Wno-newline-eof -Wno-implicit-fallthrough -isysroot /Applications/Xcode.app/Contents/Developer/Platforms/iPhoneSimulator.platform/Developer/SDKs/iPhoneSimulator26.5.sdk -fstrict-aliasing -Wdeprecated-declarations -Wno-sign-conversion -Wno-infinite-recursion -Wno-comma -Wno-block-capture-autoreleasing -Wno-strict-prototypes -Wno-semicolon-before-method-body @/Users/chrissotraidis/GitHub/caesarpad/build/ios/build/augustus.build/Release-iphonesimulator/Objects-normal/arm64/7187679823f38a2a940e0043cdf9d637-common-args.resp -MMD -MT dependencies -MF /Users/chrissotraidis/GitHub/caesarpad/build/ios/build/augustus.build/Release-iphonesimulator/Objects-normal/arm64/allowed_buildings.d --serialize-diagnostics /Users/chrissotraidis/GitHub/caesarpad/build/ios/build/augustus.build/Release-iphonesimulator/Objects-normal/arm64/allowed_buildings.dia -c /Users/chrissotraidis/GitHub/caesarpad/engines/augustus/src/window/editor/allowed_buildings.c -o /Users/chrissotraidis/GitHub/caesarpad/build/ios/build/augustus.build/Release-iphonesimulator/Objects-normal/arm64/allowed_buildings.o

CompileC /Users/chrissotraidis/GitHub/caesarpad/build/ios/build/augustus.build/Release-iphonesimulator/Objects-normal/arm64/advisors.o /Users/chrissotraidis/GitHub/caesarpad/engines/augustus/src/window/advisors.c normal arm64 c com.apple.compilers.llvm.clang.1_0.compiler (in target 'augustus' from project 'augustus')
    cd /Users/chrissotraidis/GitHub/caesarpad/engines/augustus

    Using response file: /Users/chrissotraidis/GitHub/caesarpad/build/ios/build/augustus.build/Release-iphonesimulator/Objects-normal/arm64/7187679823f38a2a940e0043cdf9d637-common-args.resp

    /Applications/Xcode.app/Contents/Developer/Toolchains/XcodeDefault.xctoolchain/usr/bin/clang -x c -ivfsstatcache /Users/chrissotraidis/GitHub/caesarpad/build/ios/DerivedData/SDKStatCaches.noindex/iphonesimulator26.5-23F81a-6cfe768891a92b912361537c460fe42b.sdkstatcache -target arm64-apple-ios14.0-simulator -fmessage-length\=0 -fdiagnostics-show-note-include-stack -fmacro-backtrace-limit\=0 -fno-color-diagnostics -Wno-trigraphs -Wno-missing-field-initializers -Wno-missing-prototypes -Wno-return-type -Wno-missing-braces -Wparentheses -Wswitch -Wno-unused-function -Wno-unused-label -Wno-unused-parameter -Wno-unused-variable -Wunused-value -Wno-empty-body -Wno-uninitialized -Wno-unknown-pragmas -Wno-shadow -Wno-four-char-constants -Wno-conversion -Wno-constant-conversion -Wno-int-conversion -Wno-bool-conversion -Wno-enum-conversion -Wno-float-conversion -Wno-non-literal-null-conversion -Wno-objc-literal-conversion -Wshorten-64-to-32 -Wpointer-sign -Wno-newline-eof -Wno-implicit-fallthrough -isysroot /Applications/Xcode.app/Contents/Developer/Platforms/iPhoneSimulator.platform/Developer/SDKs/iPhoneSimulator26.5.sdk -fstrict-aliasing -Wdeprecated-declarations -Wno-sign-conversion -Wno-infinite-recursion -Wno-comma -Wno-block-capture-autoreleasing -Wno-strict-prototypes -Wno-semicolon-before-method-body @/Users/chrissotraidis/GitHub/caesarpad/build/ios/build/augustus.build/Release-iphonesimulator/Objects-normal/arm64/7187679823f38a2a940e0043cdf9d637-common-args.resp -MMD -MT dependencies -MF /Users/chrissotraidis/GitHub/caesarpad/build/ios/build/augustus.build/Release-iphonesimulator/Objects-normal/arm64/advisors.d --serialize-diagnostics /Users/chrissotraidis/GitHub/caesarpad/build/ios/build/augustus.build/Release-iphonesimulator/Objects-normal/arm64/advisors.dia -c /Users/chrissotraidis/GitHub/caesarpad/engines/augustus/src/window/advisors.c -o /Users/chrissotraidis/GitHub/caesarpad/build/ios/build/augustus.build/Release-iphonesimulator/Objects-normal/arm64/advisors.o

Ld /Users/chrissotraidis/GitHub/caesarpad/build/ios/Release-iphonesimulator/augustus.app/augustus normal (in target 'augustus' from project 'augustus')
    cd /Users/chrissotraidis/GitHub/caesarpad/engines/augustus
    /Applications/Xcode.app/Contents/Developer/Toolchains/XcodeDefault.xctoolchain/usr/bin/clang -Xlinker -reproducible -target arm64-apple-ios14.0-simulator -isysroot /Applications/Xcode.app/Contents/Developer/Platforms/iPhoneSimulator.platform/Developer/SDKs/iPhoneSimulator26.5.sdk -O3 -L/Users/chrissotraidis/GitHub/caesarpad/build/ios/build/EagerLinkingTBDs/Release-iphonesimulator -L/Users/chrissotraidis/GitHub/caesarpad/build/ios/Release-iphonesimulator -F/Users/chrissotraidis/GitHub/caesarpad/build/ios/build/EagerLinkingTBDs/Release-iphonesimulator -F/Users/chrissotraidis/GitHub/caesarpad/build/ios/Release-iphonesimulator -filelist /Users/chrissotraidis/GitHub/caesarpad/build/ios/build/augustus.build/Release-iphonesimulator/Objects-normal/arm64/augustus.LinkFileList -Xlinker -dead_strip -Xlinker -objc_abi_version -Xlinker 2 -Xlinker -dependency_info -Xlinker /Users/chrissotraidis/GitHub/caesarpad/build/ios/build/augustus.build/Release-iphonesimulator/Objects-normal/arm64/augustus_dependency_info.dat -fobjc-link-runtime -Wl,-framework,UniformTypeIdentifiers -Wl,-search_paths_first -Wl,-headerpad_max_install_names /Users/chrissotraidis/GitHub/caesarpad/build/ios/ext/SDL2/SDL2/Release-iphonesimulator/libSDL2main.a /Users/chrissotraidis/GitHub/caesarpad/build/ios/ext/SDL2/SDL2_mixer/Release-iphonesimulator/libSDL2_mixer.a /Users/chrissotraidis/GitHub/caesarpad/build/ios/ext/SDL2/SDL2/Release-iphonesimulator/libSDL2.a -lm -lpthread -framework CoreVideo -framework CoreAudio -framework AudioToolbox -framework AVFoundation -framework CoreBluetooth -framework CoreGraphics -framework Coremotion -framework Foundation -Xlinker -weak_framework -Xlinker GameController -framework Metal -framework OpenGLES -framework QuartzCore -framework UIKit -Xlinker -weak_framework -Xlinker CoreHaptics -o /Users/chrissotraidis/GitHub/caesarpad/build/ios/Release-iphonesimulator/augustus.app/augustus
/Users/chrissotraidis/GitHub/caesarpad/build/ios/augustus.xcodeproj: augustus: ld: warning: reducing alignment of section __DATA,__common from 0x8000 to 0x4000 because it exceeds segment maximum alignment

note: Run script build phase 'Generate CMakeFiles/ZERO_CHECK' will be run during every build because the option to run the script phase "Based on dependency analysis" is unchecked. (in target 'ZERO_CHECK' from project 'augustus')
** BUILD SUCCEEDED **

Built /Users/chrissotraidis/GitHub/caesarpad/build/ios/Release-iphonesimulator/augustus.app
