Using SDL2 2.32.10
Using SDL2_mixer 2.8.2
Applied: 0001-ios-landscape-only.patch
Applied: 0002-ios-long-press-right-click.patch
Applied: 0003-ios-native-pause-button.patch
Applied: 0004-ios-lifecycle-autosave.patch
CMake Warning (deprecated) at ext/SDL2/SDL2/CMakeLists.txt:3300 (cmake_minimum_required):
  Compatibility with CMake < 3.10 will be removed from a future version of
  CMake.

  Update the VERSION argument <min> value.  Or, use the <min>...<max> syntax
  to tell CMake that the project requires at least <min> but has been updated
  to work with policies introduced by <max> or earlier.
This warning is for project developers.  Use -Wno-author or -Wno-deprecated
to suppress it.

--
-- SDL2 was configured with the following options:
--
-- Platform: iOS
-- 64-bit:   TRUE
-- Compiler: /Applications/Xcode.app/Contents/Developer/Toolchains/XcodeDefault.xctoolchain/usr/bin/clang
-- Revision: SDL-release-2.32.10-0-g5d2495703
--
-- Subsystems:
--   Atomic:	ON
--   Audio:	ON
--   Video:	ON
--   Render:	ON
--   Events:	ON
--   Joystick:	ON
--   Haptic:	ON
--   Hidapi:	ON
--   Power:	ON
--   Threads:	ON
--   Timers:	ON
--   File:	ON
--   Loadso:	ON
--   CPUinfo:	ON
--   Filesystem:	ON
--   Sensor:	ON
--   Locale:	ON
--   Misc:	ON
--
-- Options:
--   SDL2_DISABLE_INSTALL        (Wanted: ON): OFF
--   SDL2_DISABLE_SDL2MAIN       (Wanted: OFF): OFF
--   SDL2_DISABLE_UNINSTALL      (Wanted: OFF): OFF
--   SDL_3DNOW                   (Wanted: OFF): OFF
--   SDL_ALSA                    (Wanted: OFF): OFF
--   SDL_ALSA_SHARED             (Wanted: OFF): OFF
--   SDL_ALTIVEC                 (Wanted: ON): OFF
--   SDL_ARMNEON                 (Wanted: OFF): OFF
--   SDL_ARMSIMD                 (Wanted: OFF): OFF
--   SDL_ARTS                    (Wanted: OFF): OFF
--   SDL_ARTS_SHARED             (Wanted: OFF): OFF
--   SDL_ASAN                    (Wanted: OFF): OFF
--   SDL_ASSEMBLY                (Wanted: ON): ON
--   SDL_ASSERTIONS              (Wanted: auto): auto
--   SDL_BACKGROUNDING_SIGNAL    (Wanted: OFF): OFF
--   SDL_CCACHE                  (Wanted: ON): OFF
--   SDL_CLOCK_GETTIME           (Wanted: OFF): OFF
--   SDL_COCOA                   (Wanted: ON): OFF
--   SDL_DBUS                    (Wanted: OFF): OFF
--   SDL_DIRECTFB                (Wanted: OFF): OFF
--   SDL_DIRECTFB_SHARED         (Wanted: OFF): OFF
--   SDL_DIRECTX                 (Wanted: OFF): OFF
--   SDL_DISKAUDIO               (Wanted: ON): ON
--   SDL_DUMMYAUDIO              (Wanted: ON): ON
--   SDL_DUMMYVIDEO              (Wanted: ON): ON
--   SDL_ESD                     (Wanted: OFF): OFF
--   SDL_ESD_SHARED              (Wanted: OFF): OFF
--   SDL_FOREGROUNDING_SIGNAL    (Wanted: OFF): OFF
--   SDL_FUSIONSOUND             (Wanted: OFF): OFF
--   SDL_FUSIONSOUND_SHARED      (Wanted: OFF): OFF
--   SDL_GCC_ATOMICS             (Wanted: ON): ON
--   SDL_HIDAPI                  (Wanted: ON): ON
--   SDL_HIDAPI_JOYSTICK         (Wanted: ON): ON
--   SDL_HIDAPI_LIBUSB           (Wanted: OFF): OFF
--   SDL_IBUS                    (Wanted: OFF): OFF
--   SDL_INSTALL_TESTS           (Wanted: OFF): OFF
--   SDL_JACK                    (Wanted: OFF): OFF
--   SDL_JACK_SHARED             (Wanted: OFF): OFF
--   SDL_KMSDRM                  (Wanted: OFF): OFF
--   SDL_KMSDRM_SHARED           (Wanted: OFF): OFF
--   SDL_LASX                    (Wanted: OFF): OFF
--   SDL_LIBC                    (Wanted: ON): ON
--   SDL_LIBICONV                (Wanted: OFF): OFF
--   SDL_LIBSAMPLERATE           (Wanted: OFF): OFF
--   SDL_LIBSAMPLERATE_SHARED    (Wanted: OFF): OFF
--   SDL_LIBUDEV                 (Wanted: ON): OFF
--   SDL_LSX                     (Wanted: OFF): OFF
--   SDL_METAL                   (Wanted: ON): ON
--   SDL_MMX                     (Wanted: OFF): OFF
--   SDL_NAS                     (Wanted: OFF): OFF
--   SDL_NAS_SHARED              (Wanted: OFF): OFF
--   SDL_OFFSCREEN               (Wanted: ON): ON
--   SDL_OPENGL                  (Wanted: ON): OFF
--   SDL_OPENGLES                (Wanted: ON): ON
--   SDL_OSS                     (Wanted: OFF): OFF
--   SDL_PIPEWIRE                (Wanted: OFF): OFF
--   SDL_PIPEWIRE_SHARED         (Wanted: OFF): OFF
--   SDL_PTHREADS                (Wanted: ON): ON
--   SDL_PTHREADS_SEM            (Wanted: ON): ON
--   SDL_PULSEAUDIO              (Wanted: OFF): OFF
--   SDL_PULSEAUDIO_SHARED       (Wanted: OFF): OFF
--   SDL_RENDER_D3D              (Wanted: OFF): OFF
--   SDL_RENDER_METAL            (Wanted: ON): ON
--   SDL_RPATH                   (Wanted: OFF): OFF
--   SDL_RPI                     (Wanted: OFF): OFF
--   SDL_SNDIO                   (Wanted: OFF): OFF
--   SDL_SNDIO_SHARED            (Wanted: OFF): OFF
--   SDL_SSE                     (Wanted: OFF): OFF
--   SDL_SSE2                    (Wanted: OFF): OFF
--   SDL_SSE3                    (Wanted: OFF): OFF
--   SDL_SSEMATH                 (Wanted: OFF): OFF
--   SDL_STATIC_PIC              (Wanted: OFF): OFF
--   SDL_SYSTEM_ICONV            (Wanted: OFF): OFF
--   SDL_TESTS                   (Wanted: OFF): OFF
--   SDL_VENDOR_INFO             (Wanted: ): OFF
--   SDL_VIRTUAL_JOYSTICK        (Wanted: ON): ON
--   SDL_VIVANTE                 (Wanted: OFF): OFF
--   SDL_VULKAN                  (Wanted: ON): ON
--   SDL_WASAPI                  (Wanted: OFF): OFF
--   SDL_WAYLAND                 (Wanted: OFF): OFF
--   SDL_WAYLAND_LIBDECOR        (Wanted: OFF): OFF
--   SDL_WAYLAND_LIBDECOR_SHARED (Wanted: OFF): OFF
--   SDL_WAYLAND_QT_TOUCH        (Wanted: OFF): OFF
--   SDL_WAYLAND_SHARED          (Wanted: OFF): OFF
--   SDL_X11                     (Wanted: OFF): OFF
--   SDL_X11_SHARED              (Wanted: OFF): OFF
--   SDL_X11_XCURSOR             (Wanted: OFF): OFF
--   SDL_X11_XDBE                (Wanted: OFF): OFF
--   SDL_X11_XFIXES              (Wanted: OFF): OFF
--   SDL_X11_XINPUT              (Wanted: OFF): OFF
--   SDL_X11_XRANDR              (Wanted: OFF): OFF
--   SDL_X11_XSCRNSAVER          (Wanted: OFF): OFF
--   SDL_X11_XSHAPE              (Wanted: OFF): OFF
--   SDL_XINPUT                  (Wanted: OFF): OFF
--
--  CFLAGS:         -idirafter "/Users/chrissotraidis/GitHub/caesarpad/engines/augustus/ext/SDL2/SDL2/src/video/khronos"
--  EXTRA_CFLAGS:   -Wall -Wundef -fno-strict-aliasing -Wdocumentation -Wdocumentation-unknown-command -fcomment-block-commands=threadsafety -fcomment-block-commands=deprecated -Wdeclaration-after-statement -fvisibility=hidden -Wshadow -Wno-unused-local-typedefs -D_REENTRANT
--  EXTRA_LDFLAGS: -lpthread -Wl,-compatibility_version,3201.0.0;-Wl,-current_version,3201.10.0
--  EXTRA_LIBS:    m
--
--  Build Shared Library: OFF
--  Build Static Library: ON
--  Build Static Library with Position Independent Code: OFF
--
-- If something was not detected, although the libraries
-- were installed, then make sure you have set the
-- CFLAGS and LDFLAGS environment variables correctly.
--
-- Configuring SDL2_mixer 2.8.2
-- Enabled ogg music: using stb_vorbis
-- Configuring done (4.2s)
-- Generating done (4.8s)
-- Build files have been written to: /Users/chrissotraidis/GitHub/caesarpad/build/ios
Command line invocation:
    /Applications/Xcode.app/Contents/Developer/usr/bin/xcodebuild -project /Users/chrissotraidis/GitHub/caesarpad/build/ios/augustus.xcodeproj -scheme augustus -configuration Release -sdk iphonesimulator -destination "platform=iOS Simulator,id=08636791-2675-4675-8335-EF72EF954DCF" -derivedDataPath /Users/chrissotraidis/GitHub/caesarpad/build/ios/DerivedData CODE_SIGN_IDENTITY= CODE_SIGNING_REQUIRED=NO CODE_SIGNING_ALLOWED=NO ONLY_ACTIVE_ARCH=YES build

Build settings from command line:
    CODE_SIGN_IDENTITY =
    CODE_SIGNING_ALLOWED = NO
    CODE_SIGNING_REQUIRED = NO
    ONLY_ACTIVE_ARCH = YES
    SDKROOT = iphonesimulator26.5

2026-07-26 17:30:53.687 xcodebuild[90236:26758494] [MT] IDERunDestination: Supported platforms for the buildables in the current scheme is empty.
--- xcodebuild: WARNING: Using the first of multiple matching destinations:
{ platform:iOS Simulator, arch:arm64, id:08636791-2675-4675-8335-EF72EF954DCF, OS:18.5, name:iPad Pro 11-inch (M4) }
{ platform:iOS Simulator, arch:x86_64, id:08636791-2675-4675-8335-EF72EF954DCF, OS:18.5, name:iPad Pro 11-inch (M4) }
note: Using codesigning identity override:
ComputePackagePrebuildTargetDependencyGraph

CreateBuildRequest

SendProjectDescription

CreateBuildOperation

ComputeTargetDependencyGraph
note: Building targets in dependency order
note: Target dependency graph (6 targets)
    Target 'augustus' in project 'augustus'
        ➜ Explicit dependency on target 'SDL2main' in project 'augustus'
        ➜ Explicit dependency on target 'SDL2-static' in project 'augustus'
        ➜ Explicit dependency on target 'ZERO_CHECK' in project 'augustus'
        ➜ Explicit dependency on target 'SDL2_mixer' in project 'augustus'
    Target 'SDL2_mixer' in project 'augustus'
        ➜ Explicit dependency on target 'SDL2-static' in project 'augustus'
    Target 'ZERO_CHECK' in project 'augustus' (no dependencies)
    Target 'SDL2-static' in project 'augustus'
        ➜ Explicit dependency on target 'sdl_headers_copy' in project 'augustus'
    Target 'SDL2main' in project 'augustus'
        ➜ Explicit dependency on target 'sdl_headers_copy' in project 'augustus'
    Target 'sdl_headers_copy' in project 'augustus' (no dependencies)

GatherProvisioningInputs

CreateBuildDescription

ExecuteExternalTool /Applications/Xcode.app/Contents/Developer/Toolchains/XcodeDefault.xctoolchain/usr/bin/clang -v -E -dM -isysroot /Applications/Xcode.app/Contents/Developer/Platforms/iPhoneSimulator.platform/Developer/SDKs/iPhoneSimulator26.5.sdk -x c -c /dev/null

ExecuteExternalTool /Applications/Xcode.app/Contents/Developer/Toolchains/XcodeDefault.xctoolchain/usr/bin/clang -v -E -dM -arch arm64 -isysroot /Applications/Xcode.app/Contents/Developer/Platforms/iPhoneSimulator.platform/Developer/SDKs/iPhoneSimulator26.5.sdk -x c -c /dev/null

ExecuteExternalTool /Applications/Xcode.app/Contents/Developer/Toolchains/XcodeDefault.xctoolchain/usr/bin/libtool -V

ExecuteExternalTool /Applications/Xcode.app/Contents/Developer/Toolchains/XcodeDefault.xctoolchain/usr/bin/clang -v -E -dM -arch arm64 -isysroot /Applications/Xcode.app/Contents/Developer/Platforms/iPhoneSimulator.platform/Developer/SDKs/iPhoneSimulator26.5.sdk -x objective-c -c /dev/null

ExecuteExternalTool /Applications/Xcode.app/Contents/Developer/usr/bin/actool --print-asset-tag-combinations --output-format xml1 /Users/chrissotraidis/GitHub/caesarpad/engines/augustus/res/ios/Assets.xcassets

ExecuteExternalTool /Applications/Xcode.app/Contents/Developer/usr/bin/actool --version --output-format xml1

ExecuteExternalTool /Applications/Xcode.app/Contents/Developer/Toolchains/XcodeDefault.xctoolchain/usr/bin/ld -version_details

Build description signature: b64d5e8c2f7da593653b849ed1af5499
Build description path: /Users/chrissotraidis/GitHub/caesarpad/build/ios/build/XCBuildData/b64d5e8c2f7da593653b849ed1af5499.xcbuilddata
ClangStatCache /Applications/Xcode.app/Contents/Developer/Toolchains/XcodeDefault.xctoolchain/usr/bin/clang-stat-cache /Applications/Xcode.app/Contents/Developer/Platforms/iPhoneSimulator.platform/Developer/SDKs/iPhoneSimulator26.5.sdk /Users/chrissotraidis/GitHub/caesarpad/build/ios/DerivedData/SDKStatCaches.noindex/iphonesimulator26.5-23F81a-6cfe768891a92b912361537c460fe42b.sdkstatcache
    cd /Users/chrissotraidis/GitHub/caesarpad/build/ios/augustus.xcodeproj
    /Applications/Xcode.app/Contents/Developer/Toolchains/XcodeDefault.xctoolchain/usr/bin/clang-stat-cache /Applications/Xcode.app/Contents/Developer/Platforms/iPhoneSimulator.platform/Developer/SDKs/iPhoneSimulator26.5.sdk -o /Users/chrissotraidis/GitHub/caesarpad/build/ios/DerivedData/SDKStatCaches.noindex/iphonesimulator26.5-23F81a-6cfe768891a92b912361537c460fe42b.sdkstatcache

note: Run script build phase 'Generate ext/SDL2/SDL2/CMakeFiles/sdl_headers_copy' will be run during every build because the option to run the script phase "Based on dependency analysis" is unchecked. (in target 'sdl_headers_copy' from project 'augustus')
PhaseScriptExecution Generate\ ext/SDL2/SDL2/CMakeFiles/sdl_headers_copy /Users/chrissotraidis/GitHub/caesarpad/build/ios/build/augustus.build/Release-iphonesimulator/sdl_headers_copy.build/Script-D5428A989ADE473CA61A7EAF.sh (in target 'sdl_headers_copy' from project 'augustus')
    cd /Users/chrissotraidis/GitHub/caesarpad/engines/augustus
    /bin/sh -c /Users/chrissotraidis/GitHub/caesarpad/build/ios/build/augustus.build/Release-iphonesimulator/sdl_headers_copy.build/Script-D5428A989ADE473CA61A7EAF.sh

PhaseScriptExecution Generate\ CMakeFiles/ZERO_CHECK /Users/chrissotraidis/GitHub/caesarpad/build/ios/build/augustus.build/Release-iphonesimulator/ZERO_CHECK.build/Script-460650F3AB621F6DCD6E81FA.sh (in target 'ZERO_CHECK' from project 'augustus')
    cd /Users/chrissotraidis/GitHub/caesarpad/engines/augustus
    /bin/sh -c /Users/chrissotraidis/GitHub/caesarpad/build/ios/build/augustus.build/Release-iphonesimulator/ZERO_CHECK.build/Script-460650F3AB621F6DCD6E81FA.sh
/opt/homebrew/bin/cmake -P /Users/chrissotraidis/GitHub/caesarpad/build/ios/CMakeFiles/VerifyGlobs.cmake

CompileC /Users/chrissotraidis/GitHub/caesarpad/build/ios/build/augustus.build/Release-iphonesimulator/Objects-normal/arm64/construction.o /Users/chrissotraidis/GitHub/caesarpad/engines/augustus/src/building/construction.c normal arm64 c com.apple.compilers.llvm.clang.1_0.compiler (in target 'augustus' from project 'augustus')
    cd /Users/chrissotraidis/GitHub/caesarpad/engines/augustus

    Using response file: /Users/chrissotraidis/GitHub/caesarpad/build/ios/build/augustus.build/Release-iphonesimulator/Objects-normal/arm64/7187679823f38a2a940e0043cdf9d637-common-args.resp

    /Applications/Xcode.app/Contents/Developer/Toolchains/XcodeDefault.xctoolchain/usr/bin/clang -x c -ivfsstatcache /Users/chrissotraidis/GitHub/caesarpad/build/ios/DerivedData/SDKStatCaches.noindex/iphonesimulator26.5-23F81a-6cfe768891a92b912361537c460fe42b.sdkstatcache -target arm64-apple-ios14.0-simulator -fmessage-length\=0 -fdiagnostics-show-note-include-stack -fmacro-backtrace-limit\=0 -fno-color-diagnostics -Wno-trigraphs -Wno-missing-field-initializers -Wno-missing-prototypes -Wno-return-type -Wno-missing-braces -Wparentheses -Wswitch -Wno-unused-function -Wno-unused-label -Wno-unused-parameter -Wno-unused-variable -Wunused-value -Wno-empty-body -Wno-uninitialized -Wno-unknown-pragmas -Wno-shadow -Wno-four-char-constants -Wno-conversion -Wno-constant-conversion -Wno-int-conversion -Wno-bool-conversion -Wno-enum-conversion -Wno-float-conversion -Wno-non-literal-null-conversion -Wno-objc-literal-conversion -Wshorten-64-to-32 -Wpointer-sign -Wno-newline-eof -Wno-implicit-fallthrough -isysroot /Applications/Xcode.app/Contents/Developer/Platforms/iPhoneSimulator.platform/Developer/SDKs/iPhoneSimulator26.5.sdk -fstrict-aliasing -Wdeprecated-declarations -Wno-sign-conversion -Wno-infinite-recursion -Wno-comma -Wno-block-capture-autoreleasing -Wno-strict-prototypes -Wno-semicolon-before-method-body @/Users/chrissotraidis/GitHub/caesarpad/build/ios/build/augustus.build/Release-iphonesimulator/Objects-normal/arm64/7187679823f38a2a940e0043cdf9d637-common-args.resp -MMD -MT dependencies -MF /Users/chrissotraidis/GitHub/caesarpad/build/ios/build/augustus.build/Release-iphonesimulator/Objects-normal/arm64/construction.d --serialize-diagnostics /Users/chrissotraidis/GitHub/caesarpad/build/ios/build/augustus.build/Release-iphonesimulator/Objects-normal/arm64/construction.dia -c /Users/chrissotraidis/GitHub/caesarpad/engines/augustus/src/building/construction.c -o /Users/chrissotraidis/GitHub/caesarpad/build/ios/build/augustus.build/Release-iphonesimulator/Objects-normal/arm64/construction.o

ProcessInfoPlistFile /Users/chrissotraidis/GitHub/caesarpad/build/ios/Release-iphonesimulator/augustus.app/Info.plist /Users/chrissotraidis/GitHub/caesarpad/build/ios/CMakeFiles/augustus.dir/Info.plist (in target 'augustus' from project 'augustus')
    cd /Users/chrissotraidis/GitHub/caesarpad/engines/augustus
    builtin-infoPlistUtility /Users/chrissotraidis/GitHub/caesarpad/build/ios/CMakeFiles/augustus.dir/Info.plist -producttype com.apple.product-type.application -genpkginfo /Users/chrissotraidis/GitHub/caesarpad/build/ios/Release-iphonesimulator/augustus.app/PkgInfo -expandbuildsettings -format binary -platform iphonesimulator -additionalcontentfile /Users/chrissotraidis/GitHub/caesarpad/build/ios/build/augustus.build/Release-iphonesimulator/assetcatalog_generated_info.plist -o /Users/chrissotraidis/GitHub/caesarpad/build/ios/Release-iphonesimulator/augustus.app/Info.plist

CompileC /Users/chrissotraidis/GitHub/caesarpad/build/ios/build/augustus.build/Release-iphonesimulator/Objects-normal/arm64/GameDataPickerController.o /Users/chrissotraidis/GitHub/caesarpad/engines/augustus/src/platform/ios/GameDataPickerController.m normal arm64 objective-c com.apple.compilers.llvm.clang.1_0.compiler (in target 'augustus' from project 'augustus')
    cd /Users/chrissotraidis/GitHub/caesarpad/engines/augustus

    Using response file: /Users/chrissotraidis/GitHub/caesarpad/build/ios/build/augustus.build/Release-iphonesimulator/Objects-normal/arm64/e6072d4f65d7061329687fe24e3d63a7-common-args.resp

    /Applications/Xcode.app/Contents/Developer/Toolchains/XcodeDefault.xctoolchain/usr/bin/clang -x objective-c -ivfsstatcache /Users/chrissotraidis/GitHub/caesarpad/build/ios/DerivedData/SDKStatCaches.noindex/iphonesimulator26.5-23F81a-6cfe768891a92b912361537c460fe42b.sdkstatcache -target arm64-apple-ios14.0-simulator -fmessage-length\=0 -fdiagnostics-show-note-include-stack -fmacro-backtrace-limit\=0 -fno-color-diagnostics -Wno-trigraphs -Wno-missing-field-initializers -Wno-missing-prototypes -Wno-return-type -Wno-implicit-atomic-properties -Wno-objc-interface-ivars -Wno-arc-repeated-use-of-weak -Wno-missing-braces -Wparentheses -Wswitch -Wno-unused-function -Wno-unused-label -Wno-unused-parameter -Wno-unused-variable -Wunused-value -Wno-empty-body -Wno-uninitialized -Wno-unknown-pragmas -Wno-shadow -Wno-four-char-constants -Wno-conversion -Wno-constant-conversion -Wno-int-conversion -Wno-bool-conversion -Wno-enum-conversion -Wno-float-conversion -Wno-non-literal-null-conversion -Wno-objc-literal-conversion -Wshorten-64-to-32 -Wpointer-sign -Wno-newline-eof -Wno-selector -Wno-strict-selector-match -Wno-undeclared-selector -Wno-deprecated-implementations -Wno-implicit-fallthrough -isysroot /Applications/Xcode.app/Contents/Developer/Platforms/iPhoneSimulator.platform/Developer/SDKs/iPhoneSimulator26.5.sdk -fstrict-aliasing -Wprotocol -Wdeprecated-declarations -Wno-sign-conversion -Wno-infinite-recursion -Wno-comma -Wno-block-capture-autoreleasing -Wno-strict-prototypes -Wno-semicolon-before-method-body @/Users/chrissotraidis/GitHub/caesarpad/build/ios/build/augustus.build/Release-iphonesimulator/Objects-normal/arm64/e6072d4f65d7061329687fe24e3d63a7-common-args.resp -MMD -MT dependencies -MF /Users/chrissotraidis/GitHub/caesarpad/build/ios/build/augustus.build/Release-iphonesimulator/Objects-normal/arm64/GameDataPickerController.d --serialize-diagnostics /Users/chrissotraidis/GitHub/caesarpad/build/ios/build/augustus.build/Release-iphonesimulator/Objects-normal/arm64/GameDataPickerController.dia -c /Users/chrissotraidis/GitHub/caesarpad/engines/augustus/src/platform/ios/GameDataPickerController.m -o /Users/chrissotraidis/GitHub/caesarpad/build/ios/build/augustus.build/Release-iphonesimulator/Objects-normal/arm64/GameDataPickerController.o

CompileC /Users/chrissotraidis/GitHub/caesarpad/build/ios/build/augustus.build/Release-iphonesimulator/Objects-normal/arm64/warning-31fb5c2e10edef6fa0e72ed88e9cafe0.o /Users/chrissotraidis/GitHub/caesarpad/engines/augustus/src/city/warning.c normal arm64 c com.apple.compilers.llvm.clang.1_0.compiler (in target 'augustus' from project 'augustus')
    cd /Users/chrissotraidis/GitHub/caesarpad/engines/augustus

    Using response file: /Users/chrissotraidis/GitHub/caesarpad/build/ios/build/augustus.build/Release-iphonesimulator/Objects-normal/arm64/7187679823f38a2a940e0043cdf9d637-common-args.resp

    /Applications/Xcode.app/Contents/Developer/Toolchains/XcodeDefault.xctoolchain/usr/bin/clang -x c -ivfsstatcache /Users/chrissotraidis/GitHub/caesarpad/build/ios/DerivedData/SDKStatCaches.noindex/iphonesimulator26.5-23F81a-6cfe768891a92b912361537c460fe42b.sdkstatcache -target arm64-apple-ios14.0-simulator -fmessage-length\=0 -fdiagnostics-show-note-include-stack -fmacro-backtrace-limit\=0 -fno-color-diagnostics -Wno-trigraphs -Wno-missing-field-initializers -Wno-missing-prototypes -Wno-return-type -Wno-missing-braces -Wparentheses -Wswitch -Wno-unused-function -Wno-unused-label -Wno-unused-parameter -Wno-unused-variable -Wunused-value -Wno-empty-body -Wno-uninitialized -Wno-unknown-pragmas -Wno-shadow -Wno-four-char-constants -Wno-conversion -Wno-constant-conversion -Wno-int-conversion -Wno-bool-conversion -Wno-enum-conversion -Wno-float-conversion -Wno-non-literal-null-conversion -Wno-objc-literal-conversion -Wshorten-64-to-32 -Wpointer-sign -Wno-newline-eof -Wno-implicit-fallthrough -isysroot /Applications/Xcode.app/Contents/Developer/Platforms/iPhoneSimulator.platform/Developer/SDKs/iPhoneSimulator26.5.sdk -fstrict-aliasing -Wdeprecated-declarations -Wno-sign-conversion -Wno-infinite-recursion -Wno-comma -Wno-block-capture-autoreleasing -Wno-strict-prototypes -Wno-semicolon-before-method-body @/Users/chrissotraidis/GitHub/caesarpad/build/ios/build/augustus.build/Release-iphonesimulator/Objects-normal/arm64/7187679823f38a2a940e0043cdf9d637-common-args.resp -MMD -MT dependencies -MF /Users/chrissotraidis/GitHub/caesarpad/build/ios/build/augustus.build/Release-iphonesimulator/Objects-normal/arm64/warning-31fb5c2e10edef6fa0e72ed88e9cafe0.d --serialize-diagnostics /Users/chrissotraidis/GitHub/caesarpad/build/ios/build/augustus.build/Release-iphonesimulator/Objects-normal/arm64/warning-31fb5c2e10edef6fa0e72ed88e9cafe0.dia -c /Users/chrissotraidis/GitHub/caesarpad/engines/augustus/src/city/warning.c -o /Users/chrissotraidis/GitHub/caesarpad/build/ios/build/augustus.build/Release-iphonesimulator/Objects-normal/arm64/warning-31fb5c2e10edef6fa0e72ed88e9cafe0.o

CompileC /Users/chrissotraidis/GitHub/caesarpad/build/ios/build/augustus.build/Release-iphonesimulator/Objects-normal/arm64/view.o /Users/chrissotraidis/GitHub/caesarpad/engines/augustus/src/city/view.c normal arm64 c com.apple.compilers.llvm.clang.1_0.compiler (in target 'augustus' from project 'augustus')
    cd /Users/chrissotraidis/GitHub/caesarpad/engines/augustus

    Using response file: /Users/chrissotraidis/GitHub/caesarpad/build/ios/build/augustus.build/Release-iphonesimulator/Objects-normal/arm64/7187679823f38a2a940e0043cdf9d637-common-args.resp

    /Applications/Xcode.app/Contents/Developer/Toolchains/XcodeDefault.xctoolchain/usr/bin/clang -x c -ivfsstatcache /Users/chrissotraidis/GitHub/caesarpad/build/ios/DerivedData/SDKStatCaches.noindex/iphonesimulator26.5-23F81a-6cfe768891a92b912361537c460fe42b.sdkstatcache -target arm64-apple-ios14.0-simulator -fmessage-length\=0 -fdiagnostics-show-note-include-stack -fmacro-backtrace-limit\=0 -fno-color-diagnostics -Wno-trigraphs -Wno-missing-field-initializers -Wno-missing-prototypes -Wno-return-type -Wno-missing-braces -Wparentheses -Wswitch -Wno-unused-function -Wno-unused-label -Wno-unused-parameter -Wno-unused-variable -Wunused-value -Wno-empty-body -Wno-uninitialized -Wno-unknown-pragmas -Wno-shadow -Wno-four-char-constants -Wno-conversion -Wno-constant-conversion -Wno-int-conversion -Wno-bool-conversion -Wno-enum-conversion -Wno-float-conversion -Wno-non-literal-null-conversion -Wno-objc-literal-conversion -Wshorten-64-to-32 -Wpointer-sign -Wno-newline-eof -Wno-implicit-fallthrough -isysroot /Applications/Xcode.app/Contents/Developer/Platforms/iPhoneSimulator.platform/Developer/SDKs/iPhoneSimulator26.5.sdk -fstrict-aliasing -Wdeprecated-declarations -Wno-sign-conversion -Wno-infinite-recursion -Wno-comma -Wno-block-capture-autoreleasing -Wno-strict-prototypes -Wno-semicolon-before-method-body @/Users/chrissotraidis/GitHub/caesarpad/build/ios/build/augustus.build/Release-iphonesimulator/Objects-normal/arm64/7187679823f38a2a940e0043cdf9d637-common-args.resp -MMD -MT dependencies -MF /Users/chrissotraidis/GitHub/caesarpad/build/ios/build/augustus.build/Release-iphonesimulator/Objects-normal/arm64/view.d --serialize-diagnostics /Users/chrissotraidis/GitHub/caesarpad/build/ios/build/augustus.build/Release-iphonesimulator/Objects-normal/arm64/view.dia -c /Users/chrissotraidis/GitHub/caesarpad/engines/augustus/src/city/view.c -o /Users/chrissotraidis/GitHub/caesarpad/build/ios/build/augustus.build/Release-iphonesimulator/Objects-normal/arm64/view.o

CompileC /Users/chrissotraidis/GitHub/caesarpad/build/ios/build/augustus.build/Release-iphonesimulator/Objects-normal/arm64/tool.o /Users/chrissotraidis/GitHub/caesarpad/engines/augustus/src/editor/tool.c normal arm64 c com.apple.compilers.llvm.clang.1_0.compiler (in target 'augustus' from project 'augustus')
    cd /Users/chrissotraidis/GitHub/caesarpad/engines/augustus

    Using response file: /Users/chrissotraidis/GitHub/caesarpad/build/ios/build/augustus.build/Release-iphonesimulator/Objects-normal/arm64/7187679823f38a2a940e0043cdf9d637-common-args.resp

    /Applications/Xcode.app/Contents/Developer/Toolchains/XcodeDefault.xctoolchain/usr/bin/clang -x c -ivfsstatcache /Users/chrissotraidis/GitHub/caesarpad/build/ios/DerivedData/SDKStatCaches.noindex/iphonesimulator26.5-23F81a-6cfe768891a92b912361537c460fe42b.sdkstatcache -target arm64-apple-ios14.0-simulator -fmessage-length\=0 -fdiagnostics-show-note-include-stack -fmacro-backtrace-limit\=0 -fno-color-diagnostics -Wno-trigraphs -Wno-missing-field-initializers -Wno-missing-prototypes -Wno-return-type -Wno-missing-braces -Wparentheses -Wswitch -Wno-unused-function -Wno-unused-label -Wno-unused-parameter -Wno-unused-variable -Wunused-value -Wno-empty-body -Wno-uninitialized -Wno-unknown-pragmas -Wno-shadow -Wno-four-char-constants -Wno-conversion -Wno-constant-conversion -Wno-int-conversion -Wno-bool-conversion -Wno-enum-conversion -Wno-float-conversion -Wno-non-literal-null-conversion -Wno-objc-literal-conversion -Wshorten-64-to-32 -Wpointer-sign -Wno-newline-eof -Wno-implicit-fallthrough -isysroot /Applications/Xcode.app/Contents/Developer/Platforms/iPhoneSimulator.platform/Developer/SDKs/iPhoneSimulator26.5.sdk -fstrict-aliasing -Wdeprecated-declarations -Wno-sign-conversion -Wno-infinite-recursion -Wno-comma -Wno-block-capture-autoreleasing -Wno-strict-prototypes -Wno-semicolon-before-method-body @/Users/chrissotraidis/GitHub/caesarpad/build/ios/build/augustus.build/Release-iphonesimulator/Objects-normal/arm64/7187679823f38a2a940e0043cdf9d637-common-args.resp -MMD -MT dependencies -MF /Users/chrissotraidis/GitHub/caesarpad/build/ios/build/augustus.build/Release-iphonesimulator/Objects-normal/arm64/tool.d --serialize-diagnostics /Users/chrissotraidis/GitHub/caesarpad/build/ios/build/augustus.build/Release-iphonesimulator/Objects-normal/arm64/tool.dia -c /Users/chrissotraidis/GitHub/caesarpad/engines/augustus/src/editor/tool.c -o /Users/chrissotraidis/GitHub/caesarpad/build/ios/build/augustus.build/Release-iphonesimulator/Objects-normal/arm64/tool.o

CompileC /Users/chrissotraidis/GitHub/caesarpad/build/ios/build/augustus.build/Release-iphonesimulator/Objects-normal/arm64/storage.o /Users/chrissotraidis/GitHub/caesarpad/engines/augustus/src/building/storage.c normal arm64 c com.apple.compilers.llvm.clang.1_0.compiler (in target 'augustus' from project 'augustus')
    cd /Users/chrissotraidis/GitHub/caesarpad/engines/augustus

    Using response file: /Users/chrissotraidis/GitHub/caesarpad/build/ios/build/augustus.build/Release-iphonesimulator/Objects-normal/arm64/7187679823f38a2a940e0043cdf9d637-common-args.resp

    /Applications/Xcode.app/Contents/Developer/Toolchains/XcodeDefault.xctoolchain/usr/bin/clang -x c -ivfsstatcache /Users/chrissotraidis/GitHub/caesarpad/build/ios/DerivedData/SDKStatCaches.noindex/iphonesimulator26.5-23F81a-6cfe768891a92b912361537c460fe42b.sdkstatcache -target arm64-apple-ios14.0-simulator -fmessage-length\=0 -fdiagnostics-show-note-include-stack -fmacro-backtrace-limit\=0 -fno-color-diagnostics -Wno-trigraphs -Wno-missing-field-initializers -Wno-missing-prototypes -Wno-return-type -Wno-missing-braces -Wparentheses -Wswitch -Wno-unused-function -Wno-unused-label -Wno-unused-parameter -Wno-unused-variable -Wunused-value -Wno-empty-body -Wno-uninitialized -Wno-unknown-pragmas -Wno-shadow -Wno-four-char-constants -Wno-conversion -Wno-constant-conversion -Wno-int-conversion -Wno-bool-conversion -Wno-enum-conversion -Wno-float-conversion -Wno-non-literal-null-conversion -Wno-objc-literal-conversion -Wshorten-64-to-32 -Wpointer-sign -Wno-newline-eof -Wno-implicit-fallthrough -isysroot /Applications/Xcode.app/Contents/Developer/Platforms/iPhoneSimulator.platform/Developer/SDKs/iPhoneSimulator26.5.sdk -fstrict-aliasing -Wdeprecated-declarations -Wno-sign-conversion -Wno-infinite-recursion -Wno-comma -Wno-block-capture-autoreleasing -Wno-strict-prototypes -Wno-semicolon-before-method-body @/Users/chrissotraidis/GitHub/caesarpad/build/ios/build/augustus.build/Release-iphonesimulator/Objects-normal/arm64/7187679823f38a2a940e0043cdf9d637-common-args.resp -MMD -MT dependencies -MF /Users/chrissotraidis/GitHub/caesarpad/build/ios/build/augustus.build/Release-iphonesimulator/Objects-normal/arm64/storage.d --serialize-diagnostics /Users/chrissotraidis/GitHub/caesarpad/build/ios/build/augustus.build/Release-iphonesimulator/Objects-normal/arm64/storage.dia -c /Users/chrissotraidis/GitHub/caesarpad/engines/augustus/src/building/storage.c -o /Users/chrissotraidis/GitHub/caesarpad/build/ios/build/augustus.build/Release-iphonesimulator/Objects-normal/arm64/storage.o

CompileC /Users/chrissotraidis/GitHub/caesarpad/build/ios/build/augustus.build/Release-iphonesimulator/Objects-normal/arm64/message.o /Users/chrissotraidis/GitHub/caesarpad/engines/augustus/src/city/message.c normal arm64 c com.apple.compilers.llvm.clang.1_0.compiler (in target 'augustus' from project 'augustus')
    cd /Users/chrissotraidis/GitHub/caesarpad/engines/augustus

    Using response file: /Users/chrissotraidis/GitHub/caesarpad/build/ios/build/augustus.build/Release-iphonesimulator/Objects-normal/arm64/7187679823f38a2a940e0043cdf9d637-common-args.resp

    /Applications/Xcode.app/Contents/Developer/Toolchains/XcodeDefault.xctoolchain/usr/bin/clang -x c -ivfsstatcache /Users/chrissotraidis/GitHub/caesarpad/build/ios/DerivedData/SDKStatCaches.noindex/iphonesimulator26.5-23F81a-6cfe768891a92b912361537c460fe42b.sdkstatcache -target arm64-apple-ios14.0-simulator -fmessage-length\=0 -fdiagnostics-show-note-include-stack -fmacro-backtrace-limit\=0 -fno-color-diagnostics -Wno-trigraphs -Wno-missing-field-initializers -Wno-missing-prototypes -Wno-return-type -Wno-missing-braces -Wparentheses -Wswitch -Wno-unused-function -Wno-unused-label -Wno-unused-parameter -Wno-unused-variable -Wunused-value -Wno-empty-body -Wno-uninitialized -Wno-unknown-pragmas -Wno-shadow -Wno-four-char-constants -Wno-conversion -Wno-constant-conversion -Wno-int-conversion -Wno-bool-conversion -Wno-enum-conversion -Wno-float-conversion -Wno-non-literal-null-conversion -Wno-objc-literal-conversion -Wshorten-64-to-32 -Wpointer-sign -Wno-newline-eof -Wno-implicit-fallthrough -isysroot /Applications/Xcode.app/Contents/Developer/Platforms/iPhoneSimulator.platform/Developer/SDKs/iPhoneSimulator26.5.sdk -fstrict-aliasing -Wdeprecated-declarations -Wno-sign-conversion -Wno-infinite-recursion -Wno-comma -Wno-block-capture-autoreleasing -Wno-strict-prototypes -Wno-semicolon-before-method-body @/Users/chrissotraidis/GitHub/caesarpad/build/ios/build/augustus.build/Release-iphonesimulator/Objects-normal/arm64/7187679823f38a2a940e0043cdf9d637-common-args.resp -MMD -MT dependencies -MF /Users/chrissotraidis/GitHub/caesarpad/build/ios/build/augustus.build/Release-iphonesimulator/Objects-normal/arm64/message.d --serialize-diagnostics /Users/chrissotraidis/GitHub/caesarpad/build/ios/build/augustus.build/Release-iphonesimulator/Objects-normal/arm64/message.dia -c /Users/chrissotraidis/GitHub/caesarpad/engines/augustus/src/city/message.c -o /Users/chrissotraidis/GitHub/caesarpad/build/ios/build/augustus.build/Release-iphonesimulator/Objects-normal/arm64/message.o

CompileC /Users/chrissotraidis/GitHub/caesarpad/build/ios/build/augustus.build/Release-iphonesimulator/Objects-normal/arm64/import_xml-8d8dfbfe464d687c98e5fae83d6cc7e7.o /Users/chrissotraidis/GitHub/caesarpad/engines/augustus/src/empire/import_xml.c normal arm64 c com.apple.compilers.llvm.clang.1_0.compiler (in target 'augustus' from project 'augustus')
    cd /Users/chrissotraidis/GitHub/caesarpad/engines/augustus

    Using response file: /Users/chrissotraidis/GitHub/caesarpad/build/ios/build/augustus.build/Release-iphonesimulator/Objects-normal/arm64/7187679823f38a2a940e0043cdf9d637-common-args.resp

    /Applications/Xcode.app/Contents/Developer/Toolchains/XcodeDefault.xctoolchain/usr/bin/clang -x c -ivfsstatcache /Users/chrissotraidis/GitHub/caesarpad/build/ios/DerivedData/SDKStatCaches.noindex/iphonesimulator26.5-23F81a-6cfe768891a92b912361537c460fe42b.sdkstatcache -target arm64-apple-ios14.0-simulator -fmessage-length\=0 -fdiagnostics-show-note-include-stack -fmacro-backtrace-limit\=0 -fno-color-diagnostics -Wno-trigraphs -Wno-missing-field-initializers -Wno-missing-prototypes -Wno-return-type -Wno-missing-braces -Wparentheses -Wswitch -Wno-unused-function -Wno-unused-label -Wno-unused-parameter -Wno-unused-variable -Wunused-value -Wno-empty-body -Wno-uninitialized -Wno-unknown-pragmas -Wno-shadow -Wno-four-char-constants -Wno-conversion -Wno-constant-conversion -Wno-int-conversion -Wno-bool-conversion -Wno-enum-conversion -Wno-float-conversion -Wno-non-literal-null-conversion -Wno-objc-literal-conversion -Wshorten-64-to-32 -Wpointer-sign -Wno-newline-eof -Wno-implicit-fallthrough -isysroot /Applications/Xcode.app/Contents/Developer/Platforms/iPhoneSimulator.platform/Developer/SDKs/iPhoneSimulator26.5.sdk -fstrict-aliasing -Wdeprecated-declarations -Wno-sign-conversion -Wno-infinite-recursion -Wno-comma -Wno-block-capture-autoreleasing -Wno-strict-prototypes -Wno-semicolon-before-method-body @/Users/chrissotraidis/GitHub/caesarpad/build/ios/build/augustus.build/Release-iphonesimulator/Objects-normal/arm64/7187679823f38a2a940e0043cdf9d637-common-args.resp -MMD -MT dependencies -MF /Users/chrissotraidis/GitHub/caesarpad/build/ios/build/augustus.build/Release-iphonesimulator/Objects-normal/arm64/import_xml-8d8dfbfe464d687c98e5fae83d6cc7e7.d --serialize-diagnostics /Users/chrissotraidis/GitHub/caesarpad/build/ios/build/augustus.build/Release-iphonesimulator/Objects-normal/arm64/import_xml-8d8dfbfe464d687c98e5fae83d6cc7e7.dia -c /Users/chrissotraidis/GitHub/caesarpad/engines/augustus/src/empire/import_xml.c -o /Users/chrissotraidis/GitHub/caesarpad/build/ios/build/augustus.build/Release-iphonesimulator/Objects-normal/arm64/import_xml-8d8dfbfe464d687c98e5fae83d6cc7e7.o
/Users/chrissotraidis/GitHub/caesarpad/engines/augustus/src/empire/import_xml.c:749:16: warning: implicit conversion loses integer precision: 'long' to 'int' [-Wshorten-64-to-32]
  749 |     int size = ftell(file);
      |         ~~~~   ^~~~~~~~~~~
1 warning generated.

CompileC /Users/chrissotraidis/GitHub/caesarpad/build/ios/build/augustus.build/Release-iphonesimulator/Objects-normal/arm64/formation.o /Users/chrissotraidis/GitHub/caesarpad/engines/augustus/src/figure/formation.c normal arm64 c com.apple.compilers.llvm.clang.1_0.compiler (in target 'augustus' from project 'augustus')
    cd /Users/chrissotraidis/GitHub/caesarpad/engines/augustus

    Using response file: /Users/chrissotraidis/GitHub/caesarpad/build/ios/build/augustus.build/Release-iphonesimulator/Objects-normal/arm64/7187679823f38a2a940e0043cdf9d637-common-args.resp

    /Applications/Xcode.app/Contents/Developer/Toolchains/XcodeDefault.xctoolchain/usr/bin/clang -x c -ivfsstatcache /Users/chrissotraidis/GitHub/caesarpad/build/ios/DerivedData/SDKStatCaches.noindex/iphonesimulator26.5-23F81a-6cfe768891a92b912361537c460fe42b.sdkstatcache -target arm64-apple-ios14.0-simulator -fmessage-length\=0 -fdiagnostics-show-note-include-stack -fmacro-backtrace-limit\=0 -fno-color-diagnostics -Wno-trigraphs -Wno-missing-field-initializers -Wno-missing-prototypes -Wno-return-type -Wno-missing-braces -Wparentheses -Wswitch -Wno-unused-function -Wno-unused-label -Wno-unused-parameter -Wno-unused-variable -Wunused-value -Wno-empty-body -Wno-uninitialized -Wno-unknown-pragmas -Wno-shadow -Wno-four-char-constants -Wno-conversion -Wno-constant-conversion -Wno-int-conversion -Wno-bool-conversion -Wno-enum-conversion -Wno-float-conversion -Wno-non-literal-null-conversion -Wno-objc-literal-conversion -Wshorten-64-to-32 -Wpointer-sign -Wno-newline-eof -Wno-implicit-fallthrough -isysroot /Applications/Xcode.app/Contents/Developer/Platforms/iPhoneSimulator.platform/Developer/SDKs/iPhoneSimulator26.5.sdk -fstrict-aliasing -Wdeprecated-declarations -Wno-sign-conversion -Wno-infinite-recursion -Wno-comma -Wno-block-capture-autoreleasing -Wno-strict-prototypes -Wno-semicolon-before-method-body @/Users/chrissotraidis/GitHub/caesarpad/build/ios/build/augustus.build/Release-iphonesimulator/Objects-normal/arm64/7187679823f38a2a940e0043cdf9d637-common-args.resp -MMD -MT dependencies -MF /Users/chrissotraidis/GitHub/caesarpad/build/ios/build/augustus.build/Release-iphonesimulator/Objects-normal/arm64/formation.d --serialize-diagnostics /Users/chrissotraidis/GitHub/caesarpad/build/ios/build/augustus.build/Release-iphonesimulator/Objects-normal/arm64/formation.dia -c /Users/chrissotraidis/GitHub/caesarpad/engines/augustus/src/figure/formation.c -o /Users/chrissotraidis/GitHub/caesarpad/build/ios/build/augustus.build/Release-iphonesimulator/Objects-normal/arm64/formation.o

CompileC /Users/chrissotraidis/GitHub/caesarpad/build/ios/build/augustus.build/Release-iphonesimulator/Objects-normal/arm64/zoom.o /Users/chrissotraidis/GitHub/caesarpad/engines/augustus/src/input/zoom.c normal arm64 c com.apple.compilers.llvm.clang.1_0.compiler (in target 'augustus' from project 'augustus')
    cd /Users/chrissotraidis/GitHub/caesarpad/engines/augustus

    Using response file: /Users/chrissotraidis/GitHub/caesarpad/build/ios/build/augustus.build/Release-iphonesimulator/Objects-normal/arm64/7187679823f38a2a940e0043cdf9d637-common-args.resp

    /Applications/Xcode.app/Contents/Developer/Toolchains/XcodeDefault.xctoolchain/usr/bin/clang -x c -ivfsstatcache /Users/chrissotraidis/GitHub/caesarpad/build/ios/DerivedData/SDKStatCaches.noindex/iphonesimulator26.5-23F81a-6cfe768891a92b912361537c460fe42b.sdkstatcache -target arm64-apple-ios14.0-simulator -fmessage-length\=0 -fdiagnostics-show-note-include-stack -fmacro-backtrace-limit\=0 -fno-color-diagnostics -Wno-trigraphs -Wno-missing-field-initializers -Wno-missing-prototypes -Wno-return-type -Wno-missing-braces -Wparentheses -Wswitch -Wno-unused-function -Wno-unused-label -Wno-unused-parameter -Wno-unused-variable -Wunused-value -Wno-empty-body -Wno-uninitialized -Wno-unknown-pragmas -Wno-shadow -Wno-four-char-constants -Wno-conversion -Wno-constant-conversion -Wno-int-conversion -Wno-bool-conversion -Wno-enum-conversion -Wno-float-conversion -Wno-non-literal-null-conversion -Wno-objc-literal-conversion -Wshorten-64-to-32 -Wpointer-sign -Wno-newline-eof -Wno-implicit-fallthrough -isysroot /Applications/Xcode.app/Contents/Developer/Platforms/iPhoneSimulator.platform/Developer/SDKs/iPhoneSimulator26.5.sdk -fstrict-aliasing -Wdeprecated-declarations -Wno-sign-conversion -Wno-infinite-recursion -Wno-comma -Wno-block-capture-autoreleasing -Wno-strict-prototypes -Wno-semicolon-before-method-body @/Users/chrissotraidis/GitHub/caesarpad/build/ios/build/augustus.build/Release-iphonesimulator/Objects-normal/arm64/7187679823f38a2a940e0043cdf9d637-common-args.resp -MMD -MT dependencies -MF /Users/chrissotraidis/GitHub/caesarpad/build/ios/build/augustus.build/Release-iphonesimulator/Objects-normal/arm64/zoom.d --serialize-diagnostics /Users/chrissotraidis/GitHub/caesarpad/build/ios/build/augustus.build/Release-iphonesimulator/Objects-normal/arm64/zoom.dia -c /Users/chrissotraidis/GitHub/caesarpad/engines/augustus/src/input/zoom.c -o /Users/chrissotraidis/GitHub/caesarpad/build/ios/build/augustus.build/Release-iphonesimulator/Objects-normal/arm64/zoom.o

CompileC /Users/chrissotraidis/GitHub/caesarpad/build/ios/build/augustus.build/Release-iphonesimulator/Objects-normal/arm64/window.o /Users/chrissotraidis/GitHub/caesarpad/engines/augustus/src/graphics/window.c normal arm64 c com.apple.compilers.llvm.clang.1_0.compiler (in target 'augustus' from project 'augustus')
    cd /Users/chrissotraidis/GitHub/caesarpad/engines/augustus

    Using response file: /Users/chrissotraidis/GitHub/caesarpad/build/ios/build/augustus.build/Release-iphonesimulator/Objects-normal/arm64/7187679823f38a2a940e0043cdf9d637-common-args.resp

    /Applications/Xcode.app/Contents/Developer/Toolchains/XcodeDefault.xctoolchain/usr/bin/clang -x c -ivfsstatcache /Users/chrissotraidis/GitHub/caesarpad/build/ios/DerivedData/SDKStatCaches.noindex/iphonesimulator26.5-23F81a-6cfe768891a92b912361537c460fe42b.sdkstatcache -target arm64-apple-ios14.0-simulator -fmessage-length\=0 -fdiagnostics-show-note-include-stack -fmacro-backtrace-limit\=0 -fno-color-diagnostics -Wno-trigraphs -Wno-missing-field-initializers -Wno-missing-prototypes -Wno-return-type -Wno-missing-braces -Wparentheses -Wswitch -Wno-unused-function -Wno-unused-label -Wno-unused-parameter -Wno-unused-variable -Wunused-value -Wno-empty-body -Wno-uninitialized -Wno-unknown-pragmas -Wno-shadow -Wno-four-char-constants -Wno-conversion -Wno-constant-conversion -Wno-int-conversion -Wno-bool-conversion -Wno-enum-conversion -Wno-float-conversion -Wno-non-literal-null-conversion -Wno-objc-literal-conversion -Wshorten-64-to-32 -Wpointer-sign -Wno-newline-eof -Wno-implicit-fallthrough -isysroot /Applications/Xcode.app/Contents/Developer/Platforms/iPhoneSimulator.platform/Developer/SDKs/iPhoneSimulator26.5.sdk -fstrict-aliasing -Wdeprecated-declarations -Wno-sign-conversion -Wno-infinite-recursion -Wno-comma -Wno-block-capture-autoreleasing -Wno-strict-prototypes -Wno-semicolon-before-method-body @/Users/chrissotraidis/GitHub/caesarpad/build/ios/build/augustus.build/Release-iphonesimulator/Objects-normal/arm64/7187679823f38a2a940e0043cdf9d637-common-args.resp -MMD -MT dependencies -MF /Users/chrissotraidis/GitHub/caesarpad/build/ios/build/augustus.build/Release-iphonesimulator/Objects-normal/arm64/window.d --serialize-diagnostics /Users/chrissotraidis/GitHub/caesarpad/build/ios/build/augustus.build/Release-iphonesimulator/Objects-normal/arm64/window.dia -c /Users/chrissotraidis/GitHub/caesarpad/engines/augustus/src/graphics/window.c -o /Users/chrissotraidis/GitHub/caesarpad/build/ios/build/augustus.build/Release-iphonesimulator/Objects-normal/arm64/window.o

CompileC /Users/chrissotraidis/GitHub/caesarpad/build/ios/build/augustus.build/Release-iphonesimulator/Objects-normal/arm64/win_criteria.o /Users/chrissotraidis/GitHub/caesarpad/engines/augustus/src/window/editor/win_criteria.c normal arm64 c com.apple.compilers.llvm.clang.1_0.compiler (in target 'augustus' from project 'augustus')
    cd /Users/chrissotraidis/GitHub/caesarpad/engines/augustus

    Using response file: /Users/chrissotraidis/GitHub/caesarpad/build/ios/build/augustus.build/Release-iphonesimulator/Objects-normal/arm64/7187679823f38a2a940e0043cdf9d637-common-args.resp

    /Applications/Xcode.app/Contents/Developer/Toolchains/XcodeDefault.xctoolchain/usr/bin/clang -x c -ivfsstatcache /Users/chrissotraidis/GitHub/caesarpad/build/ios/DerivedData/SDKStatCaches.noindex/iphonesimulator26.5-23F81a-6cfe768891a92b912361537c460fe42b.sdkstatcache -target arm64-apple-ios14.0-simulator -fmessage-length\=0 -fdiagnostics-show-note-include-stack -fmacro-backtrace-limit\=0 -fno-color-diagnostics -Wno-trigraphs -Wno-missing-field-initializers -Wno-missing-prototypes -Wno-return-type -Wno-missing-braces -Wparentheses -Wswitch -Wno-unused-function -Wno-unused-label -Wno-unused-parameter -Wno-unused-variable -Wunused-value -Wno-empty-body -Wno-uninitialized -Wno-unknown-pragmas -Wno-shadow -Wno-four-char-constants -Wno-conversion -Wno-constant-conversion -Wno-int-conversion -Wno-bool-conversion -Wno-enum-conversion -Wno-float-conversion -Wno-non-literal-null-conversion -Wno-objc-literal-conversion -Wshorten-64-to-32 -Wpointer-sign -Wno-newline-eof -Wno-implicit-fallthrough -isysroot /Applications/Xcode.app/Contents/Developer/Platforms/iPhoneSimulator.platform/Developer/SDKs/iPhoneSimulator26.5.sdk -fstrict-aliasing -Wdeprecated-declarations -Wno-sign-conversion -Wno-infinite-recursion -Wno-comma -Wno-block-capture-autoreleasing -Wno-strict-prototypes -Wno-semicolon-before-method-body @/Users/chrissotraidis/GitHub/caesarpad/build/ios/build/augustus.build/Release-iphonesimulator/Objects-normal/arm64/7187679823f38a2a940e0043cdf9d637-common-args.resp -MMD -MT dependencies -MF /Users/chrissotraidis/GitHub/caesarpad/build/ios/build/augustus.build/Release-iphonesimulator/Objects-normal/arm64/win_criteria.d --serialize-diagnostics /Users/chrissotraidis/GitHub/caesarpad/build/ios/build/augustus.build/Release-iphonesimulator/Objects-normal/arm64/win_criteria.dia -c /Users/chrissotraidis/GitHub/caesarpad/engines/augustus/src/window/editor/win_criteria.c -o /Users/chrissotraidis/GitHub/caesarpad/build/ios/build/augustus.build/Release-iphonesimulator/Objects-normal/arm64/win_criteria.o

CompileC /Users/chrissotraidis/GitHub/caesarpad/build/ios/build/augustus.build/Release-iphonesimulator/Objects-normal/arm64/weather.o /Users/chrissotraidis/GitHub/caesarpad/engines/augustus/src/graphics/weather.c normal arm64 c com.apple.compilers.llvm.clang.1_0.compiler (in target 'augustus' from project 'augustus')
    cd /Users/chrissotraidis/GitHub/caesarpad/engines/augustus

    Using response file: /Users/chrissotraidis/GitHub/caesarpad/build/ios/build/augustus.build/Release-iphonesimulator/Objects-normal/arm64/7187679823f38a2a940e0043cdf9d637-common-args.resp

    /Applications/Xcode.app/Contents/Developer/Toolchains/XcodeDefault.xctoolchain/usr/bin/clang -x c -ivfsstatcache /Users/chrissotraidis/GitHub/caesarpad/build/ios/DerivedData/SDKStatCaches.noindex/iphonesimulator26.5-23F81a-6cfe768891a92b912361537c460fe42b.sdkstatcache -target arm64-apple-ios14.0-simulator -fmessage-length\=0 -fdiagnostics-show-note-include-stack -fmacro-backtrace-limit\=0 -fno-color-diagnostics -Wno-trigraphs -Wno-missing-field-initializers -Wno-missing-prototypes -Wno-return-type -Wno-missing-braces -Wparentheses -Wswitch -Wno-unused-function -Wno-unused-label -Wno-unused-parameter -Wno-unused-variable -Wunused-value -Wno-empty-body -Wno-uninitialized -Wno-unknown-pragmas -Wno-shadow -Wno-four-char-constants -Wno-conversion -Wno-constant-conversion -Wno-int-conversion -Wno-bool-conversion -Wno-enum-conversion -Wno-float-conversion -Wno-non-literal-null-conversion -Wno-objc-literal-conversion -Wshorten-64-to-32 -Wpointer-sign -Wno-newline-eof -Wno-implicit-fallthrough -isysroot /Applications/Xcode.app/Contents/Developer/Platforms/iPhoneSimulator.platform/Developer/SDKs/iPhoneSimulator26.5.sdk -fstrict-aliasing -Wdeprecated-declarations -Wno-sign-conversion -Wno-infinite-recursion -Wno-comma -Wno-block-capture-autoreleasing -Wno-strict-prototypes -Wno-semicolon-before-method-body @/Users/chrissotraidis/GitHub/caesarpad/build/ios/build/augustus.build/Release-iphonesimulator/Objects-normal/arm64/7187679823f38a2a940e0043cdf9d637-common-args.resp -MMD -MT dependencies -MF /Users/chrissotraidis/GitHub/caesarpad/build/ios/build/augustus.build/Release-iphonesimulator/Objects-normal/arm64/weather.d --serialize-diagnostics /Users/chrissotraidis/GitHub/caesarpad/build/ios/build/augustus.build/Release-iphonesimulator/Objects-normal/arm64/weather.dia -c /Users/chrissotraidis/GitHub/caesarpad/engines/augustus/src/graphics/weather.c -o /Users/chrissotraidis/GitHub/caesarpad/build/ios/build/augustus.build/Release-iphonesimulator/Objects-normal/arm64/weather.o

CompileC /Users/chrissotraidis/GitHub/caesarpad/build/ios/build/augustus.build/Release-iphonesimulator/Objects-normal/arm64/warning-0b95d7f2d363dcbe016753996817ebe4.o /Users/chrissotraidis/GitHub/caesarpad/engines/augustus/src/graphics/warning.c normal arm64 c com.apple.compilers.llvm.clang.1_0.compiler (in target 'augustus' from project 'augustus')
    cd /Users/chrissotraidis/GitHub/caesarpad/engines/augustus

    Using response file: /Users/chrissotraidis/GitHub/caesarpad/build/ios/build/augustus.build/Release-iphonesimulator/Objects-normal/arm64/7187679823f38a2a940e0043cdf9d637-common-args.resp

    /Applications/Xcode.app/Contents/Developer/Toolchains/XcodeDefault.xctoolchain/usr/bin/clang -x c -ivfsstatcache /Users/chrissotraidis/GitHub/caesarpad/build/ios/DerivedData/SDKStatCaches.noindex/iphonesimulator26.5-23F81a-6cfe768891a92b912361537c460fe42b.sdkstatcache -target arm64-apple-ios14.0-simulator -fmessage-length\=0 -fdiagnostics-show-note-include-stack -fmacro-backtrace-limit\=0 -fno-color-diagnostics -Wno-trigraphs -Wno-missing-field-initializers -Wno-missing-prototypes -Wno-return-type -Wno-missing-braces -Wparentheses -Wswitch -Wno-unused-function -Wno-unused-label -Wno-unused-parameter -Wno-unused-variable -Wunused-value -Wno-empty-body -Wno-uninitialized -Wno-unknown-pragmas -Wno-shadow -Wno-four-char-constants -Wno-conversion -Wno-constant-conversion -Wno-int-conversion -Wno-bool-conversion -Wno-enum-conversion -Wno-float-conversion -Wno-non-literal-null-conversion -Wno-objc-literal-conversion -Wshorten-64-to-32 -Wpointer-sign -Wno-newline-eof -Wno-implicit-fallthrough -isysroot /Applications/Xcode.app/Contents/Developer/Platforms/iPhoneSimulator.platform/Developer/SDKs/iPhoneSimulator26.5.sdk -fstrict-aliasing -Wdeprecated-declarations -Wno-sign-conversion -Wno-infinite-recursion -Wno-comma -Wno-block-capture-autoreleasing -Wno-strict-prototypes -Wno-semicolon-before-method-body @/Users/chrissotraidis/GitHub/caesarpad/build/ios/build/augustus.build/Release-iphonesimulator/Objects-normal/arm64/7187679823f38a2a940e0043cdf9d637-common-args.resp -MMD -MT dependencies -MF /Users/chrissotraidis/GitHub/caesarpad/build/ios/build/augustus.build/Release-iphonesimulator/Objects-normal/arm64/warning-0b95d7f2d363dcbe016753996817ebe4.d --serialize-diagnostics /Users/chrissotraidis/GitHub/caesarpad/build/ios/build/augustus.build/Release-iphonesimulator/Objects-normal/arm64/warning-0b95d7f2d363dcbe016753996817ebe4.dia -c /Users/chrissotraidis/GitHub/caesarpad/engines/augustus/src/graphics/warning.c -o /Users/chrissotraidis/GitHub/caesarpad/build/ios/build/augustus.build/Release-iphonesimulator/Objects-normal/arm64/warning-0b95d7f2d363dcbe016753996817ebe4.o

CompileC /Users/chrissotraidis/GitHub/caesarpad/build/ios/build/augustus.build/Release-iphonesimulator/Objects-normal/arm64/video-6a5b750f085dc7b9ed6006b24a519013.o /Users/chrissotraidis/GitHub/caesarpad/engines/augustus/src/window/video.c normal arm64 c com.apple.compilers.llvm.clang.1_0.compiler (in target 'augustus' from project 'augustus')
    cd /Users/chrissotraidis/GitHub/caesarpad/engines/augustus

    Using response file: /Users/chrissotraidis/GitHub/caesarpad/build/ios/build/augustus.build/Release-iphonesimulator/Objects-normal/arm64/7187679823f38a2a940e0043cdf9d637-common-args.resp

    /Applications/Xcode.app/Contents/Developer/Toolchains/XcodeDefault.xctoolchain/usr/bin/clang -x c -ivfsstatcache /Users/chrissotraidis/GitHub/caesarpad/build/ios/DerivedData/SDKStatCaches.noindex/iphonesimulator26.5-23F81a-6cfe768891a92b912361537c460fe42b.sdkstatcache -target arm64-apple-ios14.0-simulator -fmessage-length\=0 -fdiagnostics-show-note-include-stack -fmacro-backtrace-limit\=0 -fno-color-diagnostics -Wno-trigraphs -Wno-missing-field-initializers -Wno-missing-prototypes -Wno-return-type -Wno-missing-braces -Wparentheses -Wswitch -Wno-unused-function -Wno-unused-label -Wno-unused-parameter -Wno-unused-variable -Wunused-value -Wno-empty-body -Wno-uninitialized -Wno-unknown-pragmas -Wno-shadow -Wno-four-char-constants -Wno-conversion -Wno-constant-conversion -Wno-int-conversion -Wno-bool-conversion -Wno-enum-conversion -Wno-float-conversion -Wno-non-literal-null-conversion -Wno-objc-literal-conversion -Wshorten-64-to-32 -Wpointer-sign -Wno-newline-eof -Wno-implicit-fallthrough -isysroot /Applications/Xcode.app/Contents/Developer/Platforms/iPhoneSimulator.platform/Developer/SDKs/iPhoneSimulator26.5.sdk -fstrict-aliasing -Wdeprecated-declarations -Wno-sign-conversion -Wno-infinite-recursion -Wno-comma -Wno-block-capture-autoreleasing -Wno-strict-prototypes -Wno-semicolon-before-method-body @/Users/chrissotraidis/GitHub/caesarpad/build/ios/build/augustus.build/Release-iphonesimulator/Objects-normal/arm64/7187679823f38a2a940e0043cdf9d637-common-args.resp -MMD -MT dependencies -MF /Users/chrissotraidis/GitHub/caesarpad/build/ios/build/augustus.build/Release-iphonesimulator/Objects-normal/arm64/video-6a5b750f085dc7b9ed6006b24a519013.d --serialize-diagnostics /Users/chrissotraidis/GitHub/caesarpad/build/ios/build/augustus.build/Release-iphonesimulator/Objects-normal/arm64/video-6a5b750f085dc7b9ed6006b24a519013.dia -c /Users/chrissotraidis/GitHub/caesarpad/engines/augustus/src/window/video.c -o /Users/chrissotraidis/GitHub/caesarpad/build/ios/build/augustus.build/Release-iphonesimulator/Objects-normal/arm64/video-6a5b750f085dc7b9ed6006b24a519013.o

CompileC /Users/chrissotraidis/GitHub/caesarpad/build/ios/build/augustus.build/Release-iphonesimulator/Objects-normal/arm64/victory_dialog.o /Users/chrissotraidis/GitHub/caesarpad/engines/augustus/src/window/victory_dialog.c normal arm64 c com.apple.compilers.llvm.clang.1_0.compiler (in target 'augustus' from project 'augustus')
    cd /Users/chrissotraidis/GitHub/caesarpad/engines/augustus

    Using response file: /Users/chrissotraidis/GitHub/caesarpad/build/ios/build/augustus.build/Release-iphonesimulator/Objects-normal/arm64/7187679823f38a2a940e0043cdf9d637-common-args.resp

    /Applications/Xcode.app/Contents/Developer/Toolchains/XcodeDefault.xctoolchain/usr/bin/clang -x c -ivfsstatcache /Users/chrissotraidis/GitHub/caesarpad/build/ios/DerivedData/SDKStatCaches.noindex/iphonesimulator26.5-23F81a-6cfe768891a92b912361537c460fe42b.sdkstatcache -target arm64-apple-ios14.0-simulator -fmessage-length\=0 -fdiagnostics-show-note-include-stack -fmacro-backtrace-limit\=0 -fno-color-diagnostics -Wno-trigraphs -Wno-missing-field-initializers -Wno-missing-prototypes -Wno-return-type -Wno-missing-braces -Wparentheses -Wswitch -Wno-unused-function -Wno-unused-label -Wno-unused-parameter -Wno-unused-variable -Wunused-value -Wno-empty-body -Wno-uninitialized -Wno-unknown-pragmas -Wno-shadow -Wno-four-char-constants -Wno-conversion -Wno-constant-conversion -Wno-int-conversion -Wno-bool-conversion -Wno-enum-conversion -Wno-float-conversion -Wno-non-literal-null-conversion -Wno-objc-literal-conversion -Wshorten-64-to-32 -Wpointer-sign -Wno-newline-eof -Wno-implicit-fallthrough -isysroot /Applications/Xcode.app/Contents/Developer/Platforms/iPhoneSimulator.platform/Developer/SDKs/iPhoneSimulator26.5.sdk -fstrict-aliasing -Wdeprecated-declarations -Wno-sign-conversion -Wno-infinite-recursion -Wno-comma -Wno-block-capture-autoreleasing -Wno-strict-prototypes -Wno-semicolon-before-method-body @/Users/chrissotraidis/GitHub/caesarpad/build/ios/build/augustus.build/Release-iphonesimulator/Objects-normal/arm64/7187679823f38a2a940e0043cdf9d637-common-args.resp -MMD -MT dependencies -MF /Users/chrissotraidis/GitHub/caesarpad/build/ios/build/augustus.build/Release-iphonesimulator/Objects-normal/arm64/victory_dialog.d --serialize-diagnostics /Users/chrissotraidis/GitHub/caesarpad/build/ios/build/augustus.build/Release-iphonesimulator/Objects-normal/arm64/victory_dialog.dia -c /Users/chrissotraidis/GitHub/caesarpad/engines/augustus/src/window/victory_dialog.c -o /Users/chrissotraidis/GitHub/caesarpad/build/ios/build/augustus.build/Release-iphonesimulator/Objects-normal/arm64/victory_dialog.o

CompileC /Users/chrissotraidis/GitHub/caesarpad/build/ios/build/augustus.build/Release-iphonesimulator/Objects-normal/arm64/utility.o /Users/chrissotraidis/GitHub/caesarpad/engines/augustus/src/window/building/utility.c normal arm64 c com.apple.compilers.llvm.clang.1_0.compiler (in target 'augustus' from project 'augustus')
    cd /Users/chrissotraidis/GitHub/caesarpad/engines/augustus

    Using response file: /Users/chrissotraidis/GitHub/caesarpad/build/ios/build/augustus.build/Release-iphonesimulator/Objects-normal/arm64/7187679823f38a2a940e0043cdf9d637-common-args.resp

    /Applications/Xcode.app/Contents/Developer/Toolchains/XcodeDefault.xctoolchain/usr/bin/clang -x c -ivfsstatcache /Users/chrissotraidis/GitHub/caesarpad/build/ios/DerivedData/SDKStatCaches.noindex/iphonesimulator26.5-23F81a-6cfe768891a92b912361537c460fe42b.sdkstatcache -target arm64-apple-ios14.0-simulator -fmessage-length\=0 -fdiagnostics-show-note-include-stack -fmacro-backtrace-limit\=0 -fno-color-diagnostics -Wno-trigraphs -Wno-missing-field-initializers -Wno-missing-prototypes -Wno-return-type -Wno-missing-braces -Wparentheses -Wswitch -Wno-unused-function -Wno-unused-label -Wno-unused-parameter -Wno-unused-variable -Wunused-value -Wno-empty-body -Wno-uninitialized -Wno-unknown-pragmas -Wno-shadow -Wno-four-char-constants -Wno-conversion -Wno-constant-conversion -Wno-int-conversion -Wno-bool-conversion -Wno-enum-conversion -Wno-float-conversion -Wno-non-literal-null-conversion -Wno-objc-literal-conversion -Wshorten-64-to-32 -Wpointer-sign -Wno-newline-eof -Wno-implicit-fallthrough -isysroot /Applications/Xcode.app/Contents/Developer/Platforms/iPhoneSimulator.platform/Developer/SDKs/iPhoneSimulator26.5.sdk -fstrict-aliasing -Wdeprecated-declarations -Wno-sign-conversion -Wno-infinite-recursion -Wno-comma -Wno-block-capture-autoreleasing -Wno-strict-prototypes -Wno-semicolon-before-method-body @/Users/chrissotraidis/GitHub/caesarpad/build/ios/build/augustus.build/Release-iphonesimulator/Objects-normal/arm64/7187679823f38a2a940e0043cdf9d637-common-args.resp -MMD -MT dependencies -MF /Users/chrissotraidis/GitHub/caesarpad/build/ios/build/augustus.build/Release-iphonesimulator/Objects-normal/arm64/utility.d --serialize-diagnostics /Users/chrissotraidis/GitHub/caesarpad/build/ios/build/augustus.build/Release-iphonesimulator/Objects-normal/arm64/utility.dia -c /Users/chrissotraidis/GitHub/caesarpad/engines/augustus/src/window/building/utility.c -o /Users/chrissotraidis/GitHub/caesarpad/build/ios/build/augustus.build/Release-iphonesimulator/Objects-normal/arm64/utility.o

CompileC /Users/chrissotraidis/GitHub/caesarpad/build/ios/build/augustus.build/Release-iphonesimulator/Objects-normal/arm64/user_path_setup.o /Users/chrissotraidis/GitHub/caesarpad/engines/augustus/src/window/user_path_setup.c normal arm64 c com.apple.compilers.llvm.clang.1_0.compiler (in target 'augustus' from project 'augustus')
    cd /Users/chrissotraidis/GitHub/caesarpad/engines/augustus

    Using response file: /Users/chrissotraidis/GitHub/caesarpad/build/ios/build/augustus.build/Release-iphonesimulator/Objects-normal/arm64/7187679823f38a2a940e0043cdf9d637-common-args.resp

    /Applications/Xcode.app/Contents/Developer/Toolchains/XcodeDefault.xctoolchain/usr/bin/clang -x c -ivfsstatcache /Users/chrissotraidis/GitHub/caesarpad/build/ios/DerivedData/SDKStatCaches.noindex/iphonesimulator26.5-23F81a-6cfe768891a92b912361537c460fe42b.sdkstatcache -target arm64-apple-ios14.0-simulator -fmessage-length\=0 -fdiagnostics-show-note-include-stack -fmacro-backtrace-limit\=0 -fno-color-diagnostics -Wno-trigraphs -Wno-missing-field-initializers -Wno-missing-prototypes -Wno-return-type -Wno-missing-braces -Wparentheses -Wswitch -Wno-unused-function -Wno-unused-label -Wno-unused-parameter -Wno-unused-variable -Wunused-value -Wno-empty-body -Wno-uninitialized -Wno-unknown-pragmas -Wno-shadow -Wno-four-char-constants -Wno-conversion -Wno-constant-conversion -Wno-int-conversion -Wno-bool-conversion -Wno-enum-conversion -Wno-float-conversion -Wno-non-literal-null-conversion -Wno-objc-literal-conversion -Wshorten-64-to-32 -Wpointer-sign -Wno-newline-eof -Wno-implicit-fallthrough -isysroot /Applications/Xcode.app/Contents/Developer/Platforms/iPhoneSimulator.platform/Developer/SDKs/iPhoneSimulator26.5.sdk -fstrict-aliasing -Wdeprecated-declarations -Wno-sign-conversion -Wno-infinite-recursion -Wno-comma -Wno-block-capture-autoreleasing -Wno-strict-prototypes -Wno-semicolon-before-method-body @/Users/chrissotraidis/GitHub/caesarpad/build/ios/build/augustus.build/Release-iphonesimulator/Objects-normal/arm64/7187679823f38a2a940e0043cdf9d637-common-args.resp -MMD -MT dependencies -MF /Users/chrissotraidis/GitHub/caesarpad/build/ios/build/augustus.build/Release-iphonesimulator/Objects-normal/arm64/user_path_setup.d --serialize-diagnostics /Users/chrissotraidis/GitHub/caesarpad/build/ios/build/augustus.build/Release-iphonesimulator/Objects-normal/arm64/user_path_setup.dia -c /Users/chrissotraidis/GitHub/caesarpad/engines/augustus/src/window/user_path_setup.c -o /Users/chrissotraidis/GitHub/caesarpad/build/ios/build/augustus.build/Release-iphonesimulator/Objects-normal/arm64/user_path_setup.o
/Users/chrissotraidis/GitHub/caesarpad/engines/augustus/src/window/user_path_setup.c:95:73: warning: implicit conversion loses integer precision: 'long' to 'int' [-Wshorten-64-to-32]
   95 |             cursor += encode_path(cursor, data.user_path, FILE_NAME_MAX - (cursor - text));
      |                       ~~~~~~~~~~~                         ~~~~~~~~~~~~~~^~~~~~~~~~~~~~~~~
/Users/chrissotraidis/GitHub/caesarpad/engines/augustus/src/window/user_path_setup.c:217:70: warning: implicit conversion loses integer precision: 'long' to 'int' [-Wshorten-64-to-32]
  217 |             cursor += encode_path(cursor, recommended, FILE_NAME_MAX - (cursor - recommended_text));
      |                       ~~~~~~~~~~~                      ~~~~~~~~~~~~~~^~~~~~~~~~~~~~~~~~~~~~~~~~~~~
2 warnings generated.

CompileC /Users/chrissotraidis/GitHub/caesarpad/build/ios/build/augustus.build/Release-iphonesimulator/Objects-normal/arm64/undo.o /Users/chrissotraidis/GitHub/caesarpad/engines/augustus/src/game/undo.c normal arm64 c com.apple.compilers.llvm.clang.1_0.compiler (in target 'augustus' from project 'augustus')
    cd /Users/chrissotraidis/GitHub/caesarpad/engines/augustus

    Using response file: /Users/chrissotraidis/GitHub/caesarpad/build/ios/build/augustus.build/Release-iphonesimulator/Objects-normal/arm64/7187679823f38a2a940e0043cdf9d637-common-args.resp

    /Applications/Xcode.app/Contents/Developer/Toolchains/XcodeDefault.xctoolchain/usr/bin/clang -x c -ivfsstatcache /Users/chrissotraidis/GitHub/caesarpad/build/ios/DerivedData/SDKStatCaches.noindex/iphonesimulator26.5-23F81a-6cfe768891a92b912361537c460fe42b.sdkstatcache -target arm64-apple-ios14.0-simulator -fmessage-length\=0 -fdiagnostics-show-note-include-stack -fmacro-backtrace-limit\=0 -fno-color-diagnostics -Wno-trigraphs -Wno-missing-field-initializers -Wno-missing-prototypes -Wno-return-type -Wno-missing-braces -Wparentheses -Wswitch -Wno-unused-function -Wno-unused-label -Wno-unused-parameter -Wno-unused-variable -Wunused-value -Wno-empty-body -Wno-uninitialized -Wno-unknown-pragmas -Wno-shadow -Wno-four-char-constants -Wno-conversion -Wno-constant-conversion -Wno-int-conversion -Wno-bool-conversion -Wno-enum-conversion -Wno-float-conversion -Wno-non-literal-null-conversion -Wno-objc-literal-conversion -Wshorten-64-to-32 -Wpointer-sign -Wno-newline-eof -Wno-implicit-fallthrough -isysroot /Applications/Xcode.app/Contents/Developer/Platforms/iPhoneSimulator.platform/Developer/SDKs/iPhoneSimulator26.5.sdk -fstrict-aliasing -Wdeprecated-declarations -Wno-sign-conversion -Wno-infinite-recursion -Wno-comma -Wno-block-capture-autoreleasing -Wno-strict-prototypes -Wno-semicolon-before-method-body @/Users/chrissotraidis/GitHub/caesarpad/build/ios/build/augustus.build/Release-iphonesimulator/Objects-normal/arm64/7187679823f38a2a940e0043cdf9d637-common-args.resp -MMD -MT dependencies -MF /Users/chrissotraidis/GitHub/caesarpad/build/ios/build/augustus.build/Release-iphonesimulator/Objects-normal/arm64/undo.d --serialize-diagnostics /Users/chrissotraidis/GitHub/caesarpad/build/ios/build/augustus.build/Release-iphonesimulator/Objects-normal/arm64/undo.dia -c /Users/chrissotraidis/GitHub/caesarpad/engines/augustus/src/game/undo.c -o /Users/chrissotraidis/GitHub/caesarpad/build/ios/build/augustus.build/Release-iphonesimulator/Objects-normal/arm64/undo.o

CompileC /Users/chrissotraidis/GitHub/caesarpad/build/ios/build/augustus.build/Release-iphonesimulator/Objects-normal/arm64/trade_prices-3fd7679a2f79fd5d03a0fe175316ec32.o /Users/chrissotraidis/GitHub/caesarpad/engines/augustus/src/window/trade_prices.c normal arm64 c com.apple.compilers.llvm.clang.1_0.compiler (in target 'augustus' from project 'augustus')
    cd /Users/chrissotraidis/GitHub/caesarpad/engines/augustus

    Using response file: /Users/chrissotraidis/GitHub/caesarpad/build/ios/build/augustus.build/Release-iphonesimulator/Objects-normal/arm64/7187679823f38a2a940e0043cdf9d637-common-args.resp

    /Applications/Xcode.app/Contents/Developer/Toolchains/XcodeDefault.xctoolchain/usr/bin/clang -x c -ivfsstatcache /Users/chrissotraidis/GitHub/caesarpad/build/ios/DerivedData/SDKStatCaches.noindex/iphonesimulator26.5-23F81a-6cfe768891a92b912361537c460fe42b.sdkstatcache -target arm64-apple-ios14.0-simulator -fmessage-length\=0 -fdiagnostics-show-note-include-stack -fmacro-backtrace-limit\=0 -fno-color-diagnostics -Wno-trigraphs -Wno-missing-field-initializers -Wno-missing-prototypes -Wno-return-type -Wno-missing-braces -Wparentheses -Wswitch -Wno-unused-function -Wno-unused-label -Wno-unused-parameter -Wno-unused-variable -Wunused-value -Wno-empty-body -Wno-uninitialized -Wno-unknown-pragmas -Wno-shadow -Wno-four-char-constants -Wno-conversion -Wno-constant-conversion -Wno-int-conversion -Wno-bool-conversion -Wno-enum-conversion -Wno-float-conversion -Wno-non-literal-null-conversion -Wno-objc-literal-conversion -Wshorten-64-to-32 -Wpointer-sign -Wno-newline-eof -Wno-implicit-fallthrough -isysroot /Applications/Xcode.app/Contents/Developer/Platforms/iPhoneSimulator.platform/Developer/SDKs/iPhoneSimulator26.5.sdk -fstrict-aliasing -Wdeprecated-declarations -Wno-sign-conversion -Wno-infinite-recursion -Wno-comma -Wno-block-capture-autoreleasing -Wno-strict-prototypes -Wno-semicolon-before-method-body @/Users/chrissotraidis/GitHub/caesarpad/build/ios/build/augustus.build/Release-iphonesimulator/Objects-normal/arm64/7187679823f38a2a940e0043cdf9d637-common-args.resp -MMD -MT dependencies -MF /Users/chrissotraidis/GitHub/caesarpad/build/ios/build/augustus.build/Release-iphonesimulator/Objects-normal/arm64/trade_prices-3fd7679a2f79fd5d03a0fe175316ec32.d --serialize-diagnostics /Users/chrissotraidis/GitHub/caesarpad/build/ios/build/augustus.build/Release-iphonesimulator/Objects-normal/arm64/trade_prices-3fd7679a2f79fd5d03a0fe175316ec32.dia -c /Users/chrissotraidis/GitHub/caesarpad/engines/augustus/src/window/trade_prices.c -o /Users/chrissotraidis/GitHub/caesarpad/build/ios/build/augustus.build/Release-iphonesimulator/Objects-normal/arm64/trade_prices-3fd7679a2f79fd5d03a0fe175316ec32.o

CompileC /Users/chrissotraidis/GitHub/caesarpad/build/ios/build/augustus.build/Release-iphonesimulator/Objects-normal/arm64/trade_opened.o /Users/chrissotraidis/GitHub/caesarpad/engines/augustus/src/window/trade_opened.c normal arm64 c com.apple.compilers.llvm.clang.1_0.compiler (in target 'augustus' from project 'augustus')
    cd /Users/chrissotraidis/GitHub/caesarpad/engines/augustus

    Using response file: /Users/chrissotraidis/GitHub/caesarpad/build/ios/build/augustus.build/Release-iphonesimulator/Objects-normal/arm64/7187679823f38a2a940e0043cdf9d637-common-args.resp

    /Applications/Xcode.app/Contents/Developer/Toolchains/XcodeDefault.xctoolchain/usr/bin/clang -x c -ivfsstatcache /Users/chrissotraidis/GitHub/caesarpad/build/ios/DerivedData/SDKStatCaches.noindex/iphonesimulator26.5-23F81a-6cfe768891a92b912361537c460fe42b.sdkstatcache -target arm64-apple-ios14.0-simulator -fmessage-length\=0 -fdiagnostics-show-note-include-stack -fmacro-backtrace-limit\=0 -fno-color-diagnostics -Wno-trigraphs -Wno-missing-field-initializers -Wno-missing-prototypes -Wno-return-type -Wno-missing-braces -Wparentheses -Wswitch -Wno-unused-function -Wno-unused-label -Wno-unused-parameter -Wno-unused-variable -Wunused-value -Wno-empty-body -Wno-uninitialized -Wno-unknown-pragmas -Wno-shadow -Wno-four-char-constants -Wno-conversion -Wno-constant-conversion -Wno-int-conversion -Wno-bool-conversion -Wno-enum-conversion -Wno-float-conversion -Wno-non-literal-null-conversion -Wno-objc-literal-conversion -Wshorten-64-to-32 -Wpointer-sign -Wno-newline-eof -Wno-implicit-fallthrough -isysroot /Applications/Xcode.app/Contents/Developer/Platforms/iPhoneSimulator.platform/Developer/SDKs/iPhoneSimulator26.5.sdk -fstrict-aliasing -Wdeprecated-declarations -Wno-sign-conversion -Wno-infinite-recursion -Wno-comma -Wno-block-capture-autoreleasing -Wno-strict-prototypes -Wno-semicolon-before-method-body @/Users/chrissotraidis/GitHub/caesarpad/build/ios/build/augustus.build/Release-iphonesimulator/Objects-normal/arm64/7187679823f38a2a940e0043cdf9d637-common-args.resp -MMD -MT dependencies -MF /Users/chrissotraidis/GitHub/caesarpad/build/ios/build/augustus.build/Release-iphonesimulator/Objects-normal/arm64/trade_opened.d --serialize-diagnostics /Users/chrissotraidis/GitHub/caesarpad/build/ios/build/augustus.build/Release-iphonesimulator/Objects-normal/arm64/trade_opened.dia -c /Users/chrissotraidis/GitHub/caesarpad/engines/augustus/src/window/trade_opened.c -o /Users/chrissotraidis/GitHub/caesarpad/build/ios/build/augustus.build/Release-iphonesimulator/Objects-normal/arm64/trade_opened.o

CompileC /Users/chrissotraidis/GitHub/caesarpad/build/ios/build/augustus.build/Release-iphonesimulator/Objects-normal/arm64/trade-90d67456a65be94cb1240dbf87c879a8.o /Users/chrissotraidis/GitHub/caesarpad/engines/augustus/src/window/advisor/trade.c normal arm64 c com.apple.compilers.llvm.clang.1_0.compiler (in target 'augustus' from project 'augustus')
    cd /Users/chrissotraidis/GitHub/caesarpad/engines/augustus

    Using response file: /Users/chrissotraidis/GitHub/caesarpad/build/ios/build/augustus.build/Release-iphonesimulator/Objects-normal/arm64/7187679823f38a2a940e0043cdf9d637-common-args.resp

    /Applications/Xcode.app/Contents/Developer/Toolchains/XcodeDefault.xctoolchain/usr/bin/clang -x c -ivfsstatcache /Users/chrissotraidis/GitHub/caesarpad/build/ios/DerivedData/SDKStatCaches.noindex/iphonesimulator26.5-23F81a-6cfe768891a92b912361537c460fe42b.sdkstatcache -target arm64-apple-ios14.0-simulator -fmessage-length\=0 -fdiagnostics-show-note-include-stack -fmacro-backtrace-limit\=0 -fno-color-diagnostics -Wno-trigraphs -Wno-missing-field-initializers -Wno-missing-prototypes -Wno-return-type -Wno-missing-braces -Wparentheses -Wswitch -Wno-unused-function -Wno-unused-label -Wno-unused-parameter -Wno-unused-variable -Wunused-value -Wno-empty-body -Wno-uninitialized -Wno-unknown-pragmas -Wno-shadow -Wno-four-char-constants -Wno-conversion -Wno-constant-conversion -Wno-int-conversion -Wno-bool-conversion -Wno-enum-conversion -Wno-float-conversion -Wno-non-literal-null-conversion -Wno-objc-literal-conversion -Wshorten-64-to-32 -Wpointer-sign -Wno-newline-eof -Wno-implicit-fallthrough -isysroot /Applications/Xcode.app/Contents/Developer/Platforms/iPhoneSimulator.platform/Developer/SDKs/iPhoneSimulator26.5.sdk -fstrict-aliasing -Wdeprecated-declarations -Wno-sign-conversion -Wno-infinite-recursion -Wno-comma -Wno-block-capture-autoreleasing -Wno-strict-prototypes -Wno-semicolon-before-method-body @/Users/chrissotraidis/GitHub/caesarpad/build/ios/build/augustus.build/Release-iphonesimulator/Objects-normal/arm64/7187679823f38a2a940e0043cdf9d637-common-args.resp -MMD -MT dependencies -MF /Users/chrissotraidis/GitHub/caesarpad/build/ios/build/augustus.build/Release-iphonesimulator/Objects-normal/arm64/trade-90d67456a65be94cb1240dbf87c879a8.d --serialize-diagnostics /Users/chrissotraidis/GitHub/caesarpad/build/ios/build/augustus.build/Release-iphonesimulator/Objects-normal/arm64/trade-90d67456a65be94cb1240dbf87c879a8.dia -c /Users/chrissotraidis/GitHub/caesarpad/engines/augustus/src/window/advisor/trade.c -o /Users/chrissotraidis/GitHub/caesarpad/build/ios/build/augustus.build/Release-iphonesimulator/Objects-normal/arm64/trade-90d67456a65be94cb1240dbf87c879a8.o

CompileC /Users/chrissotraidis/GitHub/caesarpad/build/ios/build/augustus.build/Release-iphonesimulator/Objects-normal/arm64/touch-ececcc10970a71180cb8f6362a879f26.o /Users/chrissotraidis/GitHub/caesarpad/engines/augustus/src/input/touch.c normal arm64 c com.apple.compilers.llvm.clang.1_0.compiler (in target 'augustus' from project 'augustus')
    cd /Users/chrissotraidis/GitHub/caesarpad/engines/augustus

    Using response file: /Users/chrissotraidis/GitHub/caesarpad/build/ios/build/augustus.build/Release-iphonesimulator/Objects-normal/arm64/7187679823f38a2a940e0043cdf9d637-common-args.resp

    /Applications/Xcode.app/Contents/Developer/Toolchains/XcodeDefault.xctoolchain/usr/bin/clang -x c -ivfsstatcache /Users/chrissotraidis/GitHub/caesarpad/build/ios/DerivedData/SDKStatCaches.noindex/iphonesimulator26.5-23F81a-6cfe768891a92b912361537c460fe42b.sdkstatcache -target arm64-apple-ios14.0-simulator -fmessage-length\=0 -fdiagnostics-show-note-include-stack -fmacro-backtrace-limit\=0 -fno-color-diagnostics -Wno-trigraphs -Wno-missing-field-initializers -Wno-missing-prototypes -Wno-return-type -Wno-missing-braces -Wparentheses -Wswitch -Wno-unused-function -Wno-unused-label -Wno-unused-parameter -Wno-unused-variable -Wunused-value -Wno-empty-body -Wno-uninitialized -Wno-unknown-pragmas -Wno-shadow -Wno-four-char-constants -Wno-conversion -Wno-constant-conversion -Wno-int-conversion -Wno-bool-conversion -Wno-enum-conversion -Wno-float-conversion -Wno-non-literal-null-conversion -Wno-objc-literal-conversion -Wshorten-64-to-32 -Wpointer-sign -Wno-newline-eof -Wno-implicit-fallthrough -isysroot /Applications/Xcode.app/Contents/Developer/Platforms/iPhoneSimulator.platform/Developer/SDKs/iPhoneSimulator26.5.sdk -fstrict-aliasing -Wdeprecated-declarations -Wno-sign-conversion -Wno-infinite-recursion -Wno-comma -Wno-block-capture-autoreleasing -Wno-strict-prototypes -Wno-semicolon-before-method-body @/Users/chrissotraidis/GitHub/caesarpad/build/ios/build/augustus.build/Release-iphonesimulator/Objects-normal/arm64/7187679823f38a2a940e0043cdf9d637-common-args.resp -MMD -MT dependencies -MF /Users/chrissotraidis/GitHub/caesarpad/build/ios/build/augustus.build/Release-iphonesimulator/Objects-normal/arm64/touch-ececcc10970a71180cb8f6362a879f26.d --serialize-diagnostics /Users/chrissotraidis/GitHub/caesarpad/build/ios/build/augustus.build/Release-iphonesimulator/Objects-normal/arm64/touch-ececcc10970a71180cb8f6362a879f26.dia -c /Users/chrissotraidis/GitHub/caesarpad/engines/augustus/src/input/touch.c -o /Users/chrissotraidis/GitHub/caesarpad/build/ios/build/augustus.build/Release-iphonesimulator/Objects-normal/arm64/touch-ececcc10970a71180cb8f6362a879f26.o

CompileC /Users/chrissotraidis/GitHub/caesarpad/build/ios/build/augustus.build/Release-iphonesimulator/Objects-normal/arm64/touch-1036220c452651df44c380349a7d370d.o /Users/chrissotraidis/GitHub/caesarpad/engines/augustus/src/platform/SDL2/touch.c normal arm64 c com.apple.compilers.llvm.clang.1_0.compiler (in target 'augustus' from project 'augustus')
    cd /Users/chrissotraidis/GitHub/caesarpad/engines/augustus

    Using response file: /Users/chrissotraidis/GitHub/caesarpad/build/ios/build/augustus.build/Release-iphonesimulator/Objects-normal/arm64/7187679823f38a2a940e0043cdf9d637-common-args.resp

    /Applications/Xcode.app/Contents/Developer/Toolchains/XcodeDefault.xctoolchain/usr/bin/clang -x c -ivfsstatcache /Users/chrissotraidis/GitHub/caesarpad/build/ios/DerivedData/SDKStatCaches.noindex/iphonesimulator26.5-23F81a-6cfe768891a92b912361537c460fe42b.sdkstatcache -target arm64-apple-ios14.0-simulator -fmessage-length\=0 -fdiagnostics-show-note-include-stack -fmacro-backtrace-limit\=0 -fno-color-diagnostics -Wno-trigraphs -Wno-missing-field-initializers -Wno-missing-prototypes -Wno-return-type -Wno-missing-braces -Wparentheses -Wswitch -Wno-unused-function -Wno-unused-label -Wno-unused-parameter -Wno-unused-variable -Wunused-value -Wno-empty-body -Wno-uninitialized -Wno-unknown-pragmas -Wno-shadow -Wno-four-char-constants -Wno-conversion -Wno-constant-conversion -Wno-int-conversion -Wno-bool-conversion -Wno-enum-conversion -Wno-float-conversion -Wno-non-literal-null-conversion -Wno-objc-literal-conversion -Wshorten-64-to-32 -Wpointer-sign -Wno-newline-eof -Wno-implicit-fallthrough -isysroot /Applications/Xcode.app/Contents/Developer/Platforms/iPhoneSimulator.platform/Developer/SDKs/iPhoneSimulator26.5.sdk -fstrict-aliasing -Wdeprecated-declarations -Wno-sign-conversion -Wno-infinite-recursion -Wno-comma -Wno-block-capture-autoreleasing -Wno-strict-prototypes -Wno-semicolon-before-method-body @/Users/chrissotraidis/GitHub/caesarpad/build/ios/build/augustus.build/Release-iphonesimulator/Objects-normal/arm64/7187679823f38a2a940e0043cdf9d637-common-args.resp -MMD -MT dependencies -MF /Users/chrissotraidis/GitHub/caesarpad/build/ios/build/augustus.build/Release-iphonesimulator/Objects-normal/arm64/touch-1036220c452651df44c380349a7d370d.d --serialize-diagnostics /Users/chrissotraidis/GitHub/caesarpad/build/ios/build/augustus.build/Release-iphonesimulator/Objects-normal/arm64/touch-1036220c452651df44c380349a7d370d.dia -c /Users/chrissotraidis/GitHub/caesarpad/engines/augustus/src/platform/SDL2/touch.c -o /Users/chrissotraidis/GitHub/caesarpad/build/ios/build/augustus.build/Release-iphonesimulator/Objects-normal/arm64/touch-1036220c452651df44c380349a7d370d.o

CompileC /Users/chrissotraidis/GitHub/caesarpad/build/ios/build/augustus.build/Release-iphonesimulator/Objects-normal/arm64/top_menu_editor.o /Users/chrissotraidis/GitHub/caesarpad/engines/augustus/src/widget/top_menu_editor.c normal arm64 c com.apple.compilers.llvm.clang.1_0.compiler (in target 'augustus' from project 'augustus')
    cd /Users/chrissotraidis/GitHub/caesarpad/engines/augustus

    Using response file: /Users/chrissotraidis/GitHub/caesarpad/build/ios/build/augustus.build/Release-iphonesimulator/Objects-normal/arm64/7187679823f38a2a940e0043cdf9d637-common-args.resp

    /Applications/Xcode.app/Contents/Developer/Toolchains/XcodeDefault.xctoolchain/usr/bin/clang -x c -ivfsstatcache /Users/chrissotraidis/GitHub/caesarpad/build/ios/DerivedData/SDKStatCaches.noindex/iphonesimulator26.5-23F81a-6cfe768891a92b912361537c460fe42b.sdkstatcache -target arm64-apple-ios14.0-simulator -fmessage-length\=0 -fdiagnostics-show-note-include-stack -fmacro-backtrace-limit\=0 -fno-color-diagnostics -Wno-trigraphs -Wno-missing-field-initializers -Wno-missing-prototypes -Wno-return-type -Wno-missing-braces -Wparentheses -Wswitch -Wno-unused-function -Wno-unused-label -Wno-unused-parameter -Wno-unused-variable -Wunused-value -Wno-empty-body -Wno-uninitialized -Wno-unknown-pragmas -Wno-shadow -Wno-four-char-constants -Wno-conversion -Wno-constant-conversion -Wno-int-conversion -Wno-bool-conversion -Wno-enum-conversion -Wno-float-conversion -Wno-non-literal-null-conversion -Wno-objc-literal-conversion -Wshorten-64-to-32 -Wpointer-sign -Wno-newline-eof -Wno-implicit-fallthrough -isysroot /Applications/Xcode.app/Contents/Developer/Platforms/iPhoneSimulator.platform/Developer/SDKs/iPhoneSimulator26.5.sdk -fstrict-aliasing -Wdeprecated-declarations -Wno-sign-conversion -Wno-infinite-recursion -Wno-comma -Wno-block-capture-autoreleasing -Wno-strict-prototypes -Wno-semicolon-before-method-body @/Users/chrissotraidis/GitHub/caesarpad/build/ios/build/augustus.build/Release-iphonesimulator/Objects-normal/arm64/7187679823f38a2a940e0043cdf9d637-common-args.resp -MMD -MT dependencies -MF /Users/chrissotraidis/GitHub/caesarpad/build/ios/build/augustus.build/Release-iphonesimulator/Objects-normal/arm64/top_menu_editor.d --serialize-diagnostics /Users/chrissotraidis/GitHub/caesarpad/build/ios/build/augustus.build/Release-iphonesimulator/Objects-normal/arm64/top_menu_editor.dia -c /Users/chrissotraidis/GitHub/caesarpad/engines/augustus/src/widget/top_menu_editor.c -o /Users/chrissotraidis/GitHub/caesarpad/build/ios/build/augustus.build/Release-iphonesimulator/Objects-normal/arm64/top_menu_editor.o

CompileC /Users/chrissotraidis/GitHub/caesarpad/build/ios/build/augustus.build/Release-iphonesimulator/Objects-normal/arm64/top_menu.o /Users/chrissotraidis/GitHub/caesarpad/engines/augustus/src/widget/top_menu.c normal arm64 c com.apple.compilers.llvm.clang.1_0.compiler (in target 'augustus' from project 'augustus')
    cd /Users/chrissotraidis/GitHub/caesarpad/engines/augustus

    Using response file: /Users/chrissotraidis/GitHub/caesarpad/build/ios/build/augustus.build/Release-iphonesimulator/Objects-normal/arm64/7187679823f38a2a940e0043cdf9d637-common-args.resp

    /Applications/Xcode.app/Contents/Developer/Toolchains/XcodeDefault.xctoolchain/usr/bin/clang -x c -ivfsstatcache /Users/chrissotraidis/GitHub/caesarpad/build/ios/DerivedData/SDKStatCaches.noindex/iphonesimulator26.5-23F81a-6cfe768891a92b912361537c460fe42b.sdkstatcache -target arm64-apple-ios14.0-simulator -fmessage-length\=0 -fdiagnostics-show-note-include-stack -fmacro-backtrace-limit\=0 -fno-color-diagnostics -Wno-trigraphs -Wno-missing-field-initializers -Wno-missing-prototypes -Wno-return-type -Wno-missing-braces -Wparentheses -Wswitch -Wno-unused-function -Wno-unused-label -Wno-unused-parameter -Wno-unused-variable -Wunused-value -Wno-empty-body -Wno-uninitialized -Wno-unknown-pragmas -Wno-shadow -Wno-four-char-constants -Wno-conversion -Wno-constant-conversion -Wno-int-conversion -Wno-bool-conversion -Wno-enum-conversion -Wno-float-conversion -Wno-non-literal-null-conversion -Wno-objc-literal-conversion -Wshorten-64-to-32 -Wpointer-sign -Wno-newline-eof -Wno-implicit-fallthrough -isysroot /Applications/Xcode.app/Contents/Developer/Platforms/iPhoneSimulator.platform/Developer/SDKs/iPhoneSimulator26.5.sdk -fstrict-aliasing -Wdeprecated-declarations -Wno-sign-conversion -Wno-infinite-recursion -Wno-comma -Wno-block-capture-autoreleasing -Wno-strict-prototypes -Wno-semicolon-before-method-body @/Users/chrissotraidis/GitHub/caesarpad/build/ios/build/augustus.build/Release-iphonesimulator/Objects-normal/arm64/7187679823f38a2a940e0043cdf9d637-common-args.resp -MMD -MT dependencies -MF /Users/chrissotraidis/GitHub/caesarpad/build/ios/build/augustus.build/Release-iphonesimulator/Objects-normal/arm64/top_menu.d --serialize-diagnostics /Users/chrissotraidis/GitHub/caesarpad/build/ios/build/augustus.build/Release-iphonesimulator/Objects-normal/arm64/top_menu.dia -c /Users/chrissotraidis/GitHub/caesarpad/engines/augustus/src/widget/top_menu.c -o /Users/chrissotraidis/GitHub/caesarpad/build/ios/build/augustus.build/Release-iphonesimulator/Objects-normal/arm64/top_menu.o

CompileC /Users/chrissotraidis/GitHub/caesarpad/build/ios/build/augustus.build/Release-iphonesimulator/Objects-normal/arm64/tooltip.o /Users/chrissotraidis/GitHub/caesarpad/engines/augustus/src/graphics/tooltip.c normal arm64 c com.apple.compilers.llvm.clang.1_0.compiler (in target 'augustus' from project 'augustus')
    cd /Users/chrissotraidis/GitHub/caesarpad/engines/augustus

    Using response file: /Users/chrissotraidis/GitHub/caesarpad/build/ios/build/augustus.build/Release-iphonesimulator/Objects-normal/arm64/7187679823f38a2a940e0043cdf9d637-common-args.resp

    /Applications/Xcode.app/Contents/Developer/Toolchains/XcodeDefault.xctoolchain/usr/bin/clang -x c -ivfsstatcache /Users/chrissotraidis/GitHub/caesarpad/build/ios/DerivedData/SDKStatCaches.noindex/iphonesimulator26.5-23F81a-6cfe768891a92b912361537c460fe42b.sdkstatcache -target arm64-apple-ios14.0-simulator -fmessage-length\=0 -fdiagnostics-show-note-include-stack -fmacro-backtrace-limit\=0 -fno-color-diagnostics -Wno-trigraphs -Wno-missing-field-initializers -Wno-missing-prototypes -Wno-return-type -Wno-missing-braces -Wparentheses -Wswitch -Wno-unused-function -Wno-unused-label -Wno-unused-parameter -Wno-unused-variable -Wunused-value -Wno-empty-body -Wno-uninitialized -Wno-unknown-pragmas -Wno-shadow -Wno-four-char-constants -Wno-conversion -Wno-constant-conversion -Wno-int-conversion -Wno-bool-conversion -Wno-enum-conversion -Wno-float-conversion -Wno-non-literal-null-conversion -Wno-objc-literal-conversion -Wshorten-64-to-32 -Wpointer-sign -Wno-newline-eof -Wno-implicit-fallthrough -isysroot /Applications/Xcode.app/Contents/Developer/Platforms/iPhoneSimulator.platform/Developer/SDKs/iPhoneSimulator26.5.sdk -fstrict-aliasing -Wdeprecated-declarations -Wno-sign-conversion -Wno-infinite-recursion -Wno-comma -Wno-block-capture-autoreleasing -Wno-strict-prototypes -Wno-semicolon-before-method-body @/Users/chrissotraidis/GitHub/caesarpad/build/ios/build/augustus.build/Release-iphonesimulator/Objects-normal/arm64/7187679823f38a2a940e0043cdf9d637-common-args.resp -MMD -MT dependencies -MF /Users/chrissotraidis/GitHub/caesarpad/build/ios/build/augustus.build/Release-iphonesimulator/Objects-normal/arm64/tooltip.d --serialize-diagnostics /Users/chrissotraidis/GitHub/caesarpad/build/ios/build/augustus.build/Release-iphonesimulator/Objects-normal/arm64/tooltip.dia -c /Users/chrissotraidis/GitHub/caesarpad/engines/augustus/src/graphics/tooltip.c -o /Users/chrissotraidis/GitHub/caesarpad/build/ios/build/augustus.build/Release-iphonesimulator/Objects-normal/arm64/tooltip.o
/Users/chrissotraidis/GitHub/caesarpad/engines/augustus/src/graphics/tooltip.c:82:57: warning: implicit conversion loses integer precision: 'time_millis' (aka 'unsigned long long') to 'int' [-Wshorten-64-to-32]
   82 |         int opacity = calc_percentage(time_get_millis() - last_update, TOOLTIP_FADE_IN_MILLIS);
      |                       ~~~~~~~~~~~~~~~ ~~~~~~~~~~~~~~~~~~^~~~~~~~~~~~~
1 warning generated.

CompileC /Users/chrissotraidis/GitHub/caesarpad/build/ios/build/augustus.build/Release-iphonesimulator/Objects-normal/arm64/tick.o /Users/chrissotraidis/GitHub/caesarpad/engines/augustus/src/game/tick.c normal arm64 c com.apple.compilers.llvm.clang.1_0.compiler (in target 'augustus' from project 'augustus')
    cd /Users/chrissotraidis/GitHub/caesarpad/engines/augustus

    Using response file: /Users/chrissotraidis/GitHub/caesarpad/build/ios/build/augustus.build/Release-iphonesimulator/Objects-normal/arm64/7187679823f38a2a940e0043cdf9d637-common-args.resp

    /Applications/Xcode.app/Contents/Developer/Toolchains/XcodeDefault.xctoolchain/usr/bin/clang -x c -ivfsstatcache /Users/chrissotraidis/GitHub/caesarpad/build/ios/DerivedData/SDKStatCaches.noindex/iphonesimulator26.5-23F81a-6cfe768891a92b912361537c460fe42b.sdkstatcache -target arm64-apple-ios14.0-simulator -fmessage-length\=0 -fdiagnostics-show-note-include-stack -fmacro-backtrace-limit\=0 -fno-color-diagnostics -Wno-trigraphs -Wno-missing-field-initializers -Wno-missing-prototypes -Wno-return-type -Wno-missing-braces -Wparentheses -Wswitch -Wno-unused-function -Wno-unused-label -Wno-unused-parameter -Wno-unused-variable -Wunused-value -Wno-empty-body -Wno-uninitialized -Wno-unknown-pragmas -Wno-shadow -Wno-four-char-constants -Wno-conversion -Wno-constant-conversion -Wno-int-conversion -Wno-bool-conversion -Wno-enum-conversion -Wno-float-conversion -Wno-non-literal-null-conversion -Wno-objc-literal-conversion -Wshorten-64-to-32 -Wpointer-sign -Wno-newline-eof -Wno-implicit-fallthrough -isysroot /Applications/Xcode.app/Contents/Developer/Platforms/iPhoneSimulator.platform/Developer/SDKs/iPhoneSimulator26.5.sdk -fstrict-aliasing -Wdeprecated-declarations -Wno-sign-conversion -Wno-infinite-recursion -Wno-comma -Wno-block-capture-autoreleasing -Wno-strict-prototypes -Wno-semicolon-before-method-body @/Users/chrissotraidis/GitHub/caesarpad/build/ios/build/augustus.build/Release-iphonesimulator/Objects-normal/arm64/7187679823f38a2a940e0043cdf9d637-common-args.resp -MMD -MT dependencies -MF /Users/chrissotraidis/GitHub/caesarpad/build/ios/build/augustus.build/Release-iphonesimulator/Objects-normal/arm64/tick.d --serialize-diagnostics /Users/chrissotraidis/GitHub/caesarpad/build/ios/build/augustus.build/Release-iphonesimulator/Objects-normal/arm64/tick.dia -c /Users/chrissotraidis/GitHub/caesarpad/engines/augustus/src/game/tick.c -o /Users/chrissotraidis/GitHub/caesarpad/build/ios/build/augustus.build/Release-iphonesimulator/Objects-normal/arm64/tick.o

CompileC /Users/chrissotraidis/GitHub/caesarpad/build/ios/build/augustus.build/Release-iphonesimulator/Objects-normal/arm64/text_input.o /Users/chrissotraidis/GitHub/caesarpad/engines/augustus/src/window/text_input.c normal arm64 c com.apple.compilers.llvm.clang.1_0.compiler (in target 'augustus' from project 'augustus')
    cd /Users/chrissotraidis/GitHub/caesarpad/engines/augustus

    Using response file: /Users/chrissotraidis/GitHub/caesarpad/build/ios/build/augustus.build/Release-iphonesimulator/Objects-normal/arm64/7187679823f38a2a940e0043cdf9d637-common-args.resp

    /Applications/Xcode.app/Contents/Developer/Toolchains/XcodeDefault.xctoolchain/usr/bin/clang -x c -ivfsstatcache /Users/chrissotraidis/GitHub/caesarpad/build/ios/DerivedData/SDKStatCaches.noindex/iphonesimulator26.5-23F81a-6cfe768891a92b912361537c460fe42b.sdkstatcache -target arm64-apple-ios14.0-simulator -fmessage-length\=0 -fdiagnostics-show-note-include-stack -fmacro-backtrace-limit\=0 -fno-color-diagnostics -Wno-trigraphs -Wno-missing-field-initializers -Wno-missing-prototypes -Wno-return-type -Wno-missing-braces -Wparentheses -Wswitch -Wno-unused-function -Wno-unused-label -Wno-unused-parameter -Wno-unused-variable -Wunused-value -Wno-empty-body -Wno-uninitialized -Wno-unknown-pragmas -Wno-shadow -Wno-four-char-constants -Wno-conversion -Wno-constant-conversion -Wno-int-conversion -Wno-bool-conversion -Wno-enum-conversion -Wno-float-conversion -Wno-non-literal-null-conversion -Wno-objc-literal-conversion -Wshorten-64-to-32 -Wpointer-sign -Wno-newline-eof -Wno-implicit-fallthrough -isysroot /Applications/Xcode.app/Contents/Developer/Platforms/iPhoneSimulator.platform/Developer/SDKs/iPhoneSimulator26.5.sdk -fstrict-aliasing -Wdeprecated-declarations -Wno-sign-conversion -Wno-infinite-recursion -Wno-comma -Wno-block-capture-autoreleasing -Wno-strict-prototypes -Wno-semicolon-before-method-body @/Users/chrissotraidis/GitHub/caesarpad/build/ios/build/augustus.build/Release-iphonesimulator/Objects-normal/arm64/7187679823f38a2a940e0043cdf9d637-common-args.resp -MMD -MT dependencies -MF /Users/chrissotraidis/GitHub/caesarpad/build/ios/build/augustus.build/Release-iphonesimulator/Objects-normal/arm64/text_input.d --serialize-diagnostics /Users/chrissotraidis/GitHub/caesarpad/build/ios/build/augustus.build/Release-iphonesimulator/Objects-normal/arm64/text_input.dia -c /Users/chrissotraidis/GitHub/caesarpad/engines/augustus/src/window/text_input.c -o /Users/chrissotraidis/GitHub/caesarpad/build/ios/build/augustus.build/Release-iphonesimulator/Objects-normal/arm64/text_input.o

CompileC /Users/chrissotraidis/GitHub/caesarpad/build/ios/build/augustus.build/Release-iphonesimulator/Objects-normal/arm64/text.o /Users/chrissotraidis/GitHub/caesarpad/engines/augustus/src/graphics/text.c normal arm64 c com.apple.compilers.llvm.clang.1_0.compiler (in target 'augustus' from project 'augustus')
    cd /Users/chrissotraidis/GitHub/caesarpad/engines/augustus

    Using response file: /Users/chrissotraidis/GitHub/caesarpad/build/ios/build/augustus.build/Release-iphonesimulator/Objects-normal/arm64/7187679823f38a2a940e0043cdf9d637-common-args.resp

    /Applications/Xcode.app/Contents/Developer/Toolchains/XcodeDefault.xctoolchain/usr/bin/clang -x c -ivfsstatcache /Users/chrissotraidis/GitHub/caesarpad/build/ios/DerivedData/SDKStatCaches.noindex/iphonesimulator26.5-23F81a-6cfe768891a92b912361537c460fe42b.sdkstatcache -target arm64-apple-ios14.0-simulator -fmessage-length\=0 -fdiagnostics-show-note-include-stack -fmacro-backtrace-limit\=0 -fno-color-diagnostics -Wno-trigraphs -Wno-missing-field-initializers -Wno-missing-prototypes -Wno-return-type -Wno-missing-braces -Wparentheses -Wswitch -Wno-unused-function -Wno-unused-label -Wno-unused-parameter -Wno-unused-variable -Wunused-value -Wno-empty-body -Wno-uninitialized -Wno-unknown-pragmas -Wno-shadow -Wno-four-char-constants -Wno-conversion -Wno-constant-conversion -Wno-int-conversion -Wno-bool-conversion -Wno-enum-conversion -Wno-float-conversion -Wno-non-literal-null-conversion -Wno-objc-literal-conversion -Wshorten-64-to-32 -Wpointer-sign -Wno-newline-eof -Wno-implicit-fallthrough -isysroot /Applications/Xcode.app/Contents/Developer/Platforms/iPhoneSimulator.platform/Developer/SDKs/iPhoneSimulator26.5.sdk -fstrict-aliasing -Wdeprecated-declarations -Wno-sign-conversion -Wno-infinite-recursion -Wno-comma -Wno-block-capture-autoreleasing -Wno-strict-prototypes -Wno-semicolon-before-method-body @/Users/chrissotraidis/GitHub/caesarpad/build/ios/build/augustus.build/Release-iphonesimulator/Objects-normal/arm64/7187679823f38a2a940e0043cdf9d637-common-args.resp -MMD -MT dependencies -MF /Users/chrissotraidis/GitHub/caesarpad/build/ios/build/augustus.build/Release-iphonesimulator/Objects-normal/arm64/text.d --serialize-diagnostics /Users/chrissotraidis/GitHub/caesarpad/build/ios/build/augustus.build/Release-iphonesimulator/Objects-normal/arm64/text.dia -c /Users/chrissotraidis/GitHub/caesarpad/engines/augustus/src/graphics/text.c -o /Users/chrissotraidis/GitHub/caesarpad/build/ios/build/augustus.build/Release-iphonesimulator/Objects-normal/arm64/text.o

CompileC /Users/chrissotraidis/GitHub/caesarpad/build/ios/build/augustus.build/Release-iphonesimulator/Objects-normal/arm64/terrain-91f5d2012d529da0a07823b5263f7d89.o /Users/chrissotraidis/GitHub/caesarpad/engines/augustus/src/window/building/terrain.c normal arm64 c com.apple.compilers.llvm.clang.1_0.compiler (in target 'augustus' from project 'augustus')
    cd /Users/chrissotraidis/GitHub/caesarpad/engines/augustus

    Using response file: /Users/chrissotraidis/GitHub/caesarpad/build/ios/build/augustus.build/Release-iphonesimulator/Objects-normal/arm64/7187679823f38a2a940e0043cdf9d637-common-args.resp

    /Applications/Xcode.app/Contents/Developer/Toolchains/XcodeDefault.xctoolchain/usr/bin/clang -x c -ivfsstatcache /Users/chrissotraidis/GitHub/caesarpad/build/ios/DerivedData/SDKStatCaches.noindex/iphonesimulator26.5-23F81a-6cfe768891a92b912361537c460fe42b.sdkstatcache -target arm64-apple-ios14.0-simulator -fmessage-length\=0 -fdiagnostics-show-note-include-stack -fmacro-backtrace-limit\=0 -fno-color-diagnostics -Wno-trigraphs -Wno-missing-field-initializers -Wno-missing-prototypes -Wno-return-type -Wno-missing-braces -Wparentheses -Wswitch -Wno-unused-function -Wno-unused-label -Wno-unused-parameter -Wno-unused-variable -Wunused-value -Wno-empty-body -Wno-uninitialized -Wno-unknown-pragmas -Wno-shadow -Wno-four-char-constants -Wno-conversion -Wno-constant-conversion -Wno-int-conversion -Wno-bool-conversion -Wno-enum-conversion -Wno-float-conversion -Wno-non-literal-null-conversion -Wno-objc-literal-conversion -Wshorten-64-to-32 -Wpointer-sign -Wno-newline-eof -Wno-implicit-fallthrough -isysroot /Applications/Xcode.app/Contents/Developer/Platforms/iPhoneSimulator.platform/Developer/SDKs/iPhoneSimulator26.5.sdk -fstrict-aliasing -Wdeprecated-declarations -Wno-sign-conversion -Wno-infinite-recursion -Wno-comma -Wno-block-capture-autoreleasing -Wno-strict-prototypes -Wno-semicolon-before-method-body @/Users/chrissotraidis/GitHub/caesarpad/build/ios/build/augustus.build/Release-iphonesimulator/Objects-normal/arm64/7187679823f38a2a940e0043cdf9d637-common-args.resp -MMD -MT dependencies -MF /Users/chrissotraidis/GitHub/caesarpad/build/ios/build/augustus.build/Release-iphonesimulator/Objects-normal/arm64/terrain-91f5d2012d529da0a07823b5263f7d89.d --serialize-diagnostics /Users/chrissotraidis/GitHub/caesarpad/build/ios/build/augustus.build/Release-iphonesimulator/Objects-normal/arm64/terrain-91f5d2012d529da0a07823b5263f7d89.dia -c /Users/chrissotraidis/GitHub/caesarpad/engines/augustus/src/window/building/terrain.c -o /Users/chrissotraidis/GitHub/caesarpad/build/ios/build/augustus.build/Release-iphonesimulator/Objects-normal/arm64/terrain-91f5d2012d529da0a07823b5263f7d89.o

CompileC /Users/chrissotraidis/GitHub/caesarpad/build/ios/build/augustus.build/Release-iphonesimulator/Objects-normal/arm64/starting_conditions.o /Users/chrissotraidis/GitHub/caesarpad/engines/augustus/src/window/editor/starting_conditions.c normal arm64 c com.apple.compilers.llvm.clang.1_0.compiler (in target 'augustus' from project 'augustus')
    cd /Users/chrissotraidis/GitHub/caesarpad/engines/augustus

    Using response file: /Users/chrissotraidis/GitHub/caesarpad/build/ios/build/augustus.build/Release-iphonesimulator/Objects-normal/arm64/7187679823f38a2a940e0043cdf9d637-common-args.resp

    /Applications/Xcode.app/Contents/Developer/Toolchains/XcodeDefault.xctoolchain/usr/bin/clang -x c -ivfsstatcache /Users/chrissotraidis/GitHub/caesarpad/build/ios/DerivedData/SDKStatCaches.noindex/iphonesimulator26.5-23F81a-6cfe768891a92b912361537c460fe42b.sdkstatcache -target arm64-apple-ios14.0-simulator -fmessage-length\=0 -fdiagnostics-show-note-include-stack -fmacro-backtrace-limit\=0 -fno-color-diagnostics -Wno-trigraphs -Wno-missing-field-initializers -Wno-missing-prototypes -Wno-return-type -Wno-missing-braces -Wparentheses -Wswitch -Wno-unused-function -Wno-unused-label -Wno-unused-parameter -Wno-unused-variable -Wunused-value -Wno-empty-body -Wno-uninitialized -Wno-unknown-pragmas -Wno-shadow -Wno-four-char-constants -Wno-conversion -Wno-constant-conversion -Wno-int-conversion -Wno-bool-conversion -Wno-enum-conversion -Wno-float-conversion -Wno-non-literal-null-conversion -Wno-objc-literal-conversion -Wshorten-64-to-32 -Wpointer-sign -Wno-newline-eof -Wno-implicit-fallthrough -isysroot /Applications/Xcode.app/Contents/Developer/Platforms/iPhoneSimulator.platform/Developer/SDKs/iPhoneSimulator26.5.sdk -fstrict-aliasing -Wdeprecated-declarations -Wno-sign-conversion -Wno-infinite-recursion -Wno-comma -Wno-block-capture-autoreleasing -Wno-strict-prototypes -Wno-semicolon-before-method-body @/Users/chrissotraidis/GitHub/caesarpad/build/ios/build/augustus.build/Release-iphonesimulator/Objects-normal/arm64/7187679823f38a2a940e0043cdf9d637-common-args.resp -MMD -MT dependencies -MF /Users/chrissotraidis/GitHub/caesarpad/build/ios/build/augustus.build/Release-iphonesimulator/Objects-normal/arm64/starting_conditions.d --serialize-diagnostics /Users/chrissotraidis/GitHub/caesarpad/build/ios/build/augustus.build/Release-iphonesimulator/Objects-normal/arm64/starting_conditions.dia -c /Users/chrissotraidis/GitHub/caesarpad/engines/augustus/src/window/editor/starting_conditions.c -o /Users/chrissotraidis/GitHub/caesarpad/build/ios/build/augustus.build/Release-iphonesimulator/Objects-normal/arm64/starting_conditions.o

CompileC /Users/chrissotraidis/GitHub/caesarpad/build/ios/build/augustus.build/Release-iphonesimulator/Objects-normal/arm64/start_year.o /Users/chrissotraidis/GitHub/caesarpad/engines/augustus/src/window/editor/start_year.c normal arm64 c com.apple.compilers.llvm.clang.1_0.compiler (in target 'augustus' from project 'augustus')
    cd /Users/chrissotraidis/GitHub/caesarpad/engines/augustus

    Using response file: /Users/chrissotraidis/GitHub/caesarpad/build/ios/build/augustus.build/Release-iphonesimulator/Objects-normal/arm64/7187679823f38a2a940e0043cdf9d637-common-args.resp

    /Applications/Xcode.app/Contents/Developer/Toolchains/XcodeDefault.xctoolchain/usr/bin/clang -x c -ivfsstatcache /Users/chrissotraidis/GitHub/caesarpad/build/ios/DerivedData/SDKStatCaches.noindex/iphonesimulator26.5-23F81a-6cfe768891a92b912361537c460fe42b.sdkstatcache -target arm64-apple-ios14.0-simulator -fmessage-length\=0 -fdiagnostics-show-note-include-stack -fmacro-backtrace-limit\=0 -fno-color-diagnostics -Wno-trigraphs -Wno-missing-field-initializers -Wno-missing-prototypes -Wno-return-type -Wno-missing-braces -Wparentheses -Wswitch -Wno-unused-function -Wno-unused-label -Wno-unused-parameter -Wno-unused-variable -Wunused-value -Wno-empty-body -Wno-uninitialized -Wno-unknown-pragmas -Wno-shadow -Wno-four-char-constants -Wno-conversion -Wno-constant-conversion -Wno-int-conversion -Wno-bool-conversion -Wno-enum-conversion -Wno-float-conversion -Wno-non-literal-null-conversion -Wno-objc-literal-conversion -Wshorten-64-to-32 -Wpointer-sign -Wno-newline-eof -Wno-implicit-fallthrough -isysroot /Applications/Xcode.app/Contents/Developer/Platforms/iPhoneSimulator.platform/Developer/SDKs/iPhoneSimulator26.5.sdk -fstrict-aliasing -Wdeprecated-declarations -Wno-sign-conversion -Wno-infinite-recursion -Wno-comma -Wno-block-capture-autoreleasing -Wno-strict-prototypes -Wno-semicolon-before-method-body @/Users/chrissotraidis/GitHub/caesarpad/build/ios/build/augustus.build/Release-iphonesimulator/Objects-normal/arm64/7187679823f38a2a940e0043cdf9d637-common-args.resp -MMD -MT dependencies -MF /Users/chrissotraidis/GitHub/caesarpad/build/ios/build/augustus.build/Release-iphonesimulator/Objects-normal/arm64/start_year.d --serialize-diagnostics /Users/chrissotraidis/GitHub/caesarpad/build/ios/build/augustus.build/Release-iphonesimulator/Objects-normal/arm64/start_year.dia -c /Users/chrissotraidis/GitHub/caesarpad/engines/augustus/src/window/editor/start_year.c -o /Users/chrissotraidis/GitHub/caesarpad/build/ios/build/augustus.build/Release-iphonesimulator/Objects-normal/arm64/start_year.o

CompileC /Users/chrissotraidis/GitHub/caesarpad/build/ios/build/augustus.build/Release-iphonesimulator/Objects-normal/arm64/speed-b088bbe58cb308d374fdc466c544d83f.o /Users/chrissotraidis/GitHub/caesarpad/engines/augustus/src/game/speed.c normal arm64 c com.apple.compilers.llvm.clang.1_0.compiler (in target 'augustus' from project 'augustus')
    cd /Users/chrissotraidis/GitHub/caesarpad/engines/augustus

    Using response file: /Users/chrissotraidis/GitHub/caesarpad/build/ios/build/augustus.build/Release-iphonesimulator/Objects-normal/arm64/7187679823f38a2a940e0043cdf9d637-common-args.resp

    /Applications/Xcode.app/Contents/Developer/Toolchains/XcodeDefault.xctoolchain/usr/bin/clang -x c -ivfsstatcache /Users/chrissotraidis/GitHub/caesarpad/build/ios/DerivedData/SDKStatCaches.noindex/iphonesimulator26.5-23F81a-6cfe768891a92b912361537c460fe42b.sdkstatcache -target arm64-apple-ios14.0-simulator -fmessage-length\=0 -fdiagnostics-show-note-include-stack -fmacro-backtrace-limit\=0 -fno-color-diagnostics -Wno-trigraphs -Wno-missing-field-initializers -Wno-missing-prototypes -Wno-return-type -Wno-missing-braces -Wparentheses -Wswitch -Wno-unused-function -Wno-unused-label -Wno-unused-parameter -Wno-unused-variable -Wunused-value -Wno-empty-body -Wno-uninitialized -Wno-unknown-pragmas -Wno-shadow -Wno-four-char-constants -Wno-conversion -Wno-constant-conversion -Wno-int-conversion -Wno-bool-conversion -Wno-enum-conversion -Wno-float-conversion -Wno-non-literal-null-conversion -Wno-objc-literal-conversion -Wshorten-64-to-32 -Wpointer-sign -Wno-newline-eof -Wno-implicit-fallthrough -isysroot /Applications/Xcode.app/Contents/Developer/Platforms/iPhoneSimulator.platform/Developer/SDKs/iPhoneSimulator26.5.sdk -fstrict-aliasing -Wdeprecated-declarations -Wno-sign-conversion -Wno-infinite-recursion -Wno-comma -Wno-block-capture-autoreleasing -Wno-strict-prototypes -Wno-semicolon-before-method-body @/Users/chrissotraidis/GitHub/caesarpad/build/ios/build/augustus.build/Release-iphonesimulator/Objects-normal/arm64/7187679823f38a2a940e0043cdf9d637-common-args.resp -MMD -MT dependencies -MF /Users/chrissotraidis/GitHub/caesarpad/build/ios/build/augustus.build/Release-iphonesimulator/Objects-normal/arm64/speed-b088bbe58cb308d374fdc466c544d83f.d --serialize-diagnostics /Users/chrissotraidis/GitHub/caesarpad/build/ios/build/augustus.build/Release-iphonesimulator/Objects-normal/arm64/speed-b088bbe58cb308d374fdc466c544d83f.dia -c /Users/chrissotraidis/GitHub/caesarpad/engines/augustus/src/game/speed.c -o /Users/chrissotraidis/GitHub/caesarpad/build/ios/build/augustus.build/Release-iphonesimulator/Objects-normal/arm64/speed-b088bbe58cb308d374fdc466c544d83f.o
/Users/chrissotraidis/GitHub/caesarpad/engines/augustus/src/game/speed.c:70:35: warning: implicit conversion loses integer precision: 'const time_millis' (aka 'const unsigned long long') to 'int' [-Wshorten-64-to-32]
   70 |                 millis_per_tick = MILLIS_PER_TICK_PER_SPEED[speed / 10];
      |                                 ~ ^~~~~~~~~~~~~~~~~~~~~~~~~~~~~~~~~~~~~
/Users/chrissotraidis/GitHub/caesarpad/engines/augustus/src/game/speed.c:75:35: warning: implicit conversion loses integer precision: 'const time_millis' (aka 'const unsigned long long') to 'int' [-Wshorten-64-to-32]
   75 |                 millis_per_tick = MILLIS_PER_HYPER_SPEED[speed / 100];
      |                                 ~ ^~~~~~~~~~~~~~~~~~~~~~~~~~~~~~~~~~~
/Users/chrissotraidis/GitHub/caesarpad/engines/augustus/src/game/speed.c:98:22: warning: implicit conversion loses integer precision: 'time_millis' (aka 'unsigned long long') to 'int' [-Wshorten-64-to-32]
   98 |     int ticks = diff / millis_per_tick;
      |         ~~~~~   ~~~~~^~~~~~~~~~~~~~~~~
3 warnings generated.

CompileC /Users/chrissotraidis/GitHub/caesarpad/build/ios/build/augustus.build/Release-iphonesimulator/Objects-normal/arm64/special_events.o /Users/chrissotraidis/GitHub/caesarpad/engines/augustus/src/window/editor/special_events.c normal arm64 c com.apple.compilers.llvm.clang.1_0.compiler (in target 'augustus' from project 'augustus')
    cd /Users/chrissotraidis/GitHub/caesarpad/engines/augustus

    Using response file: /Users/chrissotraidis/GitHub/caesarpad/build/ios/build/augustus.build/Release-iphonesimulator/Objects-normal/arm64/7187679823f38a2a940e0043cdf9d637-common-args.resp

    /Applications/Xcode.app/Contents/Developer/Toolchains/XcodeDefault.xctoolchain/usr/bin/clang -x c -ivfsstatcache /Users/chrissotraidis/GitHub/caesarpad/build/ios/DerivedData/SDKStatCaches.noindex/iphonesimulator26.5-23F81a-6cfe768891a92b912361537c460fe42b.sdkstatcache -target arm64-apple-ios14.0-simulator -fmessage-length\=0 -fdiagnostics-show-note-include-stack -fmacro-backtrace-limit\=0 -fno-color-diagnostics -Wno-trigraphs -Wno-missing-field-initializers -Wno-missing-prototypes -Wno-return-type -Wno-missing-braces -Wparentheses -Wswitch -Wno-unused-function -Wno-unused-label -Wno-unused-parameter -Wno-unused-variable -Wunused-value -Wno-empty-body -Wno-uninitialized -Wno-unknown-pragmas -Wno-shadow -Wno-four-char-constants -Wno-conversion -Wno-constant-conversion -Wno-int-conversion -Wno-bool-conversion -Wno-enum-conversion -Wno-float-conversion -Wno-non-literal-null-conversion -Wno-objc-literal-conversion -Wshorten-64-to-32 -Wpointer-sign -Wno-newline-eof -Wno-implicit-fallthrough -isysroot /Applications/Xcode.app/Contents/Developer/Platforms/iPhoneSimulator.platform/Developer/SDKs/iPhoneSimulator26.5.sdk -fstrict-aliasing -Wdeprecated-declarations -Wno-sign-conversion -Wno-infinite-recursion -Wno-comma -Wno-block-capture-autoreleasing -Wno-strict-prototypes -Wno-semicolon-before-method-body @/Users/chrissotraidis/GitHub/caesarpad/build/ios/build/augustus.build/Release-iphonesimulator/Objects-normal/arm64/7187679823f38a2a940e0043cdf9d637-common-args.resp -MMD -MT dependencies -MF /Users/chrissotraidis/GitHub/caesarpad/build/ios/build/augustus.build/Release-iphonesimulator/Objects-normal/arm64/special_events.d --serialize-diagnostics /Users/chrissotraidis/GitHub/caesarpad/build/ios/build/augustus.build/Release-iphonesimulator/Objects-normal/arm64/special_events.dia -c /Users/chrissotraidis/GitHub/caesarpad/engines/augustus/src/window/editor/special_events.c -o /Users/chrissotraidis/GitHub/caesarpad/build/ios/build/augustus.build/Release-iphonesimulator/Objects-normal/arm64/special_events.o

CompileC /Users/chrissotraidis/GitHub/caesarpad/build/ios/build/augustus.build/Release-iphonesimulator/Objects-normal/arm64/slide.o /Users/chrissotraidis/GitHub/caesarpad/engines/augustus/src/widget/sidebar/slide.c normal arm64 c com.apple.compilers.llvm.clang.1_0.compiler (in target 'augustus' from project 'augustus')
    cd /Users/chrissotraidis/GitHub/caesarpad/engines/augustus

    Using response file: /Users/chrissotraidis/GitHub/caesarpad/build/ios/build/augustus.build/Release-iphonesimulator/Objects-normal/arm64/7187679823f38a2a940e0043cdf9d637-common-args.resp

    /Applications/Xcode.app/Contents/Developer/Toolchains/XcodeDefault.xctoolchain/usr/bin/clang -x c -ivfsstatcache /Users/chrissotraidis/GitHub/caesarpad/build/ios/DerivedData/SDKStatCaches.noindex/iphonesimulator26.5-23F81a-6cfe768891a92b912361537c460fe42b.sdkstatcache -target arm64-apple-ios14.0-simulator -fmessage-length\=0 -fdiagnostics-show-note-include-stack -fmacro-backtrace-limit\=0 -fno-color-diagnostics -Wno-trigraphs -Wno-missing-field-initializers -Wno-missing-prototypes -Wno-return-type -Wno-missing-braces -Wparentheses -Wswitch -Wno-unused-function -Wno-unused-label -Wno-unused-parameter -Wno-unused-variable -Wunused-value -Wno-empty-body -Wno-uninitialized -Wno-unknown-pragmas -Wno-shadow -Wno-four-char-constants -Wno-conversion -Wno-constant-conversion -Wno-int-conversion -Wno-bool-conversion -Wno-enum-conversion -Wno-float-conversion -Wno-non-literal-null-conversion -Wno-objc-literal-conversion -Wshorten-64-to-32 -Wpointer-sign -Wno-newline-eof -Wno-implicit-fallthrough -isysroot /Applications/Xcode.app/Contents/Developer/Platforms/iPhoneSimulator.platform/Developer/SDKs/iPhoneSimulator26.5.sdk -fstrict-aliasing -Wdeprecated-declarations -Wno-sign-conversion -Wno-infinite-recursion -Wno-comma -Wno-block-capture-autoreleasing -Wno-strict-prototypes -Wno-semicolon-before-method-body @/Users/chrissotraidis/GitHub/caesarpad/build/ios/build/augustus.build/Release-iphonesimulator/Objects-normal/arm64/7187679823f38a2a940e0043cdf9d637-common-args.resp -MMD -MT dependencies -MF /Users/chrissotraidis/GitHub/caesarpad/build/ios/build/augustus.build/Release-iphonesimulator/Objects-normal/arm64/slide.d --serialize-diagnostics /Users/chrissotraidis/GitHub/caesarpad/build/ios/build/augustus.build/Release-iphonesimulator/Objects-normal/arm64/slide.dia -c /Users/chrissotraidis/GitHub/caesarpad/engines/augustus/src/widget/sidebar/slide.c -o /Users/chrissotraidis/GitHub/caesarpad/build/ios/build/augustus.build/Release-iphonesimulator/Objects-normal/arm64/slide.o

CompileC /Users/chrissotraidis/GitHub/caesarpad/build/ios/build/augustus.build/Release-iphonesimulator/Objects-normal/arm64/set_salary.o /Users/chrissotraidis/GitHub/caesarpad/engines/augustus/src/window/set_salary.c normal arm64 c com.apple.compilers.llvm.clang.1_0.compiler (in target 'augustus' from project 'augustus')
    cd /Users/chrissotraidis/GitHub/caesarpad/engines/augustus

    Using response file: /Users/chrissotraidis/GitHub/caesarpad/build/ios/build/augustus.build/Release-iphonesimulator/Objects-normal/arm64/7187679823f38a2a940e0043cdf9d637-common-args.resp

    /Applications/Xcode.app/Contents/Developer/Toolchains/XcodeDefault.xctoolchain/usr/bin/clang -x c -ivfsstatcache /Users/chrissotraidis/GitHub/caesarpad/build/ios/DerivedData/SDKStatCaches.noindex/iphonesimulator26.5-23F81a-6cfe768891a92b912361537c460fe42b.sdkstatcache -target arm64-apple-ios14.0-simulator -fmessage-length\=0 -fdiagnostics-show-note-include-stack -fmacro-backtrace-limit\=0 -fno-color-diagnostics -Wno-trigraphs -Wno-missing-field-initializers -Wno-missing-prototypes -Wno-return-type -Wno-missing-braces -Wparentheses -Wswitch -Wno-unused-function -Wno-unused-label -Wno-unused-parameter -Wno-unused-variable -Wunused-value -Wno-empty-body -Wno-uninitialized -Wno-unknown-pragmas -Wno-shadow -Wno-four-char-constants -Wno-conversion -Wno-constant-conversion -Wno-int-conversion -Wno-bool-conversion -Wno-enum-conversion -Wno-float-conversion -Wno-non-literal-null-conversion -Wno-objc-literal-conversion -Wshorten-64-to-32 -Wpointer-sign -Wno-newline-eof -Wno-implicit-fallthrough -isysroot /Applications/Xcode.app/Contents/Developer/Platforms/iPhoneSimulator.platform/Developer/SDKs/iPhoneSimulator26.5.sdk -fstrict-aliasing -Wdeprecated-declarations -Wno-sign-conversion -Wno-infinite-recursion -Wno-comma -Wno-block-capture-autoreleasing -Wno-strict-prototypes -Wno-semicolon-before-method-body @/Users/chrissotraidis/GitHub/caesarpad/build/ios/build/augustus.build/Release-iphonesimulator/Objects-normal/arm64/7187679823f38a2a940e0043cdf9d637-common-args.resp -MMD -MT dependencies -MF /Users/chrissotraidis/GitHub/caesarpad/build/ios/build/augustus.build/Release-iphonesimulator/Objects-normal/arm64/set_salary.d --serialize-diagnostics /Users/chrissotraidis/GitHub/caesarpad/build/ios/build/augustus.build/Release-iphonesimulator/Objects-normal/arm64/set_salary.dia -c /Users/chrissotraidis/GitHub/caesarpad/engines/augustus/src/window/set_salary.c -o /Users/chrissotraidis/GitHub/caesarpad/build/ios/build/augustus.build/Release-iphonesimulator/Objects-normal/arm64/set_salary.o

CompileC /Users/chrissotraidis/GitHub/caesarpad/build/ios/build/augustus.build/Release-iphonesimulator/Objects-normal/arm64/select_special_attribute_mapping.o /Users/chrissotraidis/GitHub/caesarpad/engines/augustus/src/window/editor/select_special_attribute_mapping.c normal arm64 c com.apple.compilers.llvm.clang.1_0.compiler (in target 'augustus' from project 'augustus')
    cd /Users/chrissotraidis/GitHub/caesarpad/engines/augustus

    Using response file: /Users/chrissotraidis/GitHub/caesarpad/build/ios/build/augustus.build/Release-iphonesimulator/Objects-normal/arm64/7187679823f38a2a940e0043cdf9d637-common-args.resp

    /Applications/Xcode.app/Contents/Developer/Toolchains/XcodeDefault.xctoolchain/usr/bin/clang -x c -ivfsstatcache /Users/chrissotraidis/GitHub/caesarpad/build/ios/DerivedData/SDKStatCaches.noindex/iphonesimulator26.5-23F81a-6cfe768891a92b912361537c460fe42b.sdkstatcache -target arm64-apple-ios14.0-simulator -fmessage-length\=0 -fdiagnostics-show-note-include-stack -fmacro-backtrace-limit\=0 -fno-color-diagnostics -Wno-trigraphs -Wno-missing-field-initializers -Wno-missing-prototypes -Wno-return-type -Wno-missing-braces -Wparentheses -Wswitch -Wno-unused-function -Wno-unused-label -Wno-unused-parameter -Wno-unused-variable -Wunused-value -Wno-empty-body -Wno-uninitialized -Wno-unknown-pragmas -Wno-shadow -Wno-four-char-constants -Wno-conversion -Wno-constant-conversion -Wno-int-conversion -Wno-bool-conversion -Wno-enum-conversion -Wno-float-conversion -Wno-non-literal-null-conversion -Wno-objc-literal-conversion -Wshorten-64-to-32 -Wpointer-sign -Wno-newline-eof -Wno-implicit-fallthrough -isysroot /Applications/Xcode.app/Contents/Developer/Platforms/iPhoneSimulator.platform/Developer/SDKs/iPhoneSimulator26.5.sdk -fstrict-aliasing -Wdeprecated-declarations -Wno-sign-conversion -Wno-infinite-recursion -Wno-comma -Wno-block-capture-autoreleasing -Wno-strict-prototypes -Wno-semicolon-before-method-body @/Users/chrissotraidis/GitHub/caesarpad/build/ios/build/augustus.build/Release-iphonesimulator/Objects-normal/arm64/7187679823f38a2a940e0043cdf9d637-common-args.resp -MMD -MT dependencies -MF /Users/chrissotraidis/GitHub/caesarpad/build/ios/build/augustus.build/Release-iphonesimulator/Objects-normal/arm64/select_special_attribute_mapping.d --serialize-diagnostics /Users/chrissotraidis/GitHub/caesarpad/build/ios/build/augustus.build/Release-iphonesimulator/Objects-normal/arm64/select_special_attribute_mapping.dia -c /Users/chrissotraidis/GitHub/caesarpad/engines/augustus/src/window/editor/select_special_attribute_mapping.c -o /Users/chrissotraidis/GitHub/caesarpad/build/ios/build/augustus.build/Release-iphonesimulator/Objects-normal/arm64/select_special_attribute_mapping.o

CompileC /Users/chrissotraidis/GitHub/caesarpad/build/ios/build/augustus.build/Release-iphonesimulator/Objects-normal/arm64/select_scenario_condition_type.o /Users/chrissotraidis/GitHub/caesarpad/engines/augustus/src/window/editor/select_scenario_condition_type.c normal arm64 c com.apple.compilers.llvm.clang.1_0.compiler (in target 'augustus' from project 'augustus')
    cd /Users/chrissotraidis/GitHub/caesarpad/engines/augustus

    Using response file: /Users/chrissotraidis/GitHub/caesarpad/build/ios/build/augustus.build/Release-iphonesimulator/Objects-normal/arm64/7187679823f38a2a940e0043cdf9d637-common-args.resp

    /Applications/Xcode.app/Contents/Developer/Toolchains/XcodeDefault.xctoolchain/usr/bin/clang -x c -ivfsstatcache /Users/chrissotraidis/GitHub/caesarpad/build/ios/DerivedData/SDKStatCaches.noindex/iphonesimulator26.5-23F81a-6cfe768891a92b912361537c460fe42b.sdkstatcache -target arm64-apple-ios14.0-simulator -fmessage-length\=0 -fdiagnostics-show-note-include-stack -fmacro-backtrace-limit\=0 -fno-color-diagnostics -Wno-trigraphs -Wno-missing-field-initializers -Wno-missing-prototypes -Wno-return-type -Wno-missing-braces -Wparentheses -Wswitch -Wno-unused-function -Wno-unused-label -Wno-unused-parameter -Wno-unused-variable -Wunused-value -Wno-empty-body -Wno-uninitialized -Wno-unknown-pragmas -Wno-shadow -Wno-four-char-constants -Wno-conversion -Wno-constant-conversion -Wno-int-conversion -Wno-bool-conversion -Wno-enum-conversion -Wno-float-conversion -Wno-non-literal-null-conversion -Wno-objc-literal-conversion -Wshorten-64-to-32 -Wpointer-sign -Wno-newline-eof -Wno-implicit-fallthrough -isysroot /Applications/Xcode.app/Contents/Developer/Platforms/iPhoneSimulator.platform/Developer/SDKs/iPhoneSimulator26.5.sdk -fstrict-aliasing -Wdeprecated-declarations -Wno-sign-conversion -Wno-infinite-recursion -Wno-comma -Wno-block-capture-autoreleasing -Wno-strict-prototypes -Wno-semicolon-before-method-body @/Users/chrissotraidis/GitHub/caesarpad/build/ios/build/augustus.build/Release-iphonesimulator/Objects-normal/arm64/7187679823f38a2a940e0043cdf9d637-common-args.resp -MMD -MT dependencies -MF /Users/chrissotraidis/GitHub/caesarpad/build/ios/build/augustus.build/Release-iphonesimulator/Objects-normal/arm64/select_scenario_condition_type.d --serialize-diagnostics /Users/chrissotraidis/GitHub/caesarpad/build/ios/build/augustus.build/Release-iphonesimulator/Objects-normal/arm64/select_scenario_condition_type.dia -c /Users/chrissotraidis/GitHub/caesarpad/engines/augustus/src/window/editor/select_scenario_condition_type.c -o /Users/chrissotraidis/GitHub/caesarpad/build/ios/build/augustus.build/Release-iphonesimulator/Objects-normal/arm64/select_scenario_condition_type.o

CompileC /Users/chrissotraidis/GitHub/caesarpad/build/ios/build/augustus.build/Release-iphonesimulator/Objects-normal/arm64/select_scenario_action_type.o /Users/chrissotraidis/GitHub/caesarpad/engines/augustus/src/window/editor/select_scenario_action_type.c normal arm64 c com.apple.compilers.llvm.clang.1_0.compiler (in target 'augustus' from project 'augustus')
    cd /Users/chrissotraidis/GitHub/caesarpad/engines/augustus

    Using response file: /Users/chrissotraidis/GitHub/caesarpad/build/ios/build/augustus.build/Release-iphonesimulator/Objects-normal/arm64/7187679823f38a2a940e0043cdf9d637-common-args.resp

    /Applications/Xcode.app/Contents/Developer/Toolchains/XcodeDefault.xctoolchain/usr/bin/clang -x c -ivfsstatcache /Users/chrissotraidis/GitHub/caesarpad/build/ios/DerivedData/SDKStatCaches.noindex/iphonesimulator26.5-23F81a-6cfe768891a92b912361537c460fe42b.sdkstatcache -target arm64-apple-ios14.0-simulator -fmessage-length\=0 -fdiagnostics-show-note-include-stack -fmacro-backtrace-limit\=0 -fno-color-diagnostics -Wno-trigraphs -Wno-missing-field-initializers -Wno-missing-prototypes -Wno-return-type -Wno-missing-braces -Wparentheses -Wswitch -Wno-unused-function -Wno-unused-label -Wno-unused-parameter -Wno-unused-variable -Wunused-value -Wno-empty-body -Wno-uninitialized -Wno-unknown-pragmas -Wno-shadow -Wno-four-char-constants -Wno-conversion -Wno-constant-conversion -Wno-int-conversion -Wno-bool-conversion -Wno-enum-conversion -Wno-float-conversion -Wno-non-literal-null-conversion -Wno-objc-literal-conversion -Wshorten-64-to-32 -Wpointer-sign -Wno-newline-eof -Wno-implicit-fallthrough -isysroot /Applications/Xcode.app/Contents/Developer/Platforms/iPhoneSimulator.platform/Developer/SDKs/iPhoneSimulator26.5.sdk -fstrict-aliasing -Wdeprecated-declarations -Wno-sign-conversion -Wno-infinite-recursion -Wno-comma -Wno-block-capture-autoreleasing -Wno-strict-prototypes -Wno-semicolon-before-method-body @/Users/chrissotraidis/GitHub/caesarpad/build/ios/build/augustus.build/Release-iphonesimulator/Objects-normal/arm64/7187679823f38a2a940e0043cdf9d637-common-args.resp -MMD -MT dependencies -MF /Users/chrissotraidis/GitHub/caesarpad/build/ios/build/augustus.build/Release-iphonesimulator/Objects-normal/arm64/select_scenario_action_type.d --serialize-diagnostics /Users/chrissotraidis/GitHub/caesarpad/build/ios/build/augustus.build/Release-iphonesimulator/Objects-normal/arm64/select_scenario_action_type.dia -c /Users/chrissotraidis/GitHub/caesarpad/engines/augustus/src/window/editor/select_scenario_action_type.c -o /Users/chrissotraidis/GitHub/caesarpad/build/ios/build/augustus.build/Release-iphonesimulator/Objects-normal/arm64/select_scenario_action_type.o

CompileC /Users/chrissotraidis/GitHub/caesarpad/build/ios/build/augustus.build/Release-iphonesimulator/Objects-normal/arm64/select_list.o /Users/chrissotraidis/GitHub/caesarpad/engines/augustus/src/window/select_list.c normal arm64 c com.apple.compilers.llvm.clang.1_0.compiler (in target 'augustus' from project 'augustus')
    cd /Users/chrissotraidis/GitHub/caesarpad/engines/augustus

    Using response file: /Users/chrissotraidis/GitHub/caesarpad/build/ios/build/augustus.build/Release-iphonesimulator/Objects-normal/arm64/7187679823f38a2a940e0043cdf9d637-common-args.resp

    /Applications/Xcode.app/Contents/Developer/Toolchains/XcodeDefault.xctoolchain/usr/bin/clang -x c -ivfsstatcache /Users/chrissotraidis/GitHub/caesarpad/build/ios/DerivedData/SDKStatCaches.noindex/iphonesimulator26.5-23F81a-6cfe768891a92b912361537c460fe42b.sdkstatcache -target arm64-apple-ios14.0-simulator -fmessage-length\=0 -fdiagnostics-show-note-include-stack -fmacro-backtrace-limit\=0 -fno-color-diagnostics -Wno-trigraphs -Wno-missing-field-initializers -Wno-missing-prototypes -Wno-return-type -Wno-missing-braces -Wparentheses -Wswitch -Wno-unused-function -Wno-unused-label -Wno-unused-parameter -Wno-unused-variable -Wunused-value -Wno-empty-body -Wno-uninitialized -Wno-unknown-pragmas -Wno-shadow -Wno-four-char-constants -Wno-conversion -Wno-constant-conversion -Wno-int-conversion -Wno-bool-conversion -Wno-enum-conversion -Wno-float-conversion -Wno-non-literal-null-conversion -Wno-objc-literal-conversion -Wshorten-64-to-32 -Wpointer-sign -Wno-newline-eof -Wno-implicit-fallthrough -isysroot /Applications/Xcode.app/Contents/Developer/Platforms/iPhoneSimulator.platform/Developer/SDKs/iPhoneSimulator26.5.sdk -fstrict-aliasing -Wdeprecated-declarations -Wno-sign-conversion -Wno-infinite-recursion -Wno-comma -Wno-block-capture-autoreleasing -Wno-strict-prototypes -Wno-semicolon-before-method-body @/Users/chrissotraidis/GitHub/caesarpad/build/ios/build/augustus.build/Release-iphonesimulator/Objects-normal/arm64/7187679823f38a2a940e0043cdf9d637-common-args.resp -MMD -MT dependencies -MF /Users/chrissotraidis/GitHub/caesarpad/build/ios/build/augustus.build/Release-iphonesimulator/Objects-normal/arm64/select_list.d --serialize-diagnostics /Users/chrissotraidis/GitHub/caesarpad/build/ios/build/augustus.build/Release-iphonesimulator/Objects-normal/arm64/select_list.dia -c /Users/chrissotraidis/GitHub/caesarpad/engines/augustus/src/window/select_list.c -o /Users/chrissotraidis/GitHub/caesarpad/build/ios/build/augustus.build/Release-iphonesimulator/Objects-normal/arm64/select_list.o

CompileC /Users/chrissotraidis/GitHub/caesarpad/build/ios/build/augustus.build/Release-iphonesimulator/Objects-normal/arm64/select_custom_message.o /Users/chrissotraidis/GitHub/caesarpad/engines/augustus/src/window/editor/select_custom_message.c normal arm64 c com.apple.compilers.llvm.clang.1_0.compiler (in target 'augustus' from project 'augustus')
    cd /Users/chrissotraidis/GitHub/caesarpad/engines/augustus

    Using response file: /Users/chrissotraidis/GitHub/caesarpad/build/ios/build/augustus.build/Release-iphonesimulator/Objects-normal/arm64/7187679823f38a2a940e0043cdf9d637-common-args.resp

    /Applications/Xcode.app/Contents/Developer/Toolchains/XcodeDefault.xctoolchain/usr/bin/clang -x c -ivfsstatcache /Users/chrissotraidis/GitHub/caesarpad/build/ios/DerivedData/SDKStatCaches.noindex/iphonesimulator26.5-23F81a-6cfe768891a92b912361537c460fe42b.sdkstatcache -target arm64-apple-ios14.0-simulator -fmessage-length\=0 -fdiagnostics-show-note-include-stack -fmacro-backtrace-limit\=0 -fno-color-diagnostics -Wno-trigraphs -Wno-missing-field-initializers -Wno-missing-prototypes -Wno-return-type -Wno-missing-braces -Wparentheses -Wswitch -Wno-unused-function -Wno-unused-label -Wno-unused-parameter -Wno-unused-variable -Wunused-value -Wno-empty-body -Wno-uninitialized -Wno-unknown-pragmas -Wno-shadow -Wno-four-char-constants -Wno-conversion -Wno-constant-conversion -Wno-int-conversion -Wno-bool-conversion -Wno-enum-conversion -Wno-float-conversion -Wno-non-literal-null-conversion -Wno-objc-literal-conversion -Wshorten-64-to-32 -Wpointer-sign -Wno-newline-eof -Wno-implicit-fallthrough -isysroot /Applications/Xcode.app/Contents/Developer/Platforms/iPhoneSimulator.platform/Developer/SDKs/iPhoneSimulator26.5.sdk -fstrict-aliasing -Wdeprecated-declarations -Wno-sign-conversion -Wno-infinite-recursion -Wno-comma -Wno-block-capture-autoreleasing -Wno-strict-prototypes -Wno-semicolon-before-method-body @/Users/chrissotraidis/GitHub/caesarpad/build/ios/build/augustus.build/Release-iphonesimulator/Objects-normal/arm64/7187679823f38a2a940e0043cdf9d637-common-args.resp -MMD -MT dependencies -MF /Users/chrissotraidis/GitHub/caesarpad/build/ios/build/augustus.build/Release-iphonesimulator/Objects-normal/arm64/select_custom_message.d --serialize-diagnostics /Users/chrissotraidis/GitHub/caesarpad/build/ios/build/augustus.build/Release-iphonesimulator/Objects-normal/arm64/select_custom_message.dia -c /Users/chrissotraidis/GitHub/caesarpad/engines/augustus/src/window/editor/select_custom_message.c -o /Users/chrissotraidis/GitHub/caesarpad/build/ios/build/augustus.build/Release-iphonesimulator/Objects-normal/arm64/select_custom_message.o

CompileC /Users/chrissotraidis/GitHub/caesarpad/build/ios/build/augustus.build/Release-iphonesimulator/Objects-normal/arm64/select_city_trade_route.o /Users/chrissotraidis/GitHub/caesarpad/engines/augustus/src/window/editor/select_city_trade_route.c normal arm64 c com.apple.compilers.llvm.clang.1_0.compiler (in target 'augustus' from project 'augustus')
    cd /Users/chrissotraidis/GitHub/caesarpad/engines/augustus

    Using response file: /Users/chrissotraidis/GitHub/caesarpad/build/ios/build/augustus.build/Release-iphonesimulator/Objects-normal/arm64/7187679823f38a2a940e0043cdf9d637-common-args.resp

    /Applications/Xcode.app/Contents/Developer/Toolchains/XcodeDefault.xctoolchain/usr/bin/clang -x c -ivfsstatcache /Users/chrissotraidis/GitHub/caesarpad/build/ios/DerivedData/SDKStatCaches.noindex/iphonesimulator26.5-23F81a-6cfe768891a92b912361537c460fe42b.sdkstatcache -target arm64-apple-ios14.0-simulator -fmessage-length\=0 -fdiagnostics-show-note-include-stack -fmacro-backtrace-limit\=0 -fno-color-diagnostics -Wno-trigraphs -Wno-missing-field-initializers -Wno-missing-prototypes -Wno-return-type -Wno-missing-braces -Wparentheses -Wswitch -Wno-unused-function -Wno-unused-label -Wno-unused-parameter -Wno-unused-variable -Wunused-value -Wno-empty-body -Wno-uninitialized -Wno-unknown-pragmas -Wno-shadow -Wno-four-char-constants -Wno-conversion -Wno-constant-conversion -Wno-int-conversion -Wno-bool-conversion -Wno-enum-conversion -Wno-float-conversion -Wno-non-literal-null-conversion -Wno-objc-literal-conversion -Wshorten-64-to-32 -Wpointer-sign -Wno-newline-eof -Wno-implicit-fallthrough -isysroot /Applications/Xcode.app/Contents/Developer/Platforms/iPhoneSimulator.platform/Developer/SDKs/iPhoneSimulator26.5.sdk -fstrict-aliasing -Wdeprecated-declarations -Wno-sign-conversion -Wno-infinite-recursion -Wno-comma -Wno-block-capture-autoreleasing -Wno-strict-prototypes -Wno-semicolon-before-method-body @/Users/chrissotraidis/GitHub/caesarpad/build/ios/build/augustus.build/Release-iphonesimulator/Objects-normal/arm64/7187679823f38a2a940e0043cdf9d637-common-args.resp -MMD -MT dependencies -MF /Users/chrissotraidis/GitHub/caesarpad/build/ios/build/augustus.build/Release-iphonesimulator/Objects-normal/arm64/select_city_trade_route.d --serialize-diagnostics /Users/chrissotraidis/GitHub/caesarpad/build/ios/build/augustus.build/Release-iphonesimulator/Objects-normal/arm64/select_city_trade_route.dia -c /Users/chrissotraidis/GitHub/caesarpad/engines/augustus/src/window/editor/select_city_trade_route.c -o /Users/chrissotraidis/GitHub/caesarpad/build/ios/build/augustus.build/Release-iphonesimulator/Objects-normal/arm64/select_city_trade_route.o

CompileC /Users/chrissotraidis/GitHub/caesarpad/build/ios/build/augustus.build/Release-iphonesimulator/Objects-normal/arm64/select_city_by_type.o /Users/chrissotraidis/GitHub/caesarpad/engines/augustus/src/window/editor/select_city_by_type.c normal arm64 c com.apple.compilers.llvm.clang.1_0.compiler (in target 'augustus' from project 'augustus')
    cd /Users/chrissotraidis/GitHub/caesarpad/engines/augustus

    Using response file: /Users/chrissotraidis/GitHub/caesarpad/build/ios/build/augustus.build/Release-iphonesimulator/Objects-normal/arm64/7187679823f38a2a940e0043cdf9d637-common-args.resp

    /Applications/Xcode.app/Contents/Developer/Toolchains/XcodeDefault.xctoolchain/usr/bin/clang -x c -ivfsstatcache /Users/chrissotraidis/GitHub/caesarpad/build/ios/DerivedData/SDKStatCaches.noindex/iphonesimulator26.5-23F81a-6cfe768891a92b912361537c460fe42b.sdkstatcache -target arm64-apple-ios14.0-simulator -fmessage-length\=0 -fdiagnostics-show-note-include-stack -fmacro-backtrace-limit\=0 -fno-color-diagnostics -Wno-trigraphs -Wno-missing-field-initializers -Wno-missing-prototypes -Wno-return-type -Wno-missing-braces -Wparentheses -Wswitch -Wno-unused-function -Wno-unused-label -Wno-unused-parameter -Wno-unused-variable -Wunused-value -Wno-empty-body -Wno-uninitialized -Wno-unknown-pragmas -Wno-shadow -Wno-four-char-constants -Wno-conversion -Wno-constant-conversion -Wno-int-conversion -Wno-bool-conversion -Wno-enum-conversion -Wno-float-conversion -Wno-non-literal-null-conversion -Wno-objc-literal-conversion -Wshorten-64-to-32 -Wpointer-sign -Wno-newline-eof -Wno-implicit-fallthrough -isysroot /Applications/Xcode.app/Contents/Developer/Platforms/iPhoneSimulator.platform/Developer/SDKs/iPhoneSimulator26.5.sdk -fstrict-aliasing -Wdeprecated-declarations -Wno-sign-conversion -Wno-infinite-recursion -Wno-comma -Wno-block-capture-autoreleasing -Wno-strict-prototypes -Wno-semicolon-before-method-body @/Users/chrissotraidis/GitHub/caesarpad/build/ios/build/augustus.build/Release-iphonesimulator/Objects-normal/arm64/7187679823f38a2a940e0043cdf9d637-common-args.resp -MMD -MT dependencies -MF /Users/chrissotraidis/GitHub/caesarpad/build/ios/build/augustus.build/Release-iphonesimulator/Objects-normal/arm64/select_city_by_type.d --serialize-diagnostics /Users/chrissotraidis/GitHub/caesarpad/build/ios/build/augustus.build/Release-iphonesimulator/Objects-normal/arm64/select_city_by_type.dia -c /Users/chrissotraidis/GitHub/caesarpad/engines/augustus/src/window/editor/select_city_by_type.c -o /Users/chrissotraidis/GitHub/caesarpad/build/ios/build/augustus.build/Release-iphonesimulator/Objects-normal/arm64/select_city_by_type.o

CompileC /Users/chrissotraidis/GitHub/caesarpad/build/ios/build/augustus.build/Release-iphonesimulator/Objects-normal/arm64/select_campaign.o /Users/chrissotraidis/GitHub/caesarpad/engines/augustus/src/window/select_campaign.c normal arm64 c com.apple.compilers.llvm.clang.1_0.compiler (in target 'augustus' from project 'augustus')
    cd /Users/chrissotraidis/GitHub/caesarpad/engines/augustus

    Using response file: /Users/chrissotraidis/GitHub/caesarpad/build/ios/build/augustus.build/Release-iphonesimulator/Objects-normal/arm64/7187679823f38a2a940e0043cdf9d637-common-args.resp

    /Applications/Xcode.app/Contents/Developer/Toolchains/XcodeDefault.xctoolchain/usr/bin/clang -x c -ivfsstatcache /Users/chrissotraidis/GitHub/caesarpad/build/ios/DerivedData/SDKStatCaches.noindex/iphonesimulator26.5-23F81a-6cfe768891a92b912361537c460fe42b.sdkstatcache -target arm64-apple-ios14.0-simulator -fmessage-length\=0 -fdiagnostics-show-note-include-stack -fmacro-backtrace-limit\=0 -fno-color-diagnostics -Wno-trigraphs -Wno-missing-field-initializers -Wno-missing-prototypes -Wno-return-type -Wno-missing-braces -Wparentheses -Wswitch -Wno-unused-function -Wno-unused-label -Wno-unused-parameter -Wno-unused-variable -Wunused-value -Wno-empty-body -Wno-uninitialized -Wno-unknown-pragmas -Wno-shadow -Wno-four-char-constants -Wno-conversion -Wno-constant-conversion -Wno-int-conversion -Wno-bool-conversion -Wno-enum-conversion -Wno-float-conversion -Wno-non-literal-null-conversion -Wno-objc-literal-conversion -Wshorten-64-to-32 -Wpointer-sign -Wno-newline-eof -Wno-implicit-fallthrough -isysroot /Applications/Xcode.app/Contents/Developer/Platforms/iPhoneSimulator.platform/Developer/SDKs/iPhoneSimulator26.5.sdk -fstrict-aliasing -Wdeprecated-declarations -Wno-sign-conversion -Wno-infinite-recursion -Wno-comma -Wno-block-capture-autoreleasing -Wno-strict-prototypes -Wno-semicolon-before-method-body @/Users/chrissotraidis/GitHub/caesarpad/build/ios/build/augustus.build/Release-iphonesimulator/Objects-normal/arm64/7187679823f38a2a940e0043cdf9d637-common-args.resp -MMD -MT dependencies -MF /Users/chrissotraidis/GitHub/caesarpad/build/ios/build/augustus.build/Release-iphonesimulator/Objects-normal/arm64/select_campaign.d --serialize-diagnostics /Users/chrissotraidis/GitHub/caesarpad/build/ios/build/augustus.build/Release-iphonesimulator/Objects-normal/arm64/select_campaign.dia -c /Users/chrissotraidis/GitHub/caesarpad/engines/augustus/src/window/select_campaign.c -o /Users/chrissotraidis/GitHub/caesarpad/build/ios/build/augustus.build/Release-iphonesimulator/Objects-normal/arm64/select_campaign.o

CompileC /Users/chrissotraidis/GitHub/caesarpad/build/ios/build/augustus.build/Release-iphonesimulator/Objects-normal/arm64/scrollbar.o /Users/chrissotraidis/GitHub/caesarpad/engines/augustus/src/graphics/scrollbar.c normal arm64 c com.apple.compilers.llvm.clang.1_0.compiler (in target 'augustus' from project 'augustus')
    cd /Users/chrissotraidis/GitHub/caesarpad/engines/augustus

    Using response file: /Users/chrissotraidis/GitHub/caesarpad/build/ios/build/augustus.build/Release-iphonesimulator/Objects-normal/arm64/7187679823f38a2a940e0043cdf9d637-common-args.resp

    /Applications/Xcode.app/Contents/Developer/Toolchains/XcodeDefault.xctoolchain/usr/bin/clang -x c -ivfsstatcache /Users/chrissotraidis/GitHub/caesarpad/build/ios/DerivedData/SDKStatCaches.noindex/iphonesimulator26.5-23F81a-6cfe768891a92b912361537c460fe42b.sdkstatcache -target arm64-apple-ios14.0-simulator -fmessage-length\=0 -fdiagnostics-show-note-include-stack -fmacro-backtrace-limit\=0 -fno-color-diagnostics -Wno-trigraphs -Wno-missing-field-initializers -Wno-missing-prototypes -Wno-return-type -Wno-missing-braces -Wparentheses -Wswitch -Wno-unused-function -Wno-unused-label -Wno-unused-parameter -Wno-unused-variable -Wunused-value -Wno-empty-body -Wno-uninitialized -Wno-unknown-pragmas -Wno-shadow -Wno-four-char-constants -Wno-conversion -Wno-constant-conversion -Wno-int-conversion -Wno-bool-conversion -Wno-enum-conversion -Wno-float-conversion -Wno-non-literal-null-conversion -Wno-objc-literal-conversion -Wshorten-64-to-32 -Wpointer-sign -Wno-newline-eof -Wno-implicit-fallthrough -isysroot /Applications/Xcode.app/Contents/Developer/Platforms/iPhoneSimulator.platform/Developer/SDKs/iPhoneSimulator26.5.sdk -fstrict-aliasing -Wdeprecated-declarations -Wno-sign-conversion -Wno-infinite-recursion -Wno-comma -Wno-block-capture-autoreleasing -Wno-strict-prototypes -Wno-semicolon-before-method-body @/Users/chrissotraidis/GitHub/caesarpad/build/ios/build/augustus.build/Release-iphonesimulator/Objects-normal/arm64/7187679823f38a2a940e0043cdf9d637-common-args.resp -MMD -MT dependencies -MF /Users/chrissotraidis/GitHub/caesarpad/build/ios/build/augustus.build/Release-iphonesimulator/Objects-normal/arm64/scrollbar.d --serialize-diagnostics /Users/chrissotraidis/GitHub/caesarpad/build/ios/build/augustus.build/Release-iphonesimulator/Objects-normal/arm64/scrollbar.dia -c /Users/chrissotraidis/GitHub/caesarpad/engines/augustus/src/graphics/scrollbar.c -o /Users/chrissotraidis/GitHub/caesarpad/build/ios/build/augustus.build/Release-iphonesimulator/Objects-normal/arm64/scrollbar.o

CompileC /Users/chrissotraidis/GitHub/caesarpad/build/ios/build/augustus.build/Release-iphonesimulator/Objects-normal/arm64/scroll.o /Users/chrissotraidis/GitHub/caesarpad/engines/augustus/src/input/scroll.c normal arm64 c com.apple.compilers.llvm.clang.1_0.compiler (in target 'augustus' from project 'augustus')
    cd /Users/chrissotraidis/GitHub/caesarpad/engines/augustus

    Using response file: /Users/chrissotraidis/GitHub/caesarpad/build/ios/build/augustus.build/Release-iphonesimulator/Objects-normal/arm64/7187679823f38a2a940e0043cdf9d637-common-args.resp

    /Applications/Xcode.app/Contents/Developer/Toolchains/XcodeDefault.xctoolchain/usr/bin/clang -x c -ivfsstatcache /Users/chrissotraidis/GitHub/caesarpad/build/ios/DerivedData/SDKStatCaches.noindex/iphonesimulator26.5-23F81a-6cfe768891a92b912361537c460fe42b.sdkstatcache -target arm64-apple-ios14.0-simulator -fmessage-length\=0 -fdiagnostics-show-note-include-stack -fmacro-backtrace-limit\=0 -fno-color-diagnostics -Wno-trigraphs -Wno-missing-field-initializers -Wno-missing-prototypes -Wno-return-type -Wno-missing-braces -Wparentheses -Wswitch -Wno-unused-function -Wno-unused-label -Wno-unused-parameter -Wno-unused-variable -Wunused-value -Wno-empty-body -Wno-uninitialized -Wno-unknown-pragmas -Wno-shadow -Wno-four-char-constants -Wno-conversion -Wno-constant-conversion -Wno-int-conversion -Wno-bool-conversion -Wno-enum-conversion -Wno-float-conversion -Wno-non-literal-null-conversion -Wno-objc-literal-conversion -Wshorten-64-to-32 -Wpointer-sign -Wno-newline-eof -Wno-implicit-fallthrough -isysroot /Applications/Xcode.app/Contents/Developer/Platforms/iPhoneSimulator.platform/Developer/SDKs/iPhoneSimulator26.5.sdk -fstrict-aliasing -Wdeprecated-declarations -Wno-sign-conversion -Wno-infinite-recursion -Wno-comma -Wno-block-capture-autoreleasing -Wno-strict-prototypes -Wno-semicolon-before-method-body @/Users/chrissotraidis/GitHub/caesarpad/build/ios/build/augustus.build/Release-iphonesimulator/Objects-normal/arm64/7187679823f38a2a940e0043cdf9d637-common-args.resp -MMD -MT dependencies -MF /Users/chrissotraidis/GitHub/caesarpad/build/ios/build/augustus.build/Release-iphonesimulator/Objects-normal/arm64/scroll.d --serialize-diagnostics /Users/chrissotraidis/GitHub/caesarpad/build/ios/build/augustus.build/Release-iphonesimulator/Objects-normal/arm64/scroll.dia -c /Users/chrissotraidis/GitHub/caesarpad/engines/augustus/src/input/scroll.c -o /Users/chrissotraidis/GitHub/caesarpad/build/ios/build/augustus.build/Release-iphonesimulator/Objects-normal/arm64/scroll.o

CompileC /Users/chrissotraidis/GitHub/caesarpad/build/ios/build/augustus.build/Release-iphonesimulator/Objects-normal/arm64/screenshot.o /Users/chrissotraidis/GitHub/caesarpad/engines/augustus/src/graphics/screenshot.c normal arm64 c com.apple.compilers.llvm.clang.1_0.compiler (in target 'augustus' from project 'augustus')
    cd /Users/chrissotraidis/GitHub/caesarpad/engines/augustus

    Using response file: /Users/chrissotraidis/GitHub/caesarpad/build/ios/build/augustus.build/Release-iphonesimulator/Objects-normal/arm64/7187679823f38a2a940e0043cdf9d637-common-args.resp

    /Applications/Xcode.app/Contents/Developer/Toolchains/XcodeDefault.xctoolchain/usr/bin/clang -x c -ivfsstatcache /Users/chrissotraidis/GitHub/caesarpad/build/ios/DerivedData/SDKStatCaches.noindex/iphonesimulator26.5-23F81a-6cfe768891a92b912361537c460fe42b.sdkstatcache -target arm64-apple-ios14.0-simulator -fmessage-length\=0 -fdiagnostics-show-note-include-stack -fmacro-backtrace-limit\=0 -fno-color-diagnostics -Wno-trigraphs -Wno-missing-field-initializers -Wno-missing-prototypes -Wno-return-type -Wno-missing-braces -Wparentheses -Wswitch -Wno-unused-function -Wno-unused-label -Wno-unused-parameter -Wno-unused-variable -Wunused-value -Wno-empty-body -Wno-uninitialized -Wno-unknown-pragmas -Wno-shadow -Wno-four-char-constants -Wno-conversion -Wno-constant-conversion -Wno-int-conversion -Wno-bool-conversion -Wno-enum-conversion -Wno-float-conversion -Wno-non-literal-null-conversion -Wno-objc-literal-conversion -Wshorten-64-to-32 -Wpointer-sign -Wno-newline-eof -Wno-implicit-fallthrough -isysroot /Applications/Xcode.app/Contents/Developer/Platforms/iPhoneSimulator.platform/Developer/SDKs/iPhoneSimulator26.5.sdk -fstrict-aliasing -Wdeprecated-declarations -Wno-sign-conversion -Wno-infinite-recursion -Wno-comma -Wno-block-capture-autoreleasing -Wno-strict-prototypes -Wno-semicolon-before-method-body @/Users/chrissotraidis/GitHub/caesarpad/build/ios/build/augustus.build/Release-iphonesimulator/Objects-normal/arm64/7187679823f38a2a940e0043cdf9d637-common-args.resp -MMD -MT dependencies -MF /Users/chrissotraidis/GitHub/caesarpad/build/ios/build/augustus.build/Release-iphonesimulator/Objects-normal/arm64/screenshot.d --serialize-diagnostics /Users/chrissotraidis/GitHub/caesarpad/build/ios/build/augustus.build/Release-iphonesimulator/Objects-normal/arm64/screenshot.dia -c /Users/chrissotraidis/GitHub/caesarpad/engines/augustus/src/graphics/screenshot.c -o /Users/chrissotraidis/GitHub/caesarpad/build/ios/build/augustus.build/Release-iphonesimulator/Objects-normal/arm64/screenshot.o

CompileC /Users/chrissotraidis/GitHub/caesarpad/build/ios/build/augustus.build/Release-iphonesimulator/Objects-normal/arm64/screen-9d19194be0c8b2867e2759773fa3e74f.o /Users/chrissotraidis/GitHub/caesarpad/engines/augustus/src/graphics/screen.c normal arm64 c com.apple.compilers.llvm.clang.1_0.compiler (in target 'augustus' from project 'augustus')
    cd /Users/chrissotraidis/GitHub/caesarpad/engines/augustus

    Using response file: /Users/chrissotraidis/GitHub/caesarpad/build/ios/build/augustus.build/Release-iphonesimulator/Objects-normal/arm64/7187679823f38a2a940e0043cdf9d637-common-args.resp

    /Applications/Xcode.app/Contents/Developer/Toolchains/XcodeDefault.xctoolchain/usr/bin/clang -x c -ivfsstatcache /Users/chrissotraidis/GitHub/caesarpad/build/ios/DerivedData/SDKStatCaches.noindex/iphonesimulator26.5-23F81a-6cfe768891a92b912361537c460fe42b.sdkstatcache -target arm64-apple-ios14.0-simulator -fmessage-length\=0 -fdiagnostics-show-note-include-stack -fmacro-backtrace-limit\=0 -fno-color-diagnostics -Wno-trigraphs -Wno-missing-field-initializers -Wno-missing-prototypes -Wno-return-type -Wno-missing-braces -Wparentheses -Wswitch -Wno-unused-function -Wno-unused-label -Wno-unused-parameter -Wno-unused-variable -Wunused-value -Wno-empty-body -Wno-uninitialized -Wno-unknown-pragmas -Wno-shadow -Wno-four-char-constants -Wno-conversion -Wno-constant-conversion -Wno-int-conversion -Wno-bool-conversion -Wno-enum-conversion -Wno-float-conversion -Wno-non-literal-null-conversion -Wno-objc-literal-conversion -Wshorten-64-to-32 -Wpointer-sign -Wno-newline-eof -Wno-implicit-fallthrough -isysroot /Applications/Xcode.app/Contents/Developer/Platforms/iPhoneSimulator.platform/Developer/SDKs/iPhoneSimulator26.5.sdk -fstrict-aliasing -Wdeprecated-declarations -Wno-sign-conversion -Wno-infinite-recursion -Wno-comma -Wno-block-capture-autoreleasing -Wno-strict-prototypes -Wno-semicolon-before-method-body @/Users/chrissotraidis/GitHub/caesarpad/build/ios/build/augustus.build/Release-iphonesimulator/Objects-normal/arm64/7187679823f38a2a940e0043cdf9d637-common-args.resp -MMD -MT dependencies -MF /Users/chrissotraidis/GitHub/caesarpad/build/ios/build/augustus.build/Release-iphonesimulator/Objects-normal/arm64/screen-9d19194be0c8b2867e2759773fa3e74f.d --serialize-diagnostics /Users/chrissotraidis/GitHub/caesarpad/build/ios/build/augustus.build/Release-iphonesimulator/Objects-normal/arm64/screen-9d19194be0c8b2867e2759773fa3e74f.dia -c /Users/chrissotraidis/GitHub/caesarpad/engines/augustus/src/graphics/screen.c -o /Users/chrissotraidis/GitHub/caesarpad/build/ios/build/augustus.build/Release-iphonesimulator/Objects-normal/arm64/screen-9d19194be0c8b2867e2759773fa3e74f.o

CompileC /Users/chrissotraidis/GitHub/caesarpad/build/ios/build/augustus.build/Release-iphonesimulator/Objects-normal/arm64/screen-6bdc545376ab9312fadeea44ed8c7b2a.o /Users/chrissotraidis/GitHub/caesarpad/engines/augustus/src/platform/SDL2/screen.c normal arm64 c com.apple.compilers.llvm.clang.1_0.compiler (in target 'augustus' from project 'augustus')
    cd /Users/chrissotraidis/GitHub/caesarpad/engines/augustus

    Using response file: /Users/chrissotraidis/GitHub/caesarpad/build/ios/build/augustus.build/Release-iphonesimulator/Objects-normal/arm64/7187679823f38a2a940e0043cdf9d637-common-args.resp

    /Applications/Xcode.app/Contents/Developer/Toolchains/XcodeDefault.xctoolchain/usr/bin/clang -x c -ivfsstatcache /Users/chrissotraidis/GitHub/caesarpad/build/ios/DerivedData/SDKStatCaches.noindex/iphonesimulator26.5-23F81a-6cfe768891a92b912361537c460fe42b.sdkstatcache -target arm64-apple-ios14.0-simulator -fmessage-length\=0 -fdiagnostics-show-note-include-stack -fmacro-backtrace-limit\=0 -fno-color-diagnostics -Wno-trigraphs -Wno-missing-field-initializers -Wno-missing-prototypes -Wno-return-type -Wno-missing-braces -Wparentheses -Wswitch -Wno-unused-function -Wno-unused-label -Wno-unused-parameter -Wno-unused-variable -Wunused-value -Wno-empty-body -Wno-uninitialized -Wno-unknown-pragmas -Wno-shadow -Wno-four-char-constants -Wno-conversion -Wno-constant-conversion -Wno-int-conversion -Wno-bool-conversion -Wno-enum-conversion -Wno-float-conversion -Wno-non-literal-null-conversion -Wno-objc-literal-conversion -Wshorten-64-to-32 -Wpointer-sign -Wno-newline-eof -Wno-implicit-fallthrough -isysroot /Applications/Xcode.app/Contents/Developer/Platforms/iPhoneSimulator.platform/Developer/SDKs/iPhoneSimulator26.5.sdk -fstrict-aliasing -Wdeprecated-declarations -Wno-sign-conversion -Wno-infinite-recursion -Wno-comma -Wno-block-capture-autoreleasing -Wno-strict-prototypes -Wno-semicolon-before-method-body @/Users/chrissotraidis/GitHub/caesarpad/build/ios/build/augustus.build/Release-iphonesimulator/Objects-normal/arm64/7187679823f38a2a940e0043cdf9d637-common-args.resp -MMD -MT dependencies -MF /Users/chrissotraidis/GitHub/caesarpad/build/ios/build/augustus.build/Release-iphonesimulator/Objects-normal/arm64/screen-6bdc545376ab9312fadeea44ed8c7b2a.d --serialize-diagnostics /Users/chrissotraidis/GitHub/caesarpad/build/ios/build/augustus.build/Release-iphonesimulator/Objects-normal/arm64/screen-6bdc545376ab9312fadeea44ed8c7b2a.dia -c /Users/chrissotraidis/GitHub/caesarpad/engines/augustus/src/platform/SDL2/screen.c -o /Users/chrissotraidis/GitHub/caesarpad/build/ios/build/augustus.build/Release-iphonesimulator/Objects-normal/arm64/screen-6bdc545376ab9312fadeea44ed8c7b2a.o

CompileC /Users/chrissotraidis/GitHub/caesarpad/build/ios/build/augustus.build/Release-iphonesimulator/Objects-normal/arm64/scenario_events.o /Users/chrissotraidis/GitHub/caesarpad/engines/augustus/src/window/editor/scenario_events.c normal arm64 c com.apple.compilers.llvm.clang.1_0.compiler (in target 'augustus' from project 'augustus')
    cd /Users/chrissotraidis/GitHub/caesarpad/engines/augustus

    Using response file: /Users/chrissotraidis/GitHub/caesarpad/build/ios/build/augustus.build/Release-iphonesimulator/Objects-normal/arm64/7187679823f38a2a940e0043cdf9d637-common-args.resp

    /Applications/Xcode.app/Contents/Developer/Toolchains/XcodeDefault.xctoolchain/usr/bin/clang -x c -ivfsstatcache /Users/chrissotraidis/GitHub/caesarpad/build/ios/DerivedData/SDKStatCaches.noindex/iphonesimulator26.5-23F81a-6cfe768891a92b912361537c460fe42b.sdkstatcache -target arm64-apple-ios14.0-simulator -fmessage-length\=0 -fdiagnostics-show-note-include-stack -fmacro-backtrace-limit\=0 -fno-color-diagnostics -Wno-trigraphs -Wno-missing-field-initializers -Wno-missing-prototypes -Wno-return-type -Wno-missing-braces -Wparentheses -Wswitch -Wno-unused-function -Wno-unused-label -Wno-unused-parameter -Wno-unused-variable -Wunused-value -Wno-empty-body -Wno-uninitialized -Wno-unknown-pragmas -Wno-shadow -Wno-four-char-constants -Wno-conversion -Wno-constant-conversion -Wno-int-conversion -Wno-bool-conversion -Wno-enum-conversion -Wno-float-conversion -Wno-non-literal-null-conversion -Wno-objc-literal-conversion -Wshorten-64-to-32 -Wpointer-sign -Wno-newline-eof -Wno-implicit-fallthrough -isysroot /Applications/Xcode.app/Contents/Developer/Platforms/iPhoneSimulator.platform/Developer/SDKs/iPhoneSimulator26.5.sdk -fstrict-aliasing -Wdeprecated-declarations -Wno-sign-conversion -Wno-infinite-recursion -Wno-comma -Wno-block-capture-autoreleasing -Wno-strict-prototypes -Wno-semicolon-before-method-body @/Users/chrissotraidis/GitHub/caesarpad/build/ios/build/augustus.build/Release-iphonesimulator/Objects-normal/arm64/7187679823f38a2a940e0043cdf9d637-common-args.resp -MMD -MT dependencies -MF /Users/chrissotraidis/GitHub/caesarpad/build/ios/build/augustus.build/Release-iphonesimulator/Objects-normal/arm64/scenario_events.d --serialize-diagnostics /Users/chrissotraidis/GitHub/caesarpad/build/ios/build/augustus.build/Release-iphonesimulator/Objects-normal/arm64/scenario_events.dia -c /Users/chrissotraidis/GitHub/caesarpad/engines/augustus/src/window/editor/scenario_events.c -o /Users/chrissotraidis/GitHub/caesarpad/build/ios/build/augustus.build/Release-iphonesimulator/Objects-normal/arm64/scenario_events.o

CompileC /Users/chrissotraidis/GitHub/caesarpad/build/ios/build/augustus.build/Release-iphonesimulator/Objects-normal/arm64/scenario_event_details.o /Users/chrissotraidis/GitHub/caesarpad/engines/augustus/src/window/editor/scenario_event_details.c normal arm64 c com.apple.compilers.llvm.clang.1_0.compiler (in target 'augustus' from project 'augustus')
    cd /Users/chrissotraidis/GitHub/caesarpad/engines/augustus

    Using response file: /Users/chrissotraidis/GitHub/caesarpad/build/ios/build/augustus.build/Release-iphonesimulator/Objects-normal/arm64/7187679823f38a2a940e0043cdf9d637-common-args.resp

    /Applications/Xcode.app/Contents/Developer/Toolchains/XcodeDefault.xctoolchain/usr/bin/clang -x c -ivfsstatcache /Users/chrissotraidis/GitHub/caesarpad/build/ios/DerivedData/SDKStatCaches.noindex/iphonesimulator26.5-23F81a-6cfe768891a92b912361537c460fe42b.sdkstatcache -target arm64-apple-ios14.0-simulator -fmessage-length\=0 -fdiagnostics-show-note-include-stack -fmacro-backtrace-limit\=0 -fno-color-diagnostics -Wno-trigraphs -Wno-missing-field-initializers -Wno-missing-prototypes -Wno-return-type -Wno-missing-braces -Wparentheses -Wswitch -Wno-unused-function -Wno-unused-label -Wno-unused-parameter -Wno-unused-variable -Wunused-value -Wno-empty-body -Wno-uninitialized -Wno-unknown-pragmas -Wno-shadow -Wno-four-char-constants -Wno-conversion -Wno-constant-conversion -Wno-int-conversion -Wno-bool-conversion -Wno-enum-conversion -Wno-float-conversion -Wno-non-literal-null-conversion -Wno-objc-literal-conversion -Wshorten-64-to-32 -Wpointer-sign -Wno-newline-eof -Wno-implicit-fallthrough -isysroot /Applications/Xcode.app/Contents/Developer/Platforms/iPhoneSimulator.platform/Developer/SDKs/iPhoneSimulator26.5.sdk -fstrict-aliasing -Wdeprecated-declarations -Wno-sign-conversion -Wno-infinite-recursion -Wno-comma -Wno-block-capture-autoreleasing -Wno-strict-prototypes -Wno-semicolon-before-method-body @/Users/chrissotraidis/GitHub/caesarpad/build/ios/build/augustus.build/Release-iphonesimulator/Objects-normal/arm64/7187679823f38a2a940e0043cdf9d637-common-args.resp -MMD -MT dependencies -MF /Users/chrissotraidis/GitHub/caesarpad/build/ios/build/augustus.build/Release-iphonesimulator/Objects-normal/arm64/scenario_event_details.d --serialize-diagnostics /Users/chrissotraidis/GitHub/caesarpad/build/ios/build/augustus.build/Release-iphonesimulator/Objects-normal/arm64/scenario_event_details.dia -c /Users/chrissotraidis/GitHub/caesarpad/engines/augustus/src/window/editor/scenario_event_details.c -o /Users/chrissotraidis/GitHub/caesarpad/build/ios/build/augustus.build/Release-iphonesimulator/Objects-normal/arm64/scenario_event_details.o

CompileC /Users/chrissotraidis/GitHub/caesarpad/build/ios/build/augustus.build/Release-iphonesimulator/Objects-normal/arm64/scenario_condition_edit.o /Users/chrissotraidis/GitHub/caesarpad/engines/augustus/src/window/editor/scenario_condition_edit.c normal arm64 c com.apple.compilers.llvm.clang.1_0.compiler (in target 'augustus' from project 'augustus')
    cd /Users/chrissotraidis/GitHub/caesarpad/engines/augustus

    Using response file: /Users/chrissotraidis/GitHub/caesarpad/build/ios/build/augustus.build/Release-iphonesimulator/Objects-normal/arm64/7187679823f38a2a940e0043cdf9d637-common-args.resp

    /Applications/Xcode.app/Contents/Developer/Toolchains/XcodeDefault.xctoolchain/usr/bin/clang -x c -ivfsstatcache /Users/chrissotraidis/GitHub/caesarpad/build/ios/DerivedData/SDKStatCaches.noindex/iphonesimulator26.5-23F81a-6cfe768891a92b912361537c460fe42b.sdkstatcache -target arm64-apple-ios14.0-simulator -fmessage-length\=0 -fdiagnostics-show-note-include-stack -fmacro-backtrace-limit\=0 -fno-color-diagnostics -Wno-trigraphs -Wno-missing-field-initializers -Wno-missing-prototypes -Wno-return-type -Wno-missing-braces -Wparentheses -Wswitch -Wno-unused-function -Wno-unused-label -Wno-unused-parameter -Wno-unused-variable -Wunused-value -Wno-empty-body -Wno-uninitialized -Wno-unknown-pragmas -Wno-shadow -Wno-four-char-constants -Wno-conversion -Wno-constant-conversion -Wno-int-conversion -Wno-bool-conversion -Wno-enum-conversion -Wno-float-conversion -Wno-non-literal-null-conversion -Wno-objc-literal-conversion -Wshorten-64-to-32 -Wpointer-sign -Wno-newline-eof -Wno-implicit-fallthrough -isysroot /Applications/Xcode.app/Contents/Developer/Platforms/iPhoneSimulator.platform/Developer/SDKs/iPhoneSimulator26.5.sdk -fstrict-aliasing -Wdeprecated-declarations -Wno-sign-conversion -Wno-infinite-recursion -Wno-comma -Wno-block-capture-autoreleasing -Wno-strict-prototypes -Wno-semicolon-before-method-body @/Users/chrissotraidis/GitHub/caesarpad/build/ios/build/augustus.build/Release-iphonesimulator/Objects-normal/arm64/7187679823f38a2a940e0043cdf9d637-common-args.resp -MMD -MT dependencies -MF /Users/chrissotraidis/GitHub/caesarpad/build/ios/build/augustus.build/Release-iphonesimulator/Objects-normal/arm64/scenario_condition_edit.d --serialize-diagnostics /Users/chrissotraidis/GitHub/caesarpad/build/ios/build/augustus.build/Release-iphonesimulator/Objects-normal/arm64/scenario_condition_edit.dia -c /Users/chrissotraidis/GitHub/caesarpad/engines/augustus/src/window/editor/scenario_condition_edit.c -o /Users/chrissotraidis/GitHub/caesarpad/build/ios/build/augustus.build/Release-iphonesimulator/Objects-normal/arm64/scenario_condition_edit.o

CompileC /Users/chrissotraidis/GitHub/caesarpad/build/ios/build/augustus.build/Release-iphonesimulator/Objects-normal/arm64/scenario_action_edit.o /Users/chrissotraidis/GitHub/caesarpad/engines/augustus/src/window/editor/scenario_action_edit.c normal arm64 c com.apple.compilers.llvm.clang.1_0.compiler (in target 'augustus' from project 'augustus')
    cd /Users/chrissotraidis/GitHub/caesarpad/engines/augustus

    Using response file: /Users/chrissotraidis/GitHub/caesarpad/build/ios/build/augustus.build/Release-iphonesimulator/Objects-normal/arm64/7187679823f38a2a940e0043cdf9d637-common-args.resp

    /Applications/Xcode.app/Contents/Developer/Toolchains/XcodeDefault.xctoolchain/usr/bin/clang -x c -ivfsstatcache /Users/chrissotraidis/GitHub/caesarpad/build/ios/DerivedData/SDKStatCaches.noindex/iphonesimulator26.5-23F81a-6cfe768891a92b912361537c460fe42b.sdkstatcache -target arm64-apple-ios14.0-simulator -fmessage-length\=0 -fdiagnostics-show-note-include-stack -fmacro-backtrace-limit\=0 -fno-color-diagnostics -Wno-trigraphs -Wno-missing-field-initializers -Wno-missing-prototypes -Wno-return-type -Wno-missing-braces -Wparentheses -Wswitch -Wno-unused-function -Wno-unused-label -Wno-unused-parameter -Wno-unused-variable -Wunused-value -Wno-empty-body -Wno-uninitialized -Wno-unknown-pragmas -Wno-shadow -Wno-four-char-constants -Wno-conversion -Wno-constant-conversion -Wno-int-conversion -Wno-bool-conversion -Wno-enum-conversion -Wno-float-conversion -Wno-non-literal-null-conversion -Wno-objc-literal-conversion -Wshorten-64-to-32 -Wpointer-sign -Wno-newline-eof -Wno-implicit-fallthrough -isysroot /Applications/Xcode.app/Contents/Developer/Platforms/iPhoneSimulator.platform/Developer/SDKs/iPhoneSimulator26.5.sdk -fstrict-aliasing -Wdeprecated-declarations -Wno-sign-conversion -Wno-infinite-recursion -Wno-comma -Wno-block-capture-autoreleasing -Wno-strict-prototypes -Wno-semicolon-before-method-body @/Users/chrissotraidis/GitHub/caesarpad/build/ios/build/augustus.build/Release-iphonesimulator/Objects-normal/arm64/7187679823f38a2a940e0043cdf9d637-common-args.resp -MMD -MT dependencies -MF /Users/chrissotraidis/GitHub/caesarpad/build/ios/build/augustus.build/Release-iphonesimulator/Objects-normal/arm64/scenario_action_edit.d --serialize-diagnostics /Users/chrissotraidis/GitHub/caesarpad/build/ios/build/augustus.build/Release-iphonesimulator/Objects-normal/arm64/scenario_action_edit.dia -c /Users/chrissotraidis/GitHub/caesarpad/engines/augustus/src/window/editor/scenario_action_edit.c -o /Users/chrissotraidis/GitHub/caesarpad/build/ios/build/augustus.build/Release-iphonesimulator/Objects-normal/arm64/scenario_action_edit.o

CompileC /Users/chrissotraidis/GitHub/caesarpad/build/ios/build/augustus.build/Release-iphonesimulator/Objects-normal/arm64/risks.o /Users/chrissotraidis/GitHub/caesarpad/engines/augustus/src/widget/city/overlay/risks.c normal arm64 c com.apple.compilers.llvm.clang.1_0.compiler (in target 'augustus' from project 'augustus')
    cd /Users/chrissotraidis/GitHub/caesarpad/engines/augustus

    Using response file: /Users/chrissotraidis/GitHub/caesarpad/build/ios/build/augustus.build/Release-iphonesimulator/Objects-normal/arm64/7187679823f38a2a940e0043cdf9d637-common-args.resp

    /Applications/Xcode.app/Contents/Developer/Toolchains/XcodeDefault.xctoolchain/usr/bin/clang -x c -ivfsstatcache /Users/chrissotraidis/GitHub/caesarpad/build/ios/DerivedData/SDKStatCaches.noindex/iphonesimulator26.5-23F81a-6cfe768891a92b912361537c460fe42b.sdkstatcache -target arm64-apple-ios14.0-simulator -fmessage-length\=0 -fdiagnostics-show-note-include-stack -fmacro-backtrace-limit\=0 -fno-color-diagnostics -Wno-trigraphs -Wno-missing-field-initializers -Wno-missing-prototypes -Wno-return-type -Wno-missing-braces -Wparentheses -Wswitch -Wno-unused-function -Wno-unused-label -Wno-unused-parameter -Wno-unused-variable -Wunused-value -Wno-empty-body -Wno-uninitialized -Wno-unknown-pragmas -Wno-shadow -Wno-four-char-constants -Wno-conversion -Wno-constant-conversion -Wno-int-conversion -Wno-bool-conversion -Wno-enum-conversion -Wno-float-conversion -Wno-non-literal-null-conversion -Wno-objc-literal-conversion -Wshorten-64-to-32 -Wpointer-sign -Wno-newline-eof -Wno-implicit-fallthrough -isysroot /Applications/Xcode.app/Contents/Developer/Platforms/iPhoneSimulator.platform/Developer/SDKs/iPhoneSimulator26.5.sdk -fstrict-aliasing -Wdeprecated-declarations -Wno-sign-conversion -Wno-infinite-recursion -Wno-comma -Wno-block-capture-autoreleasing -Wno-strict-prototypes -Wno-semicolon-before-method-body @/Users/chrissotraidis/GitHub/caesarpad/build/ios/build/augustus.build/Release-iphonesimulator/Objects-normal/arm64/7187679823f38a2a940e0043cdf9d637-common-args.resp -MMD -MT dependencies -MF /Users/chrissotraidis/GitHub/caesarpad/build/ios/build/augustus.build/Release-iphonesimulator/Objects-normal/arm64/risks.d --serialize-diagnostics /Users/chrissotraidis/GitHub/caesarpad/build/ios/build/augustus.build/Release-iphonesimulator/Objects-normal/arm64/risks.dia -c /Users/chrissotraidis/GitHub/caesarpad/engines/augustus/src/widget/city/overlay/risks.c -o /Users/chrissotraidis/GitHub/caesarpad/build/ios/build/augustus.build/Release-iphonesimulator/Objects-normal/arm64/risks.o

CompileC /Users/chrissotraidis/GitHub/caesarpad/build/ios/build/augustus.build/Release-iphonesimulator/Objects-normal/arm64/rich_text.o /Users/chrissotraidis/GitHub/caesarpad/engines/augustus/src/graphics/rich_text.c normal arm64 c com.apple.compilers.llvm.clang.1_0.compiler (in target 'augustus' from project 'augustus')
    cd /Users/chrissotraidis/GitHub/caesarpad/engines/augustus

    Using response file: /Users/chrissotraidis/GitHub/caesarpad/build/ios/build/augustus.build/Release-iphonesimulator/Objects-normal/arm64/7187679823f38a2a940e0043cdf9d637-common-args.resp

    /Applications/Xcode.app/Contents/Developer/Toolchains/XcodeDefault.xctoolchain/usr/bin/clang -x c -ivfsstatcache /Users/chrissotraidis/GitHub/caesarpad/build/ios/DerivedData/SDKStatCaches.noindex/iphonesimulator26.5-23F81a-6cfe768891a92b912361537c460fe42b.sdkstatcache -target arm64-apple-ios14.0-simulator -fmessage-length\=0 -fdiagnostics-show-note-include-stack -fmacro-backtrace-limit\=0 -fno-color-diagnostics -Wno-trigraphs -Wno-missing-field-initializers -Wno-missing-prototypes -Wno-return-type -Wno-missing-braces -Wparentheses -Wswitch -Wno-unused-function -Wno-unused-label -Wno-unused-parameter -Wno-unused-variable -Wunused-value -Wno-empty-body -Wno-uninitialized -Wno-unknown-pragmas -Wno-shadow -Wno-four-char-constants -Wno-conversion -Wno-constant-conversion -Wno-int-conversion -Wno-bool-conversion -Wno-enum-conversion -Wno-float-conversion -Wno-non-literal-null-conversion -Wno-objc-literal-conversion -Wshorten-64-to-32 -Wpointer-sign -Wno-newline-eof -Wno-implicit-fallthrough -isysroot /Applications/Xcode.app/Contents/Developer/Platforms/iPhoneSimulator.platform/Developer/SDKs/iPhoneSimulator26.5.sdk -fstrict-aliasing -Wdeprecated-declarations -Wno-sign-conversion -Wno-infinite-recursion -Wno-comma -Wno-block-capture-autoreleasing -Wno-strict-prototypes -Wno-semicolon-before-method-body @/Users/chrissotraidis/GitHub/caesarpad/build/ios/build/augustus.build/Release-iphonesimulator/Objects-normal/arm64/7187679823f38a2a940e0043cdf9d637-common-args.resp -MMD -MT dependencies -MF /Users/chrissotraidis/GitHub/caesarpad/build/ios/build/augustus.build/Release-iphonesimulator/Objects-normal/arm64/rich_text.d --serialize-diagnostics /Users/chrissotraidis/GitHub/caesarpad/build/ios/build/augustus.build/Release-iphonesimulator/Objects-normal/arm64/rich_text.dia -c /Users/chrissotraidis/GitHub/caesarpad/engines/augustus/src/graphics/rich_text.c -o /Users/chrissotraidis/GitHub/caesarpad/build/ios/build/augustus.build/Release-iphonesimulator/Objects-normal/arm64/rich_text.o

CompileC /Users/chrissotraidis/GitHub/caesarpad/build/ios/build/augustus.build/Release-iphonesimulator/Objects-normal/arm64/resource_settings.o /Users/chrissotraidis/GitHub/caesarpad/engines/augustus/src/window/resource_settings.c normal arm64 c com.apple.compilers.llvm.clang.1_0.compiler (in target 'augustus' from project 'augustus')
    cd /Users/chrissotraidis/GitHub/caesarpad/engines/augustus

    Using response file: /Users/chrissotraidis/GitHub/caesarpad/build/ios/build/augustus.build/Release-iphonesimulator/Objects-normal/arm64/7187679823f38a2a940e0043cdf9d637-common-args.resp

    /Applications/Xcode.app/Contents/Developer/Toolchains/XcodeDefault.xctoolchain/usr/bin/clang -x c -ivfsstatcache /Users/chrissotraidis/GitHub/caesarpad/build/ios/DerivedData/SDKStatCaches.noindex/iphonesimulator26.5-23F81a-6cfe768891a92b912361537c460fe42b.sdkstatcache -target arm64-apple-ios14.0-simulator -fmessage-length\=0 -fdiagnostics-show-note-include-stack -fmacro-backtrace-limit\=0 -fno-color-diagnostics -Wno-trigraphs -Wno-missing-field-initializers -Wno-missing-prototypes -Wno-return-type -Wno-missing-braces -Wparentheses -Wswitch -Wno-unused-function -Wno-unused-label -Wno-unused-parameter -Wno-unused-variable -Wunused-value -Wno-empty-body -Wno-uninitialized -Wno-unknown-pragmas -Wno-shadow -Wno-four-char-constants -Wno-conversion -Wno-constant-conversion -Wno-int-conversion -Wno-bool-conversion -Wno-enum-conversion -Wno-float-conversion -Wno-non-literal-null-conversion -Wno-objc-literal-conversion -Wshorten-64-to-32 -Wpointer-sign -Wno-newline-eof -Wno-implicit-fallthrough -isysroot /Applications/Xcode.app/Contents/Developer/Platforms/iPhoneSimulator.platform/Developer/SDKs/iPhoneSimulator26.5.sdk -fstrict-aliasing -Wdeprecated-declarations -Wno-sign-conversion -Wno-infinite-recursion -Wno-comma -Wno-block-capture-autoreleasing -Wno-strict-prototypes -Wno-semicolon-before-method-body @/Users/chrissotraidis/GitHub/caesarpad/build/ios/build/augustus.build/Release-iphonesimulator/Objects-normal/arm64/7187679823f38a2a940e0043cdf9d637-common-args.resp -MMD -MT dependencies -MF /Users/chrissotraidis/GitHub/caesarpad/build/ios/build/augustus.build/Release-iphonesimulator/Objects-normal/arm64/resource_settings.d --serialize-diagnostics /Users/chrissotraidis/GitHub/caesarpad/build/ios/build/augustus.build/Release-iphonesimulator/Objects-normal/arm64/resource_settings.dia -c /Users/chrissotraidis/GitHub/caesarpad/engines/augustus/src/window/resource_settings.c -o /Users/chrissotraidis/GitHub/caesarpad/build/ios/build/augustus.build/Release-iphonesimulator/Objects-normal/arm64/resource_settings.o

CompileC /Users/chrissotraidis/GitHub/caesarpad/build/ios/build/augustus.build/Release-iphonesimulator/Objects-normal/arm64/requests.o /Users/chrissotraidis/GitHub/caesarpad/engines/augustus/src/window/editor/requests.c normal arm64 c com.apple.compilers.llvm.clang.1_0.compiler (in target 'augustus' from project 'augustus')
    cd /Users/chrissotraidis/GitHub/caesarpad/engines/augustus

    Using response file: /Users/chrissotraidis/GitHub/caesarpad/build/ios/build/augustus.build/Release-iphonesimulator/Objects-normal/arm64/7187679823f38a2a940e0043cdf9d637-common-args.resp

    /Applications/Xcode.app/Contents/Developer/Toolchains/XcodeDefault.xctoolchain/usr/bin/clang -x c -ivfsstatcache /Users/chrissotraidis/GitHub/caesarpad/build/ios/DerivedData/SDKStatCaches.noindex/iphonesimulator26.5-23F81a-6cfe768891a92b912361537c460fe42b.sdkstatcache -target arm64-apple-ios14.0-simulator -fmessage-length\=0 -fdiagnostics-show-note-include-stack -fmacro-backtrace-limit\=0 -fno-color-diagnostics -Wno-trigraphs -Wno-missing-field-initializers -Wno-missing-prototypes -Wno-return-type -Wno-missing-braces -Wparentheses -Wswitch -Wno-unused-function -Wno-unused-label -Wno-unused-parameter -Wno-unused-variable -Wunused-value -Wno-empty-body -Wno-uninitialized -Wno-unknown-pragmas -Wno-shadow -Wno-four-char-constants -Wno-conversion -Wno-constant-conversion -Wno-int-conversion -Wno-bool-conversion -Wno-enum-conversion -Wno-float-conversion -Wno-non-literal-null-conversion -Wno-objc-literal-conversion -Wshorten-64-to-32 -Wpointer-sign -Wno-newline-eof -Wno-implicit-fallthrough -isysroot /Applications/Xcode.app/Contents/Developer/Platforms/iPhoneSimulator.platform/Developer/SDKs/iPhoneSimulator26.5.sdk -fstrict-aliasing -Wdeprecated-declarations -Wno-sign-conversion -Wno-infinite-recursion -Wno-comma -Wno-block-capture-autoreleasing -Wno-strict-prototypes -Wno-semicolon-before-method-body @/Users/chrissotraidis/GitHub/caesarpad/build/ios/build/augustus.build/Release-iphonesimulator/Objects-normal/arm64/7187679823f38a2a940e0043cdf9d637-common-args.resp -MMD -MT dependencies -MF /Users/chrissotraidis/GitHub/caesarpad/build/ios/build/augustus.build/Release-iphonesimulator/Objects-normal/arm64/requests.d --serialize-diagnostics /Users/chrissotraidis/GitHub/caesarpad/build/ios/build/augustus.build/Release-iphonesimulator/Objects-normal/arm64/requests.dia -c /Users/chrissotraidis/GitHub/caesarpad/engines/augustus/src/window/editor/requests.c -o /Users/chrissotraidis/GitHub/caesarpad/build/ios/build/augustus.build/Release-iphonesimulator/Objects-normal/arm64/requests.o

CompileC /Users/chrissotraidis/GitHub/caesarpad/build/ios/build/augustus.build/Release-iphonesimulator/Objects-normal/arm64/renderer-220091f23e87503ae1789520db762449.o /Users/chrissotraidis/GitHub/caesarpad/engines/augustus/src/platform/SDL2/renderer.c normal arm64 c com.apple.compilers.llvm.clang.1_0.compiler (in target 'augustus' from project 'augustus')
    cd /Users/chrissotraidis/GitHub/caesarpad/engines/augustus

    Using response file: /Users/chrissotraidis/GitHub/caesarpad/build/ios/build/augustus.build/Release-iphonesimulator/Objects-normal/arm64/7187679823f38a2a940e0043cdf9d637-common-args.resp

    /Applications/Xcode.app/Contents/Developer/Toolchains/XcodeDefault.xctoolchain/usr/bin/clang -x c -ivfsstatcache /Users/chrissotraidis/GitHub/caesarpad/build/ios/DerivedData/SDKStatCaches.noindex/iphonesimulator26.5-23F81a-6cfe768891a92b912361537c460fe42b.sdkstatcache -target arm64-apple-ios14.0-simulator -fmessage-length\=0 -fdiagnostics-show-note-include-stack -fmacro-backtrace-limit\=0 -fno-color-diagnostics -Wno-trigraphs -Wno-missing-field-initializers -Wno-missing-prototypes -Wno-return-type -Wno-missing-braces -Wparentheses -Wswitch -Wno-unused-function -Wno-unused-label -Wno-unused-parameter -Wno-unused-variable -Wunused-value -Wno-empty-body -Wno-uninitialized -Wno-unknown-pragmas -Wno-shadow -Wno-four-char-constants -Wno-conversion -Wno-constant-conversion -Wno-int-conversion -Wno-bool-conversion -Wno-enum-conversion -Wno-float-conversion -Wno-non-literal-null-conversion -Wno-objc-literal-conversion -Wshorten-64-to-32 -Wpointer-sign -Wno-newline-eof -Wno-implicit-fallthrough -isysroot /Applications/Xcode.app/Contents/Developer/Platforms/iPhoneSimulator.platform/Developer/SDKs/iPhoneSimulator26.5.sdk -fstrict-aliasing -Wdeprecated-declarations -Wno-sign-conversion -Wno-infinite-recursion -Wno-comma -Wno-block-capture-autoreleasing -Wno-strict-prototypes -Wno-semicolon-before-method-body @/Users/chrissotraidis/GitHub/caesarpad/build/ios/build/augustus.build/Release-iphonesimulator/Objects-normal/arm64/7187679823f38a2a940e0043cdf9d637-common-args.resp -MMD -MT dependencies -MF /Users/chrissotraidis/GitHub/caesarpad/build/ios/build/augustus.build/Release-iphonesimulator/Objects-normal/arm64/renderer-220091f23e87503ae1789520db762449.d --serialize-diagnostics /Users/chrissotraidis/GitHub/caesarpad/build/ios/build/augustus.build/Release-iphonesimulator/Objects-normal/arm64/renderer-220091f23e87503ae1789520db762449.dia -c /Users/chrissotraidis/GitHub/caesarpad/engines/augustus/src/platform/SDL2/renderer.c -o /Users/chrissotraidis/GitHub/caesarpad/build/ios/build/augustus.build/Release-iphonesimulator/Objects-normal/arm64/renderer-220091f23e87503ae1789520db762449.o

CompileC /Users/chrissotraidis/GitHub/caesarpad/build/ios/build/augustus.build/Release-iphonesimulator/Objects-normal/arm64/religion.o /Users/chrissotraidis/GitHub/caesarpad/engines/augustus/src/window/advisor/religion.c normal arm64 c com.apple.compilers.llvm.clang.1_0.compiler (in target 'augustus' from project 'augustus')
    cd /Users/chrissotraidis/GitHub/caesarpad/engines/augustus

    Using response file: /Users/chrissotraidis/GitHub/caesarpad/build/ios/build/augustus.build/Release-iphonesimulator/Objects-normal/arm64/7187679823f38a2a940e0043cdf9d637-common-args.resp

    /Applications/Xcode.app/Contents/Developer/Toolchains/XcodeDefault.xctoolchain/usr/bin/clang -x c -ivfsstatcache /Users/chrissotraidis/GitHub/caesarpad/build/ios/DerivedData/SDKStatCaches.noindex/iphonesimulator26.5-23F81a-6cfe768891a92b912361537c460fe42b.sdkstatcache -target arm64-apple-ios14.0-simulator -fmessage-length\=0 -fdiagnostics-show-note-include-stack -fmacro-backtrace-limit\=0 -fno-color-diagnostics -Wno-trigraphs -Wno-missing-field-initializers -Wno-missing-prototypes -Wno-return-type -Wno-missing-braces -Wparentheses -Wswitch -Wno-unused-function -Wno-unused-label -Wno-unused-parameter -Wno-unused-variable -Wunused-value -Wno-empty-body -Wno-uninitialized -Wno-unknown-pragmas -Wno-shadow -Wno-four-char-constants -Wno-conversion -Wno-constant-conversion -Wno-int-conversion -Wno-bool-conversion -Wno-enum-conversion -Wno-float-conversion -Wno-non-literal-null-conversion -Wno-objc-literal-conversion -Wshorten-64-to-32 -Wpointer-sign -Wno-newline-eof -Wno-implicit-fallthrough -isysroot /Applications/Xcode.app/Contents/Developer/Platforms/iPhoneSimulator.platform/Developer/SDKs/iPhoneSimulator26.5.sdk -fstrict-aliasing -Wdeprecated-declarations -Wno-sign-conversion -Wno-infinite-recursion -Wno-comma -Wno-block-capture-autoreleasing -Wno-strict-prototypes -Wno-semicolon-before-method-body @/Users/chrissotraidis/GitHub/caesarpad/build/ios/build/augustus.build/Release-iphonesimulator/Objects-normal/arm64/7187679823f38a2a940e0043cdf9d637-common-args.resp -MMD -MT dependencies -MF /Users/chrissotraidis/GitHub/caesarpad/build/ios/build/augustus.build/Release-iphonesimulator/Objects-normal/arm64/religion.d --serialize-diagnostics /Users/chrissotraidis/GitHub/caesarpad/build/ios/build/augustus.build/Release-iphonesimulator/Objects-normal/arm64/religion.dia -c /Users/chrissotraidis/GitHub/caesarpad/engines/augustus/src/window/advisor/religion.c -o /Users/chrissotraidis/GitHub/caesarpad/build/ios/build/augustus.build/Release-iphonesimulator/Objects-normal/arm64/religion.o

CompileC /Users/chrissotraidis/GitHub/caesarpad/build/ios/build/augustus.build/Release-iphonesimulator/Objects-normal/arm64/ratings-f437a7ffe805fd40eda13a55183f1653.o /Users/chrissotraidis/GitHub/caesarpad/engines/augustus/src/window/advisor/ratings.c normal arm64 c com.apple.compilers.llvm.clang.1_0.compiler (in target 'augustus' from project 'augustus')
    cd /Users/chrissotraidis/GitHub/caesarpad/engines/augustus

    Using response file: /Users/chrissotraidis/GitHub/caesarpad/build/ios/build/augustus.build/Release-iphonesimulator/Objects-normal/arm64/7187679823f38a2a940e0043cdf9d637-common-args.resp

    /Applications/Xcode.app/Contents/Developer/Toolchains/XcodeDefault.xctoolchain/usr/bin/clang -x c -ivfsstatcache /Users/chrissotraidis/GitHub/caesarpad/build/ios/DerivedData/SDKStatCaches.noindex/iphonesimulator26.5-23F81a-6cfe768891a92b912361537c460fe42b.sdkstatcache -target arm64-apple-ios14.0-simulator -fmessage-length\=0 -fdiagnostics-show-note-include-stack -fmacro-backtrace-limit\=0 -fno-color-diagnostics -Wno-trigraphs -Wno-missing-field-initializers -Wno-missing-prototypes -Wno-return-type -Wno-missing-braces -Wparentheses -Wswitch -Wno-unused-function -Wno-unused-label -Wno-unused-parameter -Wno-unused-variable -Wunused-value -Wno-empty-body -Wno-uninitialized -Wno-unknown-pragmas -Wno-shadow -Wno-four-char-constants -Wno-conversion -Wno-constant-conversion -Wno-int-conversion -Wno-bool-conversion -Wno-enum-conversion -Wno-float-conversion -Wno-non-literal-null-conversion -Wno-objc-literal-conversion -Wshorten-64-to-32 -Wpointer-sign -Wno-newline-eof -Wno-implicit-fallthrough -isysroot /Applications/Xcode.app/Contents/Developer/Platforms/iPhoneSimulator.platform/Developer/SDKs/iPhoneSimulator26.5.sdk -fstrict-aliasing -Wdeprecated-declarations -Wno-sign-conversion -Wno-infinite-recursion -Wno-comma -Wno-block-capture-autoreleasing -Wno-strict-prototypes -Wno-semicolon-before-method-body @/Users/chrissotraidis/GitHub/caesarpad/build/ios/build/augustus.build/Release-iphonesimulator/Objects-normal/arm64/7187679823f38a2a940e0043cdf9d637-common-args.resp -MMD -MT dependencies -MF /Users/chrissotraidis/GitHub/caesarpad/build/ios/build/augustus.build/Release-iphonesimulator/Objects-normal/arm64/ratings-f437a7ffe805fd40eda13a55183f1653.d --serialize-diagnostics /Users/chrissotraidis/GitHub/caesarpad/build/ios/build/augustus.build/Release-iphonesimulator/Objects-normal/arm64/ratings-f437a7ffe805fd40eda13a55183f1653.dia -c /Users/chrissotraidis/GitHub/caesarpad/engines/augustus/src/window/advisor/ratings.c -o /Users/chrissotraidis/GitHub/caesarpad/build/ios/build/augustus.build/Release-iphonesimulator/Objects-normal/arm64/ratings-f437a7ffe805fd40eda13a55183f1653.o

CompileC /Users/chrissotraidis/GitHub/caesarpad/build/ios/build/augustus.build/Release-iphonesimulator/Objects-normal/arm64/race_bet-fa973ca1d7012ffffe8188be728834f5.o /Users/chrissotraidis/GitHub/caesarpad/engines/augustus/src/window/race_bet.c normal arm64 c com.apple.compilers.llvm.clang.1_0.compiler (in target 'augustus' from project 'augustus')
    cd /Users/chrissotraidis/GitHub/caesarpad/engines/augustus

    Using response file: /Users/chrissotraidis/GitHub/caesarpad/build/ios/build/augustus.build/Release-iphonesimulator/Objects-normal/arm64/7187679823f38a2a940e0043cdf9d637-common-args.resp

    /Applications/Xcode.app/Contents/Developer/Toolchains/XcodeDefault.xctoolchain/usr/bin/clang -x c -ivfsstatcache /Users/chrissotraidis/GitHub/caesarpad/build/ios/DerivedData/SDKStatCaches.noindex/iphonesimulator26.5-23F81a-6cfe768891a92b912361537c460fe42b.sdkstatcache -target arm64-apple-ios14.0-simulator -fmessage-length\=0 -fdiagnostics-show-note-include-stack -fmacro-backtrace-limit\=0 -fno-color-diagnostics -Wno-trigraphs -Wno-missing-field-initializers -Wno-missing-prototypes -Wno-return-type -Wno-missing-braces -Wparentheses -Wswitch -Wno-unused-function -Wno-unused-label -Wno-unused-parameter -Wno-unused-variable -Wunused-value -Wno-empty-body -Wno-uninitialized -Wno-unknown-pragmas -Wno-shadow -Wno-four-char-constants -Wno-conversion -Wno-constant-conversion -Wno-int-conversion -Wno-bool-conversion -Wno-enum-conversion -Wno-float-conversion -Wno-non-literal-null-conversion -Wno-objc-literal-conversion -Wshorten-64-to-32 -Wpointer-sign -Wno-newline-eof -Wno-implicit-fallthrough -isysroot /Applications/Xcode.app/Contents/Developer/Platforms/iPhoneSimulator.platform/Developer/SDKs/iPhoneSimulator26.5.sdk -fstrict-aliasing -Wdeprecated-declarations -Wno-sign-conversion -Wno-infinite-recursion -Wno-comma -Wno-block-capture-autoreleasing -Wno-strict-prototypes -Wno-semicolon-before-method-body @/Users/chrissotraidis/GitHub/caesarpad/build/ios/build/augustus.build/Release-iphonesimulator/Objects-normal/arm64/7187679823f38a2a940e0043cdf9d637-common-args.resp -MMD -MT dependencies -MF /Users/chrissotraidis/GitHub/caesarpad/build/ios/build/augustus.build/Release-iphonesimulator/Objects-normal/arm64/race_bet-fa973ca1d7012ffffe8188be728834f5.d --serialize-diagnostics /Users/chrissotraidis/GitHub/caesarpad/build/ios/build/augustus.build/Release-iphonesimulator/Objects-normal/arm64/race_bet-fa973ca1d7012ffffe8188be728834f5.dia -c /Users/chrissotraidis/GitHub/caesarpad/engines/augustus/src/window/race_bet.c -o /Users/chrissotraidis/GitHub/caesarpad/build/ios/build/augustus.build/Release-iphonesimulator/Objects-normal/arm64/race_bet-fa973ca1d7012ffffe8188be728834f5.o

CompileC /Users/chrissotraidis/GitHub/caesarpad/build/ios/build/augustus.build/Release-iphonesimulator/Objects-normal/arm64/price_changes.o /Users/chrissotraidis/GitHub/caesarpad/engines/augustus/src/window/editor/price_changes.c normal arm64 c com.apple.compilers.llvm.clang.1_0.compiler (in target 'augustus' from project 'augustus')
    cd /Users/chrissotraidis/GitHub/caesarpad/engines/augustus

    Using response file: /Users/chrissotraidis/GitHub/caesarpad/build/ios/build/augustus.build/Release-iphonesimulator/Objects-normal/arm64/7187679823f38a2a940e0043cdf9d637-common-args.resp

    /Applications/Xcode.app/Contents/Developer/Toolchains/XcodeDefault.xctoolchain/usr/bin/clang -x c -ivfsstatcache /Users/chrissotraidis/GitHub/caesarpad/build/ios/DerivedData/SDKStatCaches.noindex/iphonesimulator26.5-23F81a-6cfe768891a92b912361537c460fe42b.sdkstatcache -target arm64-apple-ios14.0-simulator -fmessage-length\=0 -fdiagnostics-show-note-include-stack -fmacro-backtrace-limit\=0 -fno-color-diagnostics -Wno-trigraphs -Wno-missing-field-initializers -Wno-missing-prototypes -Wno-return-type -Wno-missing-braces -Wparentheses -Wswitch -Wno-unused-function -Wno-unused-label -Wno-unused-parameter -Wno-unused-variable -Wunused-value -Wno-empty-body -Wno-uninitialized -Wno-unknown-pragmas -Wno-shadow -Wno-four-char-constants -Wno-conversion -Wno-constant-conversion -Wno-int-conversion -Wno-bool-conversion -Wno-enum-conversion -Wno-float-conversion -Wno-non-literal-null-conversion -Wno-objc-literal-conversion -Wshorten-64-to-32 -Wpointer-sign -Wno-newline-eof -Wno-implicit-fallthrough -isysroot /Applications/Xcode.app/Contents/Developer/Platforms/iPhoneSimulator.platform/Developer/SDKs/iPhoneSimulator26.5.sdk -fstrict-aliasing -Wdeprecated-declarations -Wno-sign-conversion -Wno-infinite-recursion -Wno-comma -Wno-block-capture-autoreleasing -Wno-strict-prototypes -Wno-semicolon-before-method-body @/Users/chrissotraidis/GitHub/caesarpad/build/ios/build/augustus.build/Release-iphonesimulator/Objects-normal/arm64/7187679823f38a2a940e0043cdf9d637-common-args.resp -MMD -MT dependencies -MF /Users/chrissotraidis/GitHub/caesarpad/build/ios/build/augustus.build/Release-iphonesimulator/Objects-normal/arm64/price_changes.d --serialize-diagnostics /Users/chrissotraidis/GitHub/caesarpad/build/ios/build/augustus.build/Release-iphonesimulator/Objects-normal/arm64/price_changes.dia -c /Users/chrissotraidis/GitHub/caesarpad/engines/augustus/src/window/editor/price_changes.c -o /Users/chrissotraidis/GitHub/caesarpad/build/ios/build/augustus.build/Release-iphonesimulator/Objects-normal/arm64/price_changes.o

CompileC /Users/chrissotraidis/GitHub/caesarpad/build/ios/build/augustus.build/Release-iphonesimulator/Objects-normal/arm64/popup_dialog.o /Users/chrissotraidis/GitHub/caesarpad/engines/augustus/src/window/popup_dialog.c normal arm64 c com.apple.compilers.llvm.clang.1_0.compiler (in target 'augustus' from project 'augustus')
    cd /Users/chrissotraidis/GitHub/caesarpad/engines/augustus

    Using response file: /Users/chrissotraidis/GitHub/caesarpad/build/ios/build/augustus.build/Release-iphonesimulator/Objects-normal/arm64/7187679823f38a2a940e0043cdf9d637-common-args.resp

    /Applications/Xcode.app/Contents/Developer/Toolchains/XcodeDefault.xctoolchain/usr/bin/clang -x c -ivfsstatcache /Users/chrissotraidis/GitHub/caesarpad/build/ios/DerivedData/SDKStatCaches.noindex/iphonesimulator26.5-23F81a-6cfe768891a92b912361537c460fe42b.sdkstatcache -target arm64-apple-ios14.0-simulator -fmessage-length\=0 -fdiagnostics-show-note-include-stack -fmacro-backtrace-limit\=0 -fno-color-diagnostics -Wno-trigraphs -Wno-missing-field-initializers -Wno-missing-prototypes -Wno-return-type -Wno-missing-braces -Wparentheses -Wswitch -Wno-unused-function -Wno-unused-label -Wno-unused-parameter -Wno-unused-variable -Wunused-value -Wno-empty-body -Wno-uninitialized -Wno-unknown-pragmas -Wno-shadow -Wno-four-char-constants -Wno-conversion -Wno-constant-conversion -Wno-int-conversion -Wno-bool-conversion -Wno-enum-conversion -Wno-float-conversion -Wno-non-literal-null-conversion -Wno-objc-literal-conversion -Wshorten-64-to-32 -Wpointer-sign -Wno-newline-eof -Wno-implicit-fallthrough -isysroot /Applications/Xcode.app/Contents/Developer/Platforms/iPhoneSimulator.platform/Developer/SDKs/iPhoneSimulator26.5.sdk -fstrict-aliasing -Wdeprecated-declarations -Wno-sign-conversion -Wno-infinite-recursion -Wno-comma -Wno-block-capture-autoreleasing -Wno-strict-prototypes -Wno-semicolon-before-method-body @/Users/chrissotraidis/GitHub/caesarpad/build/ios/build/augustus.build/Release-iphonesimulator/Objects-normal/arm64/7187679823f38a2a940e0043cdf9d637-common-args.resp -MMD -MT dependencies -MF /Users/chrissotraidis/GitHub/caesarpad/build/ios/build/augustus.build/Release-iphonesimulator/Objects-normal/arm64/popup_dialog.d --serialize-diagnostics /Users/chrissotraidis/GitHub/caesarpad/build/ios/build/augustus.build/Release-iphonesimulator/Objects-normal/arm64/popup_dialog.dia -c /Users/chrissotraidis/GitHub/caesarpad/engines/augustus/src/window/popup_dialog.c -o /Users/chrissotraidis/GitHub/caesarpad/build/ios/build/augustus.build/Release-iphonesimulator/Objects-normal/arm64/popup_dialog.o

CompileC /Users/chrissotraidis/GitHub/caesarpad/build/ios/build/augustus.build/Release-iphonesimulator/Objects-normal/arm64/population-4733546985d2f399d3f1dfe5cf6c659b.o /Users/chrissotraidis/GitHub/caesarpad/engines/augustus/src/window/advisor/population.c normal arm64 c com.apple.compilers.llvm.clang.1_0.compiler (in target 'augustus' from project 'augustus')
    cd /Users/chrissotraidis/GitHub/caesarpad/engines/augustus

    Using response file: /Users/chrissotraidis/GitHub/caesarpad/build/ios/build/augustus.build/Release-iphonesimulator/Objects-normal/arm64/7187679823f38a2a940e0043cdf9d637-common-args.resp

    /Applications/Xcode.app/Contents/Developer/Toolchains/XcodeDefault.xctoolchain/usr/bin/clang -x c -ivfsstatcache /Users/chrissotraidis/GitHub/caesarpad/build/ios/DerivedData/SDKStatCaches.noindex/iphonesimulator26.5-23F81a-6cfe768891a92b912361537c460fe42b.sdkstatcache -target arm64-apple-ios14.0-simulator -fmessage-length\=0 -fdiagnostics-show-note-include-stack -fmacro-backtrace-limit\=0 -fno-color-diagnostics -Wno-trigraphs -Wno-missing-field-initializers -Wno-missing-prototypes -Wno-return-type -Wno-missing-braces -Wparentheses -Wswitch -Wno-unused-function -Wno-unused-label -Wno-unused-parameter -Wno-unused-variable -Wunused-value -Wno-empty-body -Wno-uninitialized -Wno-unknown-pragmas -Wno-shadow -Wno-four-char-constants -Wno-conversion -Wno-constant-conversion -Wno-int-conversion -Wno-bool-conversion -Wno-enum-conversion -Wno-float-conversion -Wno-non-literal-null-conversion -Wno-objc-literal-conversion -Wshorten-64-to-32 -Wpointer-sign -Wno-newline-eof -Wno-implicit-fallthrough -isysroot /Applications/Xcode.app/Contents/Developer/Platforms/iPhoneSimulator.platform/Developer/SDKs/iPhoneSimulator26.5.sdk -fstrict-aliasing -Wdeprecated-declarations -Wno-sign-conversion -Wno-infinite-recursion -Wno-comma -Wno-block-capture-autoreleasing -Wno-strict-prototypes -Wno-semicolon-before-method-body @/Users/chrissotraidis/GitHub/caesarpad/build/ios/build/augustus.build/Release-iphonesimulator/Objects-normal/arm64/7187679823f38a2a940e0043cdf9d637-common-args.resp -MMD -MT dependencies -MF /Users/chrissotraidis/GitHub/caesarpad/build/ios/build/augustus.build/Release-iphonesimulator/Objects-normal/arm64/population-4733546985d2f399d3f1dfe5cf6c659b.d --serialize-diagnostics /Users/chrissotraidis/GitHub/caesarpad/build/ios/build/augustus.build/Release-iphonesimulator/Objects-normal/arm64/population-4733546985d2f399d3f1dfe5cf6c659b.dia -c /Users/chrissotraidis/GitHub/caesarpad/engines/augustus/src/window/advisor/population.c -o /Users/chrissotraidis/GitHub/caesarpad/build/ios/build/augustus.build/Release-iphonesimulator/Objects-normal/arm64/population-4733546985d2f399d3f1dfe5cf6c659b.o

CompileC /Users/chrissotraidis/GitHub/caesarpad/build/ios/build/augustus.build/Release-iphonesimulator/Objects-normal/arm64/plain_message_dialog.o /Users/chrissotraidis/GitHub/caesarpad/engines/augustus/src/window/plain_message_dialog.c normal arm64 c com.apple.compilers.llvm.clang.1_0.compiler (in target 'augustus' from project 'augustus')
    cd /Users/chrissotraidis/GitHub/caesarpad/engines/augustus

    Using response file: /Users/chrissotraidis/GitHub/caesarpad/build/ios/build/augustus.build/Release-iphonesimulator/Objects-normal/arm64/7187679823f38a2a940e0043cdf9d637-common-args.resp

    /Applications/Xcode.app/Contents/Developer/Toolchains/XcodeDefault.xctoolchain/usr/bin/clang -x c -ivfsstatcache /Users/chrissotraidis/GitHub/caesarpad/build/ios/DerivedData/SDKStatCaches.noindex/iphonesimulator26.5-23F81a-6cfe768891a92b912361537c460fe42b.sdkstatcache -target arm64-apple-ios14.0-simulator -fmessage-length\=0 -fdiagnostics-show-note-include-stack -fmacro-backtrace-limit\=0 -fno-color-diagnostics -Wno-trigraphs -Wno-missing-field-initializers -Wno-missing-prototypes -Wno-return-type -Wno-missing-braces -Wparentheses -Wswitch -Wno-unused-function -Wno-unused-label -Wno-unused-parameter -Wno-unused-variable -Wunused-value -Wno-empty-body -Wno-uninitialized -Wno-unknown-pragmas -Wno-shadow -Wno-four-char-constants -Wno-conversion -Wno-constant-conversion -Wno-int-conversion -Wno-bool-conversion -Wno-enum-conversion -Wno-float-conversion -Wno-non-literal-null-conversion -Wno-objc-literal-conversion -Wshorten-64-to-32 -Wpointer-sign -Wno-newline-eof -Wno-implicit-fallthrough -isysroot /Applications/Xcode.app/Contents/Developer/Platforms/iPhoneSimulator.platform/Developer/SDKs/iPhoneSimulator26.5.sdk -fstrict-aliasing -Wdeprecated-declarations -Wno-sign-conversion -Wno-infinite-recursion -Wno-comma -Wno-block-capture-autoreleasing -Wno-strict-prototypes -Wno-semicolon-before-method-body @/Users/chrissotraidis/GitHub/caesarpad/build/ios/build/augustus.build/Release-iphonesimulator/Objects-normal/arm64/7187679823f38a2a940e0043cdf9d637-common-args.resp -MMD -MT dependencies -MF /Users/chrissotraidis/GitHub/caesarpad/build/ios/build/augustus.build/Release-iphonesimulator/Objects-normal/arm64/plain_message_dialog.d --serialize-diagnostics /Users/chrissotraidis/GitHub/caesarpad/build/ios/build/augustus.build/Release-iphonesimulator/Objects-normal/arm64/plain_message_dialog.dia -c /Users/chrissotraidis/GitHub/caesarpad/engines/augustus/src/window/plain_message_dialog.c -o /Users/chrissotraidis/GitHub/caesarpad/build/ios/build/augustus.build/Release-iphonesimulator/Objects-normal/arm64/plain_message_dialog.o

CompileC /Users/chrissotraidis/GitHub/caesarpad/build/ios/build/augustus.build/Release-iphonesimulator/Objects-normal/arm64/pause_menu-bf53521613ac1d234566992dce70e180.o /Users/chrissotraidis/GitHub/caesarpad/engines/augustus/src/window/editor/pause_menu.c normal arm64 c com.apple.compilers.llvm.clang.1_0.compiler (in target 'augustus' from project 'augustus')
    cd /Users/chrissotraidis/GitHub/caesarpad/engines/augustus

    Using response file: /Users/chrissotraidis/GitHub/caesarpad/build/ios/build/augustus.build/Release-iphonesimulator/Objects-normal/arm64/7187679823f38a2a940e0043cdf9d637-common-args.resp

    /Applications/Xcode.app/Contents/Developer/Toolchains/XcodeDefault.xctoolchain/usr/bin/clang -x c -ivfsstatcache /Users/chrissotraidis/GitHub/caesarpad/build/ios/DerivedData/SDKStatCaches.noindex/iphonesimulator26.5-23F81a-6cfe768891a92b912361537c460fe42b.sdkstatcache -target arm64-apple-ios14.0-simulator -fmessage-length\=0 -fdiagnostics-show-note-include-stack -fmacro-backtrace-limit\=0 -fno-color-diagnostics -Wno-trigraphs -Wno-missing-field-initializers -Wno-missing-prototypes -Wno-return-type -Wno-missing-braces -Wparentheses -Wswitch -Wno-unused-function -Wno-unused-label -Wno-unused-parameter -Wno-unused-variable -Wunused-value -Wno-empty-body -Wno-uninitialized -Wno-unknown-pragmas -Wno-shadow -Wno-four-char-constants -Wno-conversion -Wno-constant-conversion -Wno-int-conversion -Wno-bool-conversion -Wno-enum-conversion -Wno-float-conversion -Wno-non-literal-null-conversion -Wno-objc-literal-conversion -Wshorten-64-to-32 -Wpointer-sign -Wno-newline-eof -Wno-implicit-fallthrough -isysroot /Applications/Xcode.app/Contents/Developer/Platforms/iPhoneSimulator.platform/Developer/SDKs/iPhoneSimulator26.5.sdk -fstrict-aliasing -Wdeprecated-declarations -Wno-sign-conversion -Wno-infinite-recursion -Wno-comma -Wno-block-capture-autoreleasing -Wno-strict-prototypes -Wno-semicolon-before-method-body @/Users/chrissotraidis/GitHub/caesarpad/build/ios/build/augustus.build/Release-iphonesimulator/Objects-normal/arm64/7187679823f38a2a940e0043cdf9d637-common-args.resp -MMD -MT dependencies -MF /Users/chrissotraidis/GitHub/caesarpad/build/ios/build/augustus.build/Release-iphonesimulator/Objects-normal/arm64/pause_menu-bf53521613ac1d234566992dce70e180.d --serialize-diagnostics /Users/chrissotraidis/GitHub/caesarpad/build/ios/build/augustus.build/Release-iphonesimulator/Objects-normal/arm64/pause_menu-bf53521613ac1d234566992dce70e180.dia -c /Users/chrissotraidis/GitHub/caesarpad/engines/augustus/src/window/editor/pause_menu.c -o /Users/chrissotraidis/GitHub/caesarpad/build/ios/build/augustus.build/Release-iphonesimulator/Objects-normal/arm64/pause_menu-bf53521613ac1d234566992dce70e180.o

CompileC /Users/chrissotraidis/GitHub/caesarpad/build/ios/build/augustus.build/Release-iphonesimulator/Objects-normal/arm64/pause_menu-237d31e50df0febb751cf0ca232a8196.o /Users/chrissotraidis/GitHub/caesarpad/engines/augustus/src/window/pause_menu.c normal arm64 c com.apple.compilers.llvm.clang.1_0.compiler (in target 'augustus' from project 'augustus')
    cd /Users/chrissotraidis/GitHub/caesarpad/engines/augustus

    Using response file: /Users/chrissotraidis/GitHub/caesarpad/build/ios/build/augustus.build/Release-iphonesimulator/Objects-normal/arm64/7187679823f38a2a940e0043cdf9d637-common-args.resp

    /Applications/Xcode.app/Contents/Developer/Toolchains/XcodeDefault.xctoolchain/usr/bin/clang -x c -ivfsstatcache /Users/chrissotraidis/GitHub/caesarpad/build/ios/DerivedData/SDKStatCaches.noindex/iphonesimulator26.5-23F81a-6cfe768891a92b912361537c460fe42b.sdkstatcache -target arm64-apple-ios14.0-simulator -fmessage-length\=0 -fdiagnostics-show-note-include-stack -fmacro-backtrace-limit\=0 -fno-color-diagnostics -Wno-trigraphs -Wno-missing-field-initializers -Wno-missing-prototypes -Wno-return-type -Wno-missing-braces -Wparentheses -Wswitch -Wno-unused-function -Wno-unused-label -Wno-unused-parameter -Wno-unused-variable -Wunused-value -Wno-empty-body -Wno-uninitialized -Wno-unknown-pragmas -Wno-shadow -Wno-four-char-constants -Wno-conversion -Wno-constant-conversion -Wno-int-conversion -Wno-bool-conversion -Wno-enum-conversion -Wno-float-conversion -Wno-non-literal-null-conversion -Wno-objc-literal-conversion -Wshorten-64-to-32 -Wpointer-sign -Wno-newline-eof -Wno-implicit-fallthrough -isysroot /Applications/Xcode.app/Contents/Developer/Platforms/iPhoneSimulator.platform/Developer/SDKs/iPhoneSimulator26.5.sdk -fstrict-aliasing -Wdeprecated-declarations -Wno-sign-conversion -Wno-infinite-recursion -Wno-comma -Wno-block-capture-autoreleasing -Wno-strict-prototypes -Wno-semicolon-before-method-body @/Users/chrissotraidis/GitHub/caesarpad/build/ios/build/augustus.build/Release-iphonesimulator/Objects-normal/arm64/7187679823f38a2a940e0043cdf9d637-common-args.resp -MMD -MT dependencies -MF /Users/chrissotraidis/GitHub/caesarpad/build/ios/build/augustus.build/Release-iphonesimulator/Objects-normal/arm64/pause_menu-237d31e50df0febb751cf0ca232a8196.d --serialize-diagnostics /Users/chrissotraidis/GitHub/caesarpad/build/ios/build/augustus.build/Release-iphonesimulator/Objects-normal/arm64/pause_menu-237d31e50df0febb751cf0ca232a8196.dia -c /Users/chrissotraidis/GitHub/caesarpad/engines/augustus/src/window/pause_menu.c -o /Users/chrissotraidis/GitHub/caesarpad/build/ios/build/augustus.build/Release-iphonesimulator/Objects-normal/arm64/pause_menu-237d31e50df0febb751cf0ca232a8196.o

CompileC /Users/chrissotraidis/GitHub/caesarpad/build/ios/build/augustus.build/Release-iphonesimulator/Objects-normal/arm64/parameter_city.o /Users/chrissotraidis/GitHub/caesarpad/engines/augustus/src/scenario/event/parameter_city.c normal arm64 c com.apple.compilers.llvm.clang.1_0.compiler (in target 'augustus' from project 'augustus')
    cd /Users/chrissotraidis/GitHub/caesarpad/engines/augustus

    Using response file: /Users/chrissotraidis/GitHub/caesarpad/build/ios/build/augustus.build/Release-iphonesimulator/Objects-normal/arm64/7187679823f38a2a940e0043cdf9d637-common-args.resp

    /Applications/Xcode.app/Contents/Developer/Toolchains/XcodeDefault.xctoolchain/usr/bin/clang -x c -ivfsstatcache /Users/chrissotraidis/GitHub/caesarpad/build/ios/DerivedData/SDKStatCaches.noindex/iphonesimulator26.5-23F81a-6cfe768891a92b912361537c460fe42b.sdkstatcache -target arm64-apple-ios14.0-simulator -fmessage-length\=0 -fdiagnostics-show-note-include-stack -fmacro-backtrace-limit\=0 -fno-color-diagnostics -Wno-trigraphs -Wno-missing-field-initializers -Wno-missing-prototypes -Wno-return-type -Wno-missing-braces -Wparentheses -Wswitch -Wno-unused-function -Wno-unused-label -Wno-unused-parameter -Wno-unused-variable -Wunused-value -Wno-empty-body -Wno-uninitialized -Wno-unknown-pragmas -Wno-shadow -Wno-four-char-constants -Wno-conversion -Wno-constant-conversion -Wno-int-conversion -Wno-bool-conversion -Wno-enum-conversion -Wno-float-conversion -Wno-non-literal-null-conversion -Wno-objc-literal-conversion -Wshorten-64-to-32 -Wpointer-sign -Wno-newline-eof -Wno-implicit-fallthrough -isysroot /Applications/Xcode.app/Contents/Developer/Platforms/iPhoneSimulator.platform/Developer/SDKs/iPhoneSimulator26.5.sdk -fstrict-aliasing -Wdeprecated-declarations -Wno-sign-conversion -Wno-infinite-recursion -Wno-comma -Wno-block-capture-autoreleasing -Wno-strict-prototypes -Wno-semicolon-before-method-body @/Users/chrissotraidis/GitHub/caesarpad/build/ios/build/augustus.build/Release-iphonesimulator/Objects-normal/arm64/7187679823f38a2a940e0043cdf9d637-common-args.resp -MMD -MT dependencies -MF /Users/chrissotraidis/GitHub/caesarpad/build/ios/build/augustus.build/Release-iphonesimulator/Objects-normal/arm64/parameter_city.d --serialize-diagnostics /Users/chrissotraidis/GitHub/caesarpad/build/ios/build/augustus.build/Release-iphonesimulator/Objects-normal/arm64/parameter_city.dia -c /Users/chrissotraidis/GitHub/caesarpad/engines/augustus/src/scenario/event/parameter_city.c -o /Users/chrissotraidis/GitHub/caesarpad/build/ios/build/augustus.build/Release-iphonesimulator/Objects-normal/arm64/parameter_city.o

CompileC /Users/chrissotraidis/GitHub/caesarpad/build/ios/build/augustus.build/Release-iphonesimulator/Objects-normal/arm64/overlay_menu.o /Users/chrissotraidis/GitHub/caesarpad/engines/augustus/src/window/overlay_menu.c normal arm64 c com.apple.compilers.llvm.clang.1_0.compiler (in target 'augustus' from project 'augustus')
    cd /Users/chrissotraidis/GitHub/caesarpad/engines/augustus

    Using response file: /Users/chrissotraidis/GitHub/caesarpad/build/ios/build/augustus.build/Release-iphonesimulator/Objects-normal/arm64/7187679823f38a2a940e0043cdf9d637-common-args.resp

    /Applications/Xcode.app/Contents/Developer/Toolchains/XcodeDefault.xctoolchain/usr/bin/clang -x c -ivfsstatcache /Users/chrissotraidis/GitHub/caesarpad/build/ios/DerivedData/SDKStatCaches.noindex/iphonesimulator26.5-23F81a-6cfe768891a92b912361537c460fe42b.sdkstatcache -target arm64-apple-ios14.0-simulator -fmessage-length\=0 -fdiagnostics-show-note-include-stack -fmacro-backtrace-limit\=0 -fno-color-diagnostics -Wno-trigraphs -Wno-missing-field-initializers -Wno-missing-prototypes -Wno-return-type -Wno-missing-braces -Wparentheses -Wswitch -Wno-unused-function -Wno-unused-label -Wno-unused-parameter -Wno-unused-variable -Wunused-value -Wno-empty-body -Wno-uninitialized -Wno-unknown-pragmas -Wno-shadow -Wno-four-char-constants -Wno-conversion -Wno-constant-conversion -Wno-int-conversion -Wno-bool-conversion -Wno-enum-conversion -Wno-float-conversion -Wno-non-literal-null-conversion -Wno-objc-literal-conversion -Wshorten-64-to-32 -Wpointer-sign -Wno-newline-eof -Wno-implicit-fallthrough -isysroot /Applications/Xcode.app/Contents/Developer/Platforms/iPhoneSimulator.platform/Developer/SDKs/iPhoneSimulator26.5.sdk -fstrict-aliasing -Wdeprecated-declarations -Wno-sign-conversion -Wno-infinite-recursion -Wno-comma -Wno-block-capture-autoreleasing -Wno-strict-prototypes -Wno-semicolon-before-method-body @/Users/chrissotraidis/GitHub/caesarpad/build/ios/build/augustus.build/Release-iphonesimulator/Objects-normal/arm64/7187679823f38a2a940e0043cdf9d637-common-args.resp -MMD -MT dependencies -MF /Users/chrissotraidis/GitHub/caesarpad/build/ios/build/augustus.build/Release-iphonesimulator/Objects-normal/arm64/overlay_menu.d --serialize-diagnostics /Users/chrissotraidis/GitHub/caesarpad/build/ios/build/augustus.build/Release-iphonesimulator/Objects-normal/arm64/overlay_menu.dia -c /Users/chrissotraidis/GitHub/caesarpad/engines/augustus/src/window/overlay_menu.c -o /Users/chrissotraidis/GitHub/caesarpad/build/ios/build/augustus.build/Release-iphonesimulator/Objects-normal/arm64/overlay_menu.o

CompileC /Users/chrissotraidis/GitHub/caesarpad/build/ios/build/augustus.build/Release-iphonesimulator/Objects-normal/arm64/overlay.o /Users/chrissotraidis/GitHub/caesarpad/engines/augustus/src/widget/city/overlay/overlay.c normal arm64 c com.apple.compilers.llvm.clang.1_0.compiler (in target 'augustus' from project 'augustus')
    cd /Users/chrissotraidis/GitHub/caesarpad/engines/augustus

    Using response file: /Users/chrissotraidis/GitHub/caesarpad/build/ios/build/augustus.build/Release-iphonesimulator/Objects-normal/arm64/7187679823f38a2a940e0043cdf9d637-common-args.resp

    /Applications/Xcode.app/Contents/Developer/Toolchains/XcodeDefault.xctoolchain/usr/bin/clang -x c -ivfsstatcache /Users/chrissotraidis/GitHub/caesarpad/build/ios/DerivedData/SDKStatCaches.noindex/iphonesimulator26.5-23F81a-6cfe768891a92b912361537c460fe42b.sdkstatcache -target arm64-apple-ios14.0-simulator -fmessage-length\=0 -fdiagnostics-show-note-include-stack -fmacro-backtrace-limit\=0 -fno-color-diagnostics -Wno-trigraphs -Wno-missing-field-initializers -Wno-missing-prototypes -Wno-return-type -Wno-missing-braces -Wparentheses -Wswitch -Wno-unused-function -Wno-unused-label -Wno-unused-parameter -Wno-unused-variable -Wunused-value -Wno-empty-body -Wno-uninitialized -Wno-unknown-pragmas -Wno-shadow -Wno-four-char-constants -Wno-conversion -Wno-constant-conversion -Wno-int-conversion -Wno-bool-conversion -Wno-enum-conversion -Wno-float-conversion -Wno-non-literal-null-conversion -Wno-objc-literal-conversion -Wshorten-64-to-32 -Wpointer-sign -Wno-newline-eof -Wno-implicit-fallthrough -isysroot /Applications/Xcode.app/Contents/Developer/Platforms/iPhoneSimulator.platform/Developer/SDKs/iPhoneSimulator26.5.sdk -fstrict-aliasing -Wdeprecated-declarations -Wno-sign-conversion -Wno-infinite-recursion -Wno-comma -Wno-block-capture-autoreleasing -Wno-strict-prototypes -Wno-semicolon-before-method-body @/Users/chrissotraidis/GitHub/caesarpad/build/ios/build/augustus.build/Release-iphonesimulator/Objects-normal/arm64/7187679823f38a2a940e0043cdf9d637-common-args.resp -MMD -MT dependencies -MF /Users/chrissotraidis/GitHub/caesarpad/build/ios/build/augustus.build/Release-iphonesimulator/Objects-normal/arm64/overlay.d --serialize-diagnostics /Users/chrissotraidis/GitHub/caesarpad/build/ios/build/augustus.build/Release-iphonesimulator/Objects-normal/arm64/overlay.dia -c /Users/chrissotraidis/GitHub/caesarpad/engines/augustus/src/widget/city/overlay/overlay.c -o /Users/chrissotraidis/GitHub/caesarpad/build/ios/build/augustus.build/Release-iphonesimulator/Objects-normal/arm64/overlay.o

CompileC /Users/chrissotraidis/GitHub/caesarpad/build/ios/build/augustus.build/Release-iphonesimulator/Objects-normal/arm64/other.o /Users/chrissotraidis/GitHub/caesarpad/engines/augustus/src/widget/city/overlay/other.c normal arm64 c com.apple.compilers.llvm.clang.1_0.compiler (in target 'augustus' from project 'augustus')
    cd /Users/chrissotraidis/GitHub/caesarpad/engines/augustus

    Using response file: /Users/chrissotraidis/GitHub/caesarpad/build/ios/build/augustus.build/Release-iphonesimulator/Objects-normal/arm64/7187679823f38a2a940e0043cdf9d637-common-args.resp

    /Applications/Xcode.app/Contents/Developer/Toolchains/XcodeDefault.xctoolchain/usr/bin/clang -x c -ivfsstatcache /Users/chrissotraidis/GitHub/caesarpad/build/ios/DerivedData/SDKStatCaches.noindex/iphonesimulator26.5-23F81a-6cfe768891a92b912361537c460fe42b.sdkstatcache -target arm64-apple-ios14.0-simulator -fmessage-length\=0 -fdiagnostics-show-note-include-stack -fmacro-backtrace-limit\=0 -fno-color-diagnostics -Wno-trigraphs -Wno-missing-field-initializers -Wno-missing-prototypes -Wno-return-type -Wno-missing-braces -Wparentheses -Wswitch -Wno-unused-function -Wno-unused-label -Wno-unused-parameter -Wno-unused-variable -Wunused-value -Wno-empty-body -Wno-uninitialized -Wno-unknown-pragmas -Wno-shadow -Wno-four-char-constants -Wno-conversion -Wno-constant-conversion -Wno-int-conversion -Wno-bool-conversion -Wno-enum-conversion -Wno-float-conversion -Wno-non-literal-null-conversion -Wno-objc-literal-conversion -Wshorten-64-to-32 -Wpointer-sign -Wno-newline-eof -Wno-implicit-fallthrough -isysroot /Applications/Xcode.app/Contents/Developer/Platforms/iPhoneSimulator.platform/Developer/SDKs/iPhoneSimulator26.5.sdk -fstrict-aliasing -Wdeprecated-declarations -Wno-sign-conversion -Wno-infinite-recursion -Wno-comma -Wno-block-capture-autoreleasing -Wno-strict-prototypes -Wno-semicolon-before-method-body @/Users/chrissotraidis/GitHub/caesarpad/build/ios/build/augustus.build/Release-iphonesimulator/Objects-normal/arm64/7187679823f38a2a940e0043cdf9d637-common-args.resp -MMD -MT dependencies -MF /Users/chrissotraidis/GitHub/caesarpad/build/ios/build/augustus.build/Release-iphonesimulator/Objects-normal/arm64/other.d --serialize-diagnostics /Users/chrissotraidis/GitHub/caesarpad/build/ios/build/augustus.build/Release-iphonesimulator/Objects-normal/arm64/other.dia -c /Users/chrissotraidis/GitHub/caesarpad/engines/augustus/src/widget/city/overlay/other.c -o /Users/chrissotraidis/GitHub/caesarpad/build/ios/build/augustus.build/Release-iphonesimulator/Objects-normal/arm64/other.o

CompileC /Users/chrissotraidis/GitHub/caesarpad/build/ios/build/augustus.build/Release-iphonesimulator/Objects-normal/arm64/orientation-f02cd3ad335ece73a29af370799950e5.o /Users/chrissotraidis/GitHub/caesarpad/engines/augustus/src/game/orientation.c normal arm64 c com.apple.compilers.llvm.clang.1_0.compiler (in target 'augustus' from project 'augustus')
    cd /Users/chrissotraidis/GitHub/caesarpad/engines/augustus

    Using response file: /Users/chrissotraidis/GitHub/caesarpad/build/ios/build/augustus.build/Release-iphonesimulator/Objects-normal/arm64/7187679823f38a2a940e0043cdf9d637-common-args.resp

    /Applications/Xcode.app/Contents/Developer/Toolchains/XcodeDefault.xctoolchain/usr/bin/clang -x c -ivfsstatcache /Users/chrissotraidis/GitHub/caesarpad/build/ios/DerivedData/SDKStatCaches.noindex/iphonesimulator26.5-23F81a-6cfe768891a92b912361537c460fe42b.sdkstatcache -target arm64-apple-ios14.0-simulator -fmessage-length\=0 -fdiagnostics-show-note-include-stack -fmacro-backtrace-limit\=0 -fno-color-diagnostics -Wno-trigraphs -Wno-missing-field-initializers -Wno-missing-prototypes -Wno-return-type -Wno-missing-braces -Wparentheses -Wswitch -Wno-unused-function -Wno-unused-label -Wno-unused-parameter -Wno-unused-variable -Wunused-value -Wno-empty-body -Wno-uninitialized -Wno-unknown-pragmas -Wno-shadow -Wno-four-char-constants -Wno-conversion -Wno-constant-conversion -Wno-int-conversion -Wno-bool-conversion -Wno-enum-conversion -Wno-float-conversion -Wno-non-literal-null-conversion -Wno-objc-literal-conversion -Wshorten-64-to-32 -Wpointer-sign -Wno-newline-eof -Wno-implicit-fallthrough -isysroot /Applications/Xcode.app/Contents/Developer/Platforms/iPhoneSimulator.platform/Developer/SDKs/iPhoneSimulator26.5.sdk -fstrict-aliasing -Wdeprecated-declarations -Wno-sign-conversion -Wno-infinite-recursion -Wno-comma -Wno-block-capture-autoreleasing -Wno-strict-prototypes -Wno-semicolon-before-method-body @/Users/chrissotraidis/GitHub/caesarpad/build/ios/build/augustus.build/Release-iphonesimulator/Objects-normal/arm64/7187679823f38a2a940e0043cdf9d637-common-args.resp -MMD -MT dependencies -MF /Users/chrissotraidis/GitHub/caesarpad/build/ios/build/augustus.build/Release-iphonesimulator/Objects-normal/arm64/orientation-f02cd3ad335ece73a29af370799950e5.d --serialize-diagnostics /Users/chrissotraidis/GitHub/caesarpad/build/ios/build/augustus.build/Release-iphonesimulator/Objects-normal/arm64/orientation-f02cd3ad335ece73a29af370799950e5.dia -c /Users/chrissotraidis/GitHub/caesarpad/engines/augustus/src/game/orientation.c -o /Users/chrissotraidis/GitHub/caesarpad/build/ios/build/augustus.build/Release-iphonesimulator/Objects-normal/arm64/orientation-f02cd3ad335ece73a29af370799950e5.o

CompileC /Users/chrissotraidis/GitHub/caesarpad/build/ios/build/augustus.build/Release-iphonesimulator/Objects-normal/arm64/option_popup.o /Users/chrissotraidis/GitHub/caesarpad/engines/augustus/src/window/option_popup.c normal arm64 c com.apple.compilers.llvm.clang.1_0.compiler (in target 'augustus' from project 'augustus')
    cd /Users/chrissotraidis/GitHub/caesarpad/engines/augustus

    Using response file: /Users/chrissotraidis/GitHub/caesarpad/build/ios/build/augustus.build/Release-iphonesimulator/Objects-normal/arm64/7187679823f38a2a940e0043cdf9d637-common-args.resp

    /Applications/Xcode.app/Contents/Developer/Toolchains/XcodeDefault.xctoolchain/usr/bin/clang -x c -ivfsstatcache /Users/chrissotraidis/GitHub/caesarpad/build/ios/DerivedData/SDKStatCaches.noindex/iphonesimulator26.5-23F81a-6cfe768891a92b912361537c460fe42b.sdkstatcache -target arm64-apple-ios14.0-simulator -fmessage-length\=0 -fdiagnostics-show-note-include-stack -fmacro-backtrace-limit\=0 -fno-color-diagnostics -Wno-trigraphs -Wno-missing-field-initializers -Wno-missing-prototypes -Wno-return-type -Wno-missing-braces -Wparentheses -Wswitch -Wno-unused-function -Wno-unused-label -Wno-unused-parameter -Wno-unused-variable -Wunused-value -Wno-empty-body -Wno-uninitialized -Wno-unknown-pragmas -Wno-shadow -Wno-four-char-constants -Wno-conversion -Wno-constant-conversion -Wno-int-conversion -Wno-bool-conversion -Wno-enum-conversion -Wno-float-conversion -Wno-non-literal-null-conversion -Wno-objc-literal-conversion -Wshorten-64-to-32 -Wpointer-sign -Wno-newline-eof -Wno-implicit-fallthrough -isysroot /Applications/Xcode.app/Contents/Developer/Platforms/iPhoneSimulator.platform/Developer/SDKs/iPhoneSimulator26.5.sdk -fstrict-aliasing -Wdeprecated-declarations -Wno-sign-conversion -Wno-infinite-recursion -Wno-comma -Wno-block-capture-autoreleasing -Wno-strict-prototypes -Wno-semicolon-before-method-body @/Users/chrissotraidis/GitHub/caesarpad/build/ios/build/augustus.build/Release-iphonesimulator/Objects-normal/arm64/7187679823f38a2a940e0043cdf9d637-common-args.resp -MMD -MT dependencies -MF /Users/chrissotraidis/GitHub/caesarpad/build/ios/build/augustus.build/Release-iphonesimulator/Objects-normal/arm64/option_popup.d --serialize-diagnostics /Users/chrissotraidis/GitHub/caesarpad/build/ios/build/augustus.build/Release-iphonesimulator/Objects-normal/arm64/option_popup.dia -c /Users/chrissotraidis/GitHub/caesarpad/engines/augustus/src/window/option_popup.c -o /Users/chrissotraidis/GitHub/caesarpad/build/ios/build/augustus.build/Release-iphonesimulator/Objects-normal/arm64/option_popup.o

CompileC /Users/chrissotraidis/GitHub/caesarpad/build/ios/build/augustus.build/Release-iphonesimulator/Objects-normal/arm64/numeric_input.o /Users/chrissotraidis/GitHub/caesarpad/engines/augustus/src/window/numeric_input.c normal arm64 c com.apple.compilers.llvm.clang.1_0.compiler (in target 'augustus' from project 'augustus')
    cd /Users/chrissotraidis/GitHub/caesarpad/engines/augustus

    Using response file: /Users/chrissotraidis/GitHub/caesarpad/build/ios/build/augustus.build/Release-iphonesimulator/Objects-normal/arm64/7187679823f38a2a940e0043cdf9d637-common-args.resp

    /Applications/Xcode.app/Contents/Developer/Toolchains/XcodeDefault.xctoolchain/usr/bin/clang -x c -ivfsstatcache /Users/chrissotraidis/GitHub/caesarpad/build/ios/DerivedData/SDKStatCaches.noindex/iphonesimulator26.5-23F81a-6cfe768891a92b912361537c460fe42b.sdkstatcache -target arm64-apple-ios14.0-simulator -fmessage-length\=0 -fdiagnostics-show-note-include-stack -fmacro-backtrace-limit\=0 -fno-color-diagnostics -Wno-trigraphs -Wno-missing-field-initializers -Wno-missing-prototypes -Wno-return-type -Wno-missing-braces -Wparentheses -Wswitch -Wno-unused-function -Wno-unused-label -Wno-unused-parameter -Wno-unused-variable -Wunused-value -Wno-empty-body -Wno-uninitialized -Wno-unknown-pragmas -Wno-shadow -Wno-four-char-constants -Wno-conversion -Wno-constant-conversion -Wno-int-conversion -Wno-bool-conversion -Wno-enum-conversion -Wno-float-conversion -Wno-non-literal-null-conversion -Wno-objc-literal-conversion -Wshorten-64-to-32 -Wpointer-sign -Wno-newline-eof -Wno-implicit-fallthrough -isysroot /Applications/Xcode.app/Contents/Developer/Platforms/iPhoneSimulator.platform/Developer/SDKs/iPhoneSimulator26.5.sdk -fstrict-aliasing -Wdeprecated-declarations -Wno-sign-conversion -Wno-infinite-recursion -Wno-comma -Wno-block-capture-autoreleasing -Wno-strict-prototypes -Wno-semicolon-before-method-body @/Users/chrissotraidis/GitHub/caesarpad/build/ios/build/augustus.build/Release-iphonesimulator/Objects-normal/arm64/7187679823f38a2a940e0043cdf9d637-common-args.resp -MMD -MT dependencies -MF /Users/chrissotraidis/GitHub/caesarpad/build/ios/build/augustus.build/Release-iphonesimulator/Objects-normal/arm64/numeric_input.d --serialize-diagnostics /Users/chrissotraidis/GitHub/caesarpad/build/ios/build/augustus.build/Release-iphonesimulator/Objects-normal/arm64/numeric_input.dia -c /Users/chrissotraidis/GitHub/caesarpad/engines/augustus/src/window/numeric_input.c -o /Users/chrissotraidis/GitHub/caesarpad/build/ios/build/augustus.build/Release-iphonesimulator/Objects-normal/arm64/numeric_input.o

CompileC /Users/chrissotraidis/GitHub/caesarpad/build/ios/build/augustus.build/Release-iphonesimulator/Objects-normal/arm64/mouse-5497cd23cf75f0a99fe3459b63f0e8ec.o /Users/chrissotraidis/GitHub/caesarpad/engines/augustus/src/input/mouse.c normal arm64 c com.apple.compilers.llvm.clang.1_0.compiler (in target 'augustus' from project 'augustus')
    cd /Users/chrissotraidis/GitHub/caesarpad/engines/augustus

    Using response file: /Users/chrissotraidis/GitHub/caesarpad/build/ios/build/augustus.build/Release-iphonesimulator/Objects-normal/arm64/7187679823f38a2a940e0043cdf9d637-common-args.resp

    /Applications/Xcode.app/Contents/Developer/Toolchains/XcodeDefault.xctoolchain/usr/bin/clang -x c -ivfsstatcache /Users/chrissotraidis/GitHub/caesarpad/build/ios/DerivedData/SDKStatCaches.noindex/iphonesimulator26.5-23F81a-6cfe768891a92b912361537c460fe42b.sdkstatcache -target arm64-apple-ios14.0-simulator -fmessage-length\=0 -fdiagnostics-show-note-include-stack -fmacro-backtrace-limit\=0 -fno-color-diagnostics -Wno-trigraphs -Wno-missing-field-initializers -Wno-missing-prototypes -Wno-return-type -Wno-missing-braces -Wparentheses -Wswitch -Wno-unused-function -Wno-unused-label -Wno-unused-parameter -Wno-unused-variable -Wunused-value -Wno-empty-body -Wno-uninitialized -Wno-unknown-pragmas -Wno-shadow -Wno-four-char-constants -Wno-conversion -Wno-constant-conversion -Wno-int-conversion -Wno-bool-conversion -Wno-enum-conversion -Wno-float-conversion -Wno-non-literal-null-conversion -Wno-objc-literal-conversion -Wshorten-64-to-32 -Wpointer-sign -Wno-newline-eof -Wno-implicit-fallthrough -isysroot /Applications/Xcode.app/Contents/Developer/Platforms/iPhoneSimulator.platform/Developer/SDKs/iPhoneSimulator26.5.sdk -fstrict-aliasing -Wdeprecated-declarations -Wno-sign-conversion -Wno-infinite-recursion -Wno-comma -Wno-block-capture-autoreleasing -Wno-strict-prototypes -Wno-semicolon-before-method-body @/Users/chrissotraidis/GitHub/caesarpad/build/ios/build/augustus.build/Release-iphonesimulator/Objects-normal/arm64/7187679823f38a2a940e0043cdf9d637-common-args.resp -MMD -MT dependencies -MF /Users/chrissotraidis/GitHub/caesarpad/build/ios/build/augustus.build/Release-iphonesimulator/Objects-normal/arm64/mouse-5497cd23cf75f0a99fe3459b63f0e8ec.d --serialize-diagnostics /Users/chrissotraidis/GitHub/caesarpad/build/ios/build/augustus.build/Release-iphonesimulator/Objects-normal/arm64/mouse-5497cd23cf75f0a99fe3459b63f0e8ec.dia -c /Users/chrissotraidis/GitHub/caesarpad/engines/augustus/src/input/mouse.c -o /Users/chrissotraidis/GitHub/caesarpad/build/ios/build/augustus.build/Release-iphonesimulator/Objects-normal/arm64/mouse-5497cd23cf75f0a99fe3459b63f0e8ec.o

CompileC /Users/chrissotraidis/GitHub/caesarpad/build/ios/build/augustus.build/Release-iphonesimulator/Objects-normal/arm64/mouse-03971a93efd4f5940769ac6c7cce3d58.o /Users/chrissotraidis/GitHub/caesarpad/engines/augustus/src/platform/SDL2/mouse.c normal arm64 c com.apple.compilers.llvm.clang.1_0.compiler (in target 'augustus' from project 'augustus')
    cd /Users/chrissotraidis/GitHub/caesarpad/engines/augustus

    Using response file: /Users/chrissotraidis/GitHub/caesarpad/build/ios/build/augustus.build/Release-iphonesimulator/Objects-normal/arm64/7187679823f38a2a940e0043cdf9d637-common-args.resp

    /Applications/Xcode.app/Contents/Developer/Toolchains/XcodeDefault.xctoolchain/usr/bin/clang -x c -ivfsstatcache /Users/chrissotraidis/GitHub/caesarpad/build/ios/DerivedData/SDKStatCaches.noindex/iphonesimulator26.5-23F81a-6cfe768891a92b912361537c460fe42b.sdkstatcache -target arm64-apple-ios14.0-simulator -fmessage-length\=0 -fdiagnostics-show-note-include-stack -fmacro-backtrace-limit\=0 -fno-color-diagnostics -Wno-trigraphs -Wno-missing-field-initializers -Wno-missing-prototypes -Wno-return-type -Wno-missing-braces -Wparentheses -Wswitch -Wno-unused-function -Wno-unused-label -Wno-unused-parameter -Wno-unused-variable -Wunused-value -Wno-empty-body -Wno-uninitialized -Wno-unknown-pragmas -Wno-shadow -Wno-four-char-constants -Wno-conversion -Wno-constant-conversion -Wno-int-conversion -Wno-bool-conversion -Wno-enum-conversion -Wno-float-conversion -Wno-non-literal-null-conversion -Wno-objc-literal-conversion -Wshorten-64-to-32 -Wpointer-sign -Wno-newline-eof -Wno-implicit-fallthrough -isysroot /Applications/Xcode.app/Contents/Developer/Platforms/iPhoneSimulator.platform/Developer/SDKs/iPhoneSimulator26.5.sdk -fstrict-aliasing -Wdeprecated-declarations -Wno-sign-conversion -Wno-infinite-recursion -Wno-comma -Wno-block-capture-autoreleasing -Wno-strict-prototypes -Wno-semicolon-before-method-body @/Users/chrissotraidis/GitHub/caesarpad/build/ios/build/augustus.build/Release-iphonesimulator/Objects-normal/arm64/7187679823f38a2a940e0043cdf9d637-common-args.resp -MMD -MT dependencies -MF /Users/chrissotraidis/GitHub/caesarpad/build/ios/build/augustus.build/Release-iphonesimulator/Objects-normal/arm64/mouse-03971a93efd4f5940769ac6c7cce3d58.d --serialize-diagnostics /Users/chrissotraidis/GitHub/caesarpad/build/ios/build/augustus.build/Release-iphonesimulator/Objects-normal/arm64/mouse-03971a93efd4f5940769ac6c7cce3d58.dia -c /Users/chrissotraidis/GitHub/caesarpad/engines/augustus/src/platform/SDL2/mouse.c -o /Users/chrissotraidis/GitHub/caesarpad/build/ios/build/augustus.build/Release-iphonesimulator/Objects-normal/arm64/mouse-03971a93efd4f5940769ac6c7cce3d58.o

CompileC /Users/chrissotraidis/GitHub/caesarpad/build/ios/build/augustus.build/Release-iphonesimulator/Objects-normal/arm64/model_data.o /Users/chrissotraidis/GitHub/caesarpad/engines/augustus/src/window/editor/model_data.c normal arm64 c com.apple.compilers.llvm.clang.1_0.compiler (in target 'augustus' from project 'augustus')
    cd /Users/chrissotraidis/GitHub/caesarpad/engines/augustus

    Using response file: /Users/chrissotraidis/GitHub/caesarpad/build/ios/build/augustus.build/Release-iphonesimulator/Objects-normal/arm64/7187679823f38a2a940e0043cdf9d637-common-args.resp

    /Applications/Xcode.app/Contents/Developer/Toolchains/XcodeDefault.xctoolchain/usr/bin/clang -x c -ivfsstatcache /Users/chrissotraidis/GitHub/caesarpad/build/ios/DerivedData/SDKStatCaches.noindex/iphonesimulator26.5-23F81a-6cfe768891a92b912361537c460fe42b.sdkstatcache -target arm64-apple-ios14.0-simulator -fmessage-length\=0 -fdiagnostics-show-note-include-stack -fmacro-backtrace-limit\=0 -fno-color-diagnostics -Wno-trigraphs -Wno-missing-field-initializers -Wno-missing-prototypes -Wno-return-type -Wno-missing-braces -Wparentheses -Wswitch -Wno-unused-function -Wno-unused-label -Wno-unused-parameter -Wno-unused-variable -Wunused-value -Wno-empty-body -Wno-uninitialized -Wno-unknown-pragmas -Wno-shadow -Wno-four-char-constants -Wno-conversion -Wno-constant-conversion -Wno-int-conversion -Wno-bool-conversion -Wno-enum-conversion -Wno-float-conversion -Wno-non-literal-null-conversion -Wno-objc-literal-conversion -Wshorten-64-to-32 -Wpointer-sign -Wno-newline-eof -Wno-implicit-fallthrough -isysroot /Applications/Xcode.app/Contents/Developer/Platforms/iPhoneSimulator.platform/Developer/SDKs/iPhoneSimulator26.5.sdk -fstrict-aliasing -Wdeprecated-declarations -Wno-sign-conversion -Wno-infinite-recursion -Wno-comma -Wno-block-capture-autoreleasing -Wno-strict-prototypes -Wno-semicolon-before-method-body @/Users/chrissotraidis/GitHub/caesarpad/build/ios/build/augustus.build/Release-iphonesimulator/Objects-normal/arm64/7187679823f38a2a940e0043cdf9d637-common-args.resp -MMD -MT dependencies -MF /Users/chrissotraidis/GitHub/caesarpad/build/ios/build/augustus.build/Release-iphonesimulator/Objects-normal/arm64/model_data.d --serialize-diagnostics /Users/chrissotraidis/GitHub/caesarpad/build/ios/build/augustus.build/Release-iphonesimulator/Objects-normal/arm64/model_data.dia -c /Users/chrissotraidis/GitHub/caesarpad/engines/augustus/src/window/editor/model_data.c -o /Users/chrissotraidis/GitHub/caesarpad/build/ios/build/augustus.build/Release-iphonesimulator/Objects-normal/arm64/model_data.o

CompileC /Users/chrissotraidis/GitHub/caesarpad/build/ios/build/augustus.build/Release-iphonesimulator/Objects-normal/arm64/mission_selection.o /Users/chrissotraidis/GitHub/caesarpad/engines/augustus/src/window/mission_selection.c normal arm64 c com.apple.compilers.llvm.clang.1_0.compiler (in target 'augustus' from project 'augustus')
    cd /Users/chrissotraidis/GitHub/caesarpad/engines/augustus

    Using response file: /Users/chrissotraidis/GitHub/caesarpad/build/ios/build/augustus.build/Release-iphonesimulator/Objects-normal/arm64/7187679823f38a2a940e0043cdf9d637-common-args.resp

    /Applications/Xcode.app/Contents/Developer/Toolchains/XcodeDefault.xctoolchain/usr/bin/clang -x c -ivfsstatcache /Users/chrissotraidis/GitHub/caesarpad/build/ios/DerivedData/SDKStatCaches.noindex/iphonesimulator26.5-23F81a-6cfe768891a92b912361537c460fe42b.sdkstatcache -target arm64-apple-ios14.0-simulator -fmessage-length\=0 -fdiagnostics-show-note-include-stack -fmacro-backtrace-limit\=0 -fno-color-diagnostics -Wno-trigraphs -Wno-missing-field-initializers -Wno-missing-prototypes -Wno-return-type -Wno-missing-braces -Wparentheses -Wswitch -Wno-unused-function -Wno-unused-label -Wno-unused-parameter -Wno-unused-variable -Wunused-value -Wno-empty-body -Wno-uninitialized -Wno-unknown-pragmas -Wno-shadow -Wno-four-char-constants -Wno-conversion -Wno-constant-conversion -Wno-int-conversion -Wno-bool-conversion -Wno-enum-conversion -Wno-float-conversion -Wno-non-literal-null-conversion -Wno-objc-literal-conversion -Wshorten-64-to-32 -Wpointer-sign -Wno-newline-eof -Wno-implicit-fallthrough -isysroot /Applications/Xcode.app/Contents/Developer/Platforms/iPhoneSimulator.platform/Developer/SDKs/iPhoneSimulator26.5.sdk -fstrict-aliasing -Wdeprecated-declarations -Wno-sign-conversion -Wno-infinite-recursion -Wno-comma -Wno-block-capture-autoreleasing -Wno-strict-prototypes -Wno-semicolon-before-method-body @/Users/chrissotraidis/GitHub/caesarpad/build/ios/build/augustus.build/Release-iphonesimulator/Objects-normal/arm64/7187679823f38a2a940e0043cdf9d637-common-args.resp -MMD -MT dependencies -MF /Users/chrissotraidis/GitHub/caesarpad/build/ios/build/augustus.build/Release-iphonesimulator/Objects-normal/arm64/mission_selection.d --serialize-diagnostics /Users/chrissotraidis/GitHub/caesarpad/build/ios/build/augustus.build/Release-iphonesimulator/Objects-normal/arm64/mission_selection.dia -c /Users/chrissotraidis/GitHub/caesarpad/engines/augustus/src/window/mission_selection.c -o /Users/chrissotraidis/GitHub/caesarpad/build/ios/build/augustus.build/Release-iphonesimulator/Objects-normal/arm64/mission_selection.o

CompileC /Users/chrissotraidis/GitHub/caesarpad/build/ios/build/augustus.build/Release-iphonesimulator/Objects-normal/arm64/mission_list.o /Users/chrissotraidis/GitHub/caesarpad/engines/augustus/src/window/mission_list.c normal arm64 c com.apple.compilers.llvm.clang.1_0.compiler (in target 'augustus' from project 'augustus')
    cd /Users/chrissotraidis/GitHub/caesarpad/engines/augustus

    Using response file: /Users/chrissotraidis/GitHub/caesarpad/build/ios/build/augustus.build/Release-iphonesimulator/Objects-normal/arm64/7187679823f38a2a940e0043cdf9d637-common-args.resp

    /Applications/Xcode.app/Contents/Developer/Toolchains/XcodeDefault.xctoolchain/usr/bin/clang -x c -ivfsstatcache /Users/chrissotraidis/GitHub/caesarpad/build/ios/DerivedData/SDKStatCaches.noindex/iphonesimulator26.5-23F81a-6cfe768891a92b912361537c460fe42b.sdkstatcache -target arm64-apple-ios14.0-simulator -fmessage-length\=0 -fdiagnostics-show-note-include-stack -fmacro-backtrace-limit\=0 -fno-color-diagnostics -Wno-trigraphs -Wno-missing-field-initializers -Wno-missing-prototypes -Wno-return-type -Wno-missing-braces -Wparentheses -Wswitch -Wno-unused-function -Wno-unused-label -Wno-unused-parameter -Wno-unused-variable -Wunused-value -Wno-empty-body -Wno-uninitialized -Wno-unknown-pragmas -Wno-shadow -Wno-four-char-constants -Wno-conversion -Wno-constant-conversion -Wno-int-conversion -Wno-bool-conversion -Wno-enum-conversion -Wno-float-conversion -Wno-non-literal-null-conversion -Wno-objc-literal-conversion -Wshorten-64-to-32 -Wpointer-sign -Wno-newline-eof -Wno-implicit-fallthrough -isysroot /Applications/Xcode.app/Contents/Developer/Platforms/iPhoneSimulator.platform/Developer/SDKs/iPhoneSimulator26.5.sdk -fstrict-aliasing -Wdeprecated-declarations -Wno-sign-conversion -Wno-infinite-recursion -Wno-comma -Wno-block-capture-autoreleasing -Wno-strict-prototypes -Wno-semicolon-before-method-body @/Users/chrissotraidis/GitHub/caesarpad/build/ios/build/augustus.build/Release-iphonesimulator/Objects-normal/arm64/7187679823f38a2a940e0043cdf9d637-common-args.resp -MMD -MT dependencies -MF /Users/chrissotraidis/GitHub/caesarpad/build/ios/build/augustus.build/Release-iphonesimulator/Objects-normal/arm64/mission_list.d --serialize-diagnostics /Users/chrissotraidis/GitHub/caesarpad/build/ios/build/augustus.build/Release-iphonesimulator/Objects-normal/arm64/mission_list.dia -c /Users/chrissotraidis/GitHub/caesarpad/engines/augustus/src/window/mission_list.c -o /Users/chrissotraidis/GitHub/caesarpad/build/ios/build/augustus.build/Release-iphonesimulator/Objects-normal/arm64/mission_list.o

CompileC /Users/chrissotraidis/GitHub/caesarpad/build/ios/build/augustus.build/Release-iphonesimulator/Objects-normal/arm64/mission_end.o /Users/chrissotraidis/GitHub/caesarpad/engines/augustus/src/window/mission_end.c normal arm64 c com.apple.compilers.llvm.clang.1_0.compiler (in target 'augustus' from project 'augustus')
    cd /Users/chrissotraidis/GitHub/caesarpad/engines/augustus

    Using response file: /Users/chrissotraidis/GitHub/caesarpad/build/ios/build/augustus.build/Release-iphonesimulator/Objects-normal/arm64/7187679823f38a2a940e0043cdf9d637-common-args.resp

    /Applications/Xcode.app/Contents/Developer/Toolchains/XcodeDefault.xctoolchain/usr/bin/clang -x c -ivfsstatcache /Users/chrissotraidis/GitHub/caesarpad/build/ios/DerivedData/SDKStatCaches.noindex/iphonesimulator26.5-23F81a-6cfe768891a92b912361537c460fe42b.sdkstatcache -target arm64-apple-ios14.0-simulator -fmessage-length\=0 -fdiagnostics-show-note-include-stack -fmacro-backtrace-limit\=0 -fno-color-diagnostics -Wno-trigraphs -Wno-missing-field-initializers -Wno-missing-prototypes -Wno-return-type -Wno-missing-braces -Wparentheses -Wswitch -Wno-unused-function -Wno-unused-label -Wno-unused-parameter -Wno-unused-variable -Wunused-value -Wno-empty-body -Wno-uninitialized -Wno-unknown-pragmas -Wno-shadow -Wno-four-char-constants -Wno-conversion -Wno-constant-conversion -Wno-int-conversion -Wno-bool-conversion -Wno-enum-conversion -Wno-float-conversion -Wno-non-literal-null-conversion -Wno-objc-literal-conversion -Wshorten-64-to-32 -Wpointer-sign -Wno-newline-eof -Wno-implicit-fallthrough -isysroot /Applications/Xcode.app/Contents/Developer/Platforms/iPhoneSimulator.platform/Developer/SDKs/iPhoneSimulator26.5.sdk -fstrict-aliasing -Wdeprecated-declarations -Wno-sign-conversion -Wno-infinite-recursion -Wno-comma -Wno-block-capture-autoreleasing -Wno-strict-prototypes -Wno-semicolon-before-method-body @/Users/chrissotraidis/GitHub/caesarpad/build/ios/build/augustus.build/Release-iphonesimulator/Objects-normal/arm64/7187679823f38a2a940e0043cdf9d637-common-args.resp -MMD -MT dependencies -MF /Users/chrissotraidis/GitHub/caesarpad/build/ios/build/augustus.build/Release-iphonesimulator/Objects-normal/arm64/mission_end.d --serialize-diagnostics /Users/chrissotraidis/GitHub/caesarpad/build/ios/build/augustus.build/Release-iphonesimulator/Objects-normal/arm64/mission_end.dia -c /Users/chrissotraidis/GitHub/caesarpad/engines/augustus/src/window/mission_end.c -o /Users/chrissotraidis/GitHub/caesarpad/build/ios/build/augustus.build/Release-iphonesimulator/Objects-normal/arm64/mission_end.o

CompileC /Users/chrissotraidis/GitHub/caesarpad/build/ios/build/augustus.build/Release-iphonesimulator/Objects-normal/arm64/mission_briefing.o /Users/chrissotraidis/GitHub/caesarpad/engines/augustus/src/window/mission_briefing.c normal arm64 c com.apple.compilers.llvm.clang.1_0.compiler (in target 'augustus' from project 'augustus')
    cd /Users/chrissotraidis/GitHub/caesarpad/engines/augustus

    Using response file: /Users/chrissotraidis/GitHub/caesarpad/build/ios/build/augustus.build/Release-iphonesimulator/Objects-normal/arm64/7187679823f38a2a940e0043cdf9d637-common-args.resp

    /Applications/Xcode.app/Contents/Developer/Toolchains/XcodeDefault.xctoolchain/usr/bin/clang -x c -ivfsstatcache /Users/chrissotraidis/GitHub/caesarpad/build/ios/DerivedData/SDKStatCaches.noindex/iphonesimulator26.5-23F81a-6cfe768891a92b912361537c460fe42b.sdkstatcache -target arm64-apple-ios14.0-simulator -fmessage-length\=0 -fdiagnostics-show-note-include-stack -fmacro-backtrace-limit\=0 -fno-color-diagnostics -Wno-trigraphs -Wno-missing-field-initializers -Wno-missing-prototypes -Wno-return-type -Wno-missing-braces -Wparentheses -Wswitch -Wno-unused-function -Wno-unused-label -Wno-unused-parameter -Wno-unused-variable -Wunused-value -Wno-empty-body -Wno-uninitialized -Wno-unknown-pragmas -Wno-shadow -Wno-four-char-constants -Wno-conversion -Wno-constant-conversion -Wno-int-conversion -Wno-bool-conversion -Wno-enum-conversion -Wno-float-conversion -Wno-non-literal-null-conversion -Wno-objc-literal-conversion -Wshorten-64-to-32 -Wpointer-sign -Wno-newline-eof -Wno-implicit-fallthrough -isysroot /Applications/Xcode.app/Contents/Developer/Platforms/iPhoneSimulator.platform/Developer/SDKs/iPhoneSimulator26.5.sdk -fstrict-aliasing -Wdeprecated-declarations -Wno-sign-conversion -Wno-infinite-recursion -Wno-comma -Wno-block-capture-autoreleasing -Wno-strict-prototypes -Wno-semicolon-before-method-body @/Users/chrissotraidis/GitHub/caesarpad/build/ios/build/augustus.build/Release-iphonesimulator/Objects-normal/arm64/7187679823f38a2a940e0043cdf9d637-common-args.resp -MMD -MT dependencies -MF /Users/chrissotraidis/GitHub/caesarpad/build/ios/build/augustus.build/Release-iphonesimulator/Objects-normal/arm64/mission_briefing.d --serialize-diagnostics /Users/chrissotraidis/GitHub/caesarpad/build/ios/build/augustus.build/Release-iphonesimulator/Objects-normal/arm64/mission_briefing.dia -c /Users/chrissotraidis/GitHub/caesarpad/engines/augustus/src/window/mission_briefing.c -o /Users/chrissotraidis/GitHub/caesarpad/build/ios/build/augustus.build/Release-iphonesimulator/Objects-normal/arm64/mission_briefing.o

CompileC /Users/chrissotraidis/GitHub/caesarpad/build/ios/build/augustus.build/Release-iphonesimulator/Objects-normal/arm64/minimap.o /Users/chrissotraidis/GitHub/caesarpad/engines/augustus/src/widget/minimap.c normal arm64 c com.apple.compilers.llvm.clang.1_0.compiler (in target 'augustus' from project 'augustus')
    cd /Users/chrissotraidis/GitHub/caesarpad/engines/augustus

    Using response file: /Users/chrissotraidis/GitHub/caesarpad/build/ios/build/augustus.build/Release-iphonesimulator/Objects-normal/arm64/7187679823f38a2a940e0043cdf9d637-common-args.resp

    /Applications/Xcode.app/Contents/Developer/Toolchains/XcodeDefault.xctoolchain/usr/bin/clang -x c -ivfsstatcache /Users/chrissotraidis/GitHub/caesarpad/build/ios/DerivedData/SDKStatCaches.noindex/iphonesimulator26.5-23F81a-6cfe768891a92b912361537c460fe42b.sdkstatcache -target arm64-apple-ios14.0-simulator -fmessage-length\=0 -fdiagnostics-show-note-include-stack -fmacro-backtrace-limit\=0 -fno-color-diagnostics -Wno-trigraphs -Wno-missing-field-initializers -Wno-missing-prototypes -Wno-return-type -Wno-missing-braces -Wparentheses -Wswitch -Wno-unused-function -Wno-unused-label -Wno-unused-parameter -Wno-unused-variable -Wunused-value -Wno-empty-body -Wno-uninitialized -Wno-unknown-pragmas -Wno-shadow -Wno-four-char-constants -Wno-conversion -Wno-constant-conversion -Wno-int-conversion -Wno-bool-conversion -Wno-enum-conversion -Wno-float-conversion -Wno-non-literal-null-conversion -Wno-objc-literal-conversion -Wshorten-64-to-32 -Wpointer-sign -Wno-newline-eof -Wno-implicit-fallthrough -isysroot /Applications/Xcode.app/Contents/Developer/Platforms/iPhoneSimulator.platform/Developer/SDKs/iPhoneSimulator26.5.sdk -fstrict-aliasing -Wdeprecated-declarations -Wno-sign-conversion -Wno-infinite-recursion -Wno-comma -Wno-block-capture-autoreleasing -Wno-strict-prototypes -Wno-semicolon-before-method-body @/Users/chrissotraidis/GitHub/caesarpad/build/ios/build/augustus.build/Release-iphonesimulator/Objects-normal/arm64/7187679823f38a2a940e0043cdf9d637-common-args.resp -MMD -MT dependencies -MF /Users/chrissotraidis/GitHub/caesarpad/build/ios/build/augustus.build/Release-iphonesimulator/Objects-normal/arm64/minimap.d --serialize-diagnostics /Users/chrissotraidis/GitHub/caesarpad/build/ios/build/augustus.build/Release-iphonesimulator/Objects-normal/arm64/minimap.dia -c /Users/chrissotraidis/GitHub/caesarpad/engines/augustus/src/widget/minimap.c -o /Users/chrissotraidis/GitHub/caesarpad/build/ios/build/augustus.build/Release-iphonesimulator/Objects-normal/arm64/minimap.o

CompileC /Users/chrissotraidis/GitHub/caesarpad/build/ios/build/augustus.build/Release-iphonesimulator/Objects-normal/arm64/military_menu.o /Users/chrissotraidis/GitHub/caesarpad/engines/augustus/src/window/military_menu.c normal arm64 c com.apple.compilers.llvm.clang.1_0.compiler (in target 'augustus' from project 'augustus')
    cd /Users/chrissotraidis/GitHub/caesarpad/engines/augustus

    Using response file: /Users/chrissotraidis/GitHub/caesarpad/build/ios/build/augustus.build/Release-iphonesimulator/Objects-normal/arm64/7187679823f38a2a940e0043cdf9d637-common-args.resp

    /Applications/Xcode.app/Contents/Developer/Toolchains/XcodeDefault.xctoolchain/usr/bin/clang -x c -ivfsstatcache /Users/chrissotraidis/GitHub/caesarpad/build/ios/DerivedData/SDKStatCaches.noindex/iphonesimulator26.5-23F81a-6cfe768891a92b912361537c460fe42b.sdkstatcache -target arm64-apple-ios14.0-simulator -fmessage-length\=0 -fdiagnostics-show-note-include-stack -fmacro-backtrace-limit\=0 -fno-color-diagnostics -Wno-trigraphs -Wno-missing-field-initializers -Wno-missing-prototypes -Wno-return-type -Wno-missing-braces -Wparentheses -Wswitch -Wno-unused-function -Wno-unused-label -Wno-unused-parameter -Wno-unused-variable -Wunused-value -Wno-empty-body -Wno-uninitialized -Wno-unknown-pragmas -Wno-shadow -Wno-four-char-constants -Wno-conversion -Wno-constant-conversion -Wno-int-conversion -Wno-bool-conversion -Wno-enum-conversion -Wno-float-conversion -Wno-non-literal-null-conversion -Wno-objc-literal-conversion -Wshorten-64-to-32 -Wpointer-sign -Wno-newline-eof -Wno-implicit-fallthrough -isysroot /Applications/Xcode.app/Contents/Developer/Platforms/iPhoneSimulator.platform/Developer/SDKs/iPhoneSimulator26.5.sdk -fstrict-aliasing -Wdeprecated-declarations -Wno-sign-conversion -Wno-infinite-recursion -Wno-comma -Wno-block-capture-autoreleasing -Wno-strict-prototypes -Wno-semicolon-before-method-body @/Users/chrissotraidis/GitHub/caesarpad/build/ios/build/augustus.build/Release-iphonesimulator/Objects-normal/arm64/7187679823f38a2a940e0043cdf9d637-common-args.resp -MMD -MT dependencies -MF /Users/chrissotraidis/GitHub/caesarpad/build/ios/build/augustus.build/Release-iphonesimulator/Objects-normal/arm64/military_menu.d --serialize-diagnostics /Users/chrissotraidis/GitHub/caesarpad/build/ios/build/augustus.build/Release-iphonesimulator/Objects-normal/arm64/military_menu.dia -c /Users/chrissotraidis/GitHub/caesarpad/engines/augustus/src/window/military_menu.c -o /Users/chrissotraidis/GitHub/caesarpad/build/ios/build/augustus.build/Release-iphonesimulator/Objects-normal/arm64/military_menu.o

CompileC /Users/chrissotraidis/GitHub/caesarpad/build/ios/build/augustus.build/Release-iphonesimulator/Objects-normal/arm64/military-1e183c69e5d786d2e169a13cd2f0e12f.o /Users/chrissotraidis/GitHub/caesarpad/engines/augustus/src/window/building/military.c normal arm64 c com.apple.compilers.llvm.clang.1_0.compiler (in target 'augustus' from project 'augustus')
    cd /Users/chrissotraidis/GitHub/caesarpad/engines/augustus

    Using response file: /Users/chrissotraidis/GitHub/caesarpad/build/ios/build/augustus.build/Release-iphonesimulator/Objects-normal/arm64/7187679823f38a2a940e0043cdf9d637-common-args.resp

    /Applications/Xcode.app/Contents/Developer/Toolchains/XcodeDefault.xctoolchain/usr/bin/clang -x c -ivfsstatcache /Users/chrissotraidis/GitHub/caesarpad/build/ios/DerivedData/SDKStatCaches.noindex/iphonesimulator26.5-23F81a-6cfe768891a92b912361537c460fe42b.sdkstatcache -target arm64-apple-ios14.0-simulator -fmessage-length\=0 -fdiagnostics-show-note-include-stack -fmacro-backtrace-limit\=0 -fno-color-diagnostics -Wno-trigraphs -Wno-missing-field-initializers -Wno-missing-prototypes -Wno-return-type -Wno-missing-braces -Wparentheses -Wswitch -Wno-unused-function -Wno-unused-label -Wno-unused-parameter -Wno-unused-variable -Wunused-value -Wno-empty-body -Wno-uninitialized -Wno-unknown-pragmas -Wno-shadow -Wno-four-char-constants -Wno-conversion -Wno-constant-conversion -Wno-int-conversion -Wno-bool-conversion -Wno-enum-conversion -Wno-float-conversion -Wno-non-literal-null-conversion -Wno-objc-literal-conversion -Wshorten-64-to-32 -Wpointer-sign -Wno-newline-eof -Wno-implicit-fallthrough -isysroot /Applications/Xcode.app/Contents/Developer/Platforms/iPhoneSimulator.platform/Developer/SDKs/iPhoneSimulator26.5.sdk -fstrict-aliasing -Wdeprecated-declarations -Wno-sign-conversion -Wno-infinite-recursion -Wno-comma -Wno-block-capture-autoreleasing -Wno-strict-prototypes -Wno-semicolon-before-method-body @/Users/chrissotraidis/GitHub/caesarpad/build/ios/build/augustus.build/Release-iphonesimulator/Objects-normal/arm64/7187679823f38a2a940e0043cdf9d637-common-args.resp -MMD -MT dependencies -MF /Users/chrissotraidis/GitHub/caesarpad/build/ios/build/augustus.build/Release-iphonesimulator/Objects-normal/arm64/military-1e183c69e5d786d2e169a13cd2f0e12f.d --serialize-diagnostics /Users/chrissotraidis/GitHub/caesarpad/build/ios/build/augustus.build/Release-iphonesimulator/Objects-normal/arm64/military-1e183c69e5d786d2e169a13cd2f0e12f.dia -c /Users/chrissotraidis/GitHub/caesarpad/engines/augustus/src/window/building/military.c -o /Users/chrissotraidis/GitHub/caesarpad/build/ios/build/augustus.build/Release-iphonesimulator/Objects-normal/arm64/military-1e183c69e5d786d2e169a13cd2f0e12f.o

CompileC /Users/chrissotraidis/GitHub/caesarpad/build/ios/build/augustus.build/Release-iphonesimulator/Objects-normal/arm64/military-1c6dca4d86b76504e9dde657550e2f02.o /Users/chrissotraidis/GitHub/caesarpad/engines/augustus/src/window/advisor/military.c normal arm64 c com.apple.compilers.llvm.clang.1_0.compiler (in target 'augustus' from project 'augustus')
    cd /Users/chrissotraidis/GitHub/caesarpad/engines/augustus

    Using response file: /Users/chrissotraidis/GitHub/caesarpad/build/ios/build/augustus.build/Release-iphonesimulator/Objects-normal/arm64/7187679823f38a2a940e0043cdf9d637-common-args.resp

    /Applications/Xcode.app/Contents/Developer/Toolchains/XcodeDefault.xctoolchain/usr/bin/clang -x c -ivfsstatcache /Users/chrissotraidis/GitHub/caesarpad/build/ios/DerivedData/SDKStatCaches.noindex/iphonesimulator26.5-23F81a-6cfe768891a92b912361537c460fe42b.sdkstatcache -target arm64-apple-ios14.0-simulator -fmessage-length\=0 -fdiagnostics-show-note-include-stack -fmacro-backtrace-limit\=0 -fno-color-diagnostics -Wno-trigraphs -Wno-missing-field-initializers -Wno-missing-prototypes -Wno-return-type -Wno-missing-braces -Wparentheses -Wswitch -Wno-unused-function -Wno-unused-label -Wno-unused-parameter -Wno-unused-variable -Wunused-value -Wno-empty-body -Wno-uninitialized -Wno-unknown-pragmas -Wno-shadow -Wno-four-char-constants -Wno-conversion -Wno-constant-conversion -Wno-int-conversion -Wno-bool-conversion -Wno-enum-conversion -Wno-float-conversion -Wno-non-literal-null-conversion -Wno-objc-literal-conversion -Wshorten-64-to-32 -Wpointer-sign -Wno-newline-eof -Wno-implicit-fallthrough -isysroot /Applications/Xcode.app/Contents/Developer/Platforms/iPhoneSimulator.platform/Developer/SDKs/iPhoneSimulator26.5.sdk -fstrict-aliasing -Wdeprecated-declarations -Wno-sign-conversion -Wno-infinite-recursion -Wno-comma -Wno-block-capture-autoreleasing -Wno-strict-prototypes -Wno-semicolon-before-method-body @/Users/chrissotraidis/GitHub/caesarpad/build/ios/build/augustus.build/Release-iphonesimulator/Objects-normal/arm64/7187679823f38a2a940e0043cdf9d637-common-args.resp -MMD -MT dependencies -MF /Users/chrissotraidis/GitHub/caesarpad/build/ios/build/augustus.build/Release-iphonesimulator/Objects-normal/arm64/military-1c6dca4d86b76504e9dde657550e2f02.d --serialize-diagnostics /Users/chrissotraidis/GitHub/caesarpad/build/ios/build/augustus.build/Release-iphonesimulator/Objects-normal/arm64/military-1c6dca4d86b76504e9dde657550e2f02.dia -c /Users/chrissotraidis/GitHub/caesarpad/engines/augustus/src/window/advisor/military.c -o /Users/chrissotraidis/GitHub/caesarpad/build/ios/build/augustus.build/Release-iphonesimulator/Objects-normal/arm64/military-1c6dca4d86b76504e9dde657550e2f02.o

CompileC /Users/chrissotraidis/GitHub/caesarpad/build/ios/build/augustus.build/Release-iphonesimulator/Objects-normal/arm64/military-10887c35fa0e865496277076bc6ad577.o /Users/chrissotraidis/GitHub/caesarpad/engines/augustus/src/widget/sidebar/military.c normal arm64 c com.apple.compilers.llvm.clang.1_0.compiler (in target 'augustus' from project 'augustus')
    cd /Users/chrissotraidis/GitHub/caesarpad/engines/augustus

    Using response file: /Users/chrissotraidis/GitHub/caesarpad/build/ios/build/augustus.build/Release-iphonesimulator/Objects-normal/arm64/7187679823f38a2a940e0043cdf9d637-common-args.resp

    /Applications/Xcode.app/Contents/Developer/Toolchains/XcodeDefault.xctoolchain/usr/bin/clang -x c -ivfsstatcache /Users/chrissotraidis/GitHub/caesarpad/build/ios/DerivedData/SDKStatCaches.noindex/iphonesimulator26.5-23F81a-6cfe768891a92b912361537c460fe42b.sdkstatcache -target arm64-apple-ios14.0-simulator -fmessage-length\=0 -fdiagnostics-show-note-include-stack -fmacro-backtrace-limit\=0 -fno-color-diagnostics -Wno-trigraphs -Wno-missing-field-initializers -Wno-missing-prototypes -Wno-return-type -Wno-missing-braces -Wparentheses -Wswitch -Wno-unused-function -Wno-unused-label -Wno-unused-parameter -Wno-unused-variable -Wunused-value -Wno-empty-body -Wno-uninitialized -Wno-unknown-pragmas -Wno-shadow -Wno-four-char-constants -Wno-conversion -Wno-constant-conversion -Wno-int-conversion -Wno-bool-conversion -Wno-enum-conversion -Wno-float-conversion -Wno-non-literal-null-conversion -Wno-objc-literal-conversion -Wshorten-64-to-32 -Wpointer-sign -Wno-newline-eof -Wno-implicit-fallthrough -isysroot /Applications/Xcode.app/Contents/Developer/Platforms/iPhoneSimulator.platform/Developer/SDKs/iPhoneSimulator26.5.sdk -fstrict-aliasing -Wdeprecated-declarations -Wno-sign-conversion -Wno-infinite-recursion -Wno-comma -Wno-block-capture-autoreleasing -Wno-strict-prototypes -Wno-semicolon-before-method-body @/Users/chrissotraidis/GitHub/caesarpad/build/ios/build/augustus.build/Release-iphonesimulator/Objects-normal/arm64/7187679823f38a2a940e0043cdf9d637-common-args.resp -MMD -MT dependencies -MF /Users/chrissotraidis/GitHub/caesarpad/build/ios/build/augustus.build/Release-iphonesimulator/Objects-normal/arm64/military-10887c35fa0e865496277076bc6ad577.d --serialize-diagnostics /Users/chrissotraidis/GitHub/caesarpad/build/ios/build/augustus.build/Release-iphonesimulator/Objects-normal/arm64/military-10887c35fa0e865496277076bc6ad577.dia -c /Users/chrissotraidis/GitHub/caesarpad/engines/augustus/src/widget/sidebar/military.c -o /Users/chrissotraidis/GitHub/caesarpad/build/ios/build/augustus.build/Release-iphonesimulator/Objects-normal/arm64/military-10887c35fa0e865496277076bc6ad577.o

CompileC /Users/chrissotraidis/GitHub/caesarpad/build/ios/build/augustus.build/Release-iphonesimulator/Objects-normal/arm64/message_list.o /Users/chrissotraidis/GitHub/caesarpad/engines/augustus/src/window/message_list.c normal arm64 c com.apple.compilers.llvm.clang.1_0.compiler (in target 'augustus' from project 'augustus')
    cd /Users/chrissotraidis/GitHub/caesarpad/engines/augustus

    Using response file: /Users/chrissotraidis/GitHub/caesarpad/build/ios/build/augustus.build/Release-iphonesimulator/Objects-normal/arm64/7187679823f38a2a940e0043cdf9d637-common-args.resp

    /Applications/Xcode.app/Contents/Developer/Toolchains/XcodeDefault.xctoolchain/usr/bin/clang -x c -ivfsstatcache /Users/chrissotraidis/GitHub/caesarpad/build/ios/DerivedData/SDKStatCaches.noindex/iphonesimulator26.5-23F81a-6cfe768891a92b912361537c460fe42b.sdkstatcache -target arm64-apple-ios14.0-simulator -fmessage-length\=0 -fdiagnostics-show-note-include-stack -fmacro-backtrace-limit\=0 -fno-color-diagnostics -Wno-trigraphs -Wno-missing-field-initializers -Wno-missing-prototypes -Wno-return-type -Wno-missing-braces -Wparentheses -Wswitch -Wno-unused-function -Wno-unused-label -Wno-unused-parameter -Wno-unused-variable -Wunused-value -Wno-empty-body -Wno-uninitialized -Wno-unknown-pragmas -Wno-shadow -Wno-four-char-constants -Wno-conversion -Wno-constant-conversion -Wno-int-conversion -Wno-bool-conversion -Wno-enum-conversion -Wno-float-conversion -Wno-non-literal-null-conversion -Wno-objc-literal-conversion -Wshorten-64-to-32 -Wpointer-sign -Wno-newline-eof -Wno-implicit-fallthrough -isysroot /Applications/Xcode.app/Contents/Developer/Platforms/iPhoneSimulator.platform/Developer/SDKs/iPhoneSimulator26.5.sdk -fstrict-aliasing -Wdeprecated-declarations -Wno-sign-conversion -Wno-infinite-recursion -Wno-comma -Wno-block-capture-autoreleasing -Wno-strict-prototypes -Wno-semicolon-before-method-body @/Users/chrissotraidis/GitHub/caesarpad/build/ios/build/augustus.build/Release-iphonesimulator/Objects-normal/arm64/7187679823f38a2a940e0043cdf9d637-common-args.resp -MMD -MT dependencies -MF /Users/chrissotraidis/GitHub/caesarpad/build/ios/build/augustus.build/Release-iphonesimulator/Objects-normal/arm64/message_list.d --serialize-diagnostics /Users/chrissotraidis/GitHub/caesarpad/build/ios/build/augustus.build/Release-iphonesimulator/Objects-normal/arm64/message_list.dia -c /Users/chrissotraidis/GitHub/caesarpad/engines/augustus/src/window/message_list.c -o /Users/chrissotraidis/GitHub/caesarpad/build/ios/build/augustus.build/Release-iphonesimulator/Objects-normal/arm64/message_list.o

CompileC /Users/chrissotraidis/GitHub/caesarpad/build/ios/build/augustus.build/Release-iphonesimulator/Objects-normal/arm64/message_dialog.o /Users/chrissotraidis/GitHub/caesarpad/engines/augustus/src/window/message_dialog.c normal arm64 c com.apple.compilers.llvm.clang.1_0.compiler (in target 'augustus' from project 'augustus')
    cd /Users/chrissotraidis/GitHub/caesarpad/engines/augustus

    Using response file: /Users/chrissotraidis/GitHub/caesarpad/build/ios/build/augustus.build/Release-iphonesimulator/Objects-normal/arm64/7187679823f38a2a940e0043cdf9d637-common-args.resp

    /Applications/Xcode.app/Contents/Developer/Toolchains/XcodeDefault.xctoolchain/usr/bin/clang -x c -ivfsstatcache /Users/chrissotraidis/GitHub/caesarpad/build/ios/DerivedData/SDKStatCaches.noindex/iphonesimulator26.5-23F81a-6cfe768891a92b912361537c460fe42b.sdkstatcache -target arm64-apple-ios14.0-simulator -fmessage-length\=0 -fdiagnostics-show-note-include-stack -fmacro-backtrace-limit\=0 -fno-color-diagnostics -Wno-trigraphs -Wno-missing-field-initializers -Wno-missing-prototypes -Wno-return-type -Wno-missing-braces -Wparentheses -Wswitch -Wno-unused-function -Wno-unused-label -Wno-unused-parameter -Wno-unused-variable -Wunused-value -Wno-empty-body -Wno-uninitialized -Wno-unknown-pragmas -Wno-shadow -Wno-four-char-constants -Wno-conversion -Wno-constant-conversion -Wno-int-conversion -Wno-bool-conversion -Wno-enum-conversion -Wno-float-conversion -Wno-non-literal-null-conversion -Wno-objc-literal-conversion -Wshorten-64-to-32 -Wpointer-sign -Wno-newline-eof -Wno-implicit-fallthrough -isysroot /Applications/Xcode.app/Contents/Developer/Platforms/iPhoneSimulator.platform/Developer/SDKs/iPhoneSimulator26.5.sdk -fstrict-aliasing -Wdeprecated-declarations -Wno-sign-conversion -Wno-infinite-recursion -Wno-comma -Wno-block-capture-autoreleasing -Wno-strict-prototypes -Wno-semicolon-before-method-body @/Users/chrissotraidis/GitHub/caesarpad/build/ios/build/augustus.build/Release-iphonesimulator/Objects-normal/arm64/7187679823f38a2a940e0043cdf9d637-common-args.resp -MMD -MT dependencies -MF /Users/chrissotraidis/GitHub/caesarpad/build/ios/build/augustus.build/Release-iphonesimulator/Objects-normal/arm64/message_dialog.d --serialize-diagnostics /Users/chrissotraidis/GitHub/caesarpad/build/ios/build/augustus.build/Release-iphonesimulator/Objects-normal/arm64/message_dialog.dia -c /Users/chrissotraidis/GitHub/caesarpad/engines/augustus/src/window/message_dialog.c -o /Users/chrissotraidis/GitHub/caesarpad/build/ios/build/augustus.build/Release-iphonesimulator/Objects-normal/arm64/message_dialog.o

CompileC /Users/chrissotraidis/GitHub/caesarpad/build/ios/build/augustus.build/Release-iphonesimulator/Objects-normal/arm64/menu-fef598d1032cc604b47fb8dc9d57677b.o /Users/chrissotraidis/GitHub/caesarpad/engines/augustus/src/graphics/menu.c normal arm64 c com.apple.compilers.llvm.clang.1_0.compiler (in target 'augustus' from project 'augustus')
    cd /Users/chrissotraidis/GitHub/caesarpad/engines/augustus

    Using response file: /Users/chrissotraidis/GitHub/caesarpad/build/ios/build/augustus.build/Release-iphonesimulator/Objects-normal/arm64/7187679823f38a2a940e0043cdf9d637-common-args.resp

    /Applications/Xcode.app/Contents/Developer/Toolchains/XcodeDefault.xctoolchain/usr/bin/clang -x c -ivfsstatcache /Users/chrissotraidis/GitHub/caesarpad/build/ios/DerivedData/SDKStatCaches.noindex/iphonesimulator26.5-23F81a-6cfe768891a92b912361537c460fe42b.sdkstatcache -target arm64-apple-ios14.0-simulator -fmessage-length\=0 -fdiagnostics-show-note-include-stack -fmacro-backtrace-limit\=0 -fno-color-diagnostics -Wno-trigraphs -Wno-missing-field-initializers -Wno-missing-prototypes -Wno-return-type -Wno-missing-braces -Wparentheses -Wswitch -Wno-unused-function -Wno-unused-label -Wno-unused-parameter -Wno-unused-variable -Wunused-value -Wno-empty-body -Wno-uninitialized -Wno-unknown-pragmas -Wno-shadow -Wno-four-char-constants -Wno-conversion -Wno-constant-conversion -Wno-int-conversion -Wno-bool-conversion -Wno-enum-conversion -Wno-float-conversion -Wno-non-literal-null-conversion -Wno-objc-literal-conversion -Wshorten-64-to-32 -Wpointer-sign -Wno-newline-eof -Wno-implicit-fallthrough -isysroot /Applications/Xcode.app/Contents/Developer/Platforms/iPhoneSimulator.platform/Developer/SDKs/iPhoneSimulator26.5.sdk -fstrict-aliasing -Wdeprecated-declarations -Wno-sign-conversion -Wno-infinite-recursion -Wno-comma -Wno-block-capture-autoreleasing -Wno-strict-prototypes -Wno-semicolon-before-method-body @/Users/chrissotraidis/GitHub/caesarpad/build/ios/build/augustus.build/Release-iphonesimulator/Objects-normal/arm64/7187679823f38a2a940e0043cdf9d637-common-args.resp -MMD -MT dependencies -MF /Users/chrissotraidis/GitHub/caesarpad/build/ios/build/augustus.build/Release-iphonesimulator/Objects-normal/arm64/menu-fef598d1032cc604b47fb8dc9d57677b.d --serialize-diagnostics /Users/chrissotraidis/GitHub/caesarpad/build/ios/build/augustus.build/Release-iphonesimulator/Objects-normal/arm64/menu-fef598d1032cc604b47fb8dc9d57677b.dia -c /Users/chrissotraidis/GitHub/caesarpad/engines/augustus/src/graphics/menu.c -o /Users/chrissotraidis/GitHub/caesarpad/build/ios/build/augustus.build/Release-iphonesimulator/Objects-normal/arm64/menu-fef598d1032cc604b47fb8dc9d57677b.o

CompileC /Users/chrissotraidis/GitHub/caesarpad/build/ios/build/augustus.build/Release-iphonesimulator/Objects-normal/arm64/map_editor_tool.o /Users/chrissotraidis/GitHub/caesarpad/engines/augustus/src/widget/map_editor_tool.c normal arm64 c com.apple.compilers.llvm.clang.1_0.compiler (in target 'augustus' from project 'augustus')
    cd /Users/chrissotraidis/GitHub/caesarpad/engines/augustus

    Using response file: /Users/chrissotraidis/GitHub/caesarpad/build/ios/build/augustus.build/Release-iphonesimulator/Objects-normal/arm64/7187679823f38a2a940e0043cdf9d637-common-args.resp

    /Applications/Xcode.app/Contents/Developer/Toolchains/XcodeDefault.xctoolchain/usr/bin/clang -x c -ivfsstatcache /Users/chrissotraidis/GitHub/caesarpad/build/ios/DerivedData/SDKStatCaches.noindex/iphonesimulator26.5-23F81a-6cfe768891a92b912361537c460fe42b.sdkstatcache -target arm64-apple-ios14.0-simulator -fmessage-length\=0 -fdiagnostics-show-note-include-stack -fmacro-backtrace-limit\=0 -fno-color-diagnostics -Wno-trigraphs -Wno-missing-field-initializers -Wno-missing-prototypes -Wno-return-type -Wno-missing-braces -Wparentheses -Wswitch -Wno-unused-function -Wno-unused-label -Wno-unused-parameter -Wno-unused-variable -Wunused-value -Wno-empty-body -Wno-uninitialized -Wno-unknown-pragmas -Wno-shadow -Wno-four-char-constants -Wno-conversion -Wno-constant-conversion -Wno-int-conversion -Wno-bool-conversion -Wno-enum-conversion -Wno-float-conversion -Wno-non-literal-null-conversion -Wno-objc-literal-conversion -Wshorten-64-to-32 -Wpointer-sign -Wno-newline-eof -Wno-implicit-fallthrough -isysroot /Applications/Xcode.app/Contents/Developer/Platforms/iPhoneSimulator.platform/Developer/SDKs/iPhoneSimulator26.5.sdk -fstrict-aliasing -Wdeprecated-declarations -Wno-sign-conversion -Wno-infinite-recursion -Wno-comma -Wno-block-capture-autoreleasing -Wno-strict-prototypes -Wno-semicolon-before-method-body @/Users/chrissotraidis/GitHub/caesarpad/build/ios/build/augustus.build/Release-iphonesimulator/Objects-normal/arm64/7187679823f38a2a940e0043cdf9d637-common-args.resp -MMD -MT dependencies -MF /Users/chrissotraidis/GitHub/caesarpad/build/ios/build/augustus.build/Release-iphonesimulator/Objects-normal/arm64/map_editor_tool.d --serialize-diagnostics /Users/chrissotraidis/GitHub/caesarpad/build/ios/build/augustus.build/Release-iphonesimulator/Objects-normal/arm64/map_editor_tool.dia -c /Users/chrissotraidis/GitHub/caesarpad/engines/augustus/src/widget/map_editor_tool.c -o /Users/chrissotraidis/GitHub/caesarpad/build/ios/build/augustus.build/Release-iphonesimulator/Objects-normal/arm64/map_editor_tool.o

CompileC /Users/chrissotraidis/GitHub/caesarpad/build/ios/build/augustus.build/Release-iphonesimulator/Objects-normal/arm64/map_editor.o /Users/chrissotraidis/GitHub/caesarpad/engines/augustus/src/widget/map_editor.c normal arm64 c com.apple.compilers.llvm.clang.1_0.compiler (in target 'augustus' from project 'augustus')
    cd /Users/chrissotraidis/GitHub/caesarpad/engines/augustus

    Using response file: /Users/chrissotraidis/GitHub/caesarpad/build/ios/build/augustus.build/Release-iphonesimulator/Objects-normal/arm64/7187679823f38a2a940e0043cdf9d637-common-args.resp

    /Applications/Xcode.app/Contents/Developer/Toolchains/XcodeDefault.xctoolchain/usr/bin/clang -x c -ivfsstatcache /Users/chrissotraidis/GitHub/caesarpad/build/ios/DerivedData/SDKStatCaches.noindex/iphonesimulator26.5-23F81a-6cfe768891a92b912361537c460fe42b.sdkstatcache -target arm64-apple-ios14.0-simulator -fmessage-length\=0 -fdiagnostics-show-note-include-stack -fmacro-backtrace-limit\=0 -fno-color-diagnostics -Wno-trigraphs -Wno-missing-field-initializers -Wno-missing-prototypes -Wno-return-type -Wno-missing-braces -Wparentheses -Wswitch -Wno-unused-function -Wno-unused-label -Wno-unused-parameter -Wno-unused-variable -Wunused-value -Wno-empty-body -Wno-uninitialized -Wno-unknown-pragmas -Wno-shadow -Wno-four-char-constants -Wno-conversion -Wno-constant-conversion -Wno-int-conversion -Wno-bool-conversion -Wno-enum-conversion -Wno-float-conversion -Wno-non-literal-null-conversion -Wno-objc-literal-conversion -Wshorten-64-to-32 -Wpointer-sign -Wno-newline-eof -Wno-implicit-fallthrough -isysroot /Applications/Xcode.app/Contents/Developer/Platforms/iPhoneSimulator.platform/Developer/SDKs/iPhoneSimulator26.5.sdk -fstrict-aliasing -Wdeprecated-declarations -Wno-sign-conversion -Wno-infinite-recursion -Wno-comma -Wno-block-capture-autoreleasing -Wno-strict-prototypes -Wno-semicolon-before-method-body @/Users/chrissotraidis/GitHub/caesarpad/build/ios/build/augustus.build/Release-iphonesimulator/Objects-normal/arm64/7187679823f38a2a940e0043cdf9d637-common-args.resp -MMD -MT dependencies -MF /Users/chrissotraidis/GitHub/caesarpad/build/ios/build/augustus.build/Release-iphonesimulator/Objects-normal/arm64/map_editor.d --serialize-diagnostics /Users/chrissotraidis/GitHub/caesarpad/build/ios/build/augustus.build/Release-iphonesimulator/Objects-normal/arm64/map_editor.dia -c /Users/chrissotraidis/GitHub/caesarpad/engines/augustus/src/widget/map_editor.c -o /Users/chrissotraidis/GitHub/caesarpad/build/ios/build/augustus.build/Release-iphonesimulator/Objects-normal/arm64/map_editor.o

CompileC /Users/chrissotraidis/GitHub/caesarpad/build/ios/build/augustus.build/Release-iphonesimulator/Objects-normal/arm64/map-97902fbb7bbc2ffef57959afda773b0b.o /Users/chrissotraidis/GitHub/caesarpad/engines/augustus/src/window/editor/map.c normal arm64 c com.apple.compilers.llvm.clang.1_0.compiler (in target 'augustus' from project 'augustus')
    cd /Users/chrissotraidis/GitHub/caesarpad/engines/augustus

    Using response file: /Users/chrissotraidis/GitHub/caesarpad/build/ios/build/augustus.build/Release-iphonesimulator/Objects-normal/arm64/7187679823f38a2a940e0043cdf9d637-common-args.resp

    /Applications/Xcode.app/Contents/Developer/Toolchains/XcodeDefault.xctoolchain/usr/bin/clang -x c -ivfsstatcache /Users/chrissotraidis/GitHub/caesarpad/build/ios/DerivedData/SDKStatCaches.noindex/iphonesimulator26.5-23F81a-6cfe768891a92b912361537c460fe42b.sdkstatcache -target arm64-apple-ios14.0-simulator -fmessage-length\=0 -fdiagnostics-show-note-include-stack -fmacro-backtrace-limit\=0 -fno-color-diagnostics -Wno-trigraphs -Wno-missing-field-initializers -Wno-missing-prototypes -Wno-return-type -Wno-missing-braces -Wparentheses -Wswitch -Wno-unused-function -Wno-unused-label -Wno-unused-parameter -Wno-unused-variable -Wunused-value -Wno-empty-body -Wno-uninitialized -Wno-unknown-pragmas -Wno-shadow -Wno-four-char-constants -Wno-conversion -Wno-constant-conversion -Wno-int-conversion -Wno-bool-conversion -Wno-enum-conversion -Wno-float-conversion -Wno-non-literal-null-conversion -Wno-objc-literal-conversion -Wshorten-64-to-32 -Wpointer-sign -Wno-newline-eof -Wno-implicit-fallthrough -isysroot /Applications/Xcode.app/Contents/Developer/Platforms/iPhoneSimulator.platform/Developer/SDKs/iPhoneSimulator26.5.sdk -fstrict-aliasing -Wdeprecated-declarations -Wno-sign-conversion -Wno-infinite-recursion -Wno-comma -Wno-block-capture-autoreleasing -Wno-strict-prototypes -Wno-semicolon-before-method-body @/Users/chrissotraidis/GitHub/caesarpad/build/ios/build/augustus.build/Release-iphonesimulator/Objects-normal/arm64/7187679823f38a2a940e0043cdf9d637-common-args.resp -MMD -MT dependencies -MF /Users/chrissotraidis/GitHub/caesarpad/build/ios/build/augustus.build/Release-iphonesimulator/Objects-normal/arm64/map-97902fbb7bbc2ffef57959afda773b0b.d --serialize-diagnostics /Users/chrissotraidis/GitHub/caesarpad/build/ios/build/augustus.build/Release-iphonesimulator/Objects-normal/arm64/map-97902fbb7bbc2ffef57959afda773b0b.dia -c /Users/chrissotraidis/GitHub/caesarpad/engines/augustus/src/window/editor/map.c -o /Users/chrissotraidis/GitHub/caesarpad/build/ios/build/augustus.build/Release-iphonesimulator/Objects-normal/arm64/map-97902fbb7bbc2ffef57959afda773b0b.o

CompileC /Users/chrissotraidis/GitHub/caesarpad/build/ios/build/augustus.build/Release-iphonesimulator/Objects-normal/arm64/main_menu.o /Users/chrissotraidis/GitHub/caesarpad/engines/augustus/src/window/main_menu.c normal arm64 c com.apple.compilers.llvm.clang.1_0.compiler (in target 'augustus' from project 'augustus')
    cd /Users/chrissotraidis/GitHub/caesarpad/engines/augustus

    Using response file: /Users/chrissotraidis/GitHub/caesarpad/build/ios/build/augustus.build/Release-iphonesimulator/Objects-normal/arm64/7187679823f38a2a940e0043cdf9d637-common-args.resp

    /Applications/Xcode.app/Contents/Developer/Toolchains/XcodeDefault.xctoolchain/usr/bin/clang -x c -ivfsstatcache /Users/chrissotraidis/GitHub/caesarpad/build/ios/DerivedData/SDKStatCaches.noindex/iphonesimulator26.5-23F81a-6cfe768891a92b912361537c460fe42b.sdkstatcache -target arm64-apple-ios14.0-simulator -fmessage-length\=0 -fdiagnostics-show-note-include-stack -fmacro-backtrace-limit\=0 -fno-color-diagnostics -Wno-trigraphs -Wno-missing-field-initializers -Wno-missing-prototypes -Wno-return-type -Wno-missing-braces -Wparentheses -Wswitch -Wno-unused-function -Wno-unused-label -Wno-unused-parameter -Wno-unused-variable -Wunused-value -Wno-empty-body -Wno-uninitialized -Wno-unknown-pragmas -Wno-shadow -Wno-four-char-constants -Wno-conversion -Wno-constant-conversion -Wno-int-conversion -Wno-bool-conversion -Wno-enum-conversion -Wno-float-conversion -Wno-non-literal-null-conversion -Wno-objc-literal-conversion -Wshorten-64-to-32 -Wpointer-sign -Wno-newline-eof -Wno-implicit-fallthrough -isysroot /Applications/Xcode.app/Contents/Developer/Platforms/iPhoneSimulator.platform/Developer/SDKs/iPhoneSimulator26.5.sdk -fstrict-aliasing -Wdeprecated-declarations -Wno-sign-conversion -Wno-infinite-recursion -Wno-comma -Wno-block-capture-autoreleasing -Wno-strict-prototypes -Wno-semicolon-before-method-body @/Users/chrissotraidis/GitHub/caesarpad/build/ios/build/augustus.build/Release-iphonesimulator/Objects-normal/arm64/7187679823f38a2a940e0043cdf9d637-common-args.resp -MMD -MT dependencies -MF /Users/chrissotraidis/GitHub/caesarpad/build/ios/build/augustus.build/Release-iphonesimulator/Objects-normal/arm64/main_menu.d --serialize-diagnostics /Users/chrissotraidis/GitHub/caesarpad/build/ios/build/augustus.build/Release-iphonesimulator/Objects-normal/arm64/main_menu.dia -c /Users/chrissotraidis/GitHub/caesarpad/engines/augustus/src/window/main_menu.c -o /Users/chrissotraidis/GitHub/caesarpad/build/ios/build/augustus.build/Release-iphonesimulator/Objects-normal/arm64/main_menu.o

CompileC /Users/chrissotraidis/GitHub/caesarpad/build/ios/build/augustus.build/Release-iphonesimulator/Objects-normal/arm64/logo.o /Users/chrissotraidis/GitHub/caesarpad/engines/augustus/src/window/logo.c normal arm64 c com.apple.compilers.llvm.clang.1_0.compiler (in target 'augustus' from project 'augustus')
    cd /Users/chrissotraidis/GitHub/caesarpad/engines/augustus

    Using response file: /Users/chrissotraidis/GitHub/caesarpad/build/ios/build/augustus.build/Release-iphonesimulator/Objects-normal/arm64/7187679823f38a2a940e0043cdf9d637-common-args.resp

    /Applications/Xcode.app/Contents/Developer/Toolchains/XcodeDefault.xctoolchain/usr/bin/clang -x c -ivfsstatcache /Users/chrissotraidis/GitHub/caesarpad/build/ios/DerivedData/SDKStatCaches.noindex/iphonesimulator26.5-23F81a-6cfe768891a92b912361537c460fe42b.sdkstatcache -target arm64-apple-ios14.0-simulator -fmessage-length\=0 -fdiagnostics-show-note-include-stack -fmacro-backtrace-limit\=0 -fno-color-diagnostics -Wno-trigraphs -Wno-missing-field-initializers -Wno-missing-prototypes -Wno-return-type -Wno-missing-braces -Wparentheses -Wswitch -Wno-unused-function -Wno-unused-label -Wno-unused-parameter -Wno-unused-variable -Wunused-value -Wno-empty-body -Wno-uninitialized -Wno-unknown-pragmas -Wno-shadow -Wno-four-char-constants -Wno-conversion -Wno-constant-conversion -Wno-int-conversion -Wno-bool-conversion -Wno-enum-conversion -Wno-float-conversion -Wno-non-literal-null-conversion -Wno-objc-literal-conversion -Wshorten-64-to-32 -Wpointer-sign -Wno-newline-eof -Wno-implicit-fallthrough -isysroot /Applications/Xcode.app/Contents/Developer/Platforms/iPhoneSimulator.platform/Developer/SDKs/iPhoneSimulator26.5.sdk -fstrict-aliasing -Wdeprecated-declarations -Wno-sign-conversion -Wno-infinite-recursion -Wno-comma -Wno-block-capture-autoreleasing -Wno-strict-prototypes -Wno-semicolon-before-method-body @/Users/chrissotraidis/GitHub/caesarpad/build/ios/build/augustus.build/Release-iphonesimulator/Objects-normal/arm64/7187679823f38a2a940e0043cdf9d637-common-args.resp -MMD -MT dependencies -MF /Users/chrissotraidis/GitHub/caesarpad/build/ios/build/augustus.build/Release-iphonesimulator/Objects-normal/arm64/logo.d --serialize-diagnostics /Users/chrissotraidis/GitHub/caesarpad/build/ios/build/augustus.build/Release-iphonesimulator/Objects-normal/arm64/logo.dia -c /Users/chrissotraidis/GitHub/caesarpad/engines/augustus/src/window/logo.c -o /Users/chrissotraidis/GitHub/caesarpad/build/ios/build/augustus.build/Release-iphonesimulator/Objects-normal/arm64/logo.o

CompileC /Users/chrissotraidis/GitHub/caesarpad/build/ios/build/augustus.build/Release-iphonesimulator/Objects-normal/arm64/list_box.o /Users/chrissotraidis/GitHub/caesarpad/engines/augustus/src/graphics/list_box.c normal arm64 c com.apple.compilers.llvm.clang.1_0.compiler (in target 'augustus' from project 'augustus')
    cd /Users/chrissotraidis/GitHub/caesarpad/engines/augustus

    Using response file: /Users/chrissotraidis/GitHub/caesarpad/build/ios/build/augustus.build/Release-iphonesimulator/Objects-normal/arm64/7187679823f38a2a940e0043cdf9d637-common-args.resp

    /Applications/Xcode.app/Contents/Developer/Toolchains/XcodeDefault.xctoolchain/usr/bin/clang -x c -ivfsstatcache /Users/chrissotraidis/GitHub/caesarpad/build/ios/DerivedData/SDKStatCaches.noindex/iphonesimulator26.5-23F81a-6cfe768891a92b912361537c460fe42b.sdkstatcache -target arm64-apple-ios14.0-simulator -fmessage-length\=0 -fdiagnostics-show-note-include-stack -fmacro-backtrace-limit\=0 -fno-color-diagnostics -Wno-trigraphs -Wno-missing-field-initializers -Wno-missing-prototypes -Wno-return-type -Wno-missing-braces -Wparentheses -Wswitch -Wno-unused-function -Wno-unused-label -Wno-unused-parameter -Wno-unused-variable -Wunused-value -Wno-empty-body -Wno-uninitialized -Wno-unknown-pragmas -Wno-shadow -Wno-four-char-constants -Wno-conversion -Wno-constant-conversion -Wno-int-conversion -Wno-bool-conversion -Wno-enum-conversion -Wno-float-conversion -Wno-non-literal-null-conversion -Wno-objc-literal-conversion -Wshorten-64-to-32 -Wpointer-sign -Wno-newline-eof -Wno-implicit-fallthrough -isysroot /Applications/Xcode.app/Contents/Developer/Platforms/iPhoneSimulator.platform/Developer/SDKs/iPhoneSimulator26.5.sdk -fstrict-aliasing -Wdeprecated-declarations -Wno-sign-conversion -Wno-infinite-recursion -Wno-comma -Wno-block-capture-autoreleasing -Wno-strict-prototypes -Wno-semicolon-before-method-body @/Users/chrissotraidis/GitHub/caesarpad/build/ios/build/augustus.build/Release-iphonesimulator/Objects-normal/arm64/7187679823f38a2a940e0043cdf9d637-common-args.resp -MMD -MT dependencies -MF /Users/chrissotraidis/GitHub/caesarpad/build/ios/build/augustus.build/Release-iphonesimulator/Objects-normal/arm64/list_box.d --serialize-diagnostics /Users/chrissotraidis/GitHub/caesarpad/build/ios/build/augustus.build/Release-iphonesimulator/Objects-normal/arm64/list_box.dia -c /Users/chrissotraidis/GitHub/caesarpad/engines/augustus/src/graphics/list_box.c -o /Users/chrissotraidis/GitHub/caesarpad/build/ios/build/augustus.build/Release-iphonesimulator/Objects-normal/arm64/list_box.o

CompileC /Users/chrissotraidis/GitHub/caesarpad/build/ios/build/augustus.build/Release-iphonesimulator/Objects-normal/arm64/lang_text.o /Users/chrissotraidis/GitHub/caesarpad/engines/augustus/src/graphics/lang_text.c normal arm64 c com.apple.compilers.llvm.clang.1_0.compiler (in target 'augustus' from project 'augustus')
    cd /Users/chrissotraidis/GitHub/caesarpad/engines/augustus

    Using response file: /Users/chrissotraidis/GitHub/caesarpad/build/ios/build/augustus.build/Release-iphonesimulator/Objects-normal/arm64/7187679823f38a2a940e0043cdf9d637-common-args.resp

    /Applications/Xcode.app/Contents/Developer/Toolchains/XcodeDefault.xctoolchain/usr/bin/clang -x c -ivfsstatcache /Users/chrissotraidis/GitHub/caesarpad/build/ios/DerivedData/SDKStatCaches.noindex/iphonesimulator26.5-23F81a-6cfe768891a92b912361537c460fe42b.sdkstatcache -target arm64-apple-ios14.0-simulator -fmessage-length\=0 -fdiagnostics-show-note-include-stack -fmacro-backtrace-limit\=0 -fno-color-diagnostics -Wno-trigraphs -Wno-missing-field-initializers -Wno-missing-prototypes -Wno-return-type -Wno-missing-braces -Wparentheses -Wswitch -Wno-unused-function -Wno-unused-label -Wno-unused-parameter -Wno-unused-variable -Wunused-value -Wno-empty-body -Wno-uninitialized -Wno-unknown-pragmas -Wno-shadow -Wno-four-char-constants -Wno-conversion -Wno-constant-conversion -Wno-int-conversion -Wno-bool-conversion -Wno-enum-conversion -Wno-float-conversion -Wno-non-literal-null-conversion -Wno-objc-literal-conversion -Wshorten-64-to-32 -Wpointer-sign -Wno-newline-eof -Wno-implicit-fallthrough -isysroot /Applications/Xcode.app/Contents/Developer/Platforms/iPhoneSimulator.platform/Developer/SDKs/iPhoneSimulator26.5.sdk -fstrict-aliasing -Wdeprecated-declarations -Wno-sign-conversion -Wno-infinite-recursion -Wno-comma -Wno-block-capture-autoreleasing -Wno-strict-prototypes -Wno-semicolon-before-method-body @/Users/chrissotraidis/GitHub/caesarpad/build/ios/build/augustus.build/Release-iphonesimulator/Objects-normal/arm64/7187679823f38a2a940e0043cdf9d637-common-args.resp -MMD -MT dependencies -MF /Users/chrissotraidis/GitHub/caesarpad/build/ios/build/augustus.build/Release-iphonesimulator/Objects-normal/arm64/lang_text.d --serialize-diagnostics /Users/chrissotraidis/GitHub/caesarpad/build/ios/build/augustus.build/Release-iphonesimulator/Objects-normal/arm64/lang_text.dia -c /Users/chrissotraidis/GitHub/caesarpad/engines/augustus/src/graphics/lang_text.c -o /Users/chrissotraidis/GitHub/caesarpad/build/ios/build/augustus.build/Release-iphonesimulator/Objects-normal/arm64/lang_text.o
/Users/chrissotraidis/GitHub/caesarpad/engines/augustus/src/graphics/lang_text.c:607:19: warning: implicit conversion loses integer precision: 'long' to 'int' [-Wshorten-64-to-32]
  607 |     return cursor - dst; // Return length of concatenated string
      |     ~~~~~~ ~~~~~~~^~~~~
1 warning generated.

CompileC /Users/chrissotraidis/GitHub/caesarpad/build/ios/build/augustus.build/Release-iphonesimulator/Objects-normal/arm64/labor_priority.o /Users/chrissotraidis/GitHub/caesarpad/engines/augustus/src/window/labor_priority.c normal arm64 c com.apple.compilers.llvm.clang.1_0.compiler (in target 'augustus' from project 'augustus')
    cd /Users/chrissotraidis/GitHub/caesarpad/engines/augustus

    Using response file: /Users/chrissotraidis/GitHub/caesarpad/build/ios/build/augustus.build/Release-iphonesimulator/Objects-normal/arm64/7187679823f38a2a940e0043cdf9d637-common-args.resp

    /Applications/Xcode.app/Contents/Developer/Toolchains/XcodeDefault.xctoolchain/usr/bin/clang -x c -ivfsstatcache /Users/chrissotraidis/GitHub/caesarpad/build/ios/DerivedData/SDKStatCaches.noindex/iphonesimulator26.5-23F81a-6cfe768891a92b912361537c460fe42b.sdkstatcache -target arm64-apple-ios14.0-simulator -fmessage-length\=0 -fdiagnostics-show-note-include-stack -fmacro-backtrace-limit\=0 -fno-color-diagnostics -Wno-trigraphs -Wno-missing-field-initializers -Wno-missing-prototypes -Wno-return-type -Wno-missing-braces -Wparentheses -Wswitch -Wno-unused-function -Wno-unused-label -Wno-unused-parameter -Wno-unused-variable -Wunused-value -Wno-empty-body -Wno-uninitialized -Wno-unknown-pragmas -Wno-shadow -Wno-four-char-constants -Wno-conversion -Wno-constant-conversion -Wno-int-conversion -Wno-bool-conversion -Wno-enum-conversion -Wno-float-conversion -Wno-non-literal-null-conversion -Wno-objc-literal-conversion -Wshorten-64-to-32 -Wpointer-sign -Wno-newline-eof -Wno-implicit-fallthrough -isysroot /Applications/Xcode.app/Contents/Developer/Platforms/iPhoneSimulator.platform/Developer/SDKs/iPhoneSimulator26.5.sdk -fstrict-aliasing -Wdeprecated-declarations -Wno-sign-conversion -Wno-infinite-recursion -Wno-comma -Wno-block-capture-autoreleasing -Wno-strict-prototypes -Wno-semicolon-before-method-body @/Users/chrissotraidis/GitHub/caesarpad/build/ios/build/augustus.build/Release-iphonesimulator/Objects-normal/arm64/7187679823f38a2a940e0043cdf9d637-common-args.resp -MMD -MT dependencies -MF /Users/chrissotraidis/GitHub/caesarpad/build/ios/build/augustus.build/Release-iphonesimulator/Objects-normal/arm64/labor_priority.d --serialize-diagnostics /Users/chrissotraidis/GitHub/caesarpad/build/ios/build/augustus.build/Release-iphonesimulator/Objects-normal/arm64/labor_priority.dia -c /Users/chrissotraidis/GitHub/caesarpad/engines/augustus/src/window/labor_priority.c -o /Users/chrissotraidis/GitHub/caesarpad/build/ios/build/augustus.build/Release-iphonesimulator/Objects-normal/arm64/labor_priority.o

CompileC /Users/chrissotraidis/GitHub/caesarpad/build/ios/build/augustus.build/Release-iphonesimulator/Objects-normal/arm64/labor-354be2b1cc74c5e4588e628937b88897.o /Users/chrissotraidis/GitHub/caesarpad/engines/augustus/src/window/advisor/labor.c normal arm64 c com.apple.compilers.llvm.clang.1_0.compiler (in target 'augustus' from project 'augustus')
    cd /Users/chrissotraidis/GitHub/caesarpad/engines/augustus

    Using response file: /Users/chrissotraidis/GitHub/caesarpad/build/ios/build/augustus.build/Release-iphonesimulator/Objects-normal/arm64/7187679823f38a2a940e0043cdf9d637-common-args.resp

    /Applications/Xcode.app/Contents/Developer/Toolchains/XcodeDefault.xctoolchain/usr/bin/clang -x c -ivfsstatcache /Users/chrissotraidis/GitHub/caesarpad/build/ios/DerivedData/SDKStatCaches.noindex/iphonesimulator26.5-23F81a-6cfe768891a92b912361537c460fe42b.sdkstatcache -target arm64-apple-ios14.0-simulator -fmessage-length\=0 -fdiagnostics-show-note-include-stack -fmacro-backtrace-limit\=0 -fno-color-diagnostics -Wno-trigraphs -Wno-missing-field-initializers -Wno-missing-prototypes -Wno-return-type -Wno-missing-braces -Wparentheses -Wswitch -Wno-unused-function -Wno-unused-label -Wno-unused-parameter -Wno-unused-variable -Wunused-value -Wno-empty-body -Wno-uninitialized -Wno-unknown-pragmas -Wno-shadow -Wno-four-char-constants -Wno-conversion -Wno-constant-conversion -Wno-int-conversion -Wno-bool-conversion -Wno-enum-conversion -Wno-float-conversion -Wno-non-literal-null-conversion -Wno-objc-literal-conversion -Wshorten-64-to-32 -Wpointer-sign -Wno-newline-eof -Wno-implicit-fallthrough -isysroot /Applications/Xcode.app/Contents/Developer/Platforms/iPhoneSimulator.platform/Developer/SDKs/iPhoneSimulator26.5.sdk -fstrict-aliasing -Wdeprecated-declarations -Wno-sign-conversion -Wno-infinite-recursion -Wno-comma -Wno-block-capture-autoreleasing -Wno-strict-prototypes -Wno-semicolon-before-method-body @/Users/chrissotraidis/GitHub/caesarpad/build/ios/build/augustus.build/Release-iphonesimulator/Objects-normal/arm64/7187679823f38a2a940e0043cdf9d637-common-args.resp -MMD -MT dependencies -MF /Users/chrissotraidis/GitHub/caesarpad/build/ios/build/augustus.build/Release-iphonesimulator/Objects-normal/arm64/labor-354be2b1cc74c5e4588e628937b88897.d --serialize-diagnostics /Users/chrissotraidis/GitHub/caesarpad/build/ios/build/augustus.build/Release-iphonesimulator/Objects-normal/arm64/labor-354be2b1cc74c5e4588e628937b88897.dia -c /Users/chrissotraidis/GitHub/caesarpad/engines/augustus/src/window/advisor/labor.c -o /Users/chrissotraidis/GitHub/caesarpad/build/ios/build/augustus.build/Release-iphonesimulator/Objects-normal/arm64/labor-354be2b1cc74c5e4588e628937b88897.o

CompileC /Users/chrissotraidis/GitHub/caesarpad/build/ios/build/augustus.build/Release-iphonesimulator/Objects-normal/arm64/keyboard_input.o /Users/chrissotraidis/GitHub/caesarpad/engines/augustus/src/platform/SDL2/keyboard_input.c normal arm64 c com.apple.compilers.llvm.clang.1_0.compiler (in target 'augustus' from project 'augustus')
    cd /Users/chrissotraidis/GitHub/caesarpad/engines/augustus

    Using response file: /Users/chrissotraidis/GitHub/caesarpad/build/ios/build/augustus.build/Release-iphonesimulator/Objects-normal/arm64/7187679823f38a2a940e0043cdf9d637-common-args.resp

    /Applications/Xcode.app/Contents/Developer/Toolchains/XcodeDefault.xctoolchain/usr/bin/clang -x c -ivfsstatcache /Users/chrissotraidis/GitHub/caesarpad/build/ios/DerivedData/SDKStatCaches.noindex/iphonesimulator26.5-23F81a-6cfe768891a92b912361537c460fe42b.sdkstatcache -target arm64-apple-ios14.0-simulator -fmessage-length\=0 -fdiagnostics-show-note-include-stack -fmacro-backtrace-limit\=0 -fno-color-diagnostics -Wno-trigraphs -Wno-missing-field-initializers -Wno-missing-prototypes -Wno-return-type -Wno-missing-braces -Wparentheses -Wswitch -Wno-unused-function -Wno-unused-label -Wno-unused-parameter -Wno-unused-variable -Wunused-value -Wno-empty-body -Wno-uninitialized -Wno-unknown-pragmas -Wno-shadow -Wno-four-char-constants -Wno-conversion -Wno-constant-conversion -Wno-int-conversion -Wno-bool-conversion -Wno-enum-conversion -Wno-float-conversion -Wno-non-literal-null-conversion -Wno-objc-literal-conversion -Wshorten-64-to-32 -Wpointer-sign -Wno-newline-eof -Wno-implicit-fallthrough -isysroot /Applications/Xcode.app/Contents/Developer/Platforms/iPhoneSimulator.platform/Developer/SDKs/iPhoneSimulator26.5.sdk -fstrict-aliasing -Wdeprecated-declarations -Wno-sign-conversion -Wno-infinite-recursion -Wno-comma -Wno-block-capture-autoreleasing -Wno-strict-prototypes -Wno-semicolon-before-method-body @/Users/chrissotraidis/GitHub/caesarpad/build/ios/build/augustus.build/Release-iphonesimulator/Objects-normal/arm64/7187679823f38a2a940e0043cdf9d637-common-args.resp -MMD -MT dependencies -MF /Users/chrissotraidis/GitHub/caesarpad/build/ios/build/augustus.build/Release-iphonesimulator/Objects-normal/arm64/keyboard_input.d --serialize-diagnostics /Users/chrissotraidis/GitHub/caesarpad/build/ios/build/augustus.build/Release-iphonesimulator/Objects-normal/arm64/keyboard_input.dia -c /Users/chrissotraidis/GitHub/caesarpad/engines/augustus/src/platform/SDL2/keyboard_input.c -o /Users/chrissotraidis/GitHub/caesarpad/build/ios/build/augustus.build/Release-iphonesimulator/Objects-normal/arm64/keyboard_input.o

CompileC /Users/chrissotraidis/GitHub/caesarpad/build/ios/build/augustus.build/Release-iphonesimulator/Objects-normal/arm64/keyboard.o /Users/chrissotraidis/GitHub/caesarpad/engines/augustus/src/input/keyboard.c normal arm64 c com.apple.compilers.llvm.clang.1_0.compiler (in target 'augustus' from project 'augustus')
    cd /Users/chrissotraidis/GitHub/caesarpad/engines/augustus

    Using response file: /Users/chrissotraidis/GitHub/caesarpad/build/ios/build/augustus.build/Release-iphonesimulator/Objects-normal/arm64/7187679823f38a2a940e0043cdf9d637-common-args.resp

    /Applications/Xcode.app/Contents/Developer/Toolchains/XcodeDefault.xctoolchain/usr/bin/clang -x c -ivfsstatcache /Users/chrissotraidis/GitHub/caesarpad/build/ios/DerivedData/SDKStatCaches.noindex/iphonesimulator26.5-23F81a-6cfe768891a92b912361537c460fe42b.sdkstatcache -target arm64-apple-ios14.0-simulator -fmessage-length\=0 -fdiagnostics-show-note-include-stack -fmacro-backtrace-limit\=0 -fno-color-diagnostics -Wno-trigraphs -Wno-missing-field-initializers -Wno-missing-prototypes -Wno-return-type -Wno-missing-braces -Wparentheses -Wswitch -Wno-unused-function -Wno-unused-label -Wno-unused-parameter -Wno-unused-variable -Wunused-value -Wno-empty-body -Wno-uninitialized -Wno-unknown-pragmas -Wno-shadow -Wno-four-char-constants -Wno-conversion -Wno-constant-conversion -Wno-int-conversion -Wno-bool-conversion -Wno-enum-conversion -Wno-float-conversion -Wno-non-literal-null-conversion -Wno-objc-literal-conversion -Wshorten-64-to-32 -Wpointer-sign -Wno-newline-eof -Wno-implicit-fallthrough -isysroot /Applications/Xcode.app/Contents/Developer/Platforms/iPhoneSimulator.platform/Developer/SDKs/iPhoneSimulator26.5.sdk -fstrict-aliasing -Wdeprecated-declarations -Wno-sign-conversion -Wno-infinite-recursion -Wno-comma -Wno-block-capture-autoreleasing -Wno-strict-prototypes -Wno-semicolon-before-method-body @/Users/chrissotraidis/GitHub/caesarpad/build/ios/build/augustus.build/Release-iphonesimulator/Objects-normal/arm64/7187679823f38a2a940e0043cdf9d637-common-args.resp -MMD -MT dependencies -MF /Users/chrissotraidis/GitHub/caesarpad/build/ios/build/augustus.build/Release-iphonesimulator/Objects-normal/arm64/keyboard.d --serialize-diagnostics /Users/chrissotraidis/GitHub/caesarpad/build/ios/build/augustus.build/Release-iphonesimulator/Objects-normal/arm64/keyboard.dia -c /Users/chrissotraidis/GitHub/caesarpad/engines/augustus/src/input/keyboard.c -o /Users/chrissotraidis/GitHub/caesarpad/build/ios/build/augustus.build/Release-iphonesimulator/Objects-normal/arm64/keyboard.o

CompileC /Users/chrissotraidis/GitHub/caesarpad/build/ios/build/augustus.build/Release-iphonesimulator/Objects-normal/arm64/joystick-5164266826ee96f7aceec9c7599edf46.o /Users/chrissotraidis/GitHub/caesarpad/engines/augustus/src/input/joystick.c normal arm64 c com.apple.compilers.llvm.clang.1_0.compiler (in target 'augustus' from project 'augustus')
    cd /Users/chrissotraidis/GitHub/caesarpad/engines/augustus

    Using response file: /Users/chrissotraidis/GitHub/caesarpad/build/ios/build/augustus.build/Release-iphonesimulator/Objects-normal/arm64/7187679823f38a2a940e0043cdf9d637-common-args.resp

    /Applications/Xcode.app/Contents/Developer/Toolchains/XcodeDefault.xctoolchain/usr/bin/clang -x c -ivfsstatcache /Users/chrissotraidis/GitHub/caesarpad/build/ios/DerivedData/SDKStatCaches.noindex/iphonesimulator26.5-23F81a-6cfe768891a92b912361537c460fe42b.sdkstatcache -target arm64-apple-ios14.0-simulator -fmessage-length\=0 -fdiagnostics-show-note-include-stack -fmacro-backtrace-limit\=0 -fno-color-diagnostics -Wno-trigraphs -Wno-missing-field-initializers -Wno-missing-prototypes -Wno-return-type -Wno-missing-braces -Wparentheses -Wswitch -Wno-unused-function -Wno-unused-label -Wno-unused-parameter -Wno-unused-variable -Wunused-value -Wno-empty-body -Wno-uninitialized -Wno-unknown-pragmas -Wno-shadow -Wno-four-char-constants -Wno-conversion -Wno-constant-conversion -Wno-int-conversion -Wno-bool-conversion -Wno-enum-conversion -Wno-float-conversion -Wno-non-literal-null-conversion -Wno-objc-literal-conversion -Wshorten-64-to-32 -Wpointer-sign -Wno-newline-eof -Wno-implicit-fallthrough -isysroot /Applications/Xcode.app/Contents/Developer/Platforms/iPhoneSimulator.platform/Developer/SDKs/iPhoneSimulator26.5.sdk -fstrict-aliasing -Wdeprecated-declarations -Wno-sign-conversion -Wno-infinite-recursion -Wno-comma -Wno-block-capture-autoreleasing -Wno-strict-prototypes -Wno-semicolon-before-method-body @/Users/chrissotraidis/GitHub/caesarpad/build/ios/build/augustus.build/Release-iphonesimulator/Objects-normal/arm64/7187679823f38a2a940e0043cdf9d637-common-args.resp -MMD -MT dependencies -MF /Users/chrissotraidis/GitHub/caesarpad/build/ios/build/augustus.build/Release-iphonesimulator/Objects-normal/arm64/joystick-5164266826ee96f7aceec9c7599edf46.d --serialize-diagnostics /Users/chrissotraidis/GitHub/caesarpad/build/ios/build/augustus.build/Release-iphonesimulator/Objects-normal/arm64/joystick-5164266826ee96f7aceec9c7599edf46.dia -c /Users/chrissotraidis/GitHub/caesarpad/engines/augustus/src/input/joystick.c -o /Users/chrissotraidis/GitHub/caesarpad/build/ios/build/augustus.build/Release-iphonesimulator/Objects-normal/arm64/joystick-5164266826ee96f7aceec9c7599edf46.o

CompileC /Users/chrissotraidis/GitHub/caesarpad/build/ios/build/augustus.build/Release-iphonesimulator/Objects-normal/arm64/joystick-2800fb6535b364b66bed278d418b4af2.o /Users/chrissotraidis/GitHub/caesarpad/engines/augustus/src/platform/SDL2/joystick.c normal arm64 c com.apple.compilers.llvm.clang.1_0.compiler (in target 'augustus' from project 'augustus')
    cd /Users/chrissotraidis/GitHub/caesarpad/engines/augustus

    Using response file: /Users/chrissotraidis/GitHub/caesarpad/build/ios/build/augustus.build/Release-iphonesimulator/Objects-normal/arm64/7187679823f38a2a940e0043cdf9d637-common-args.resp

    /Applications/Xcode.app/Contents/Developer/Toolchains/XcodeDefault.xctoolchain/usr/bin/clang -x c -ivfsstatcache /Users/chrissotraidis/GitHub/caesarpad/build/ios/DerivedData/SDKStatCaches.noindex/iphonesimulator26.5-23F81a-6cfe768891a92b912361537c460fe42b.sdkstatcache -target arm64-apple-ios14.0-simulator -fmessage-length\=0 -fdiagnostics-show-note-include-stack -fmacro-backtrace-limit\=0 -fno-color-diagnostics -Wno-trigraphs -Wno-missing-field-initializers -Wno-missing-prototypes -Wno-return-type -Wno-missing-braces -Wparentheses -Wswitch -Wno-unused-function -Wno-unused-label -Wno-unused-parameter -Wno-unused-variable -Wunused-value -Wno-empty-body -Wno-uninitialized -Wno-unknown-pragmas -Wno-shadow -Wno-four-char-constants -Wno-conversion -Wno-constant-conversion -Wno-int-conversion -Wno-bool-conversion -Wno-enum-conversion -Wno-float-conversion -Wno-non-literal-null-conversion -Wno-objc-literal-conversion -Wshorten-64-to-32 -Wpointer-sign -Wno-newline-eof -Wno-implicit-fallthrough -isysroot /Applications/Xcode.app/Contents/Developer/Platforms/iPhoneSimulator.platform/Developer/SDKs/iPhoneSimulator26.5.sdk -fstrict-aliasing -Wdeprecated-declarations -Wno-sign-conversion -Wno-infinite-recursion -Wno-comma -Wno-block-capture-autoreleasing -Wno-strict-prototypes -Wno-semicolon-before-method-body @/Users/chrissotraidis/GitHub/caesarpad/build/ios/build/augustus.build/Release-iphonesimulator/Objects-normal/arm64/7187679823f38a2a940e0043cdf9d637-common-args.resp -MMD -MT dependencies -MF /Users/chrissotraidis/GitHub/caesarpad/build/ios/build/augustus.build/Release-iphonesimulator/Objects-normal/arm64/joystick-2800fb6535b364b66bed278d418b4af2.d --serialize-diagnostics /Users/chrissotraidis/GitHub/caesarpad/build/ios/build/augustus.build/Release-iphonesimulator/Objects-normal/arm64/joystick-2800fb6535b364b66bed278d418b4af2.dia -c /Users/chrissotraidis/GitHub/caesarpad/engines/augustus/src/platform/SDL2/joystick.c -o /Users/chrissotraidis/GitHub/caesarpad/build/ios/build/augustus.build/Release-iphonesimulator/Objects-normal/arm64/joystick-2800fb6535b364b66bed278d418b4af2.o

CompileC /Users/chrissotraidis/GitHub/caesarpad/build/ios/build/augustus.build/Release-iphonesimulator/Objects-normal/arm64/ios.o /Users/chrissotraidis/GitHub/caesarpad/engines/augustus/src/platform/ios/ios.m normal arm64 objective-c com.apple.compilers.llvm.clang.1_0.compiler (in target 'augustus' from project 'augustus')
    cd /Users/chrissotraidis/GitHub/caesarpad/engines/augustus

    Using response file: /Users/chrissotraidis/GitHub/caesarpad/build/ios/build/augustus.build/Release-iphonesimulator/Objects-normal/arm64/e6072d4f65d7061329687fe24e3d63a7-common-args.resp

    /Applications/Xcode.app/Contents/Developer/Toolchains/XcodeDefault.xctoolchain/usr/bin/clang -x objective-c -ivfsstatcache /Users/chrissotraidis/GitHub/caesarpad/build/ios/DerivedData/SDKStatCaches.noindex/iphonesimulator26.5-23F81a-6cfe768891a92b912361537c460fe42b.sdkstatcache -target arm64-apple-ios14.0-simulator -fmessage-length\=0 -fdiagnostics-show-note-include-stack -fmacro-backtrace-limit\=0 -fno-color-diagnostics -Wno-trigraphs -Wno-missing-field-initializers -Wno-missing-prototypes -Wno-return-type -Wno-implicit-atomic-properties -Wno-objc-interface-ivars -Wno-arc-repeated-use-of-weak -Wno-missing-braces -Wparentheses -Wswitch -Wno-unused-function -Wno-unused-label -Wno-unused-parameter -Wno-unused-variable -Wunused-value -Wno-empty-body -Wno-uninitialized -Wno-unknown-pragmas -Wno-shadow -Wno-four-char-constants -Wno-conversion -Wno-constant-conversion -Wno-int-conversion -Wno-bool-conversion -Wno-enum-conversion -Wno-float-conversion -Wno-non-literal-null-conversion -Wno-objc-literal-conversion -Wshorten-64-to-32 -Wpointer-sign -Wno-newline-eof -Wno-selector -Wno-strict-selector-match -Wno-undeclared-selector -Wno-deprecated-implementations -Wno-implicit-fallthrough -isysroot /Applications/Xcode.app/Contents/Developer/Platforms/iPhoneSimulator.platform/Developer/SDKs/iPhoneSimulator26.5.sdk -fstrict-aliasing -Wprotocol -Wdeprecated-declarations -Wno-sign-conversion -Wno-infinite-recursion -Wno-comma -Wno-block-capture-autoreleasing -Wno-strict-prototypes -Wno-semicolon-before-method-body @/Users/chrissotraidis/GitHub/caesarpad/build/ios/build/augustus.build/Release-iphonesimulator/Objects-normal/arm64/e6072d4f65d7061329687fe24e3d63a7-common-args.resp -MMD -MT dependencies -MF /Users/chrissotraidis/GitHub/caesarpad/build/ios/build/augustus.build/Release-iphonesimulator/Objects-normal/arm64/ios.d --serialize-diagnostics /Users/chrissotraidis/GitHub/caesarpad/build/ios/build/augustus.build/Release-iphonesimulator/Objects-normal/arm64/ios.dia -c /Users/chrissotraidis/GitHub/caesarpad/engines/augustus/src/platform/ios/ios.m -o /Users/chrissotraidis/GitHub/caesarpad/build/ios/build/augustus.build/Release-iphonesimulator/Objects-normal/arm64/ios.o

CompileC /Users/chrissotraidis/GitHub/caesarpad/build/ios/build/augustus.build/Release-iphonesimulator/Objects-normal/arm64/invasions.o /Users/chrissotraidis/GitHub/caesarpad/engines/augustus/src/window/editor/invasions.c normal arm64 c com.apple.compilers.llvm.clang.1_0.compiler (in target 'augustus' from project 'augustus')
    cd /Users/chrissotraidis/GitHub/caesarpad/engines/augustus

    Using response file: /Users/chrissotraidis/GitHub/caesarpad/build/ios/build/augustus.build/Release-iphonesimulator/Objects-normal/arm64/7187679823f38a2a940e0043cdf9d637-common-args.resp

    /Applications/Xcode.app/Contents/Developer/Toolchains/XcodeDefault.xctoolchain/usr/bin/clang -x c -ivfsstatcache /Users/chrissotraidis/GitHub/caesarpad/build/ios/DerivedData/SDKStatCaches.noindex/iphonesimulator26.5-23F81a-6cfe768891a92b912361537c460fe42b.sdkstatcache -target arm64-apple-ios14.0-simulator -fmessage-length\=0 -fdiagnostics-show-note-include-stack -fmacro-backtrace-limit\=0 -fno-color-diagnostics -Wno-trigraphs -Wno-missing-field-initializers -Wno-missing-prototypes -Wno-return-type -Wno-missing-braces -Wparentheses -Wswitch -Wno-unused-function -Wno-unused-label -Wno-unused-parameter -Wno-unused-variable -Wunused-value -Wno-empty-body -Wno-uninitialized -Wno-unknown-pragmas -Wno-shadow -Wno-four-char-constants -Wno-conversion -Wno-constant-conversion -Wno-int-conversion -Wno-bool-conversion -Wno-enum-conversion -Wno-float-conversion -Wno-non-literal-null-conversion -Wno-objc-literal-conversion -Wshorten-64-to-32 -Wpointer-sign -Wno-newline-eof -Wno-implicit-fallthrough -isysroot /Applications/Xcode.app/Contents/Developer/Platforms/iPhoneSimulator.platform/Developer/SDKs/iPhoneSimulator26.5.sdk -fstrict-aliasing -Wdeprecated-declarations -Wno-sign-conversion -Wno-infinite-recursion -Wno-comma -Wno-block-capture-autoreleasing -Wno-strict-prototypes -Wno-semicolon-before-method-body @/Users/chrissotraidis/GitHub/caesarpad/build/ios/build/augustus.build/Release-iphonesimulator/Objects-normal/arm64/7187679823f38a2a940e0043cdf9d637-common-args.resp -MMD -MT dependencies -MF /Users/chrissotraidis/GitHub/caesarpad/build/ios/build/augustus.build/Release-iphonesimulator/Objects-normal/arm64/invasions.d --serialize-diagnostics /Users/chrissotraidis/GitHub/caesarpad/build/ios/build/augustus.build/Release-iphonesimulator/Objects-normal/arm64/invasions.dia -c /Users/chrissotraidis/GitHub/caesarpad/engines/augustus/src/window/editor/invasions.c -o /Users/chrissotraidis/GitHub/caesarpad/build/ios/build/augustus.build/Release-iphonesimulator/Objects-normal/arm64/invasions.o

CompileC /Users/chrissotraidis/GitHub/caesarpad/build/ios/build/augustus.build/Release-iphonesimulator/Objects-normal/arm64/intro_video.o /Users/chrissotraidis/GitHub/caesarpad/engines/augustus/src/window/intro_video.c normal arm64 c com.apple.compilers.llvm.clang.1_0.compiler (in target 'augustus' from project 'augustus')
    cd /Users/chrissotraidis/GitHub/caesarpad/engines/augustus

    Using response file: /Users/chrissotraidis/GitHub/caesarpad/build/ios/build/augustus.build/Release-iphonesimulator/Objects-normal/arm64/7187679823f38a2a940e0043cdf9d637-common-args.resp

    /Applications/Xcode.app/Contents/Developer/Toolchains/XcodeDefault.xctoolchain/usr/bin/clang -x c -ivfsstatcache /Users/chrissotraidis/GitHub/caesarpad/build/ios/DerivedData/SDKStatCaches.noindex/iphonesimulator26.5-23F81a-6cfe768891a92b912361537c460fe42b.sdkstatcache -target arm64-apple-ios14.0-simulator -fmessage-length\=0 -fdiagnostics-show-note-include-stack -fmacro-backtrace-limit\=0 -fno-color-diagnostics -Wno-trigraphs -Wno-missing-field-initializers -Wno-missing-prototypes -Wno-return-type -Wno-missing-braces -Wparentheses -Wswitch -Wno-unused-function -Wno-unused-label -Wno-unused-parameter -Wno-unused-variable -Wunused-value -Wno-empty-body -Wno-uninitialized -Wno-unknown-pragmas -Wno-shadow -Wno-four-char-constants -Wno-conversion -Wno-constant-conversion -Wno-int-conversion -Wno-bool-conversion -Wno-enum-conversion -Wno-float-conversion -Wno-non-literal-null-conversion -Wno-objc-literal-conversion -Wshorten-64-to-32 -Wpointer-sign -Wno-newline-eof -Wno-implicit-fallthrough -isysroot /Applications/Xcode.app/Contents/Developer/Platforms/iPhoneSimulator.platform/Developer/SDKs/iPhoneSimulator26.5.sdk -fstrict-aliasing -Wdeprecated-declarations -Wno-sign-conversion -Wno-infinite-recursion -Wno-comma -Wno-block-capture-autoreleasing -Wno-strict-prototypes -Wno-semicolon-before-method-body @/Users/chrissotraidis/GitHub/caesarpad/build/ios/build/augustus.build/Release-iphonesimulator/Objects-normal/arm64/7187679823f38a2a940e0043cdf9d637-common-args.resp -MMD -MT dependencies -MF /Users/chrissotraidis/GitHub/caesarpad/build/ios/build/augustus.build/Release-iphonesimulator/Objects-normal/arm64/intro_video.d --serialize-diagnostics /Users/chrissotraidis/GitHub/caesarpad/build/ios/build/augustus.build/Release-iphonesimulator/Objects-normal/arm64/intro_video.dia -c /Users/chrissotraidis/GitHub/caesarpad/engines/augustus/src/window/intro_video.c -o /Users/chrissotraidis/GitHub/caesarpad/build/ios/build/augustus.build/Release-iphonesimulator/Objects-normal/arm64/intro_video.o

CompileC /Users/chrissotraidis/GitHub/caesarpad/build/ios/build/augustus.build/Release-iphonesimulator/Objects-normal/arm64/intermezzo.o /Users/chrissotraidis/GitHub/caesarpad/engines/augustus/src/window/intermezzo.c normal arm64 c com.apple.compilers.llvm.clang.1_0.compiler (in target 'augustus' from project 'augustus')
    cd /Users/chrissotraidis/GitHub/caesarpad/engines/augustus

    Using response file: /Users/chrissotraidis/GitHub/caesarpad/build/ios/build/augustus.build/Release-iphonesimulator/Objects-normal/arm64/7187679823f38a2a940e0043cdf9d637-common-args.resp

    /Applications/Xcode.app/Contents/Developer/Toolchains/XcodeDefault.xctoolchain/usr/bin/clang -x c -ivfsstatcache /Users/chrissotraidis/GitHub/caesarpad/build/ios/DerivedData/SDKStatCaches.noindex/iphonesimulator26.5-23F81a-6cfe768891a92b912361537c460fe42b.sdkstatcache -target arm64-apple-ios14.0-simulator -fmessage-length\=0 -fdiagnostics-show-note-include-stack -fmacro-backtrace-limit\=0 -fno-color-diagnostics -Wno-trigraphs -Wno-missing-field-initializers -Wno-missing-prototypes -Wno-return-type -Wno-missing-braces -Wparentheses -Wswitch -Wno-unused-function -Wno-unused-label -Wno-unused-parameter -Wno-unused-variable -Wunused-value -Wno-empty-body -Wno-uninitialized -Wno-unknown-pragmas -Wno-shadow -Wno-four-char-constants -Wno-conversion -Wno-constant-conversion -Wno-int-conversion -Wno-bool-conversion -Wno-enum-conversion -Wno-float-conversion -Wno-non-literal-null-conversion -Wno-objc-literal-conversion -Wshorten-64-to-32 -Wpointer-sign -Wno-newline-eof -Wno-implicit-fallthrough -isysroot /Applications/Xcode.app/Contents/Developer/Platforms/iPhoneSimulator.platform/Developer/SDKs/iPhoneSimulator26.5.sdk -fstrict-aliasing -Wdeprecated-declarations -Wno-sign-conversion -Wno-infinite-recursion -Wno-comma -Wno-block-capture-autoreleasing -Wno-strict-prototypes -Wno-semicolon-before-method-body @/Users/chrissotraidis/GitHub/caesarpad/build/ios/build/augustus.build/Release-iphonesimulator/Objects-normal/arm64/7187679823f38a2a940e0043cdf9d637-common-args.resp -MMD -MT dependencies -MF /Users/chrissotraidis/GitHub/caesarpad/build/ios/build/augustus.build/Release-iphonesimulator/Objects-normal/arm64/intermezzo.d --serialize-diagnostics /Users/chrissotraidis/GitHub/caesarpad/build/ios/build/augustus.build/Release-iphonesimulator/Objects-normal/arm64/intermezzo.dia -c /Users/chrissotraidis/GitHub/caesarpad/engines/augustus/src/window/intermezzo.c -o /Users/chrissotraidis/GitHub/caesarpad/build/ios/build/augustus.build/Release-iphonesimulator/Objects-normal/arm64/intermezzo.o

CompileC /Users/chrissotraidis/GitHub/caesarpad/build/ios/build/augustus.build/Release-iphonesimulator/Objects-normal/arm64/input_box.o /Users/chrissotraidis/GitHub/caesarpad/engines/augustus/src/widget/input_box.c normal arm64 c com.apple.compilers.llvm.clang.1_0.compiler (in target 'augustus' from project 'augustus')
    cd /Users/chrissotraidis/GitHub/caesarpad/engines/augustus

    Using response file: /Users/chrissotraidis/GitHub/caesarpad/build/ios/build/augustus.build/Release-iphonesimulator/Objects-normal/arm64/7187679823f38a2a940e0043cdf9d637-common-args.resp

    /Applications/Xcode.app/Contents/Developer/Toolchains/XcodeDefault.xctoolchain/usr/bin/clang -x c -ivfsstatcache /Users/chrissotraidis/GitHub/caesarpad/build/ios/DerivedData/SDKStatCaches.noindex/iphonesimulator26.5-23F81a-6cfe768891a92b912361537c460fe42b.sdkstatcache -target arm64-apple-ios14.0-simulator -fmessage-length\=0 -fdiagnostics-show-note-include-stack -fmacro-backtrace-limit\=0 -fno-color-diagnostics -Wno-trigraphs -Wno-missing-field-initializers -Wno-missing-prototypes -Wno-return-type -Wno-missing-braces -Wparentheses -Wswitch -Wno-unused-function -Wno-unused-label -Wno-unused-parameter -Wno-unused-variable -Wunused-value -Wno-empty-body -Wno-uninitialized -Wno-unknown-pragmas -Wno-shadow -Wno-four-char-constants -Wno-conversion -Wno-constant-conversion -Wno-int-conversion -Wno-bool-conversion -Wno-enum-conversion -Wno-float-conversion -Wno-non-literal-null-conversion -Wno-objc-literal-conversion -Wshorten-64-to-32 -Wpointer-sign -Wno-newline-eof -Wno-implicit-fallthrough -isysroot /Applications/Xcode.app/Contents/Developer/Platforms/iPhoneSimulator.platform/Developer/SDKs/iPhoneSimulator26.5.sdk -fstrict-aliasing -Wdeprecated-declarations -Wno-sign-conversion -Wno-infinite-recursion -Wno-comma -Wno-block-capture-autoreleasing -Wno-strict-prototypes -Wno-semicolon-before-method-body @/Users/chrissotraidis/GitHub/caesarpad/build/ios/build/augustus.build/Release-iphonesimulator/Objects-normal/arm64/7187679823f38a2a940e0043cdf9d637-common-args.resp -MMD -MT dependencies -MF /Users/chrissotraidis/GitHub/caesarpad/build/ios/build/augustus.build/Release-iphonesimulator/Objects-normal/arm64/input_box.d --serialize-diagnostics /Users/chrissotraidis/GitHub/caesarpad/build/ios/build/augustus.build/Release-iphonesimulator/Objects-normal/arm64/input_box.dia -c /Users/chrissotraidis/GitHub/caesarpad/engines/augustus/src/widget/input_box.c -o /Users/chrissotraidis/GitHub/caesarpad/build/ios/build/augustus.build/Release-iphonesimulator/Objects-normal/arm64/input_box.o

CompileC /Users/chrissotraidis/GitHub/caesarpad/build/ios/build/augustus.build/Release-iphonesimulator/Objects-normal/arm64/input.o /Users/chrissotraidis/GitHub/caesarpad/engines/augustus/src/input/input.c normal arm64 c com.apple.compilers.llvm.clang.1_0.compiler (in target 'augustus' from project 'augustus')
    cd /Users/chrissotraidis/GitHub/caesarpad/engines/augustus

    Using response file: /Users/chrissotraidis/GitHub/caesarpad/build/ios/build/augustus.build/Release-iphonesimulator/Objects-normal/arm64/7187679823f38a2a940e0043cdf9d637-common-args.resp

    /Applications/Xcode.app/Contents/Developer/Toolchains/XcodeDefault.xctoolchain/usr/bin/clang -x c -ivfsstatcache /Users/chrissotraidis/GitHub/caesarpad/build/ios/DerivedData/SDKStatCaches.noindex/iphonesimulator26.5-23F81a-6cfe768891a92b912361537c460fe42b.sdkstatcache -target arm64-apple-ios14.0-simulator -fmessage-length\=0 -fdiagnostics-show-note-include-stack -fmacro-backtrace-limit\=0 -fno-color-diagnostics -Wno-trigraphs -Wno-missing-field-initializers -Wno-missing-prototypes -Wno-return-type -Wno-missing-braces -Wparentheses -Wswitch -Wno-unused-function -Wno-unused-label -Wno-unused-parameter -Wno-unused-variable -Wunused-value -Wno-empty-body -Wno-uninitialized -Wno-unknown-pragmas -Wno-shadow -Wno-four-char-constants -Wno-conversion -Wno-constant-conversion -Wno-int-conversion -Wno-bool-conversion -Wno-enum-conversion -Wno-float-conversion -Wno-non-literal-null-conversion -Wno-objc-literal-conversion -Wshorten-64-to-32 -Wpointer-sign -Wno-newline-eof -Wno-implicit-fallthrough -isysroot /Applications/Xcode.app/Contents/Developer/Platforms/iPhoneSimulator.platform/Developer/SDKs/iPhoneSimulator26.5.sdk -fstrict-aliasing -Wdeprecated-declarations -Wno-sign-conversion -Wno-infinite-recursion -Wno-comma -Wno-block-capture-autoreleasing -Wno-strict-prototypes -Wno-semicolon-before-method-body @/Users/chrissotraidis/GitHub/caesarpad/build/ios/build/augustus.build/Release-iphonesimulator/Objects-normal/arm64/7187679823f38a2a940e0043cdf9d637-common-args.resp -MMD -MT dependencies -MF /Users/chrissotraidis/GitHub/caesarpad/build/ios/build/augustus.build/Release-iphonesimulator/Objects-normal/arm64/input.d --serialize-diagnostics /Users/chrissotraidis/GitHub/caesarpad/build/ios/build/augustus.build/Release-iphonesimulator/Objects-normal/arm64/input.dia -c /Users/chrissotraidis/GitHub/caesarpad/engines/augustus/src/input/input.c -o /Users/chrissotraidis/GitHub/caesarpad/build/ios/build/augustus.build/Release-iphonesimulator/Objects-normal/arm64/input.o

CompileC /Users/chrissotraidis/GitHub/caesarpad/build/ios/build/augustus.build/Release-iphonesimulator/Objects-normal/arm64/industry-1d4c9525efd195ab2246f9dabd984bbd.o /Users/chrissotraidis/GitHub/caesarpad/engines/augustus/src/window/building/industry.c normal arm64 c com.apple.compilers.llvm.clang.1_0.compiler (in target 'augustus' from project 'augustus')
    cd /Users/chrissotraidis/GitHub/caesarpad/engines/augustus

    Using response file: /Users/chrissotraidis/GitHub/caesarpad/build/ios/build/augustus.build/Release-iphonesimulator/Objects-normal/arm64/7187679823f38a2a940e0043cdf9d637-common-args.resp

    /Applications/Xcode.app/Contents/Developer/Toolchains/XcodeDefault.xctoolchain/usr/bin/clang -x c -ivfsstatcache /Users/chrissotraidis/GitHub/caesarpad/build/ios/DerivedData/SDKStatCaches.noindex/iphonesimulator26.5-23F81a-6cfe768891a92b912361537c460fe42b.sdkstatcache -target arm64-apple-ios14.0-simulator -fmessage-length\=0 -fdiagnostics-show-note-include-stack -fmacro-backtrace-limit\=0 -fno-color-diagnostics -Wno-trigraphs -Wno-missing-field-initializers -Wno-missing-prototypes -Wno-return-type -Wno-missing-braces -Wparentheses -Wswitch -Wno-unused-function -Wno-unused-label -Wno-unused-parameter -Wno-unused-variable -Wunused-value -Wno-empty-body -Wno-uninitialized -Wno-unknown-pragmas -Wno-shadow -Wno-four-char-constants -Wno-conversion -Wno-constant-conversion -Wno-int-conversion -Wno-bool-conversion -Wno-enum-conversion -Wno-float-conversion -Wno-non-literal-null-conversion -Wno-objc-literal-conversion -Wshorten-64-to-32 -Wpointer-sign -Wno-newline-eof -Wno-implicit-fallthrough -isysroot /Applications/Xcode.app/Contents/Developer/Platforms/iPhoneSimulator.platform/Developer/SDKs/iPhoneSimulator26.5.sdk -fstrict-aliasing -Wdeprecated-declarations -Wno-sign-conversion -Wno-infinite-recursion -Wno-comma -Wno-block-capture-autoreleasing -Wno-strict-prototypes -Wno-semicolon-before-method-body @/Users/chrissotraidis/GitHub/caesarpad/build/ios/build/augustus.build/Release-iphonesimulator/Objects-normal/arm64/7187679823f38a2a940e0043cdf9d637-common-args.resp -MMD -MT dependencies -MF /Users/chrissotraidis/GitHub/caesarpad/build/ios/build/augustus.build/Release-iphonesimulator/Objects-normal/arm64/industry-1d4c9525efd195ab2246f9dabd984bbd.d --serialize-diagnostics /Users/chrissotraidis/GitHub/caesarpad/build/ios/build/augustus.build/Release-iphonesimulator/Objects-normal/arm64/industry-1d4c9525efd195ab2246f9dabd984bbd.dia -c /Users/chrissotraidis/GitHub/caesarpad/engines/augustus/src/window/building/industry.c -o /Users/chrissotraidis/GitHub/caesarpad/build/ios/build/augustus.build/Release-iphonesimulator/Objects-normal/arm64/industry-1d4c9525efd195ab2246f9dabd984bbd.o

CompileC /Users/chrissotraidis/GitHub/caesarpad/build/ios/build/augustus.build/Release-iphonesimulator/Objects-normal/arm64/imperial.o /Users/chrissotraidis/GitHub/caesarpad/engines/augustus/src/window/advisor/imperial.c normal arm64 c com.apple.compilers.llvm.clang.1_0.compiler (in target 'augustus' from project 'augustus')
    cd /Users/chrissotraidis/GitHub/caesarpad/engines/augustus

    Using response file: /Users/chrissotraidis/GitHub/caesarpad/build/ios/build/augustus.build/Release-iphonesimulator/Objects-normal/arm64/7187679823f38a2a940e0043cdf9d637-common-args.resp

    /Applications/Xcode.app/Contents/Developer/Toolchains/XcodeDefault.xctoolchain/usr/bin/clang -x c -ivfsstatcache /Users/chrissotraidis/GitHub/caesarpad/build/ios/DerivedData/SDKStatCaches.noindex/iphonesimulator26.5-23F81a-6cfe768891a92b912361537c460fe42b.sdkstatcache -target arm64-apple-ios14.0-simulator -fmessage-length\=0 -fdiagnostics-show-note-include-stack -fmacro-backtrace-limit\=0 -fno-color-diagnostics -Wno-trigraphs -Wno-missing-field-initializers -Wno-missing-prototypes -Wno-return-type -Wno-missing-braces -Wparentheses -Wswitch -Wno-unused-function -Wno-unused-label -Wno-unused-parameter -Wno-unused-variable -Wunused-value -Wno-empty-body -Wno-uninitialized -Wno-unknown-pragmas -Wno-shadow -Wno-four-char-constants -Wno-conversion -Wno-constant-conversion -Wno-int-conversion -Wno-bool-conversion -Wno-enum-conversion -Wno-float-conversion -Wno-non-literal-null-conversion -Wno-objc-literal-conversion -Wshorten-64-to-32 -Wpointer-sign -Wno-newline-eof -Wno-implicit-fallthrough -isysroot /Applications/Xcode.app/Contents/Developer/Platforms/iPhoneSimulator.platform/Developer/SDKs/iPhoneSimulator26.5.sdk -fstrict-aliasing -Wdeprecated-declarations -Wno-sign-conversion -Wno-infinite-recursion -Wno-comma -Wno-block-capture-autoreleasing -Wno-strict-prototypes -Wno-semicolon-before-method-body @/Users/chrissotraidis/GitHub/caesarpad/build/ios/build/augustus.build/Release-iphonesimulator/Objects-normal/arm64/7187679823f38a2a940e0043cdf9d637-common-args.resp -MMD -MT dependencies -MF /Users/chrissotraidis/GitHub/caesarpad/build/ios/build/augustus.build/Release-iphonesimulator/Objects-normal/arm64/imperial.d --serialize-diagnostics /Users/chrissotraidis/GitHub/caesarpad/build/ios/build/augustus.build/Release-iphonesimulator/Objects-normal/arm64/imperial.dia -c /Users/chrissotraidis/GitHub/caesarpad/engines/augustus/src/window/advisor/imperial.c -o /Users/chrissotraidis/GitHub/caesarpad/build/ios/build/augustus.build/Release-iphonesimulator/Objects-normal/arm64/imperial.o

CompileC /Users/chrissotraidis/GitHub/caesarpad/build/ios/build/augustus.build/Release-iphonesimulator/Objects-normal/arm64/image_button.o /Users/chrissotraidis/GitHub/caesarpad/engines/augustus/src/graphics/image_button.c normal arm64 c com.apple.compilers.llvm.clang.1_0.compiler (in target 'augustus' from project 'augustus')
    cd /Users/chrissotraidis/GitHub/caesarpad/engines/augustus

    Using response file: /Users/chrissotraidis/GitHub/caesarpad/build/ios/build/augustus.build/Release-iphonesimulator/Objects-normal/arm64/7187679823f38a2a940e0043cdf9d637-common-args.resp

    /Applications/Xcode.app/Contents/Developer/Toolchains/XcodeDefault.xctoolchain/usr/bin/clang -x c -ivfsstatcache /Users/chrissotraidis/GitHub/caesarpad/build/ios/DerivedData/SDKStatCaches.noindex/iphonesimulator26.5-23F81a-6cfe768891a92b912361537c460fe42b.sdkstatcache -target arm64-apple-ios14.0-simulator -fmessage-length\=0 -fdiagnostics-show-note-include-stack -fmacro-backtrace-limit\=0 -fno-color-diagnostics -Wno-trigraphs -Wno-missing-field-initializers -Wno-missing-prototypes -Wno-return-type -Wno-missing-braces -Wparentheses -Wswitch -Wno-unused-function -Wno-unused-label -Wno-unused-parameter -Wno-unused-variable -Wunused-value -Wno-empty-body -Wno-uninitialized -Wno-unknown-pragmas -Wno-shadow -Wno-four-char-constants -Wno-conversion -Wno-constant-conversion -Wno-int-conversion -Wno-bool-conversion -Wno-enum-conversion -Wno-float-conversion -Wno-non-literal-null-conversion -Wno-objc-literal-conversion -Wshorten-64-to-32 -Wpointer-sign -Wno-newline-eof -Wno-implicit-fallthrough -isysroot /Applications/Xcode.app/Contents/Developer/Platforms/iPhoneSimulator.platform/Developer/SDKs/iPhoneSimulator26.5.sdk -fstrict-aliasing -Wdeprecated-declarations -Wno-sign-conversion -Wno-infinite-recursion -Wno-comma -Wno-block-capture-autoreleasing -Wno-strict-prototypes -Wno-semicolon-before-method-body @/Users/chrissotraidis/GitHub/caesarpad/build/ios/build/augustus.build/Release-iphonesimulator/Objects-normal/arm64/7187679823f38a2a940e0043cdf9d637-common-args.resp -MMD -MT dependencies -MF /Users/chrissotraidis/GitHub/caesarpad/build/ios/build/augustus.build/Release-iphonesimulator/Objects-normal/arm64/image_button.d --serialize-diagnostics /Users/chrissotraidis/GitHub/caesarpad/build/ios/build/augustus.build/Release-iphonesimulator/Objects-normal/arm64/image_button.dia -c /Users/chrissotraidis/GitHub/caesarpad/engines/augustus/src/graphics/image_button.c -o /Users/chrissotraidis/GitHub/caesarpad/build/ios/build/augustus.build/Release-iphonesimulator/Objects-normal/arm64/image_button.o

CompileC /Users/chrissotraidis/GitHub/caesarpad/build/ios/build/augustus.build/Release-iphonesimulator/Objects-normal/arm64/housing-a4dce27c73880c827b9995cdd92194b7.o /Users/chrissotraidis/GitHub/caesarpad/engines/augustus/src/widget/city/overlay/housing.c normal arm64 c com.apple.compilers.llvm.clang.1_0.compiler (in target 'augustus' from project 'augustus')
    cd /Users/chrissotraidis/GitHub/caesarpad/engines/augustus

    Using response file: /Users/chrissotraidis/GitHub/caesarpad/build/ios/build/augustus.build/Release-iphonesimulator/Objects-normal/arm64/7187679823f38a2a940e0043cdf9d637-common-args.resp

    /Applications/Xcode.app/Contents/Developer/Toolchains/XcodeDefault.xctoolchain/usr/bin/clang -x c -ivfsstatcache /Users/chrissotraidis/GitHub/caesarpad/build/ios/DerivedData/SDKStatCaches.noindex/iphonesimulator26.5-23F81a-6cfe768891a92b912361537c460fe42b.sdkstatcache -target arm64-apple-ios14.0-simulator -fmessage-length\=0 -fdiagnostics-show-note-include-stack -fmacro-backtrace-limit\=0 -fno-color-diagnostics -Wno-trigraphs -Wno-missing-field-initializers -Wno-missing-prototypes -Wno-return-type -Wno-missing-braces -Wparentheses -Wswitch -Wno-unused-function -Wno-unused-label -Wno-unused-parameter -Wno-unused-variable -Wunused-value -Wno-empty-body -Wno-uninitialized -Wno-unknown-pragmas -Wno-shadow -Wno-four-char-constants -Wno-conversion -Wno-constant-conversion -Wno-int-conversion -Wno-bool-conversion -Wno-enum-conversion -Wno-float-conversion -Wno-non-literal-null-conversion -Wno-objc-literal-conversion -Wshorten-64-to-32 -Wpointer-sign -Wno-newline-eof -Wno-implicit-fallthrough -isysroot /Applications/Xcode.app/Contents/Developer/Platforms/iPhoneSimulator.platform/Developer/SDKs/iPhoneSimulator26.5.sdk -fstrict-aliasing -Wdeprecated-declarations -Wno-sign-conversion -Wno-infinite-recursion -Wno-comma -Wno-block-capture-autoreleasing -Wno-strict-prototypes -Wno-semicolon-before-method-body @/Users/chrissotraidis/GitHub/caesarpad/build/ios/build/augustus.build/Release-iphonesimulator/Objects-normal/arm64/7187679823f38a2a940e0043cdf9d637-common-args.resp -MMD -MT dependencies -MF /Users/chrissotraidis/GitHub/caesarpad/build/ios/build/augustus.build/Release-iphonesimulator/Objects-normal/arm64/housing-a4dce27c73880c827b9995cdd92194b7.d --serialize-diagnostics /Users/chrissotraidis/GitHub/caesarpad/build/ios/build/augustus.build/Release-iphonesimulator/Objects-normal/arm64/housing-a4dce27c73880c827b9995cdd92194b7.dia -c /Users/chrissotraidis/GitHub/caesarpad/engines/augustus/src/widget/city/overlay/housing.c -o /Users/chrissotraidis/GitHub/caesarpad/build/ios/build/augustus.build/Release-iphonesimulator/Objects-normal/arm64/housing-a4dce27c73880c827b9995cdd92194b7.o

CompileC /Users/chrissotraidis/GitHub/caesarpad/build/ios/build/augustus.build/Release-iphonesimulator/Objects-normal/arm64/housing-2f9297d9200ecc5c2df731c86312fbb8.o /Users/chrissotraidis/GitHub/caesarpad/engines/augustus/src/window/advisor/housing.c normal arm64 c com.apple.compilers.llvm.clang.1_0.compiler (in target 'augustus' from project 'augustus')
    cd /Users/chrissotraidis/GitHub/caesarpad/engines/augustus

    Using response file: /Users/chrissotraidis/GitHub/caesarpad/build/ios/build/augustus.build/Release-iphonesimulator/Objects-normal/arm64/7187679823f38a2a940e0043cdf9d637-common-args.resp

    /Applications/Xcode.app/Contents/Developer/Toolchains/XcodeDefault.xctoolchain/usr/bin/clang -x c -ivfsstatcache /Users/chrissotraidis/GitHub/caesarpad/build/ios/DerivedData/SDKStatCaches.noindex/iphonesimulator26.5-23F81a-6cfe768891a92b912361537c460fe42b.sdkstatcache -target arm64-apple-ios14.0-simulator -fmessage-length\=0 -fdiagnostics-show-note-include-stack -fmacro-backtrace-limit\=0 -fno-color-diagnostics -Wno-trigraphs -Wno-missing-field-initializers -Wno-missing-prototypes -Wno-return-type -Wno-missing-braces -Wparentheses -Wswitch -Wno-unused-function -Wno-unused-label -Wno-unused-parameter -Wno-unused-variable -Wunused-value -Wno-empty-body -Wno-uninitialized -Wno-unknown-pragmas -Wno-shadow -Wno-four-char-constants -Wno-conversion -Wno-constant-conversion -Wno-int-conversion -Wno-bool-conversion -Wno-enum-conversion -Wno-float-conversion -Wno-non-literal-null-conversion -Wno-objc-literal-conversion -Wshorten-64-to-32 -Wpointer-sign -Wno-newline-eof -Wno-implicit-fallthrough -isysroot /Applications/Xcode.app/Contents/Developer/Platforms/iPhoneSimulator.platform/Developer/SDKs/iPhoneSimulator26.5.sdk -fstrict-aliasing -Wdeprecated-declarations -Wno-sign-conversion -Wno-infinite-recursion -Wno-comma -Wno-block-capture-autoreleasing -Wno-strict-prototypes -Wno-semicolon-before-method-body @/Users/chrissotraidis/GitHub/caesarpad/build/ios/build/augustus.build/Release-iphonesimulator/Objects-normal/arm64/7187679823f38a2a940e0043cdf9d637-common-args.resp -MMD -MT dependencies -MF /Users/chrissotraidis/GitHub/caesarpad/build/ios/build/augustus.build/Release-iphonesimulator/Objects-normal/arm64/housing-2f9297d9200ecc5c2df731c86312fbb8.d --serialize-diagnostics /Users/chrissotraidis/GitHub/caesarpad/build/ios/build/augustus.build/Release-iphonesimulator/Objects-normal/arm64/housing-2f9297d9200ecc5c2df731c86312fbb8.dia -c /Users/chrissotraidis/GitHub/caesarpad/engines/augustus/src/window/advisor/housing.c -o /Users/chrissotraidis/GitHub/caesarpad/build/ios/build/augustus.build/Release-iphonesimulator/Objects-normal/arm64/housing-2f9297d9200ecc5c2df731c86312fbb8.o

CompileC /Users/chrissotraidis/GitHub/caesarpad/build/ios/build/augustus.build/Release-iphonesimulator/Objects-normal/arm64/house-1c68e6b39ec53003f5608c03b8f0b7b8.o /Users/chrissotraidis/GitHub/caesarpad/engines/augustus/src/window/building/house.c normal arm64 c com.apple.compilers.llvm.clang.1_0.compiler (in target 'augustus' from project 'augustus')
    cd /Users/chrissotraidis/GitHub/caesarpad/engines/augustus

    Using response file: /Users/chrissotraidis/GitHub/caesarpad/build/ios/build/augustus.build/Release-iphonesimulator/Objects-normal/arm64/7187679823f38a2a940e0043cdf9d637-common-args.resp

    /Applications/Xcode.app/Contents/Developer/Toolchains/XcodeDefault.xctoolchain/usr/bin/clang -x c -ivfsstatcache /Users/chrissotraidis/GitHub/caesarpad/build/ios/DerivedData/SDKStatCaches.noindex/iphonesimulator26.5-23F81a-6cfe768891a92b912361537c460fe42b.sdkstatcache -target arm64-apple-ios14.0-simulator -fmessage-length\=0 -fdiagnostics-show-note-include-stack -fmacro-backtrace-limit\=0 -fno-color-diagnostics -Wno-trigraphs -Wno-missing-field-initializers -Wno-missing-prototypes -Wno-return-type -Wno-missing-braces -Wparentheses -Wswitch -Wno-unused-function -Wno-unused-label -Wno-unused-parameter -Wno-unused-variable -Wunused-value -Wno-empty-body -Wno-uninitialized -Wno-unknown-pragmas -Wno-shadow -Wno-four-char-constants -Wno-conversion -Wno-constant-conversion -Wno-int-conversion -Wno-bool-conversion -Wno-enum-conversion -Wno-float-conversion -Wno-non-literal-null-conversion -Wno-objc-literal-conversion -Wshorten-64-to-32 -Wpointer-sign -Wno-newline-eof -Wno-implicit-fallthrough -isysroot /Applications/Xcode.app/Contents/Developer/Platforms/iPhoneSimulator.platform/Developer/SDKs/iPhoneSimulator26.5.sdk -fstrict-aliasing -Wdeprecated-declarations -Wno-sign-conversion -Wno-infinite-recursion -Wno-comma -Wno-block-capture-autoreleasing -Wno-strict-prototypes -Wno-semicolon-before-method-body @/Users/chrissotraidis/GitHub/caesarpad/build/ios/build/augustus.build/Release-iphonesimulator/Objects-normal/arm64/7187679823f38a2a940e0043cdf9d637-common-args.resp -MMD -MT dependencies -MF /Users/chrissotraidis/GitHub/caesarpad/build/ios/build/augustus.build/Release-iphonesimulator/Objects-normal/arm64/house-1c68e6b39ec53003f5608c03b8f0b7b8.d --serialize-diagnostics /Users/chrissotraidis/GitHub/caesarpad/build/ios/build/augustus.build/Release-iphonesimulator/Objects-normal/arm64/house-1c68e6b39ec53003f5608c03b8f0b7b8.dia -c /Users/chrissotraidis/GitHub/caesarpad/engines/augustus/src/window/building/house.c -o /Users/chrissotraidis/GitHub/caesarpad/build/ios/build/augustus.build/Release-iphonesimulator/Objects-normal/arm64/house-1c68e6b39ec53003f5608c03b8f0b7b8.o

CompileC /Users/chrissotraidis/GitHub/caesarpad/build/ios/build/augustus.build/Release-iphonesimulator/Objects-normal/arm64/hotkey_editor.o /Users/chrissotraidis/GitHub/caesarpad/engines/augustus/src/window/hotkey_editor.c normal arm64 c com.apple.compilers.llvm.clang.1_0.compiler (in target 'augustus' from project 'augustus')
    cd /Users/chrissotraidis/GitHub/caesarpad/engines/augustus

    Using response file: /Users/chrissotraidis/GitHub/caesarpad/build/ios/build/augustus.build/Release-iphonesimulator/Objects-normal/arm64/7187679823f38a2a940e0043cdf9d637-common-args.resp

    /Applications/Xcode.app/Contents/Developer/Toolchains/XcodeDefault.xctoolchain/usr/bin/clang -x c -ivfsstatcache /Users/chrissotraidis/GitHub/caesarpad/build/ios/DerivedData/SDKStatCaches.noindex/iphonesimulator26.5-23F81a-6cfe768891a92b912361537c460fe42b.sdkstatcache -target arm64-apple-ios14.0-simulator -fmessage-length\=0 -fdiagnostics-show-note-include-stack -fmacro-backtrace-limit\=0 -fno-color-diagnostics -Wno-trigraphs -Wno-missing-field-initializers -Wno-missing-prototypes -Wno-return-type -Wno-missing-braces -Wparentheses -Wswitch -Wno-unused-function -Wno-unused-label -Wno-unused-parameter -Wno-unused-variable -Wunused-value -Wno-empty-body -Wno-uninitialized -Wno-unknown-pragmas -Wno-shadow -Wno-four-char-constants -Wno-conversion -Wno-constant-conversion -Wno-int-conversion -Wno-bool-conversion -Wno-enum-conversion -Wno-float-conversion -Wno-non-literal-null-conversion -Wno-objc-literal-conversion -Wshorten-64-to-32 -Wpointer-sign -Wno-newline-eof -Wno-implicit-fallthrough -isysroot /Applications/Xcode.app/Contents/Developer/Platforms/iPhoneSimulator.platform/Developer/SDKs/iPhoneSimulator26.5.sdk -fstrict-aliasing -Wdeprecated-declarations -Wno-sign-conversion -Wno-infinite-recursion -Wno-comma -Wno-block-capture-autoreleasing -Wno-strict-prototypes -Wno-semicolon-before-method-body @/Users/chrissotraidis/GitHub/caesarpad/build/ios/build/augustus.build/Release-iphonesimulator/Objects-normal/arm64/7187679823f38a2a940e0043cdf9d637-common-args.resp -MMD -MT dependencies -MF /Users/chrissotraidis/GitHub/caesarpad/build/ios/build/augustus.build/Release-iphonesimulator/Objects-normal/arm64/hotkey_editor.d --serialize-diagnostics /Users/chrissotraidis/GitHub/caesarpad/build/ios/build/augustus.build/Release-iphonesimulator/Objects-normal/arm64/hotkey_editor.dia -c /Users/chrissotraidis/GitHub/caesarpad/engines/augustus/src/window/hotkey_editor.c -o /Users/chrissotraidis/GitHub/caesarpad/build/ios/build/augustus.build/Release-iphonesimulator/Objects-normal/arm64/hotkey_editor.o

CompileC /Users/chrissotraidis/GitHub/caesarpad/build/ios/build/augustus.build/Release-iphonesimulator/Objects-normal/arm64/hotkey_config-1b30a989b3d4d9e7bde3d9d8dc17ced8.o /Users/chrissotraidis/GitHub/caesarpad/engines/augustus/src/window/hotkey_config.c normal arm64 c com.apple.compilers.llvm.clang.1_0.compiler (in target 'augustus' from project 'augustus')
    cd /Users/chrissotraidis/GitHub/caesarpad/engines/augustus

    Using response file: /Users/chrissotraidis/GitHub/caesarpad/build/ios/build/augustus.build/Release-iphonesimulator/Objects-normal/arm64/7187679823f38a2a940e0043cdf9d637-common-args.resp

    /Applications/Xcode.app/Contents/Developer/Toolchains/XcodeDefault.xctoolchain/usr/bin/clang -x c -ivfsstatcache /Users/chrissotraidis/GitHub/caesarpad/build/ios/DerivedData/SDKStatCaches.noindex/iphonesimulator26.5-23F81a-6cfe768891a92b912361537c460fe42b.sdkstatcache -target arm64-apple-ios14.0-simulator -fmessage-length\=0 -fdiagnostics-show-note-include-stack -fmacro-backtrace-limit\=0 -fno-color-diagnostics -Wno-trigraphs -Wno-missing-field-initializers -Wno-missing-prototypes -Wno-return-type -Wno-missing-braces -Wparentheses -Wswitch -Wno-unused-function -Wno-unused-label -Wno-unused-parameter -Wno-unused-variable -Wunused-value -Wno-empty-body -Wno-uninitialized -Wno-unknown-pragmas -Wno-shadow -Wno-four-char-constants -Wno-conversion -Wno-constant-conversion -Wno-int-conversion -Wno-bool-conversion -Wno-enum-conversion -Wno-float-conversion -Wno-non-literal-null-conversion -Wno-objc-literal-conversion -Wshorten-64-to-32 -Wpointer-sign -Wno-newline-eof -Wno-implicit-fallthrough -isysroot /Applications/Xcode.app/Contents/Developer/Platforms/iPhoneSimulator.platform/Developer/SDKs/iPhoneSimulator26.5.sdk -fstrict-aliasing -Wdeprecated-declarations -Wno-sign-conversion -Wno-infinite-recursion -Wno-comma -Wno-block-capture-autoreleasing -Wno-strict-prototypes -Wno-semicolon-before-method-body @/Users/chrissotraidis/GitHub/caesarpad/build/ios/build/augustus.build/Release-iphonesimulator/Objects-normal/arm64/7187679823f38a2a940e0043cdf9d637-common-args.resp -MMD -MT dependencies -MF /Users/chrissotraidis/GitHub/caesarpad/build/ios/build/augustus.build/Release-iphonesimulator/Objects-normal/arm64/hotkey_config-1b30a989b3d4d9e7bde3d9d8dc17ced8.d --serialize-diagnostics /Users/chrissotraidis/GitHub/caesarpad/build/ios/build/augustus.build/Release-iphonesimulator/Objects-normal/arm64/hotkey_config-1b30a989b3d4d9e7bde3d9d8dc17ced8.dia -c /Users/chrissotraidis/GitHub/caesarpad/engines/augustus/src/window/hotkey_config.c -o /Users/chrissotraidis/GitHub/caesarpad/build/ios/build/augustus.build/Release-iphonesimulator/Objects-normal/arm64/hotkey_config-1b30a989b3d4d9e7bde3d9d8dc17ced8.o

CompileC /Users/chrissotraidis/GitHub/caesarpad/build/ios/build/augustus.build/Release-iphonesimulator/Objects-normal/arm64/hotkey.o /Users/chrissotraidis/GitHub/caesarpad/engines/augustus/src/input/hotkey.c normal arm64 c com.apple.compilers.llvm.clang.1_0.compiler (in target 'augustus' from project 'augustus')
    cd /Users/chrissotraidis/GitHub/caesarpad/engines/augustus

    Using response file: /Users/chrissotraidis/GitHub/caesarpad/build/ios/build/augustus.build/Release-iphonesimulator/Objects-normal/arm64/7187679823f38a2a940e0043cdf9d637-common-args.resp

    /Applications/Xcode.app/Contents/Developer/Toolchains/XcodeDefault.xctoolchain/usr/bin/clang -x c -ivfsstatcache /Users/chrissotraidis/GitHub/caesarpad/build/ios/DerivedData/SDKStatCaches.noindex/iphonesimulator26.5-23F81a-6cfe768891a92b912361537c460fe42b.sdkstatcache -target arm64-apple-ios14.0-simulator -fmessage-length\=0 -fdiagnostics-show-note-include-stack -fmacro-backtrace-limit\=0 -fno-color-diagnostics -Wno-trigraphs -Wno-missing-field-initializers -Wno-missing-prototypes -Wno-return-type -Wno-missing-braces -Wparentheses -Wswitch -Wno-unused-function -Wno-unused-label -Wno-unused-parameter -Wno-unused-variable -Wunused-value -Wno-empty-body -Wno-uninitialized -Wno-unknown-pragmas -Wno-shadow -Wno-four-char-constants -Wno-conversion -Wno-constant-conversion -Wno-int-conversion -Wno-bool-conversion -Wno-enum-conversion -Wno-float-conversion -Wno-non-literal-null-conversion -Wno-objc-literal-conversion -Wshorten-64-to-32 -Wpointer-sign -Wno-newline-eof -Wno-implicit-fallthrough -isysroot /Applications/Xcode.app/Contents/Developer/Platforms/iPhoneSimulator.platform/Developer/SDKs/iPhoneSimulator26.5.sdk -fstrict-aliasing -Wdeprecated-declarations -Wno-sign-conversion -Wno-infinite-recursion -Wno-comma -Wno-block-capture-autoreleasing -Wno-strict-prototypes -Wno-semicolon-before-method-body @/Users/chrissotraidis/GitHub/caesarpad/build/ios/build/augustus.build/Release-iphonesimulator/Objects-normal/arm64/7187679823f38a2a940e0043cdf9d637-common-args.resp -MMD -MT dependencies -MF /Users/chrissotraidis/GitHub/caesarpad/build/ios/build/augustus.build/Release-iphonesimulator/Objects-normal/arm64/hotkey.d --serialize-diagnostics /Users/chrissotraidis/GitHub/caesarpad/build/ios/build/augustus.build/Release-iphonesimulator/Objects-normal/arm64/hotkey.dia -c /Users/chrissotraidis/GitHub/caesarpad/engines/augustus/src/input/hotkey.c -o /Users/chrissotraidis/GitHub/caesarpad/build/ios/build/augustus.build/Release-iphonesimulator/Objects-normal/arm64/hotkey.o

CompileC /Users/chrissotraidis/GitHub/caesarpad/build/ios/build/augustus.build/Release-iphonesimulator/Objects-normal/arm64/hold_games.o /Users/chrissotraidis/GitHub/caesarpad/engines/augustus/src/window/hold_games.c normal arm64 c com.apple.compilers.llvm.clang.1_0.compiler (in target 'augustus' from project 'augustus')
    cd /Users/chrissotraidis/GitHub/caesarpad/engines/augustus

    Using response file: /Users/chrissotraidis/GitHub/caesarpad/build/ios/build/augustus.build/Release-iphonesimulator/Objects-normal/arm64/7187679823f38a2a940e0043cdf9d637-common-args.resp

    /Applications/Xcode.app/Contents/Developer/Toolchains/XcodeDefault.xctoolchain/usr/bin/clang -x c -ivfsstatcache /Users/chrissotraidis/GitHub/caesarpad/build/ios/DerivedData/SDKStatCaches.noindex/iphonesimulator26.5-23F81a-6cfe768891a92b912361537c460fe42b.sdkstatcache -target arm64-apple-ios14.0-simulator -fmessage-length\=0 -fdiagnostics-show-note-include-stack -fmacro-backtrace-limit\=0 -fno-color-diagnostics -Wno-trigraphs -Wno-missing-field-initializers -Wno-missing-prototypes -Wno-return-type -Wno-missing-braces -Wparentheses -Wswitch -Wno-unused-function -Wno-unused-label -Wno-unused-parameter -Wno-unused-variable -Wunused-value -Wno-empty-body -Wno-uninitialized -Wno-unknown-pragmas -Wno-shadow -Wno-four-char-constants -Wno-conversion -Wno-constant-conversion -Wno-int-conversion -Wno-bool-conversion -Wno-enum-conversion -Wno-float-conversion -Wno-non-literal-null-conversion -Wno-objc-literal-conversion -Wshorten-64-to-32 -Wpointer-sign -Wno-newline-eof -Wno-implicit-fallthrough -isysroot /Applications/Xcode.app/Contents/Developer/Platforms/iPhoneSimulator.platform/Developer/SDKs/iPhoneSimulator26.5.sdk -fstrict-aliasing -Wdeprecated-declarations -Wno-sign-conversion -Wno-infinite-recursion -Wno-comma -Wno-block-capture-autoreleasing -Wno-strict-prototypes -Wno-semicolon-before-method-body @/Users/chrissotraidis/GitHub/caesarpad/build/ios/build/augustus.build/Release-iphonesimulator/Objects-normal/arm64/7187679823f38a2a940e0043cdf9d637-common-args.resp -MMD -MT dependencies -MF /Users/chrissotraidis/GitHub/caesarpad/build/ios/build/augustus.build/Release-iphonesimulator/Objects-normal/arm64/hold_games.d --serialize-diagnostics /Users/chrissotraidis/GitHub/caesarpad/build/ios/build/augustus.build/Release-iphonesimulator/Objects-normal/arm64/hold_games.dia -c /Users/chrissotraidis/GitHub/caesarpad/engines/augustus/src/window/hold_games.c -o /Users/chrissotraidis/GitHub/caesarpad/build/ios/build/augustus.build/Release-iphonesimulator/Objects-normal/arm64/hold_games.o

CompileC /Users/chrissotraidis/GitHub/caesarpad/build/ios/build/augustus.build/Release-iphonesimulator/Objects-normal/arm64/hold_festival.o /Users/chrissotraidis/GitHub/caesarpad/engines/augustus/src/window/hold_festival.c normal arm64 c com.apple.compilers.llvm.clang.1_0.compiler (in target 'augustus' from project 'augustus')
    cd /Users/chrissotraidis/GitHub/caesarpad/engines/augustus

    Using response file: /Users/chrissotraidis/GitHub/caesarpad/build/ios/build/augustus.build/Release-iphonesimulator/Objects-normal/arm64/7187679823f38a2a940e0043cdf9d637-common-args.resp

    /Applications/Xcode.app/Contents/Developer/Toolchains/XcodeDefault.xctoolchain/usr/bin/clang -x c -ivfsstatcache /Users/chrissotraidis/GitHub/caesarpad/build/ios/DerivedData/SDKStatCaches.noindex/iphonesimulator26.5-23F81a-6cfe768891a92b912361537c460fe42b.sdkstatcache -target arm64-apple-ios14.0-simulator -fmessage-length\=0 -fdiagnostics-show-note-include-stack -fmacro-backtrace-limit\=0 -fno-color-diagnostics -Wno-trigraphs -Wno-missing-field-initializers -Wno-missing-prototypes -Wno-return-type -Wno-missing-braces -Wparentheses -Wswitch -Wno-unused-function -Wno-unused-label -Wno-unused-parameter -Wno-unused-variable -Wunused-value -Wno-empty-body -Wno-uninitialized -Wno-unknown-pragmas -Wno-shadow -Wno-four-char-constants -Wno-conversion -Wno-constant-conversion -Wno-int-conversion -Wno-bool-conversion -Wno-enum-conversion -Wno-float-conversion -Wno-non-literal-null-conversion -Wno-objc-literal-conversion -Wshorten-64-to-32 -Wpointer-sign -Wno-newline-eof -Wno-implicit-fallthrough -isysroot /Applications/Xcode.app/Contents/Developer/Platforms/iPhoneSimulator.platform/Developer/SDKs/iPhoneSimulator26.5.sdk -fstrict-aliasing -Wdeprecated-declarations -Wno-sign-conversion -Wno-infinite-recursion -Wno-comma -Wno-block-capture-autoreleasing -Wno-strict-prototypes -Wno-semicolon-before-method-body @/Users/chrissotraidis/GitHub/caesarpad/build/ios/build/augustus.build/Release-iphonesimulator/Objects-normal/arm64/7187679823f38a2a940e0043cdf9d637-common-args.resp -MMD -MT dependencies -MF /Users/chrissotraidis/GitHub/caesarpad/build/ios/build/augustus.build/Release-iphonesimulator/Objects-normal/arm64/hold_festival.d --serialize-diagnostics /Users/chrissotraidis/GitHub/caesarpad/build/ios/build/augustus.build/Release-iphonesimulator/Objects-normal/arm64/hold_festival.dia -c /Users/chrissotraidis/GitHub/caesarpad/engines/augustus/src/window/hold_festival.c -o /Users/chrissotraidis/GitHub/caesarpad/build/ios/build/augustus.build/Release-iphonesimulator/Objects-normal/arm64/hold_festival.o

CompileC /Users/chrissotraidis/GitHub/caesarpad/build/ios/build/augustus.build/Release-iphonesimulator/Objects-normal/arm64/highway_station-ec4c6d4f92de365da744d0feb0a2c5be.o /Users/chrissotraidis/GitHub/caesarpad/engines/augustus/src/window/building/highway_station.c normal arm64 c com.apple.compilers.llvm.clang.1_0.compiler (in target 'augustus' from project 'augustus')
    cd /Users/chrissotraidis/GitHub/caesarpad/engines/augustus

    Using response file: /Users/chrissotraidis/GitHub/caesarpad/build/ios/build/augustus.build/Release-iphonesimulator/Objects-normal/arm64/7187679823f38a2a940e0043cdf9d637-common-args.resp

    /Applications/Xcode.app/Contents/Developer/Toolchains/XcodeDefault.xctoolchain/usr/bin/clang -x c -ivfsstatcache /Users/chrissotraidis/GitHub/caesarpad/build/ios/DerivedData/SDKStatCaches.noindex/iphonesimulator26.5-23F81a-6cfe768891a92b912361537c460fe42b.sdkstatcache -target arm64-apple-ios14.0-simulator -fmessage-length\=0 -fdiagnostics-show-note-include-stack -fmacro-backtrace-limit\=0 -fno-color-diagnostics -Wno-trigraphs -Wno-missing-field-initializers -Wno-missing-prototypes -Wno-return-type -Wno-missing-braces -Wparentheses -Wswitch -Wno-unused-function -Wno-unused-label -Wno-unused-parameter -Wno-unused-variable -Wunused-value -Wno-empty-body -Wno-uninitialized -Wno-unknown-pragmas -Wno-shadow -Wno-four-char-constants -Wno-conversion -Wno-constant-conversion -Wno-int-conversion -Wno-bool-conversion -Wno-enum-conversion -Wno-float-conversion -Wno-non-literal-null-conversion -Wno-objc-literal-conversion -Wshorten-64-to-32 -Wpointer-sign -Wno-newline-eof -Wno-implicit-fallthrough -isysroot /Applications/Xcode.app/Contents/Developer/Platforms/iPhoneSimulator.platform/Developer/SDKs/iPhoneSimulator26.5.sdk -fstrict-aliasing -Wdeprecated-declarations -Wno-sign-conversion -Wno-infinite-recursion -Wno-comma -Wno-block-capture-autoreleasing -Wno-strict-prototypes -Wno-semicolon-before-method-body @/Users/chrissotraidis/GitHub/caesarpad/build/ios/build/augustus.build/Release-iphonesimulator/Objects-normal/arm64/7187679823f38a2a940e0043cdf9d637-common-args.resp -MMD -MT dependencies -MF /Users/chrissotraidis/GitHub/caesarpad/build/ios/build/augustus.build/Release-iphonesimulator/Objects-normal/arm64/highway_station-ec4c6d4f92de365da744d0feb0a2c5be.d --serialize-diagnostics /Users/chrissotraidis/GitHub/caesarpad/build/ios/build/augustus.build/Release-iphonesimulator/Objects-normal/arm64/highway_station-ec4c6d4f92de365da744d0feb0a2c5be.dia -c /Users/chrissotraidis/GitHub/caesarpad/engines/augustus/src/window/building/highway_station.c -o /Users/chrissotraidis/GitHub/caesarpad/build/ios/build/augustus.build/Release-iphonesimulator/Objects-normal/arm64/highway_station-ec4c6d4f92de365da744d0feb0a2c5be.o

CompileC /Users/chrissotraidis/GitHub/caesarpad/build/ios/build/augustus.build/Release-iphonesimulator/Objects-normal/arm64/health-77c5ba9989af808ab101af96c5f02c38.o /Users/chrissotraidis/GitHub/caesarpad/engines/augustus/src/window/advisor/health.c normal arm64 c com.apple.compilers.llvm.clang.1_0.compiler (in target 'augustus' from project 'augustus')
    cd /Users/chrissotraidis/GitHub/caesarpad/engines/augustus

    Using response file: /Users/chrissotraidis/GitHub/caesarpad/build/ios/build/augustus.build/Release-iphonesimulator/Objects-normal/arm64/7187679823f38a2a940e0043cdf9d637-common-args.resp

    /Applications/Xcode.app/Contents/Developer/Toolchains/XcodeDefault.xctoolchain/usr/bin/clang -x c -ivfsstatcache /Users/chrissotraidis/GitHub/caesarpad/build/ios/DerivedData/SDKStatCaches.noindex/iphonesimulator26.5-23F81a-6cfe768891a92b912361537c460fe42b.sdkstatcache -target arm64-apple-ios14.0-simulator -fmessage-length\=0 -fdiagnostics-show-note-include-stack -fmacro-backtrace-limit\=0 -fno-color-diagnostics -Wno-trigraphs -Wno-missing-field-initializers -Wno-missing-prototypes -Wno-return-type -Wno-missing-braces -Wparentheses -Wswitch -Wno-unused-function -Wno-unused-label -Wno-unused-parameter -Wno-unused-variable -Wunused-value -Wno-empty-body -Wno-uninitialized -Wno-unknown-pragmas -Wno-shadow -Wno-four-char-constants -Wno-conversion -Wno-constant-conversion -Wno-int-conversion -Wno-bool-conversion -Wno-enum-conversion -Wno-float-conversion -Wno-non-literal-null-conversion -Wno-objc-literal-conversion -Wshorten-64-to-32 -Wpointer-sign -Wno-newline-eof -Wno-implicit-fallthrough -isysroot /Applications/Xcode.app/Contents/Developer/Platforms/iPhoneSimulator.platform/Developer/SDKs/iPhoneSimulator26.5.sdk -fstrict-aliasing -Wdeprecated-declarations -Wno-sign-conversion -Wno-infinite-recursion -Wno-comma -Wno-block-capture-autoreleasing -Wno-strict-prototypes -Wno-semicolon-before-method-body @/Users/chrissotraidis/GitHub/caesarpad/build/ios/build/augustus.build/Release-iphonesimulator/Objects-normal/arm64/7187679823f38a2a940e0043cdf9d637-common-args.resp -MMD -MT dependencies -MF /Users/chrissotraidis/GitHub/caesarpad/build/ios/build/augustus.build/Release-iphonesimulator/Objects-normal/arm64/health-77c5ba9989af808ab101af96c5f02c38.d --serialize-diagnostics /Users/chrissotraidis/GitHub/caesarpad/build/ios/build/augustus.build/Release-iphonesimulator/Objects-normal/arm64/health-77c5ba9989af808ab101af96c5f02c38.dia -c /Users/chrissotraidis/GitHub/caesarpad/engines/augustus/src/window/advisor/health.c -o /Users/chrissotraidis/GitHub/caesarpad/build/ios/build/augustus.build/Release-iphonesimulator/Objects-normal/arm64/health-77c5ba9989af808ab101af96c5f02c38.o

CompileC /Users/chrissotraidis/GitHub/caesarpad/build/ios/build/augustus.build/Release-iphonesimulator/Objects-normal/arm64/health-5b88c4af3434e44f0b381c5ba7d1e34e.o /Users/chrissotraidis/GitHub/caesarpad/engines/augustus/src/widget/city/overlay/health.c normal arm64 c com.apple.compilers.llvm.clang.1_0.compiler (in target 'augustus' from project 'augustus')
    cd /Users/chrissotraidis/GitHub/caesarpad/engines/augustus

    Using response file: /Users/chrissotraidis/GitHub/caesarpad/build/ios/build/augustus.build/Release-iphonesimulator/Objects-normal/arm64/7187679823f38a2a940e0043cdf9d637-common-args.resp

    /Applications/Xcode.app/Contents/Developer/Toolchains/XcodeDefault.xctoolchain/usr/bin/clang -x c -ivfsstatcache /Users/chrissotraidis/GitHub/caesarpad/build/ios/DerivedData/SDKStatCaches.noindex/iphonesimulator26.5-23F81a-6cfe768891a92b912361537c460fe42b.sdkstatcache -target arm64-apple-ios14.0-simulator -fmessage-length\=0 -fdiagnostics-show-note-include-stack -fmacro-backtrace-limit\=0 -fno-color-diagnostics -Wno-trigraphs -Wno-missing-field-initializers -Wno-missing-prototypes -Wno-return-type -Wno-missing-braces -Wparentheses -Wswitch -Wno-unused-function -Wno-unused-label -Wno-unused-parameter -Wno-unused-variable -Wunused-value -Wno-empty-body -Wno-uninitialized -Wno-unknown-pragmas -Wno-shadow -Wno-four-char-constants -Wno-conversion -Wno-constant-conversion -Wno-int-conversion -Wno-bool-conversion -Wno-enum-conversion -Wno-float-conversion -Wno-non-literal-null-conversion -Wno-objc-literal-conversion -Wshorten-64-to-32 -Wpointer-sign -Wno-newline-eof -Wno-implicit-fallthrough -isysroot /Applications/Xcode.app/Contents/Developer/Platforms/iPhoneSimulator.platform/Developer/SDKs/iPhoneSimulator26.5.sdk -fstrict-aliasing -Wdeprecated-declarations -Wno-sign-conversion -Wno-infinite-recursion -Wno-comma -Wno-block-capture-autoreleasing -Wno-strict-prototypes -Wno-semicolon-before-method-body @/Users/chrissotraidis/GitHub/caesarpad/build/ios/build/augustus.build/Release-iphonesimulator/Objects-normal/arm64/7187679823f38a2a940e0043cdf9d637-common-args.resp -MMD -MT dependencies -MF /Users/chrissotraidis/GitHub/caesarpad/build/ios/build/augustus.build/Release-iphonesimulator/Objects-normal/arm64/health-5b88c4af3434e44f0b381c5ba7d1e34e.d --serialize-diagnostics /Users/chrissotraidis/GitHub/caesarpad/build/ios/build/augustus.build/Release-iphonesimulator/Objects-normal/arm64/health-5b88c4af3434e44f0b381c5ba7d1e34e.dia -c /Users/chrissotraidis/GitHub/caesarpad/engines/augustus/src/widget/city/overlay/health.c -o /Users/chrissotraidis/GitHub/caesarpad/build/ios/build/augustus.build/Release-iphonesimulator/Objects-normal/arm64/health-5b88c4af3434e44f0b381c5ba7d1e34e.o

CompileC /Users/chrissotraidis/GitHub/caesarpad/build/ios/build/augustus.build/Release-iphonesimulator/Objects-normal/arm64/grid_box.o /Users/chrissotraidis/GitHub/caesarpad/engines/augustus/src/graphics/grid_box.c normal arm64 c com.apple.compilers.llvm.clang.1_0.compiler (in target 'augustus' from project 'augustus')
    cd /Users/chrissotraidis/GitHub/caesarpad/engines/augustus

    Using response file: /Users/chrissotraidis/GitHub/caesarpad/build/ios/build/augustus.build/Release-iphonesimulator/Objects-normal/arm64/7187679823f38a2a940e0043cdf9d637-common-args.resp

    /Applications/Xcode.app/Contents/Developer/Toolchains/XcodeDefault.xctoolchain/usr/bin/clang -x c -ivfsstatcache /Users/chrissotraidis/GitHub/caesarpad/build/ios/DerivedData/SDKStatCaches.noindex/iphonesimulator26.5-23F81a-6cfe768891a92b912361537c460fe42b.sdkstatcache -target arm64-apple-ios14.0-simulator -fmessage-length\=0 -fdiagnostics-show-note-include-stack -fmacro-backtrace-limit\=0 -fno-color-diagnostics -Wno-trigraphs -Wno-missing-field-initializers -Wno-missing-prototypes -Wno-return-type -Wno-missing-braces -Wparentheses -Wswitch -Wno-unused-function -Wno-unused-label -Wno-unused-parameter -Wno-unused-variable -Wunused-value -Wno-empty-body -Wno-uninitialized -Wno-unknown-pragmas -Wno-shadow -Wno-four-char-constants -Wno-conversion -Wno-constant-conversion -Wno-int-conversion -Wno-bool-conversion -Wno-enum-conversion -Wno-float-conversion -Wno-non-literal-null-conversion -Wno-objc-literal-conversion -Wshorten-64-to-32 -Wpointer-sign -Wno-newline-eof -Wno-implicit-fallthrough -isysroot /Applications/Xcode.app/Contents/Developer/Platforms/iPhoneSimulator.platform/Developer/SDKs/iPhoneSimulator26.5.sdk -fstrict-aliasing -Wdeprecated-declarations -Wno-sign-conversion -Wno-infinite-recursion -Wno-comma -Wno-block-capture-autoreleasing -Wno-strict-prototypes -Wno-semicolon-before-method-body @/Users/chrissotraidis/GitHub/caesarpad/build/ios/build/augustus.build/Release-iphonesimulator/Objects-normal/arm64/7187679823f38a2a940e0043cdf9d637-common-args.resp -MMD -MT dependencies -MF /Users/chrissotraidis/GitHub/caesarpad/build/ios/build/augustus.build/Release-iphonesimulator/Objects-normal/arm64/grid_box.d --serialize-diagnostics /Users/chrissotraidis/GitHub/caesarpad/build/ios/build/augustus.build/Release-iphonesimulator/Objects-normal/arm64/grid_box.dia -c /Users/chrissotraidis/GitHub/caesarpad/engines/augustus/src/graphics/grid_box.c -o /Users/chrissotraidis/GitHub/caesarpad/build/ios/build/augustus.build/Release-iphonesimulator/Objects-normal/arm64/grid_box.o

CompileC /Users/chrissotraidis/GitHub/caesarpad/build/ios/build/augustus.build/Release-iphonesimulator/Objects-normal/arm64/government-428188f8167e9f1aa86ad2201c310796.o /Users/chrissotraidis/GitHub/caesarpad/engines/augustus/src/window/building/government.c normal arm64 c com.apple.compilers.llvm.clang.1_0.compiler (in target 'augustus' from project 'augustus')
    cd /Users/chrissotraidis/GitHub/caesarpad/engines/augustus

    Using response file: /Users/chrissotraidis/GitHub/caesarpad/build/ios/build/augustus.build/Release-iphonesimulator/Objects-normal/arm64/7187679823f38a2a940e0043cdf9d637-common-args.resp

    /Applications/Xcode.app/Contents/Developer/Toolchains/XcodeDefault.xctoolchain/usr/bin/clang -x c -ivfsstatcache /Users/chrissotraidis/GitHub/caesarpad/build/ios/DerivedData/SDKStatCaches.noindex/iphonesimulator26.5-23F81a-6cfe768891a92b912361537c460fe42b.sdkstatcache -target arm64-apple-ios14.0-simulator -fmessage-length\=0 -fdiagnostics-show-note-include-stack -fmacro-backtrace-limit\=0 -fno-color-diagnostics -Wno-trigraphs -Wno-missing-field-initializers -Wno-missing-prototypes -Wno-return-type -Wno-missing-braces -Wparentheses -Wswitch -Wno-unused-function -Wno-unused-label -Wno-unused-parameter -Wno-unused-variable -Wunused-value -Wno-empty-body -Wno-uninitialized -Wno-unknown-pragmas -Wno-shadow -Wno-four-char-constants -Wno-conversion -Wno-constant-conversion -Wno-int-conversion -Wno-bool-conversion -Wno-enum-conversion -Wno-float-conversion -Wno-non-literal-null-conversion -Wno-objc-literal-conversion -Wshorten-64-to-32 -Wpointer-sign -Wno-newline-eof -Wno-implicit-fallthrough -isysroot /Applications/Xcode.app/Contents/Developer/Platforms/iPhoneSimulator.platform/Developer/SDKs/iPhoneSimulator26.5.sdk -fstrict-aliasing -Wdeprecated-declarations -Wno-sign-conversion -Wno-infinite-recursion -Wno-comma -Wno-block-capture-autoreleasing -Wno-strict-prototypes -Wno-semicolon-before-method-body @/Users/chrissotraidis/GitHub/caesarpad/build/ios/build/augustus.build/Release-iphonesimulator/Objects-normal/arm64/7187679823f38a2a940e0043cdf9d637-common-args.resp -MMD -MT dependencies -MF /Users/chrissotraidis/GitHub/caesarpad/build/ios/build/augustus.build/Release-iphonesimulator/Objects-normal/arm64/government-428188f8167e9f1aa86ad2201c310796.d --serialize-diagnostics /Users/chrissotraidis/GitHub/caesarpad/build/ios/build/augustus.build/Release-iphonesimulator/Objects-normal/arm64/government-428188f8167e9f1aa86ad2201c310796.dia -c /Users/chrissotraidis/GitHub/caesarpad/engines/augustus/src/window/building/government.c -o /Users/chrissotraidis/GitHub/caesarpad/build/ios/build/augustus.build/Release-iphonesimulator/Objects-normal/arm64/government-428188f8167e9f1aa86ad2201c310796.o

CompileC /Users/chrissotraidis/GitHub/caesarpad/build/ios/build/augustus.build/Release-iphonesimulator/Objects-normal/arm64/gift_to_emperor.o /Users/chrissotraidis/GitHub/caesarpad/engines/augustus/src/window/gift_to_emperor.c normal arm64 c com.apple.compilers.llvm.clang.1_0.compiler (in target 'augustus' from project 'augustus')
    cd /Users/chrissotraidis/GitHub/caesarpad/engines/augustus

    Using response file: /Users/chrissotraidis/GitHub/caesarpad/build/ios/build/augustus.build/Release-iphonesimulator/Objects-normal/arm64/7187679823f38a2a940e0043cdf9d637-common-args.resp

    /Applications/Xcode.app/Contents/Developer/Toolchains/XcodeDefault.xctoolchain/usr/bin/clang -x c -ivfsstatcache /Users/chrissotraidis/GitHub/caesarpad/build/ios/DerivedData/SDKStatCaches.noindex/iphonesimulator26.5-23F81a-6cfe768891a92b912361537c460fe42b.sdkstatcache -target arm64-apple-ios14.0-simulator -fmessage-length\=0 -fdiagnostics-show-note-include-stack -fmacro-backtrace-limit\=0 -fno-color-diagnostics -Wno-trigraphs -Wno-missing-field-initializers -Wno-missing-prototypes -Wno-return-type -Wno-missing-braces -Wparentheses -Wswitch -Wno-unused-function -Wno-unused-label -Wno-unused-parameter -Wno-unused-variable -Wunused-value -Wno-empty-body -Wno-uninitialized -Wno-unknown-pragmas -Wno-shadow -Wno-four-char-constants -Wno-conversion -Wno-constant-conversion -Wno-int-conversion -Wno-bool-conversion -Wno-enum-conversion -Wno-float-conversion -Wno-non-literal-null-conversion -Wno-objc-literal-conversion -Wshorten-64-to-32 -Wpointer-sign -Wno-newline-eof -Wno-implicit-fallthrough -isysroot /Applications/Xcode.app/Contents/Developer/Platforms/iPhoneSimulator.platform/Developer/SDKs/iPhoneSimulator26.5.sdk -fstrict-aliasing -Wdeprecated-declarations -Wno-sign-conversion -Wno-infinite-recursion -Wno-comma -Wno-block-capture-autoreleasing -Wno-strict-prototypes -Wno-semicolon-before-method-body @/Users/chrissotraidis/GitHub/caesarpad/build/ios/build/augustus.build/Release-iphonesimulator/Objects-normal/arm64/7187679823f38a2a940e0043cdf9d637-common-args.resp -MMD -MT dependencies -MF /Users/chrissotraidis/GitHub/caesarpad/build/ios/build/augustus.build/Release-iphonesimulator/Objects-normal/arm64/gift_to_emperor.d --serialize-diagnostics /Users/chrissotraidis/GitHub/caesarpad/build/ios/build/augustus.build/Release-iphonesimulator/Objects-normal/arm64/gift_to_emperor.dia -c /Users/chrissotraidis/GitHub/caesarpad/engines/augustus/src/window/gift_to_emperor.c -o /Users/chrissotraidis/GitHub/caesarpad/build/ios/build/augustus.build/Release-iphonesimulator/Objects-normal/arm64/gift_to_emperor.o

CompileC /Users/chrissotraidis/GitHub/caesarpad/build/ios/build/augustus.build/Release-iphonesimulator/Objects-normal/arm64/generic_button.o /Users/chrissotraidis/GitHub/caesarpad/engines/augustus/src/graphics/generic_button.c normal arm64 c com.apple.compilers.llvm.clang.1_0.compiler (in target 'augustus' from project 'augustus')
    cd /Users/chrissotraidis/GitHub/caesarpad/engines/augustus

    Using response file: /Users/chrissotraidis/GitHub/caesarpad/build/ios/build/augustus.build/Release-iphonesimulator/Objects-normal/arm64/7187679823f38a2a940e0043cdf9d637-common-args.resp

    /Applications/Xcode.app/Contents/Developer/Toolchains/XcodeDefault.xctoolchain/usr/bin/clang -x c -ivfsstatcache /Users/chrissotraidis/GitHub/caesarpad/build/ios/DerivedData/SDKStatCaches.noindex/iphonesimulator26.5-23F81a-6cfe768891a92b912361537c460fe42b.sdkstatcache -target arm64-apple-ios14.0-simulator -fmessage-length\=0 -fdiagnostics-show-note-include-stack -fmacro-backtrace-limit\=0 -fno-color-diagnostics -Wno-trigraphs -Wno-missing-field-initializers -Wno-missing-prototypes -Wno-return-type -Wno-missing-braces -Wparentheses -Wswitch -Wno-unused-function -Wno-unused-label -Wno-unused-parameter -Wno-unused-variable -Wunused-value -Wno-empty-body -Wno-uninitialized -Wno-unknown-pragmas -Wno-shadow -Wno-four-char-constants -Wno-conversion -Wno-constant-conversion -Wno-int-conversion -Wno-bool-conversion -Wno-enum-conversion -Wno-float-conversion -Wno-non-literal-null-conversion -Wno-objc-literal-conversion -Wshorten-64-to-32 -Wpointer-sign -Wno-newline-eof -Wno-implicit-fallthrough -isysroot /Applications/Xcode.app/Contents/Developer/Platforms/iPhoneSimulator.platform/Developer/SDKs/iPhoneSimulator26.5.sdk -fstrict-aliasing -Wdeprecated-declarations -Wno-sign-conversion -Wno-infinite-recursion -Wno-comma -Wno-block-capture-autoreleasing -Wno-strict-prototypes -Wno-semicolon-before-method-body @/Users/chrissotraidis/GitHub/caesarpad/build/ios/build/augustus.build/Release-iphonesimulator/Objects-normal/arm64/7187679823f38a2a940e0043cdf9d637-common-args.resp -MMD -MT dependencies -MF /Users/chrissotraidis/GitHub/caesarpad/build/ios/build/augustus.build/Release-iphonesimulator/Objects-normal/arm64/generic_button.d --serialize-diagnostics /Users/chrissotraidis/GitHub/caesarpad/build/ios/build/augustus.build/Release-iphonesimulator/Objects-normal/arm64/generic_button.dia -c /Users/chrissotraidis/GitHub/caesarpad/engines/augustus/src/graphics/generic_button.c -o /Users/chrissotraidis/GitHub/caesarpad/build/ios/build/augustus.build/Release-iphonesimulator/Objects-normal/arm64/generic_button.o

CompileC /Users/chrissotraidis/GitHub/caesarpad/build/ios/build/augustus.build/Release-iphonesimulator/Objects-normal/arm64/game.o /Users/chrissotraidis/GitHub/caesarpad/engines/augustus/src/game/game.c normal arm64 c com.apple.compilers.llvm.clang.1_0.compiler (in target 'augustus' from project 'augustus')
    cd /Users/chrissotraidis/GitHub/caesarpad/engines/augustus

    Using response file: /Users/chrissotraidis/GitHub/caesarpad/build/ios/build/augustus.build/Release-iphonesimulator/Objects-normal/arm64/7187679823f38a2a940e0043cdf9d637-common-args.resp

    /Applications/Xcode.app/Contents/Developer/Toolchains/XcodeDefault.xctoolchain/usr/bin/clang -x c -ivfsstatcache /Users/chrissotraidis/GitHub/caesarpad/build/ios/DerivedData/SDKStatCaches.noindex/iphonesimulator26.5-23F81a-6cfe768891a92b912361537c460fe42b.sdkstatcache -target arm64-apple-ios14.0-simulator -fmessage-length\=0 -fdiagnostics-show-note-include-stack -fmacro-backtrace-limit\=0 -fno-color-diagnostics -Wno-trigraphs -Wno-missing-field-initializers -Wno-missing-prototypes -Wno-return-type -Wno-missing-braces -Wparentheses -Wswitch -Wno-unused-function -Wno-unused-label -Wno-unused-parameter -Wno-unused-variable -Wunused-value -Wno-empty-body -Wno-uninitialized -Wno-unknown-pragmas -Wno-shadow -Wno-four-char-constants -Wno-conversion -Wno-constant-conversion -Wno-int-conversion -Wno-bool-conversion -Wno-enum-conversion -Wno-float-conversion -Wno-non-literal-null-conversion -Wno-objc-literal-conversion -Wshorten-64-to-32 -Wpointer-sign -Wno-newline-eof -Wno-implicit-fallthrough -isysroot /Applications/Xcode.app/Contents/Developer/Platforms/iPhoneSimulator.platform/Developer/SDKs/iPhoneSimulator26.5.sdk -fstrict-aliasing -Wdeprecated-declarations -Wno-sign-conversion -Wno-infinite-recursion -Wno-comma -Wno-block-capture-autoreleasing -Wno-strict-prototypes -Wno-semicolon-before-method-body @/Users/chrissotraidis/GitHub/caesarpad/build/ios/build/augustus.build/Release-iphonesimulator/Objects-normal/arm64/7187679823f38a2a940e0043cdf9d637-common-args.resp -MMD -MT dependencies -MF /Users/chrissotraidis/GitHub/caesarpad/build/ios/build/augustus.build/Release-iphonesimulator/Objects-normal/arm64/game.d --serialize-diagnostics /Users/chrissotraidis/GitHub/caesarpad/build/ios/build/augustus.build/Release-iphonesimulator/Objects-normal/arm64/game.dia -c /Users/chrissotraidis/GitHub/caesarpad/engines/augustus/src/game/game.c -o /Users/chrissotraidis/GitHub/caesarpad/build/ios/build/augustus.build/Release-iphonesimulator/Objects-normal/arm64/game.o

CompileC /Users/chrissotraidis/GitHub/caesarpad/build/ios/build/augustus.build/Release-iphonesimulator/Objects-normal/arm64/financial.o /Users/chrissotraidis/GitHub/caesarpad/engines/augustus/src/window/advisor/financial.c normal arm64 c com.apple.compilers.llvm.clang.1_0.compiler (in target 'augustus' from project 'augustus')
    cd /Users/chrissotraidis/GitHub/caesarpad/engines/augustus

    Using response file: /Users/chrissotraidis/GitHub/caesarpad/build/ios/build/augustus.build/Release-iphonesimulator/Objects-normal/arm64/7187679823f38a2a940e0043cdf9d637-common-args.resp

    /Applications/Xcode.app/Contents/Developer/Toolchains/XcodeDefault.xctoolchain/usr/bin/clang -x c -ivfsstatcache /Users/chrissotraidis/GitHub/caesarpad/build/ios/DerivedData/SDKStatCaches.noindex/iphonesimulator26.5-23F81a-6cfe768891a92b912361537c460fe42b.sdkstatcache -target arm64-apple-ios14.0-simulator -fmessage-length\=0 -fdiagnostics-show-note-include-stack -fmacro-backtrace-limit\=0 -fno-color-diagnostics -Wno-trigraphs -Wno-missing-field-initializers -Wno-missing-prototypes -Wno-return-type -Wno-missing-braces -Wparentheses -Wswitch -Wno-unused-function -Wno-unused-label -Wno-unused-parameter -Wno-unused-variable -Wunused-value -Wno-empty-body -Wno-uninitialized -Wno-unknown-pragmas -Wno-shadow -Wno-four-char-constants -Wno-conversion -Wno-constant-conversion -Wno-int-conversion -Wno-bool-conversion -Wno-enum-conversion -Wno-float-conversion -Wno-non-literal-null-conversion -Wno-objc-literal-conversion -Wshorten-64-to-32 -Wpointer-sign -Wno-newline-eof -Wno-implicit-fallthrough -isysroot /Applications/Xcode.app/Contents/Developer/Platforms/iPhoneSimulator.platform/Developer/SDKs/iPhoneSimulator26.5.sdk -fstrict-aliasing -Wdeprecated-declarations -Wno-sign-conversion -Wno-infinite-recursion -Wno-comma -Wno-block-capture-autoreleasing -Wno-strict-prototypes -Wno-semicolon-before-method-body @/Users/chrissotraidis/GitHub/caesarpad/build/ios/build/augustus.build/Release-iphonesimulator/Objects-normal/arm64/7187679823f38a2a940e0043cdf9d637-common-args.resp -MMD -MT dependencies -MF /Users/chrissotraidis/GitHub/caesarpad/build/ios/build/augustus.build/Release-iphonesimulator/Objects-normal/arm64/financial.d --serialize-diagnostics /Users/chrissotraidis/GitHub/caesarpad/build/ios/build/augustus.build/Release-iphonesimulator/Objects-normal/arm64/financial.dia -c /Users/chrissotraidis/GitHub/caesarpad/engines/augustus/src/window/advisor/financial.c -o /Users/chrissotraidis/GitHub/caesarpad/build/ios/build/augustus.build/Release-iphonesimulator/Objects-normal/arm64/financial.o

CompileC /Users/chrissotraidis/GitHub/caesarpad/build/ios/build/augustus.build/Release-iphonesimulator/Objects-normal/arm64/file_io.o /Users/chrissotraidis/GitHub/caesarpad/engines/augustus/src/game/file_io.c normal arm64 c com.apple.compilers.llvm.clang.1_0.compiler (in target 'augustus' from project 'augustus')
    cd /Users/chrissotraidis/GitHub/caesarpad/engines/augustus

    Using response file: /Users/chrissotraidis/GitHub/caesarpad/build/ios/build/augustus.build/Release-iphonesimulator/Objects-normal/arm64/7187679823f38a2a940e0043cdf9d637-common-args.resp

    /Applications/Xcode.app/Contents/Developer/Toolchains/XcodeDefault.xctoolchain/usr/bin/clang -x c -ivfsstatcache /Users/chrissotraidis/GitHub/caesarpad/build/ios/DerivedData/SDKStatCaches.noindex/iphonesimulator26.5-23F81a-6cfe768891a92b912361537c460fe42b.sdkstatcache -target arm64-apple-ios14.0-simulator -fmessage-length\=0 -fdiagnostics-show-note-include-stack -fmacro-backtrace-limit\=0 -fno-color-diagnostics -Wno-trigraphs -Wno-missing-field-initializers -Wno-missing-prototypes -Wno-return-type -Wno-missing-braces -Wparentheses -Wswitch -Wno-unused-function -Wno-unused-label -Wno-unused-parameter -Wno-unused-variable -Wunused-value -Wno-empty-body -Wno-uninitialized -Wno-unknown-pragmas -Wno-shadow -Wno-four-char-constants -Wno-conversion -Wno-constant-conversion -Wno-int-conversion -Wno-bool-conversion -Wno-enum-conversion -Wno-float-conversion -Wno-non-literal-null-conversion -Wno-objc-literal-conversion -Wshorten-64-to-32 -Wpointer-sign -Wno-newline-eof -Wno-implicit-fallthrough -isysroot /Applications/Xcode.app/Contents/Developer/Platforms/iPhoneSimulator.platform/Developer/SDKs/iPhoneSimulator26.5.sdk -fstrict-aliasing -Wdeprecated-declarations -Wno-sign-conversion -Wno-infinite-recursion -Wno-comma -Wno-block-capture-autoreleasing -Wno-strict-prototypes -Wno-semicolon-before-method-body @/Users/chrissotraidis/GitHub/caesarpad/build/ios/build/augustus.build/Release-iphonesimulator/Objects-normal/arm64/7187679823f38a2a940e0043cdf9d637-common-args.resp -MMD -MT dependencies -MF /Users/chrissotraidis/GitHub/caesarpad/build/ios/build/augustus.build/Release-iphonesimulator/Objects-normal/arm64/file_io.d --serialize-diagnostics /Users/chrissotraidis/GitHub/caesarpad/build/ios/build/augustus.build/Release-iphonesimulator/Objects-normal/arm64/file_io.dia -c /Users/chrissotraidis/GitHub/caesarpad/engines/augustus/src/game/file_io.c -o /Users/chrissotraidis/GitHub/caesarpad/build/ios/build/augustus.build/Release-iphonesimulator/Objects-normal/arm64/file_io.o

CompileC /Users/chrissotraidis/GitHub/caesarpad/build/ios/build/augustus.build/Release-iphonesimulator/Objects-normal/arm64/file_editor.o /Users/chrissotraidis/GitHub/caesarpad/engines/augustus/src/game/file_editor.c normal arm64 c com.apple.compilers.llvm.clang.1_0.compiler (in target 'augustus' from project 'augustus')
    cd /Users/chrissotraidis/GitHub/caesarpad/engines/augustus

    Using response file: /Users/chrissotraidis/GitHub/caesarpad/build/ios/build/augustus.build/Release-iphonesimulator/Objects-normal/arm64/7187679823f38a2a940e0043cdf9d637-common-args.resp

    /Applications/Xcode.app/Contents/Developer/Toolchains/XcodeDefault.xctoolchain/usr/bin/clang -x c -ivfsstatcache /Users/chrissotraidis/GitHub/caesarpad/build/ios/DerivedData/SDKStatCaches.noindex/iphonesimulator26.5-23F81a-6cfe768891a92b912361537c460fe42b.sdkstatcache -target arm64-apple-ios14.0-simulator -fmessage-length\=0 -fdiagnostics-show-note-include-stack -fmacro-backtrace-limit\=0 -fno-color-diagnostics -Wno-trigraphs -Wno-missing-field-initializers -Wno-missing-prototypes -Wno-return-type -Wno-missing-braces -Wparentheses -Wswitch -Wno-unused-function -Wno-unused-label -Wno-unused-parameter -Wno-unused-variable -Wunused-value -Wno-empty-body -Wno-uninitialized -Wno-unknown-pragmas -Wno-shadow -Wno-four-char-constants -Wno-conversion -Wno-constant-conversion -Wno-int-conversion -Wno-bool-conversion -Wno-enum-conversion -Wno-float-conversion -Wno-non-literal-null-conversion -Wno-objc-literal-conversion -Wshorten-64-to-32 -Wpointer-sign -Wno-newline-eof -Wno-implicit-fallthrough -isysroot /Applications/Xcode.app/Contents/Developer/Platforms/iPhoneSimulator.platform/Developer/SDKs/iPhoneSimulator26.5.sdk -fstrict-aliasing -Wdeprecated-declarations -Wno-sign-conversion -Wno-infinite-recursion -Wno-comma -Wno-block-capture-autoreleasing -Wno-strict-prototypes -Wno-semicolon-before-method-body @/Users/chrissotraidis/GitHub/caesarpad/build/ios/build/augustus.build/Release-iphonesimulator/Objects-normal/arm64/7187679823f38a2a940e0043cdf9d637-common-args.resp -MMD -MT dependencies -MF /Users/chrissotraidis/GitHub/caesarpad/build/ios/build/augustus.build/Release-iphonesimulator/Objects-normal/arm64/file_editor.d --serialize-diagnostics /Users/chrissotraidis/GitHub/caesarpad/build/ios/build/augustus.build/Release-iphonesimulator/Objects-normal/arm64/file_editor.dia -c /Users/chrissotraidis/GitHub/caesarpad/engines/augustus/src/game/file_editor.c -o /Users/chrissotraidis/GitHub/caesarpad/build/ios/build/augustus.build/Release-iphonesimulator/Objects-normal/arm64/file_editor.o

CompileC /Users/chrissotraidis/GitHub/caesarpad/build/ios/build/augustus.build/Release-iphonesimulator/Objects-normal/arm64/file_dialog.o /Users/chrissotraidis/GitHub/caesarpad/engines/augustus/src/window/file_dialog.c normal arm64 c com.apple.compilers.llvm.clang.1_0.compiler (in target 'augustus' from project 'augustus')
    cd /Users/chrissotraidis/GitHub/caesarpad/engines/augustus

    Using response file: /Users/chrissotraidis/GitHub/caesarpad/build/ios/build/augustus.build/Release-iphonesimulator/Objects-normal/arm64/7187679823f38a2a940e0043cdf9d637-common-args.resp

    /Applications/Xcode.app/Contents/Developer/Toolchains/XcodeDefault.xctoolchain/usr/bin/clang -x c -ivfsstatcache /Users/chrissotraidis/GitHub/caesarpad/build/ios/DerivedData/SDKStatCaches.noindex/iphonesimulator26.5-23F81a-6cfe768891a92b912361537c460fe42b.sdkstatcache -target arm64-apple-ios14.0-simulator -fmessage-length\=0 -fdiagnostics-show-note-include-stack -fmacro-backtrace-limit\=0 -fno-color-diagnostics -Wno-trigraphs -Wno-missing-field-initializers -Wno-missing-prototypes -Wno-return-type -Wno-missing-braces -Wparentheses -Wswitch -Wno-unused-function -Wno-unused-label -Wno-unused-parameter -Wno-unused-variable -Wunused-value -Wno-empty-body -Wno-uninitialized -Wno-unknown-pragmas -Wno-shadow -Wno-four-char-constants -Wno-conversion -Wno-constant-conversion -Wno-int-conversion -Wno-bool-conversion -Wno-enum-conversion -Wno-float-conversion -Wno-non-literal-null-conversion -Wno-objc-literal-conversion -Wshorten-64-to-32 -Wpointer-sign -Wno-newline-eof -Wno-implicit-fallthrough -isysroot /Applications/Xcode.app/Contents/Developer/Platforms/iPhoneSimulator.platform/Developer/SDKs/iPhoneSimulator26.5.sdk -fstrict-aliasing -Wdeprecated-declarations -Wno-sign-conversion -Wno-infinite-recursion -Wno-comma -Wno-block-capture-autoreleasing -Wno-strict-prototypes -Wno-semicolon-before-method-body @/Users/chrissotraidis/GitHub/caesarpad/build/ios/build/augustus.build/Release-iphonesimulator/Objects-normal/arm64/7187679823f38a2a940e0043cdf9d637-common-args.resp -MMD -MT dependencies -MF /Users/chrissotraidis/GitHub/caesarpad/build/ios/build/augustus.build/Release-iphonesimulator/Objects-normal/arm64/file_dialog.d --serialize-diagnostics /Users/chrissotraidis/GitHub/caesarpad/build/ios/build/augustus.build/Release-iphonesimulator/Objects-normal/arm64/file_dialog.dia -c /Users/chrissotraidis/GitHub/caesarpad/engines/augustus/src/window/file_dialog.c -o /Users/chrissotraidis/GitHub/caesarpad/build/ios/build/augustus.build/Release-iphonesimulator/Objects-normal/arm64/file_dialog.o

CompileC /Users/chrissotraidis/GitHub/caesarpad/build/ios/build/augustus.build/Release-iphonesimulator/Objects-normal/arm64/figures-338e2105cf2dfc522cf6143916e5094b.o /Users/chrissotraidis/GitHub/caesarpad/engines/augustus/src/window/building/figures.c normal arm64 c com.apple.compilers.llvm.clang.1_0.compiler (in target 'augustus' from project 'augustus')
    cd /Users/chrissotraidis/GitHub/caesarpad/engines/augustus

    Using response file: /Users/chrissotraidis/GitHub/caesarpad/build/ios/build/augustus.build/Release-iphonesimulator/Objects-normal/arm64/7187679823f38a2a940e0043cdf9d637-common-args.resp

    /Applications/Xcode.app/Contents/Developer/Toolchains/XcodeDefault.xctoolchain/usr/bin/clang -x c -ivfsstatcache /Users/chrissotraidis/GitHub/caesarpad/build/ios/DerivedData/SDKStatCaches.noindex/iphonesimulator26.5-23F81a-6cfe768891a92b912361537c460fe42b.sdkstatcache -target arm64-apple-ios14.0-simulator -fmessage-length\=0 -fdiagnostics-show-note-include-stack -fmacro-backtrace-limit\=0 -fno-color-diagnostics -Wno-trigraphs -Wno-missing-field-initializers -Wno-missing-prototypes -Wno-return-type -Wno-missing-braces -Wparentheses -Wswitch -Wno-unused-function -Wno-unused-label -Wno-unused-parameter -Wno-unused-variable -Wunused-value -Wno-empty-body -Wno-uninitialized -Wno-unknown-pragmas -Wno-shadow -Wno-four-char-constants -Wno-conversion -Wno-constant-conversion -Wno-int-conversion -Wno-bool-conversion -Wno-enum-conversion -Wno-float-conversion -Wno-non-literal-null-conversion -Wno-objc-literal-conversion -Wshorten-64-to-32 -Wpointer-sign -Wno-newline-eof -Wno-implicit-fallthrough -isysroot /Applications/Xcode.app/Contents/Developer/Platforms/iPhoneSimulator.platform/Developer/SDKs/iPhoneSimulator26.5.sdk -fstrict-aliasing -Wdeprecated-declarations -Wno-sign-conversion -Wno-infinite-recursion -Wno-comma -Wno-block-capture-autoreleasing -Wno-strict-prototypes -Wno-semicolon-before-method-body @/Users/chrissotraidis/GitHub/caesarpad/build/ios/build/augustus.build/Release-iphonesimulator/Objects-normal/arm64/7187679823f38a2a940e0043cdf9d637-common-args.resp -MMD -MT dependencies -MF /Users/chrissotraidis/GitHub/caesarpad/build/ios/build/augustus.build/Release-iphonesimulator/Objects-normal/arm64/figures-338e2105cf2dfc522cf6143916e5094b.d --serialize-diagnostics /Users/chrissotraidis/GitHub/caesarpad/build/ios/build/augustus.build/Release-iphonesimulator/Objects-normal/arm64/figures-338e2105cf2dfc522cf6143916e5094b.dia -c /Users/chrissotraidis/GitHub/caesarpad/engines/augustus/src/window/building/figures.c -o /Users/chrissotraidis/GitHub/caesarpad/build/ios/build/augustus.build/Release-iphonesimulator/Objects-normal/arm64/figures-338e2105cf2dfc522cf6143916e5094b.o

CompileC /Users/chrissotraidis/GitHub/caesarpad/build/ios/build/augustus.build/Release-iphonesimulator/Objects-normal/arm64/figure-f99641cc2cdd74ba0f0127d532f24b2f.o /Users/chrissotraidis/GitHub/caesarpad/engines/augustus/src/widget/city/figure.c normal arm64 c com.apple.compilers.llvm.clang.1_0.compiler (in target 'augustus' from project 'augustus')
    cd /Users/chrissotraidis/GitHub/caesarpad/engines/augustus

    Using response file: /Users/chrissotraidis/GitHub/caesarpad/build/ios/build/augustus.build/Release-iphonesimulator/Objects-normal/arm64/7187679823f38a2a940e0043cdf9d637-common-args.resp

    /Applications/Xcode.app/Contents/Developer/Toolchains/XcodeDefault.xctoolchain/usr/bin/clang -x c -ivfsstatcache /Users/chrissotraidis/GitHub/caesarpad/build/ios/DerivedData/SDKStatCaches.noindex/iphonesimulator26.5-23F81a-6cfe768891a92b912361537c460fe42b.sdkstatcache -target arm64-apple-ios14.0-simulator -fmessage-length\=0 -fdiagnostics-show-note-include-stack -fmacro-backtrace-limit\=0 -fno-color-diagnostics -Wno-trigraphs -Wno-missing-field-initializers -Wno-missing-prototypes -Wno-return-type -Wno-missing-braces -Wparentheses -Wswitch -Wno-unused-function -Wno-unused-label -Wno-unused-parameter -Wno-unused-variable -Wunused-value -Wno-empty-body -Wno-uninitialized -Wno-unknown-pragmas -Wno-shadow -Wno-four-char-constants -Wno-conversion -Wno-constant-conversion -Wno-int-conversion -Wno-bool-conversion -Wno-enum-conversion -Wno-float-conversion -Wno-non-literal-null-conversion -Wno-objc-literal-conversion -Wshorten-64-to-32 -Wpointer-sign -Wno-newline-eof -Wno-implicit-fallthrough -isysroot /Applications/Xcode.app/Contents/Developer/Platforms/iPhoneSimulator.platform/Developer/SDKs/iPhoneSimulator26.5.sdk -fstrict-aliasing -Wdeprecated-declarations -Wno-sign-conversion -Wno-infinite-recursion -Wno-comma -Wno-block-capture-autoreleasing -Wno-strict-prototypes -Wno-semicolon-before-method-body @/Users/chrissotraidis/GitHub/caesarpad/build/ios/build/augustus.build/Release-iphonesimulator/Objects-normal/arm64/7187679823f38a2a940e0043cdf9d637-common-args.resp -MMD -MT dependencies -MF /Users/chrissotraidis/GitHub/caesarpad/build/ios/build/augustus.build/Release-iphonesimulator/Objects-normal/arm64/figure-f99641cc2cdd74ba0f0127d532f24b2f.d --serialize-diagnostics /Users/chrissotraidis/GitHub/caesarpad/build/ios/build/augustus.build/Release-iphonesimulator/Objects-normal/arm64/figure-f99641cc2cdd74ba0f0127d532f24b2f.dia -c /Users/chrissotraidis/GitHub/caesarpad/engines/augustus/src/widget/city/figure.c -o /Users/chrissotraidis/GitHub/caesarpad/build/ios/build/augustus.build/Release-iphonesimulator/Objects-normal/arm64/figure-f99641cc2cdd74ba0f0127d532f24b2f.o

CompileC /Users/chrissotraidis/GitHub/caesarpad/build/ios/build/augustus.build/Release-iphonesimulator/Objects-normal/arm64/extra.o /Users/chrissotraidis/GitHub/caesarpad/engines/augustus/src/widget/sidebar/extra.c normal arm64 c com.apple.compilers.llvm.clang.1_0.compiler (in target 'augustus' from project 'augustus')
    cd /Users/chrissotraidis/GitHub/caesarpad/engines/augustus

    Using response file: /Users/chrissotraidis/GitHub/caesarpad/build/ios/build/augustus.build/Release-iphonesimulator/Objects-normal/arm64/7187679823f38a2a940e0043cdf9d637-common-args.resp

    /Applications/Xcode.app/Contents/Developer/Toolchains/XcodeDefault.xctoolchain/usr/bin/clang -x c -ivfsstatcache /Users/chrissotraidis/GitHub/caesarpad/build/ios/DerivedData/SDKStatCaches.noindex/iphonesimulator26.5-23F81a-6cfe768891a92b912361537c460fe42b.sdkstatcache -target arm64-apple-ios14.0-simulator -fmessage-length\=0 -fdiagnostics-show-note-include-stack -fmacro-backtrace-limit\=0 -fno-color-diagnostics -Wno-trigraphs -Wno-missing-field-initializers -Wno-missing-prototypes -Wno-return-type -Wno-missing-braces -Wparentheses -Wswitch -Wno-unused-function -Wno-unused-label -Wno-unused-parameter -Wno-unused-variable -Wunused-value -Wno-empty-body -Wno-uninitialized -Wno-unknown-pragmas -Wno-shadow -Wno-four-char-constants -Wno-conversion -Wno-constant-conversion -Wno-int-conversion -Wno-bool-conversion -Wno-enum-conversion -Wno-float-conversion -Wno-non-literal-null-conversion -Wno-objc-literal-conversion -Wshorten-64-to-32 -Wpointer-sign -Wno-newline-eof -Wno-implicit-fallthrough -isysroot /Applications/Xcode.app/Contents/Developer/Platforms/iPhoneSimulator.platform/Developer/SDKs/iPhoneSimulator26.5.sdk -fstrict-aliasing -Wdeprecated-declarations -Wno-sign-conversion -Wno-infinite-recursion -Wno-comma -Wno-block-capture-autoreleasing -Wno-strict-prototypes -Wno-semicolon-before-method-body @/Users/chrissotraidis/GitHub/caesarpad/build/ios/build/augustus.build/Release-iphonesimulator/Objects-normal/arm64/7187679823f38a2a940e0043cdf9d637-common-args.resp -MMD -MT dependencies -MF /Users/chrissotraidis/GitHub/caesarpad/build/ios/build/augustus.build/Release-iphonesimulator/Objects-normal/arm64/extra.d --serialize-diagnostics /Users/chrissotraidis/GitHub/caesarpad/build/ios/build/augustus.build/Release-iphonesimulator/Objects-normal/arm64/extra.dia -c /Users/chrissotraidis/GitHub/caesarpad/engines/augustus/src/widget/sidebar/extra.c -o /Users/chrissotraidis/GitHub/caesarpad/build/ios/build/augustus.build/Release-iphonesimulator/Objects-normal/arm64/extra.o

CompileC /Users/chrissotraidis/GitHub/caesarpad/build/ios/build/augustus.build/Release-iphonesimulator/Objects-normal/arm64/epithets.o /Users/chrissotraidis/GitHub/caesarpad/engines/augustus/src/window/epithets.c normal arm64 c com.apple.compilers.llvm.clang.1_0.compiler (in target 'augustus' from project 'augustus')
    cd /Users/chrissotraidis/GitHub/caesarpad/engines/augustus

    Using response file: /Users/chrissotraidis/GitHub/caesarpad/build/ios/build/augustus.build/Release-iphonesimulator/Objects-normal/arm64/7187679823f38a2a940e0043cdf9d637-common-args.resp

    /Applications/Xcode.app/Contents/Developer/Toolchains/XcodeDefault.xctoolchain/usr/bin/clang -x c -ivfsstatcache /Users/chrissotraidis/GitHub/caesarpad/build/ios/DerivedData/SDKStatCaches.noindex/iphonesimulator26.5-23F81a-6cfe768891a92b912361537c460fe42b.sdkstatcache -target arm64-apple-ios14.0-simulator -fmessage-length\=0 -fdiagnostics-show-note-include-stack -fmacro-backtrace-limit\=0 -fno-color-diagnostics -Wno-trigraphs -Wno-missing-field-initializers -Wno-missing-prototypes -Wno-return-type -Wno-missing-braces -Wparentheses -Wswitch -Wno-unused-function -Wno-unused-label -Wno-unused-parameter -Wno-unused-variable -Wunused-value -Wno-empty-body -Wno-uninitialized -Wno-unknown-pragmas -Wno-shadow -Wno-four-char-constants -Wno-conversion -Wno-constant-conversion -Wno-int-conversion -Wno-bool-conversion -Wno-enum-conversion -Wno-float-conversion -Wno-non-literal-null-conversion -Wno-objc-literal-conversion -Wshorten-64-to-32 -Wpointer-sign -Wno-newline-eof -Wno-implicit-fallthrough -isysroot /Applications/Xcode.app/Contents/Developer/Platforms/iPhoneSimulator.platform/Developer/SDKs/iPhoneSimulator26.5.sdk -fstrict-aliasing -Wdeprecated-declarations -Wno-sign-conversion -Wno-infinite-recursion -Wno-comma -Wno-block-capture-autoreleasing -Wno-strict-prototypes -Wno-semicolon-before-method-body @/Users/chrissotraidis/GitHub/caesarpad/build/ios/build/augustus.build/Release-iphonesimulator/Objects-normal/arm64/7187679823f38a2a940e0043cdf9d637-common-args.resp -MMD -MT dependencies -MF /Users/chrissotraidis/GitHub/caesarpad/build/ios/build/augustus.build/Release-iphonesimulator/Objects-normal/arm64/epithets.d --serialize-diagnostics /Users/chrissotraidis/GitHub/caesarpad/build/ios/build/augustus.build/Release-iphonesimulator/Objects-normal/arm64/epithets.dia -c /Users/chrissotraidis/GitHub/caesarpad/engines/augustus/src/window/epithets.c -o /Users/chrissotraidis/GitHub/caesarpad/build/ios/build/augustus.build/Release-iphonesimulator/Objects-normal/arm64/epithets.o
/Users/chrissotraidis/GitHub/caesarpad/engines/augustus/src/window/epithets.c:191:31: warning: implicit conversion loses integer precision: 'long' to 'int' [-Wshorten-64-to-32]
  191 |     selected_god_id = (button - buttons_gods_size); // Calculate index based on button pointer
      |                     ~  ~~~~~~~^~~~~~~~~~~~~~~~~~~
1 warning generated.

CompileC /Users/chrissotraidis/GitHub/caesarpad/build/ios/build/augustus.build/Release-iphonesimulator/Objects-normal/arm64/entertainment-9ec701c865d4d337510efe58fe2f4d97.o /Users/chrissotraidis/GitHub/caesarpad/engines/augustus/src/widget/city/overlay/entertainment.c normal arm64 c com.apple.compilers.llvm.clang.1_0.compiler (in target 'augustus' from project 'augustus')
    cd /Users/chrissotraidis/GitHub/caesarpad/engines/augustus

    Using response file: /Users/chrissotraidis/GitHub/caesarpad/build/ios/build/augustus.build/Release-iphonesimulator/Objects-normal/arm64/7187679823f38a2a940e0043cdf9d637-common-args.resp

    /Applications/Xcode.app/Contents/Developer/Toolchains/XcodeDefault.xctoolchain/usr/bin/clang -x c -ivfsstatcache /Users/chrissotraidis/GitHub/caesarpad/build/ios/DerivedData/SDKStatCaches.noindex/iphonesimulator26.5-23F81a-6cfe768891a92b912361537c460fe42b.sdkstatcache -target arm64-apple-ios14.0-simulator -fmessage-length\=0 -fdiagnostics-show-note-include-stack -fmacro-backtrace-limit\=0 -fno-color-diagnostics -Wno-trigraphs -Wno-missing-field-initializers -Wno-missing-prototypes -Wno-return-type -Wno-missing-braces -Wparentheses -Wswitch -Wno-unused-function -Wno-unused-label -Wno-unused-parameter -Wno-unused-variable -Wunused-value -Wno-empty-body -Wno-uninitialized -Wno-unknown-pragmas -Wno-shadow -Wno-four-char-constants -Wno-conversion -Wno-constant-conversion -Wno-int-conversion -Wno-bool-conversion -Wno-enum-conversion -Wno-float-conversion -Wno-non-literal-null-conversion -Wno-objc-literal-conversion -Wshorten-64-to-32 -Wpointer-sign -Wno-newline-eof -Wno-implicit-fallthrough -isysroot /Applications/Xcode.app/Contents/Developer/Platforms/iPhoneSimulator.platform/Developer/SDKs/iPhoneSimulator26.5.sdk -fstrict-aliasing -Wdeprecated-declarations -Wno-sign-conversion -Wno-infinite-recursion -Wno-comma -Wno-block-capture-autoreleasing -Wno-strict-prototypes -Wno-semicolon-before-method-body @/Users/chrissotraidis/GitHub/caesarpad/build/ios/build/augustus.build/Release-iphonesimulator/Objects-normal/arm64/7187679823f38a2a940e0043cdf9d637-common-args.resp -MMD -MT dependencies -MF /Users/chrissotraidis/GitHub/caesarpad/build/ios/build/augustus.build/Release-iphonesimulator/Objects-normal/arm64/entertainment-9ec701c865d4d337510efe58fe2f4d97.d --serialize-diagnostics /Users/chrissotraidis/GitHub/caesarpad/build/ios/build/augustus.build/Release-iphonesimulator/Objects-normal/arm64/entertainment-9ec701c865d4d337510efe58fe2f4d97.dia -c /Users/chrissotraidis/GitHub/caesarpad/engines/augustus/src/widget/city/overlay/entertainment.c -o /Users/chrissotraidis/GitHub/caesarpad/build/ios/build/augustus.build/Release-iphonesimulator/Objects-normal/arm64/entertainment-9ec701c865d4d337510efe58fe2f4d97.o

CompileC /Users/chrissotraidis/GitHub/caesarpad/build/ios/build/augustus.build/Release-iphonesimulator/Objects-normal/arm64/entertainment-2c3702b867396e1948fbbe2c26ea0e6b.o /Users/chrissotraidis/GitHub/caesarpad/engines/augustus/src/window/advisor/entertainment.c normal arm64 c com.apple.compilers.llvm.clang.1_0.compiler (in target 'augustus' from project 'augustus')
    cd /Users/chrissotraidis/GitHub/caesarpad/engines/augustus

    Using response file: /Users/chrissotraidis/GitHub/caesarpad/build/ios/build/augustus.build/Release-iphonesimulator/Objects-normal/arm64/7187679823f38a2a940e0043cdf9d637-common-args.resp

    /Applications/Xcode.app/Contents/Developer/Toolchains/XcodeDefault.xctoolchain/usr/bin/clang -x c -ivfsstatcache /Users/chrissotraidis/GitHub/caesarpad/build/ios/DerivedData/SDKStatCaches.noindex/iphonesimulator26.5-23F81a-6cfe768891a92b912361537c460fe42b.sdkstatcache -target arm64-apple-ios14.0-simulator -fmessage-length\=0 -fdiagnostics-show-note-include-stack -fmacro-backtrace-limit\=0 -fno-color-diagnostics -Wno-trigraphs -Wno-missing-field-initializers -Wno-missing-prototypes -Wno-return-type -Wno-missing-braces -Wparentheses -Wswitch -Wno-unused-function -Wno-unused-label -Wno-unused-parameter -Wno-unused-variable -Wunused-value -Wno-empty-body -Wno-uninitialized -Wno-unknown-pragmas -Wno-shadow -Wno-four-char-constants -Wno-conversion -Wno-constant-conversion -Wno-int-conversion -Wno-bool-conversion -Wno-enum-conversion -Wno-float-conversion -Wno-non-literal-null-conversion -Wno-objc-literal-conversion -Wshorten-64-to-32 -Wpointer-sign -Wno-newline-eof -Wno-implicit-fallthrough -isysroot /Applications/Xcode.app/Contents/Developer/Platforms/iPhoneSimulator.platform/Developer/SDKs/iPhoneSimulator26.5.sdk -fstrict-aliasing -Wdeprecated-declarations -Wno-sign-conversion -Wno-infinite-recursion -Wno-comma -Wno-block-capture-autoreleasing -Wno-strict-prototypes -Wno-semicolon-before-method-body @/Users/chrissotraidis/GitHub/caesarpad/build/ios/build/augustus.build/Release-iphonesimulator/Objects-normal/arm64/7187679823f38a2a940e0043cdf9d637-common-args.resp -MMD -MT dependencies -MF /Users/chrissotraidis/GitHub/caesarpad/build/ios/build/augustus.build/Release-iphonesimulator/Objects-normal/arm64/entertainment-2c3702b867396e1948fbbe2c26ea0e6b.d --serialize-diagnostics /Users/chrissotraidis/GitHub/caesarpad/build/ios/build/augustus.build/Release-iphonesimulator/Objects-normal/arm64/entertainment-2c3702b867396e1948fbbe2c26ea0e6b.dia -c /Users/chrissotraidis/GitHub/caesarpad/engines/augustus/src/window/advisor/entertainment.c -o /Users/chrissotraidis/GitHub/caesarpad/build/ios/build/augustus.build/Release-iphonesimulator/Objects-normal/arm64/entertainment-2c3702b867396e1948fbbe2c26ea0e6b.o

CompileC /Users/chrissotraidis/GitHub/caesarpad/build/ios/build/augustus.build/Release-iphonesimulator/Objects-normal/arm64/empire_sidebar_sort.o /Users/chrissotraidis/GitHub/caesarpad/engines/augustus/src/window/empire_sidebar_sort.c normal arm64 c com.apple.compilers.llvm.clang.1_0.compiler (in target 'augustus' from project 'augustus')
    cd /Users/chrissotraidis/GitHub/caesarpad/engines/augustus

    Using response file: /Users/chrissotraidis/GitHub/caesarpad/build/ios/build/augustus.build/Release-iphonesimulator/Objects-normal/arm64/7187679823f38a2a940e0043cdf9d637-common-args.resp

    /Applications/Xcode.app/Contents/Developer/Toolchains/XcodeDefault.xctoolchain/usr/bin/clang -x c -ivfsstatcache /Users/chrissotraidis/GitHub/caesarpad/build/ios/DerivedData/SDKStatCaches.noindex/iphonesimulator26.5-23F81a-6cfe768891a92b912361537c460fe42b.sdkstatcache -target arm64-apple-ios14.0-simulator -fmessage-length\=0 -fdiagnostics-show-note-include-stack -fmacro-backtrace-limit\=0 -fno-color-diagnostics -Wno-trigraphs -Wno-missing-field-initializers -Wno-missing-prototypes -Wno-return-type -Wno-missing-braces -Wparentheses -Wswitch -Wno-unused-function -Wno-unused-label -Wno-unused-parameter -Wno-unused-variable -Wunused-value -Wno-empty-body -Wno-uninitialized -Wno-unknown-pragmas -Wno-shadow -Wno-four-char-constants -Wno-conversion -Wno-constant-conversion -Wno-int-conversion -Wno-bool-conversion -Wno-enum-conversion -Wno-float-conversion -Wno-non-literal-null-conversion -Wno-objc-literal-conversion -Wshorten-64-to-32 -Wpointer-sign -Wno-newline-eof -Wno-implicit-fallthrough -isysroot /Applications/Xcode.app/Contents/Developer/Platforms/iPhoneSimulator.platform/Developer/SDKs/iPhoneSimulator26.5.sdk -fstrict-aliasing -Wdeprecated-declarations -Wno-sign-conversion -Wno-infinite-recursion -Wno-comma -Wno-block-capture-autoreleasing -Wno-strict-prototypes -Wno-semicolon-before-method-body @/Users/chrissotraidis/GitHub/caesarpad/build/ios/build/augustus.build/Release-iphonesimulator/Objects-normal/arm64/7187679823f38a2a940e0043cdf9d637-common-args.resp -MMD -MT dependencies -MF /Users/chrissotraidis/GitHub/caesarpad/build/ios/build/augustus.build/Release-iphonesimulator/Objects-normal/arm64/empire_sidebar_sort.d --serialize-diagnostics /Users/chrissotraidis/GitHub/caesarpad/build/ios/build/augustus.build/Release-iphonesimulator/Objects-normal/arm64/empire_sidebar_sort.dia -c /Users/chrissotraidis/GitHub/caesarpad/engines/augustus/src/window/empire_sidebar_sort.c -o /Users/chrissotraidis/GitHub/caesarpad/build/ios/build/augustus.build/Release-iphonesimulator/Objects-normal/arm64/empire_sidebar_sort.o

CompileC /Users/chrissotraidis/GitHub/caesarpad/build/ios/build/augustus.build/Release-iphonesimulator/Objects-normal/arm64/empire_properties.o /Users/chrissotraidis/GitHub/caesarpad/engines/augustus/src/window/editor/empire_properties.c normal arm64 c com.apple.compilers.llvm.clang.1_0.compiler (in target 'augustus' from project 'augustus')
    cd /Users/chrissotraidis/GitHub/caesarpad/engines/augustus

    Using response file: /Users/chrissotraidis/GitHub/caesarpad/build/ios/build/augustus.build/Release-iphonesimulator/Objects-normal/arm64/7187679823f38a2a940e0043cdf9d637-common-args.resp

    /Applications/Xcode.app/Contents/Developer/Toolchains/XcodeDefault.xctoolchain/usr/bin/clang -x c -ivfsstatcache /Users/chrissotraidis/GitHub/caesarpad/build/ios/DerivedData/SDKStatCaches.noindex/iphonesimulator26.5-23F81a-6cfe768891a92b912361537c460fe42b.sdkstatcache -target arm64-apple-ios14.0-simulator -fmessage-length\=0 -fdiagnostics-show-note-include-stack -fmacro-backtrace-limit\=0 -fno-color-diagnostics -Wno-trigraphs -Wno-missing-field-initializers -Wno-missing-prototypes -Wno-return-type -Wno-missing-braces -Wparentheses -Wswitch -Wno-unused-function -Wno-unused-label -Wno-unused-parameter -Wno-unused-variable -Wunused-value -Wno-empty-body -Wno-uninitialized -Wno-unknown-pragmas -Wno-shadow -Wno-four-char-constants -Wno-conversion -Wno-constant-conversion -Wno-int-conversion -Wno-bool-conversion -Wno-enum-conversion -Wno-float-conversion -Wno-non-literal-null-conversion -Wno-objc-literal-conversion -Wshorten-64-to-32 -Wpointer-sign -Wno-newline-eof -Wno-implicit-fallthrough -isysroot /Applications/Xcode.app/Contents/Developer/Platforms/iPhoneSimulator.platform/Developer/SDKs/iPhoneSimulator26.5.sdk -fstrict-aliasing -Wdeprecated-declarations -Wno-sign-conversion -Wno-infinite-recursion -Wno-comma -Wno-block-capture-autoreleasing -Wno-strict-prototypes -Wno-semicolon-before-method-body @/Users/chrissotraidis/GitHub/caesarpad/build/ios/build/augustus.build/Release-iphonesimulator/Objects-normal/arm64/7187679823f38a2a940e0043cdf9d637-common-args.resp -MMD -MT dependencies -MF /Users/chrissotraidis/GitHub/caesarpad/build/ios/build/augustus.build/Release-iphonesimulator/Objects-normal/arm64/empire_properties.d --serialize-diagnostics /Users/chrissotraidis/GitHub/caesarpad/build/ios/build/augustus.build/Release-iphonesimulator/Objects-normal/arm64/empire_properties.dia -c /Users/chrissotraidis/GitHub/caesarpad/engines/augustus/src/window/editor/empire_properties.c -o /Users/chrissotraidis/GitHub/caesarpad/build/ios/build/augustus.build/Release-iphonesimulator/Objects-normal/arm64/empire_properties.o

CompileC /Users/chrissotraidis/GitHub/caesarpad/build/ios/build/augustus.build/Release-iphonesimulator/Objects-normal/arm64/empire-fd23c9c464362931db262482f98528ff.o /Users/chrissotraidis/GitHub/caesarpad/engines/augustus/src/window/editor/empire.c normal arm64 c com.apple.compilers.llvm.clang.1_0.compiler (in target 'augustus' from project 'augustus')
    cd /Users/chrissotraidis/GitHub/caesarpad/engines/augustus

    Using response file: /Users/chrissotraidis/GitHub/caesarpad/build/ios/build/augustus.build/Release-iphonesimulator/Objects-normal/arm64/7187679823f38a2a940e0043cdf9d637-common-args.resp

    /Applications/Xcode.app/Contents/Developer/Toolchains/XcodeDefault.xctoolchain/usr/bin/clang -x c -ivfsstatcache /Users/chrissotraidis/GitHub/caesarpad/build/ios/DerivedData/SDKStatCaches.noindex/iphonesimulator26.5-23F81a-6cfe768891a92b912361537c460fe42b.sdkstatcache -target arm64-apple-ios14.0-simulator -fmessage-length\=0 -fdiagnostics-show-note-include-stack -fmacro-backtrace-limit\=0 -fno-color-diagnostics -Wno-trigraphs -Wno-missing-field-initializers -Wno-missing-prototypes -Wno-return-type -Wno-missing-braces -Wparentheses -Wswitch -Wno-unused-function -Wno-unused-label -Wno-unused-parameter -Wno-unused-variable -Wunused-value -Wno-empty-body -Wno-uninitialized -Wno-unknown-pragmas -Wno-shadow -Wno-four-char-constants -Wno-conversion -Wno-constant-conversion -Wno-int-conversion -Wno-bool-conversion -Wno-enum-conversion -Wno-float-conversion -Wno-non-literal-null-conversion -Wno-objc-literal-conversion -Wshorten-64-to-32 -Wpointer-sign -Wno-newline-eof -Wno-implicit-fallthrough -isysroot /Applications/Xcode.app/Contents/Developer/Platforms/iPhoneSimulator.platform/Developer/SDKs/iPhoneSimulator26.5.sdk -fstrict-aliasing -Wdeprecated-declarations -Wno-sign-conversion -Wno-infinite-recursion -Wno-comma -Wno-block-capture-autoreleasing -Wno-strict-prototypes -Wno-semicolon-before-method-body @/Users/chrissotraidis/GitHub/caesarpad/build/ios/build/augustus.build/Release-iphonesimulator/Objects-normal/arm64/7187679823f38a2a940e0043cdf9d637-common-args.resp -MMD -MT dependencies -MF /Users/chrissotraidis/GitHub/caesarpad/build/ios/build/augustus.build/Release-iphonesimulator/Objects-normal/arm64/empire-fd23c9c464362931db262482f98528ff.d --serialize-diagnostics /Users/chrissotraidis/GitHub/caesarpad/build/ios/build/augustus.build/Release-iphonesimulator/Objects-normal/arm64/empire-fd23c9c464362931db262482f98528ff.dia -c /Users/chrissotraidis/GitHub/caesarpad/engines/augustus/src/window/editor/empire.c -o /Users/chrissotraidis/GitHub/caesarpad/build/ios/build/augustus.build/Release-iphonesimulator/Objects-normal/arm64/empire-fd23c9c464362931db262482f98528ff.o
/Users/chrissotraidis/GitHub/caesarpad/engines/augustus/src/window/editor/empire.c:251:33: warning: implicit conversion loses integer precision: 'time_millis' (aka 'unsigned long long') to 'int' [-Wshorten-64-to-32]
  251 |     data.resource_pulse_start = time_get_millis();
      |                               ~ ^~~~~~~~~~~~~~~~~
/Users/chrissotraidis/GitHub/caesarpad/engines/augustus/src/window/editor/empire.c:604:37: warning: implicit conversion loses integer precision: 'time_millis' (aka 'unsigned long long') to 'int' [-Wshorten-64-to-32]
  604 |         data.resource_pulse_start = time_get_millis();
      |                                   ~ ^~~~~~~~~~~~~~~~~
2 warnings generated.

CompileC /Users/chrissotraidis/GitHub/caesarpad/build/ios/build/augustus.build/Release-iphonesimulator/Objects-normal/arm64/empire-23a3409cefae0ff3904b7754041daf39.o /Users/chrissotraidis/GitHub/caesarpad/engines/augustus/src/window/empire.c normal arm64 c com.apple.compilers.llvm.clang.1_0.compiler (in target 'augustus' from project 'augustus')
    cd /Users/chrissotraidis/GitHub/caesarpad/engines/augustus

    Using response file: /Users/chrissotraidis/GitHub/caesarpad/build/ios/build/augustus.build/Release-iphonesimulator/Objects-normal/arm64/7187679823f38a2a940e0043cdf9d637-common-args.resp

    /Applications/Xcode.app/Contents/Developer/Toolchains/XcodeDefault.xctoolchain/usr/bin/clang -x c -ivfsstatcache /Users/chrissotraidis/GitHub/caesarpad/build/ios/DerivedData/SDKStatCaches.noindex/iphonesimulator26.5-23F81a-6cfe768891a92b912361537c460fe42b.sdkstatcache -target arm64-apple-ios14.0-simulator -fmessage-length\=0 -fdiagnostics-show-note-include-stack -fmacro-backtrace-limit\=0 -fno-color-diagnostics -Wno-trigraphs -Wno-missing-field-initializers -Wno-missing-prototypes -Wno-return-type -Wno-missing-braces -Wparentheses -Wswitch -Wno-unused-function -Wno-unused-label -Wno-unused-parameter -Wno-unused-variable -Wunused-value -Wno-empty-body -Wno-uninitialized -Wno-unknown-pragmas -Wno-shadow -Wno-four-char-constants -Wno-conversion -Wno-constant-conversion -Wno-int-conversion -Wno-bool-conversion -Wno-enum-conversion -Wno-float-conversion -Wno-non-literal-null-conversion -Wno-objc-literal-conversion -Wshorten-64-to-32 -Wpointer-sign -Wno-newline-eof -Wno-implicit-fallthrough -isysroot /Applications/Xcode.app/Contents/Developer/Platforms/iPhoneSimulator.platform/Developer/SDKs/iPhoneSimulator26.5.sdk -fstrict-aliasing -Wdeprecated-declarations -Wno-sign-conversion -Wno-infinite-recursion -Wno-comma -Wno-block-capture-autoreleasing -Wno-strict-prototypes -Wno-semicolon-before-method-body @/Users/chrissotraidis/GitHub/caesarpad/build/ios/build/augustus.build/Release-iphonesimulator/Objects-normal/arm64/7187679823f38a2a940e0043cdf9d637-common-args.resp -MMD -MT dependencies -MF /Users/chrissotraidis/GitHub/caesarpad/build/ios/build/augustus.build/Release-iphonesimulator/Objects-normal/arm64/empire-23a3409cefae0ff3904b7754041daf39.d --serialize-diagnostics /Users/chrissotraidis/GitHub/caesarpad/build/ios/build/augustus.build/Release-iphonesimulator/Objects-normal/arm64/empire-23a3409cefae0ff3904b7754041daf39.dia -c /Users/chrissotraidis/GitHub/caesarpad/engines/augustus/src/window/empire.c -o /Users/chrissotraidis/GitHub/caesarpad/build/ios/build/augustus.build/Release-iphonesimulator/Objects-normal/arm64/empire-23a3409cefae0ff3904b7754041daf39.o
/Users/chrissotraidis/GitHub/caesarpad/engines/augustus/src/window/empire.c:339:35: warning: implicit conversion loses integer precision: 'time_millis' (aka 'unsigned long long') to 'int' [-Wshorten-64-to-32]
  339 |     data.trade_route_anim_start = time_get_millis();
      |                                 ~ ^~~~~~~~~~~~~~~~~
/Users/chrissotraidis/GitHub/caesarpad/engines/augustus/src/window/empire.c:1676:39: warning: implicit conversion loses integer precision: 'time_millis' (aka 'unsigned long long') to 'int' [-Wshorten-64-to-32]
 1676 |         data.trade_route_anim_start = time_get_millis();
      |                                     ~ ^~~~~~~~~~~~~~~~~
2 warnings generated.

CompileC /Users/chrissotraidis/GitHub/caesarpad/build/ios/build/augustus.build/Release-iphonesimulator/Objects-normal/arm64/education-ea3267d103cf7cdb36eed990cec05cf2.o /Users/chrissotraidis/GitHub/caesarpad/engines/augustus/src/window/advisor/education.c normal arm64 c com.apple.compilers.llvm.clang.1_0.compiler (in target 'augustus' from project 'augustus')
    cd /Users/chrissotraidis/GitHub/caesarpad/engines/augustus

    Using response file: /Users/chrissotraidis/GitHub/caesarpad/build/ios/build/augustus.build/Release-iphonesimulator/Objects-normal/arm64/7187679823f38a2a940e0043cdf9d637-common-args.resp

    /Applications/Xcode.app/Contents/Developer/Toolchains/XcodeDefault.xctoolchain/usr/bin/clang -x c -ivfsstatcache /Users/chrissotraidis/GitHub/caesarpad/build/ios/DerivedData/SDKStatCaches.noindex/iphonesimulator26.5-23F81a-6cfe768891a92b912361537c460fe42b.sdkstatcache -target arm64-apple-ios14.0-simulator -fmessage-length\=0 -fdiagnostics-show-note-include-stack -fmacro-backtrace-limit\=0 -fno-color-diagnostics -Wno-trigraphs -Wno-missing-field-initializers -Wno-missing-prototypes -Wno-return-type -Wno-missing-braces -Wparentheses -Wswitch -Wno-unused-function -Wno-unused-label -Wno-unused-parameter -Wno-unused-variable -Wunused-value -Wno-empty-body -Wno-uninitialized -Wno-unknown-pragmas -Wno-shadow -Wno-four-char-constants -Wno-conversion -Wno-constant-conversion -Wno-int-conversion -Wno-bool-conversion -Wno-enum-conversion -Wno-float-conversion -Wno-non-literal-null-conversion -Wno-objc-literal-conversion -Wshorten-64-to-32 -Wpointer-sign -Wno-newline-eof -Wno-implicit-fallthrough -isysroot /Applications/Xcode.app/Contents/Developer/Platforms/iPhoneSimulator.platform/Developer/SDKs/iPhoneSimulator26.5.sdk -fstrict-aliasing -Wdeprecated-declarations -Wno-sign-conversion -Wno-infinite-recursion -Wno-comma -Wno-block-capture-autoreleasing -Wno-strict-prototypes -Wno-semicolon-before-method-body @/Users/chrissotraidis/GitHub/caesarpad/build/ios/build/augustus.build/Release-iphonesimulator/Objects-normal/arm64/7187679823f38a2a940e0043cdf9d637-common-args.resp -MMD -MT dependencies -MF /Users/chrissotraidis/GitHub/caesarpad/build/ios/build/augustus.build/Release-iphonesimulator/Objects-normal/arm64/education-ea3267d103cf7cdb36eed990cec05cf2.d --serialize-diagnostics /Users/chrissotraidis/GitHub/caesarpad/build/ios/build/augustus.build/Release-iphonesimulator/Objects-normal/arm64/education-ea3267d103cf7cdb36eed990cec05cf2.dia -c /Users/chrissotraidis/GitHub/caesarpad/engines/augustus/src/window/advisor/education.c -o /Users/chrissotraidis/GitHub/caesarpad/build/ios/build/augustus.build/Release-iphonesimulator/Objects-normal/arm64/education-ea3267d103cf7cdb36eed990cec05cf2.o

CompileC /Users/chrissotraidis/GitHub/caesarpad/build/ios/build/augustus.build/Release-iphonesimulator/Objects-normal/arm64/education-7c158dd2b9d4cfaa95cd56c13474b5be.o /Users/chrissotraidis/GitHub/caesarpad/engines/augustus/src/widget/city/overlay/education.c normal arm64 c com.apple.compilers.llvm.clang.1_0.compiler (in target 'augustus' from project 'augustus')
    cd /Users/chrissotraidis/GitHub/caesarpad/engines/augustus

    Using response file: /Users/chrissotraidis/GitHub/caesarpad/build/ios/build/augustus.build/Release-iphonesimulator/Objects-normal/arm64/7187679823f38a2a940e0043cdf9d637-common-args.resp

    /Applications/Xcode.app/Contents/Developer/Toolchains/XcodeDefault.xctoolchain/usr/bin/clang -x c -ivfsstatcache /Users/chrissotraidis/GitHub/caesarpad/build/ios/DerivedData/SDKStatCaches.noindex/iphonesimulator26.5-23F81a-6cfe768891a92b912361537c460fe42b.sdkstatcache -target arm64-apple-ios14.0-simulator -fmessage-length\=0 -fdiagnostics-show-note-include-stack -fmacro-backtrace-limit\=0 -fno-color-diagnostics -Wno-trigraphs -Wno-missing-field-initializers -Wno-missing-prototypes -Wno-return-type -Wno-missing-braces -Wparentheses -Wswitch -Wno-unused-function -Wno-unused-label -Wno-unused-parameter -Wno-unused-variable -Wunused-value -Wno-empty-body -Wno-uninitialized -Wno-unknown-pragmas -Wno-shadow -Wno-four-char-constants -Wno-conversion -Wno-constant-conversion -Wno-int-conversion -Wno-bool-conversion -Wno-enum-conversion -Wno-float-conversion -Wno-non-literal-null-conversion -Wno-objc-literal-conversion -Wshorten-64-to-32 -Wpointer-sign -Wno-newline-eof -Wno-implicit-fallthrough -isysroot /Applications/Xcode.app/Contents/Developer/Platforms/iPhoneSimulator.platform/Developer/SDKs/iPhoneSimulator26.5.sdk -fstrict-aliasing -Wdeprecated-declarations -Wno-sign-conversion -Wno-infinite-recursion -Wno-comma -Wno-block-capture-autoreleasing -Wno-strict-prototypes -Wno-semicolon-before-method-body @/Users/chrissotraidis/GitHub/caesarpad/build/ios/build/augustus.build/Release-iphonesimulator/Objects-normal/arm64/7187679823f38a2a940e0043cdf9d637-common-args.resp -MMD -MT dependencies -MF /Users/chrissotraidis/GitHub/caesarpad/build/ios/build/augustus.build/Release-iphonesimulator/Objects-normal/arm64/education-7c158dd2b9d4cfaa95cd56c13474b5be.d --serialize-diagnostics /Users/chrissotraidis/GitHub/caesarpad/build/ios/build/augustus.build/Release-iphonesimulator/Objects-normal/arm64/education-7c158dd2b9d4cfaa95cd56c13474b5be.dia -c /Users/chrissotraidis/GitHub/caesarpad/engines/augustus/src/widget/city/overlay/education.c -o /Users/chrissotraidis/GitHub/caesarpad/build/ios/build/augustus.build/Release-iphonesimulator/Objects-normal/arm64/education-7c158dd2b9d4cfaa95cd56c13474b5be.o

CompileC /Users/chrissotraidis/GitHub/caesarpad/build/ios/build/augustus.build/Release-iphonesimulator/Objects-normal/arm64/editor-ea0a3bde8a8b7428bd7da323be108ae0.o /Users/chrissotraidis/GitHub/caesarpad/engines/augustus/src/empire/editor.c normal arm64 c com.apple.compilers.llvm.clang.1_0.compiler (in target 'augustus' from project 'augustus')
    cd /Users/chrissotraidis/GitHub/caesarpad/engines/augustus

    Using response file: /Users/chrissotraidis/GitHub/caesarpad/build/ios/build/augustus.build/Release-iphonesimulator/Objects-normal/arm64/7187679823f38a2a940e0043cdf9d637-common-args.resp

    /Applications/Xcode.app/Contents/Developer/Toolchains/XcodeDefault.xctoolchain/usr/bin/clang -x c -ivfsstatcache /Users/chrissotraidis/GitHub/caesarpad/build/ios/DerivedData/SDKStatCaches.noindex/iphonesimulator26.5-23F81a-6cfe768891a92b912361537c460fe42b.sdkstatcache -target arm64-apple-ios14.0-simulator -fmessage-length\=0 -fdiagnostics-show-note-include-stack -fmacro-backtrace-limit\=0 -fno-color-diagnostics -Wno-trigraphs -Wno-missing-field-initializers -Wno-missing-prototypes -Wno-return-type -Wno-missing-braces -Wparentheses -Wswitch -Wno-unused-function -Wno-unused-label -Wno-unused-parameter -Wno-unused-variable -Wunused-value -Wno-empty-body -Wno-uninitialized -Wno-unknown-pragmas -Wno-shadow -Wno-four-char-constants -Wno-conversion -Wno-constant-conversion -Wno-int-conversion -Wno-bool-conversion -Wno-enum-conversion -Wno-float-conversion -Wno-non-literal-null-conversion -Wno-objc-literal-conversion -Wshorten-64-to-32 -Wpointer-sign -Wno-newline-eof -Wno-implicit-fallthrough -isysroot /Applications/Xcode.app/Contents/Developer/Platforms/iPhoneSimulator.platform/Developer/SDKs/iPhoneSimulator26.5.sdk -fstrict-aliasing -Wdeprecated-declarations -Wno-sign-conversion -Wno-infinite-recursion -Wno-comma -Wno-block-capture-autoreleasing -Wno-strict-prototypes -Wno-semicolon-before-method-body @/Users/chrissotraidis/GitHub/caesarpad/build/ios/build/augustus.build/Release-iphonesimulator/Objects-normal/arm64/7187679823f38a2a940e0043cdf9d637-common-args.resp -MMD -MT dependencies -MF /Users/chrissotraidis/GitHub/caesarpad/build/ios/build/augustus.build/Release-iphonesimulator/Objects-normal/arm64/editor-ea0a3bde8a8b7428bd7da323be108ae0.d --serialize-diagnostics /Users/chrissotraidis/GitHub/caesarpad/build/ios/build/augustus.build/Release-iphonesimulator/Objects-normal/arm64/editor-ea0a3bde8a8b7428bd7da323be108ae0.dia -c /Users/chrissotraidis/GitHub/caesarpad/engines/augustus/src/empire/editor.c -o /Users/chrissotraidis/GitHub/caesarpad/build/ios/build/augustus.build/Release-iphonesimulator/Objects-normal/arm64/editor-ea0a3bde8a8b7428bd7da323be108ae0.o

CompileC /Users/chrissotraidis/GitHub/caesarpad/build/ios/build/augustus.build/Release-iphonesimulator/Objects-normal/arm64/editor-3da0327f4e8c0cfd2d8c56cc22188eaa.o /Users/chrissotraidis/GitHub/caesarpad/engines/augustus/src/widget/sidebar/editor.c normal arm64 c com.apple.compilers.llvm.clang.1_0.compiler (in target 'augustus' from project 'augustus')
    cd /Users/chrissotraidis/GitHub/caesarpad/engines/augustus

    Using response file: /Users/chrissotraidis/GitHub/caesarpad/build/ios/build/augustus.build/Release-iphonesimulator/Objects-normal/arm64/7187679823f38a2a940e0043cdf9d637-common-args.resp

    /Applications/Xcode.app/Contents/Developer/Toolchains/XcodeDefault.xctoolchain/usr/bin/clang -x c -ivfsstatcache /Users/chrissotraidis/GitHub/caesarpad/build/ios/DerivedData/SDKStatCaches.noindex/iphonesimulator26.5-23F81a-6cfe768891a92b912361537c460fe42b.sdkstatcache -target arm64-apple-ios14.0-simulator -fmessage-length\=0 -fdiagnostics-show-note-include-stack -fmacro-backtrace-limit\=0 -fno-color-diagnostics -Wno-trigraphs -Wno-missing-field-initializers -Wno-missing-prototypes -Wno-return-type -Wno-missing-braces -Wparentheses -Wswitch -Wno-unused-function -Wno-unused-label -Wno-unused-parameter -Wno-unused-variable -Wunused-value -Wno-empty-body -Wno-uninitialized -Wno-unknown-pragmas -Wno-shadow -Wno-four-char-constants -Wno-conversion -Wno-constant-conversion -Wno-int-conversion -Wno-bool-conversion -Wno-enum-conversion -Wno-float-conversion -Wno-non-literal-null-conversion -Wno-objc-literal-conversion -Wshorten-64-to-32 -Wpointer-sign -Wno-newline-eof -Wno-implicit-fallthrough -isysroot /Applications/Xcode.app/Contents/Developer/Platforms/iPhoneSimulator.platform/Developer/SDKs/iPhoneSimulator26.5.sdk -fstrict-aliasing -Wdeprecated-declarations -Wno-sign-conversion -Wno-infinite-recursion -Wno-comma -Wno-block-capture-autoreleasing -Wno-strict-prototypes -Wno-semicolon-before-method-body @/Users/chrissotraidis/GitHub/caesarpad/build/ios/build/augustus.build/Release-iphonesimulator/Objects-normal/arm64/7187679823f38a2a940e0043cdf9d637-common-args.resp -MMD -MT dependencies -MF /Users/chrissotraidis/GitHub/caesarpad/build/ios/build/augustus.build/Release-iphonesimulator/Objects-normal/arm64/editor-3da0327f4e8c0cfd2d8c56cc22188eaa.d --serialize-diagnostics /Users/chrissotraidis/GitHub/caesarpad/build/ios/build/augustus.build/Release-iphonesimulator/Objects-normal/arm64/editor-3da0327f4e8c0cfd2d8c56cc22188eaa.dia -c /Users/chrissotraidis/GitHub/caesarpad/engines/augustus/src/widget/sidebar/editor.c -o /Users/chrissotraidis/GitHub/caesarpad/build/ios/build/augustus.build/Release-iphonesimulator/Objects-normal/arm64/editor-3da0327f4e8c0cfd2d8c56cc22188eaa.o

CompileC /Users/chrissotraidis/GitHub/caesarpad/build/ios/build/augustus.build/Release-iphonesimulator/Objects-normal/arm64/edit_request.o /Users/chrissotraidis/GitHub/caesarpad/engines/augustus/src/window/editor/edit_request.c normal arm64 c com.apple.compilers.llvm.clang.1_0.compiler (in target 'augustus' from project 'augustus')
    cd /Users/chrissotraidis/GitHub/caesarpad/engines/augustus

    Using response file: /Users/chrissotraidis/GitHub/caesarpad/build/ios/build/augustus.build/Release-iphonesimulator/Objects-normal/arm64/7187679823f38a2a940e0043cdf9d637-common-args.resp

    /Applications/Xcode.app/Contents/Developer/Toolchains/XcodeDefault.xctoolchain/usr/bin/clang -x c -ivfsstatcache /Users/chrissotraidis/GitHub/caesarpad/build/ios/DerivedData/SDKStatCaches.noindex/iphonesimulator26.5-23F81a-6cfe768891a92b912361537c460fe42b.sdkstatcache -target arm64-apple-ios14.0-simulator -fmessage-length\=0 -fdiagnostics-show-note-include-stack -fmacro-backtrace-limit\=0 -fno-color-diagnostics -Wno-trigraphs -Wno-missing-field-initializers -Wno-missing-prototypes -Wno-return-type -Wno-missing-braces -Wparentheses -Wswitch -Wno-unused-function -Wno-unused-label -Wno-unused-parameter -Wno-unused-variable -Wunused-value -Wno-empty-body -Wno-uninitialized -Wno-unknown-pragmas -Wno-shadow -Wno-four-char-constants -Wno-conversion -Wno-constant-conversion -Wno-int-conversion -Wno-bool-conversion -Wno-enum-conversion -Wno-float-conversion -Wno-non-literal-null-conversion -Wno-objc-literal-conversion -Wshorten-64-to-32 -Wpointer-sign -Wno-newline-eof -Wno-implicit-fallthrough -isysroot /Applications/Xcode.app/Contents/Developer/Platforms/iPhoneSimulator.platform/Developer/SDKs/iPhoneSimulator26.5.sdk -fstrict-aliasing -Wdeprecated-declarations -Wno-sign-conversion -Wno-infinite-recursion -Wno-comma -Wno-block-capture-autoreleasing -Wno-strict-prototypes -Wno-semicolon-before-method-body @/Users/chrissotraidis/GitHub/caesarpad/build/ios/build/augustus.build/Release-iphonesimulator/Objects-normal/arm64/7187679823f38a2a940e0043cdf9d637-common-args.resp -MMD -MT dependencies -MF /Users/chrissotraidis/GitHub/caesarpad/build/ios/build/augustus.build/Release-iphonesimulator/Objects-normal/arm64/edit_request.d --serialize-diagnostics /Users/chrissotraidis/GitHub/caesarpad/build/ios/build/augustus.build/Release-iphonesimulator/Objects-normal/arm64/edit_request.dia -c /Users/chrissotraidis/GitHub/caesarpad/engines/augustus/src/window/editor/edit_request.c -o /Users/chrissotraidis/GitHub/caesarpad/build/ios/build/augustus.build/Release-iphonesimulator/Objects-normal/arm64/edit_request.o

CompileC /Users/chrissotraidis/GitHub/caesarpad/build/ios/build/augustus.build/Release-iphonesimulator/Objects-normal/arm64/edit_price_change.o /Users/chrissotraidis/GitHub/caesarpad/engines/augustus/src/window/editor/edit_price_change.c normal arm64 c com.apple.compilers.llvm.clang.1_0.compiler (in target 'augustus' from project 'augustus')
    cd /Users/chrissotraidis/GitHub/caesarpad/engines/augustus

    Using response file: /Users/chrissotraidis/GitHub/caesarpad/build/ios/build/augustus.build/Release-iphonesimulator/Objects-normal/arm64/7187679823f38a2a940e0043cdf9d637-common-args.resp

    /Applications/Xcode.app/Contents/Developer/Toolchains/XcodeDefault.xctoolchain/usr/bin/clang -x c -ivfsstatcache /Users/chrissotraidis/GitHub/caesarpad/build/ios/DerivedData/SDKStatCaches.noindex/iphonesimulator26.5-23F81a-6cfe768891a92b912361537c460fe42b.sdkstatcache -target arm64-apple-ios14.0-simulator -fmessage-length\=0 -fdiagnostics-show-note-include-stack -fmacro-backtrace-limit\=0 -fno-color-diagnostics -Wno-trigraphs -Wno-missing-field-initializers -Wno-missing-prototypes -Wno-return-type -Wno-missing-braces -Wparentheses -Wswitch -Wno-unused-function -Wno-unused-label -Wno-unused-parameter -Wno-unused-variable -Wunused-value -Wno-empty-body -Wno-uninitialized -Wno-unknown-pragmas -Wno-shadow -Wno-four-char-constants -Wno-conversion -Wno-constant-conversion -Wno-int-conversion -Wno-bool-conversion -Wno-enum-conversion -Wno-float-conversion -Wno-non-literal-null-conversion -Wno-objc-literal-conversion -Wshorten-64-to-32 -Wpointer-sign -Wno-newline-eof -Wno-implicit-fallthrough -isysroot /Applications/Xcode.app/Contents/Developer/Platforms/iPhoneSimulator.platform/Developer/SDKs/iPhoneSimulator26.5.sdk -fstrict-aliasing -Wdeprecated-declarations -Wno-sign-conversion -Wno-infinite-recursion -Wno-comma -Wno-block-capture-autoreleasing -Wno-strict-prototypes -Wno-semicolon-before-method-body @/Users/chrissotraidis/GitHub/caesarpad/build/ios/build/augustus.build/Release-iphonesimulator/Objects-normal/arm64/7187679823f38a2a940e0043cdf9d637-common-args.resp -MMD -MT dependencies -MF /Users/chrissotraidis/GitHub/caesarpad/build/ios/build/augustus.build/Release-iphonesimulator/Objects-normal/arm64/edit_price_change.d --serialize-diagnostics /Users/chrissotraidis/GitHub/caesarpad/build/ios/build/augustus.build/Release-iphonesimulator/Objects-normal/arm64/edit_price_change.dia -c /Users/chrissotraidis/GitHub/caesarpad/engines/augustus/src/window/editor/edit_price_change.c -o /Users/chrissotraidis/GitHub/caesarpad/build/ios/build/augustus.build/Release-iphonesimulator/Objects-normal/arm64/edit_price_change.o

CompileC /Users/chrissotraidis/GitHub/caesarpad/build/ios/build/augustus.build/Release-iphonesimulator/Objects-normal/arm64/edit_invasion.o /Users/chrissotraidis/GitHub/caesarpad/engines/augustus/src/window/editor/edit_invasion.c normal arm64 c com.apple.compilers.llvm.clang.1_0.compiler (in target 'augustus' from project 'augustus')
    cd /Users/chrissotraidis/GitHub/caesarpad/engines/augustus

    Using response file: /Users/chrissotraidis/GitHub/caesarpad/build/ios/build/augustus.build/Release-iphonesimulator/Objects-normal/arm64/7187679823f38a2a940e0043cdf9d637-common-args.resp

    /Applications/Xcode.app/Contents/Developer/Toolchains/XcodeDefault.xctoolchain/usr/bin/clang -x c -ivfsstatcache /Users/chrissotraidis/GitHub/caesarpad/build/ios/DerivedData/SDKStatCaches.noindex/iphonesimulator26.5-23F81a-6cfe768891a92b912361537c460fe42b.sdkstatcache -target arm64-apple-ios14.0-simulator -fmessage-length\=0 -fdiagnostics-show-note-include-stack -fmacro-backtrace-limit\=0 -fno-color-diagnostics -Wno-trigraphs -Wno-missing-field-initializers -Wno-missing-prototypes -Wno-return-type -Wno-missing-braces -Wparentheses -Wswitch -Wno-unused-function -Wno-unused-label -Wno-unused-parameter -Wno-unused-variable -Wunused-value -Wno-empty-body -Wno-uninitialized -Wno-unknown-pragmas -Wno-shadow -Wno-four-char-constants -Wno-conversion -Wno-constant-conversion -Wno-int-conversion -Wno-bool-conversion -Wno-enum-conversion -Wno-float-conversion -Wno-non-literal-null-conversion -Wno-objc-literal-conversion -Wshorten-64-to-32 -Wpointer-sign -Wno-newline-eof -Wno-implicit-fallthrough -isysroot /Applications/Xcode.app/Contents/Developer/Platforms/iPhoneSimulator.platform/Developer/SDKs/iPhoneSimulator26.5.sdk -fstrict-aliasing -Wdeprecated-declarations -Wno-sign-conversion -Wno-infinite-recursion -Wno-comma -Wno-block-capture-autoreleasing -Wno-strict-prototypes -Wno-semicolon-before-method-body @/Users/chrissotraidis/GitHub/caesarpad/build/ios/build/augustus.build/Release-iphonesimulator/Objects-normal/arm64/7187679823f38a2a940e0043cdf9d637-common-args.resp -MMD -MT dependencies -MF /Users/chrissotraidis/GitHub/caesarpad/build/ios/build/augustus.build/Release-iphonesimulator/Objects-normal/arm64/edit_invasion.d --serialize-diagnostics /Users/chrissotraidis/GitHub/caesarpad/build/ios/build/augustus.build/Release-iphonesimulator/Objects-normal/arm64/edit_invasion.dia -c /Users/chrissotraidis/GitHub/caesarpad/engines/augustus/src/window/editor/edit_invasion.c -o /Users/chrissotraidis/GitHub/caesarpad/build/ios/build/augustus.build/Release-iphonesimulator/Objects-normal/arm64/edit_invasion.o

CompileC /Users/chrissotraidis/GitHub/caesarpad/build/ios/build/augustus.build/Release-iphonesimulator/Objects-normal/arm64/edit_demand_change.o /Users/chrissotraidis/GitHub/caesarpad/engines/augustus/src/window/editor/edit_demand_change.c normal arm64 c com.apple.compilers.llvm.clang.1_0.compiler (in target 'augustus' from project 'augustus')
    cd /Users/chrissotraidis/GitHub/caesarpad/engines/augustus

    Using response file: /Users/chrissotraidis/GitHub/caesarpad/build/ios/build/augustus.build/Release-iphonesimulator/Objects-normal/arm64/7187679823f38a2a940e0043cdf9d637-common-args.resp

    /Applications/Xcode.app/Contents/Developer/Toolchains/XcodeDefault.xctoolchain/usr/bin/clang -x c -ivfsstatcache /Users/chrissotraidis/GitHub/caesarpad/build/ios/DerivedData/SDKStatCaches.noindex/iphonesimulator26.5-23F81a-6cfe768891a92b912361537c460fe42b.sdkstatcache -target arm64-apple-ios14.0-simulator -fmessage-length\=0 -fdiagnostics-show-note-include-stack -fmacro-backtrace-limit\=0 -fno-color-diagnostics -Wno-trigraphs -Wno-missing-field-initializers -Wno-missing-prototypes -Wno-return-type -Wno-missing-braces -Wparentheses -Wswitch -Wno-unused-function -Wno-unused-label -Wno-unused-parameter -Wno-unused-variable -Wunused-value -Wno-empty-body -Wno-uninitialized -Wno-unknown-pragmas -Wno-shadow -Wno-four-char-constants -Wno-conversion -Wno-constant-conversion -Wno-int-conversion -Wno-bool-conversion -Wno-enum-conversion -Wno-float-conversion -Wno-non-literal-null-conversion -Wno-objc-literal-conversion -Wshorten-64-to-32 -Wpointer-sign -Wno-newline-eof -Wno-implicit-fallthrough -isysroot /Applications/Xcode.app/Contents/Developer/Platforms/iPhoneSimulator.platform/Developer/SDKs/iPhoneSimulator26.5.sdk -fstrict-aliasing -Wdeprecated-declarations -Wno-sign-conversion -Wno-infinite-recursion -Wno-comma -Wno-block-capture-autoreleasing -Wno-strict-prototypes -Wno-semicolon-before-method-body @/Users/chrissotraidis/GitHub/caesarpad/build/ios/build/augustus.build/Release-iphonesimulator/Objects-normal/arm64/7187679823f38a2a940e0043cdf9d637-common-args.resp -MMD -MT dependencies -MF /Users/chrissotraidis/GitHub/caesarpad/build/ios/build/augustus.build/Release-iphonesimulator/Objects-normal/arm64/edit_demand_change.d --serialize-diagnostics /Users/chrissotraidis/GitHub/caesarpad/build/ios/build/augustus.build/Release-iphonesimulator/Objects-normal/arm64/edit_demand_change.dia -c /Users/chrissotraidis/GitHub/caesarpad/engines/augustus/src/window/editor/edit_demand_change.c -o /Users/chrissotraidis/GitHub/caesarpad/build/ios/build/augustus.build/Release-iphonesimulator/Objects-normal/arm64/edit_demand_change.o

CompileC /Users/chrissotraidis/GitHub/caesarpad/build/ios/build/augustus.build/Release-iphonesimulator/Objects-normal/arm64/dropdown_button.o /Users/chrissotraidis/GitHub/caesarpad/engines/augustus/src/widget/dropdown_button.c normal arm64 c com.apple.compilers.llvm.clang.1_0.compiler (in target 'augustus' from project 'augustus')
    cd /Users/chrissotraidis/GitHub/caesarpad/engines/augustus

    Using response file: /Users/chrissotraidis/GitHub/caesarpad/build/ios/build/augustus.build/Release-iphonesimulator/Objects-normal/arm64/7187679823f38a2a940e0043cdf9d637-common-args.resp

    /Applications/Xcode.app/Contents/Developer/Toolchains/XcodeDefault.xctoolchain/usr/bin/clang -x c -ivfsstatcache /Users/chrissotraidis/GitHub/caesarpad/build/ios/DerivedData/SDKStatCaches.noindex/iphonesimulator26.5-23F81a-6cfe768891a92b912361537c460fe42b.sdkstatcache -target arm64-apple-ios14.0-simulator -fmessage-length\=0 -fdiagnostics-show-note-include-stack -fmacro-backtrace-limit\=0 -fno-color-diagnostics -Wno-trigraphs -Wno-missing-field-initializers -Wno-missing-prototypes -Wno-return-type -Wno-missing-braces -Wparentheses -Wswitch -Wno-unused-function -Wno-unused-label -Wno-unused-parameter -Wno-unused-variable -Wunused-value -Wno-empty-body -Wno-uninitialized -Wno-unknown-pragmas -Wno-shadow -Wno-four-char-constants -Wno-conversion -Wno-constant-conversion -Wno-int-conversion -Wno-bool-conversion -Wno-enum-conversion -Wno-float-conversion -Wno-non-literal-null-conversion -Wno-objc-literal-conversion -Wshorten-64-to-32 -Wpointer-sign -Wno-newline-eof -Wno-implicit-fallthrough -isysroot /Applications/Xcode.app/Contents/Developer/Platforms/iPhoneSimulator.platform/Developer/SDKs/iPhoneSimulator26.5.sdk -fstrict-aliasing -Wdeprecated-declarations -Wno-sign-conversion -Wno-infinite-recursion -Wno-comma -Wno-block-capture-autoreleasing -Wno-strict-prototypes -Wno-semicolon-before-method-body @/Users/chrissotraidis/GitHub/caesarpad/build/ios/build/augustus.build/Release-iphonesimulator/Objects-normal/arm64/7187679823f38a2a940e0043cdf9d637-common-args.resp -MMD -MT dependencies -MF /Users/chrissotraidis/GitHub/caesarpad/build/ios/build/augustus.build/Release-iphonesimulator/Objects-normal/arm64/dropdown_button.d --serialize-diagnostics /Users/chrissotraidis/GitHub/caesarpad/build/ios/build/augustus.build/Release-iphonesimulator/Objects-normal/arm64/dropdown_button.dia -c /Users/chrissotraidis/GitHub/caesarpad/engines/augustus/src/widget/dropdown_button.c -o /Users/chrissotraidis/GitHub/caesarpad/build/ios/build/augustus.build/Release-iphonesimulator/Objects-normal/arm64/dropdown_button.o

CompileC /Users/chrissotraidis/GitHub/caesarpad/build/ios/build/augustus.build/Release-iphonesimulator/Objects-normal/arm64/draw.o /Users/chrissotraidis/GitHub/caesarpad/engines/augustus/src/widget/city/draw.c normal arm64 c com.apple.compilers.llvm.clang.1_0.compiler (in target 'augustus' from project 'augustus')
    cd /Users/chrissotraidis/GitHub/caesarpad/engines/augustus

    Using response file: /Users/chrissotraidis/GitHub/caesarpad/build/ios/build/augustus.build/Release-iphonesimulator/Objects-normal/arm64/7187679823f38a2a940e0043cdf9d637-common-args.resp

    /Applications/Xcode.app/Contents/Developer/Toolchains/XcodeDefault.xctoolchain/usr/bin/clang -x c -ivfsstatcache /Users/chrissotraidis/GitHub/caesarpad/build/ios/DerivedData/SDKStatCaches.noindex/iphonesimulator26.5-23F81a-6cfe768891a92b912361537c460fe42b.sdkstatcache -target arm64-apple-ios14.0-simulator -fmessage-length\=0 -fdiagnostics-show-note-include-stack -fmacro-backtrace-limit\=0 -fno-color-diagnostics -Wno-trigraphs -Wno-missing-field-initializers -Wno-missing-prototypes -Wno-return-type -Wno-missing-braces -Wparentheses -Wswitch -Wno-unused-function -Wno-unused-label -Wno-unused-parameter -Wno-unused-variable -Wunused-value -Wno-empty-body -Wno-uninitialized -Wno-unknown-pragmas -Wno-shadow -Wno-four-char-constants -Wno-conversion -Wno-constant-conversion -Wno-int-conversion -Wno-bool-conversion -Wno-enum-conversion -Wno-float-conversion -Wno-non-literal-null-conversion -Wno-objc-literal-conversion -Wshorten-64-to-32 -Wpointer-sign -Wno-newline-eof -Wno-implicit-fallthrough -isysroot /Applications/Xcode.app/Contents/Developer/Platforms/iPhoneSimulator.platform/Developer/SDKs/iPhoneSimulator26.5.sdk -fstrict-aliasing -Wdeprecated-declarations -Wno-sign-conversion -Wno-infinite-recursion -Wno-comma -Wno-block-capture-autoreleasing -Wno-strict-prototypes -Wno-semicolon-before-method-body @/Users/chrissotraidis/GitHub/caesarpad/build/ios/build/augustus.build/Release-iphonesimulator/Objects-normal/arm64/7187679823f38a2a940e0043cdf9d637-common-args.resp -MMD -MT dependencies -MF /Users/chrissotraidis/GitHub/caesarpad/build/ios/build/augustus.build/Release-iphonesimulator/Objects-normal/arm64/draw.d --serialize-diagnostics /Users/chrissotraidis/GitHub/caesarpad/build/ios/build/augustus.build/Release-iphonesimulator/Objects-normal/arm64/draw.dia -c /Users/chrissotraidis/GitHub/caesarpad/engines/augustus/src/widget/city/draw.c -o /Users/chrissotraidis/GitHub/caesarpad/build/ios/build/augustus.build/Release-iphonesimulator/Objects-normal/arm64/draw.o

CompileC /Users/chrissotraidis/GitHub/caesarpad/build/ios/build/augustus.build/Release-iphonesimulator/Objects-normal/arm64/donate_to_city.o /Users/chrissotraidis/GitHub/caesarpad/engines/augustus/src/window/donate_to_city.c normal arm64 c com.apple.compilers.llvm.clang.1_0.compiler (in target 'augustus' from project 'augustus')
    cd /Users/chrissotraidis/GitHub/caesarpad/engines/augustus

    Using response file: /Users/chrissotraidis/GitHub/caesarpad/build/ios/build/augustus.build/Release-iphonesimulator/Objects-normal/arm64/7187679823f38a2a940e0043cdf9d637-common-args.resp

    /Applications/Xcode.app/Contents/Developer/Toolchains/XcodeDefault.xctoolchain/usr/bin/clang -x c -ivfsstatcache /Users/chrissotraidis/GitHub/caesarpad/build/ios/DerivedData/SDKStatCaches.noindex/iphonesimulator26.5-23F81a-6cfe768891a92b912361537c460fe42b.sdkstatcache -target arm64-apple-ios14.0-simulator -fmessage-length\=0 -fdiagnostics-show-note-include-stack -fmacro-backtrace-limit\=0 -fno-color-diagnostics -Wno-trigraphs -Wno-missing-field-initializers -Wno-missing-prototypes -Wno-return-type -Wno-missing-braces -Wparentheses -Wswitch -Wno-unused-function -Wno-unused-label -Wno-unused-parameter -Wno-unused-variable -Wunused-value -Wno-empty-body -Wno-uninitialized -Wno-unknown-pragmas -Wno-shadow -Wno-four-char-constants -Wno-conversion -Wno-constant-conversion -Wno-int-conversion -Wno-bool-conversion -Wno-enum-conversion -Wno-float-conversion -Wno-non-literal-null-conversion -Wno-objc-literal-conversion -Wshorten-64-to-32 -Wpointer-sign -Wno-newline-eof -Wno-implicit-fallthrough -isysroot /Applications/Xcode.app/Contents/Developer/Platforms/iPhoneSimulator.platform/Developer/SDKs/iPhoneSimulator26.5.sdk -fstrict-aliasing -Wdeprecated-declarations -Wno-sign-conversion -Wno-infinite-recursion -Wno-comma -Wno-block-capture-autoreleasing -Wno-strict-prototypes -Wno-semicolon-before-method-body @/Users/chrissotraidis/GitHub/caesarpad/build/ios/build/augustus.build/Release-iphonesimulator/Objects-normal/arm64/7187679823f38a2a940e0043cdf9d637-common-args.resp -MMD -MT dependencies -MF /Users/chrissotraidis/GitHub/caesarpad/build/ios/build/augustus.build/Release-iphonesimulator/Objects-normal/arm64/donate_to_city.d --serialize-diagnostics /Users/chrissotraidis/GitHub/caesarpad/build/ios/build/augustus.build/Release-iphonesimulator/Objects-normal/arm64/donate_to_city.dia -c /Users/chrissotraidis/GitHub/caesarpad/engines/augustus/src/window/donate_to_city.c -o /Users/chrissotraidis/GitHub/caesarpad/build/ios/build/augustus.build/Release-iphonesimulator/Objects-normal/arm64/donate_to_city.o

CompileC /Users/chrissotraidis/GitHub/caesarpad/build/ios/build/augustus.build/Release-iphonesimulator/Objects-normal/arm64/distribution-1b38e4cb57167f2d384cef8657dd2ce8.o /Users/chrissotraidis/GitHub/caesarpad/engines/augustus/src/window/building/distribution.c normal arm64 c com.apple.compilers.llvm.clang.1_0.compiler (in target 'augustus' from project 'augustus')
    cd /Users/chrissotraidis/GitHub/caesarpad/engines/augustus

    Using response file: /Users/chrissotraidis/GitHub/caesarpad/build/ios/build/augustus.build/Release-iphonesimulator/Objects-normal/arm64/7187679823f38a2a940e0043cdf9d637-common-args.resp

    /Applications/Xcode.app/Contents/Developer/Toolchains/XcodeDefault.xctoolchain/usr/bin/clang -x c -ivfsstatcache /Users/chrissotraidis/GitHub/caesarpad/build/ios/DerivedData/SDKStatCaches.noindex/iphonesimulator26.5-23F81a-6cfe768891a92b912361537c460fe42b.sdkstatcache -target arm64-apple-ios14.0-simulator -fmessage-length\=0 -fdiagnostics-show-note-include-stack -fmacro-backtrace-limit\=0 -fno-color-diagnostics -Wno-trigraphs -Wno-missing-field-initializers -Wno-missing-prototypes -Wno-return-type -Wno-missing-braces -Wparentheses -Wswitch -Wno-unused-function -Wno-unused-label -Wno-unused-parameter -Wno-unused-variable -Wunused-value -Wno-empty-body -Wno-uninitialized -Wno-unknown-pragmas -Wno-shadow -Wno-four-char-constants -Wno-conversion -Wno-constant-conversion -Wno-int-conversion -Wno-bool-conversion -Wno-enum-conversion -Wno-float-conversion -Wno-non-literal-null-conversion -Wno-objc-literal-conversion -Wshorten-64-to-32 -Wpointer-sign -Wno-newline-eof -Wno-implicit-fallthrough -isysroot /Applications/Xcode.app/Contents/Developer/Platforms/iPhoneSimulator.platform/Developer/SDKs/iPhoneSimulator26.5.sdk -fstrict-aliasing -Wdeprecated-declarations -Wno-sign-conversion -Wno-infinite-recursion -Wno-comma -Wno-block-capture-autoreleasing -Wno-strict-prototypes -Wno-semicolon-before-method-body @/Users/chrissotraidis/GitHub/caesarpad/build/ios/build/augustus.build/Release-iphonesimulator/Objects-normal/arm64/7187679823f38a2a940e0043cdf9d637-common-args.resp -MMD -MT dependencies -MF /Users/chrissotraidis/GitHub/caesarpad/build/ios/build/augustus.build/Release-iphonesimulator/Objects-normal/arm64/distribution-1b38e4cb57167f2d384cef8657dd2ce8.d --serialize-diagnostics /Users/chrissotraidis/GitHub/caesarpad/build/ios/build/augustus.build/Release-iphonesimulator/Objects-normal/arm64/distribution-1b38e4cb57167f2d384cef8657dd2ce8.dia -c /Users/chrissotraidis/GitHub/caesarpad/engines/augustus/src/window/building/distribution.c -o /Users/chrissotraidis/GitHub/caesarpad/build/ios/build/augustus.build/Release-iphonesimulator/Objects-normal/arm64/distribution-1b38e4cb57167f2d384cef8657dd2ce8.o

CompileC /Users/chrissotraidis/GitHub/caesarpad/build/ios/build/augustus.build/Release-iphonesimulator/Objects-normal/arm64/depot-f599851fd2bc2b2009f0b245719e47af.o /Users/chrissotraidis/GitHub/caesarpad/engines/augustus/src/window/building/depot.c normal arm64 c com.apple.compilers.llvm.clang.1_0.compiler (in target 'augustus' from project 'augustus')
    cd /Users/chrissotraidis/GitHub/caesarpad/engines/augustus

    Using response file: /Users/chrissotraidis/GitHub/caesarpad/build/ios/build/augustus.build/Release-iphonesimulator/Objects-normal/arm64/7187679823f38a2a940e0043cdf9d637-common-args.resp

    /Applications/Xcode.app/Contents/Developer/Toolchains/XcodeDefault.xctoolchain/usr/bin/clang -x c -ivfsstatcache /Users/chrissotraidis/GitHub/caesarpad/build/ios/DerivedData/SDKStatCaches.noindex/iphonesimulator26.5-23F81a-6cfe768891a92b912361537c460fe42b.sdkstatcache -target arm64-apple-ios14.0-simulator -fmessage-length\=0 -fdiagnostics-show-note-include-stack -fmacro-backtrace-limit\=0 -fno-color-diagnostics -Wno-trigraphs -Wno-missing-field-initializers -Wno-missing-prototypes -Wno-return-type -Wno-missing-braces -Wparentheses -Wswitch -Wno-unused-function -Wno-unused-label -Wno-unused-parameter -Wno-unused-variable -Wunused-value -Wno-empty-body -Wno-uninitialized -Wno-unknown-pragmas -Wno-shadow -Wno-four-char-constants -Wno-conversion -Wno-constant-conversion -Wno-int-conversion -Wno-bool-conversion -Wno-enum-conversion -Wno-float-conversion -Wno-non-literal-null-conversion -Wno-objc-literal-conversion -Wshorten-64-to-32 -Wpointer-sign -Wno-newline-eof -Wno-implicit-fallthrough -isysroot /Applications/Xcode.app/Contents/Developer/Platforms/iPhoneSimulator.platform/Developer/SDKs/iPhoneSimulator26.5.sdk -fstrict-aliasing -Wdeprecated-declarations -Wno-sign-conversion -Wno-infinite-recursion -Wno-comma -Wno-block-capture-autoreleasing -Wno-strict-prototypes -Wno-semicolon-before-method-body @/Users/chrissotraidis/GitHub/caesarpad/build/ios/build/augustus.build/Release-iphonesimulator/Objects-normal/arm64/7187679823f38a2a940e0043cdf9d637-common-args.resp -MMD -MT dependencies -MF /Users/chrissotraidis/GitHub/caesarpad/build/ios/build/augustus.build/Release-iphonesimulator/Objects-normal/arm64/depot-f599851fd2bc2b2009f0b245719e47af.d --serialize-diagnostics /Users/chrissotraidis/GitHub/caesarpad/build/ios/build/augustus.build/Release-iphonesimulator/Objects-normal/arm64/depot-f599851fd2bc2b2009f0b245719e47af.dia -c /Users/chrissotraidis/GitHub/caesarpad/engines/augustus/src/window/building/depot.c -o /Users/chrissotraidis/GitHub/caesarpad/build/ios/build/augustus.build/Release-iphonesimulator/Objects-normal/arm64/depot-f599851fd2bc2b2009f0b245719e47af.o

CompileC /Users/chrissotraidis/GitHub/caesarpad/build/ios/build/augustus.build/Release-iphonesimulator/Objects-normal/arm64/demand_changes.o /Users/chrissotraidis/GitHub/caesarpad/engines/augustus/src/window/editor/demand_changes.c normal arm64 c com.apple.compilers.llvm.clang.1_0.compiler (in target 'augustus' from project 'augustus')
    cd /Users/chrissotraidis/GitHub/caesarpad/engines/augustus

    Using response file: /Users/chrissotraidis/GitHub/caesarpad/build/ios/build/augustus.build/Release-iphonesimulator/Objects-normal/arm64/7187679823f38a2a940e0043cdf9d637-common-args.resp

    /Applications/Xcode.app/Contents/Developer/Toolchains/XcodeDefault.xctoolchain/usr/bin/clang -x c -ivfsstatcache /Users/chrissotraidis/GitHub/caesarpad/build/ios/DerivedData/SDKStatCaches.noindex/iphonesimulator26.5-23F81a-6cfe768891a92b912361537c460fe42b.sdkstatcache -target arm64-apple-ios14.0-simulator -fmessage-length\=0 -fdiagnostics-show-note-include-stack -fmacro-backtrace-limit\=0 -fno-color-diagnostics -Wno-trigraphs -Wno-missing-field-initializers -Wno-missing-prototypes -Wno-return-type -Wno-missing-braces -Wparentheses -Wswitch -Wno-unused-function -Wno-unused-label -Wno-unused-parameter -Wno-unused-variable -Wunused-value -Wno-empty-body -Wno-uninitialized -Wno-unknown-pragmas -Wno-shadow -Wno-four-char-constants -Wno-conversion -Wno-constant-conversion -Wno-int-conversion -Wno-bool-conversion -Wno-enum-conversion -Wno-float-conversion -Wno-non-literal-null-conversion -Wno-objc-literal-conversion -Wshorten-64-to-32 -Wpointer-sign -Wno-newline-eof -Wno-implicit-fallthrough -isysroot /Applications/Xcode.app/Contents/Developer/Platforms/iPhoneSimulator.platform/Developer/SDKs/iPhoneSimulator26.5.sdk -fstrict-aliasing -Wdeprecated-declarations -Wno-sign-conversion -Wno-infinite-recursion -Wno-comma -Wno-block-capture-autoreleasing -Wno-strict-prototypes -Wno-semicolon-before-method-body @/Users/chrissotraidis/GitHub/caesarpad/build/ios/build/augustus.build/Release-iphonesimulator/Objects-normal/arm64/7187679823f38a2a940e0043cdf9d637-common-args.resp -MMD -MT dependencies -MF /Users/chrissotraidis/GitHub/caesarpad/build/ios/build/augustus.build/Release-iphonesimulator/Objects-normal/arm64/demand_changes.d --serialize-diagnostics /Users/chrissotraidis/GitHub/caesarpad/build/ios/build/augustus.build/Release-iphonesimulator/Objects-normal/arm64/demand_changes.dia -c /Users/chrissotraidis/GitHub/caesarpad/engines/augustus/src/window/editor/demand_changes.c -o /Users/chrissotraidis/GitHub/caesarpad/build/ios/build/augustus.build/Release-iphonesimulator/Objects-normal/arm64/demand_changes.o

CompileC /Users/chrissotraidis/GitHub/caesarpad/build/ios/build/augustus.build/Release-iphonesimulator/Objects-normal/arm64/custom_variables.o /Users/chrissotraidis/GitHub/caesarpad/engines/augustus/src/window/editor/custom_variables.c normal arm64 c com.apple.compilers.llvm.clang.1_0.compiler (in target 'augustus' from project 'augustus')
    cd /Users/chrissotraidis/GitHub/caesarpad/engines/augustus

    Using response file: /Users/chrissotraidis/GitHub/caesarpad/build/ios/build/augustus.build/Release-iphonesimulator/Objects-normal/arm64/7187679823f38a2a940e0043cdf9d637-common-args.resp

    /Applications/Xcode.app/Contents/Developer/Toolchains/XcodeDefault.xctoolchain/usr/bin/clang -x c -ivfsstatcache /Users/chrissotraidis/GitHub/caesarpad/build/ios/DerivedData/SDKStatCaches.noindex/iphonesimulator26.5-23F81a-6cfe768891a92b912361537c460fe42b.sdkstatcache -target arm64-apple-ios14.0-simulator -fmessage-length\=0 -fdiagnostics-show-note-include-stack -fmacro-backtrace-limit\=0 -fno-color-diagnostics -Wno-trigraphs -Wno-missing-field-initializers -Wno-missing-prototypes -Wno-return-type -Wno-missing-braces -Wparentheses -Wswitch -Wno-unused-function -Wno-unused-label -Wno-unused-parameter -Wno-unused-variable -Wunused-value -Wno-empty-body -Wno-uninitialized -Wno-unknown-pragmas -Wno-shadow -Wno-four-char-constants -Wno-conversion -Wno-constant-conversion -Wno-int-conversion -Wno-bool-conversion -Wno-enum-conversion -Wno-float-conversion -Wno-non-literal-null-conversion -Wno-objc-literal-conversion -Wshorten-64-to-32 -Wpointer-sign -Wno-newline-eof -Wno-implicit-fallthrough -isysroot /Applications/Xcode.app/Contents/Developer/Platforms/iPhoneSimulator.platform/Developer/SDKs/iPhoneSimulator26.5.sdk -fstrict-aliasing -Wdeprecated-declarations -Wno-sign-conversion -Wno-infinite-recursion -Wno-comma -Wno-block-capture-autoreleasing -Wno-strict-prototypes -Wno-semicolon-before-method-body @/Users/chrissotraidis/GitHub/caesarpad/build/ios/build/augustus.build/Release-iphonesimulator/Objects-normal/arm64/7187679823f38a2a940e0043cdf9d637-common-args.resp -MMD -MT dependencies -MF /Users/chrissotraidis/GitHub/caesarpad/build/ios/build/augustus.build/Release-iphonesimulator/Objects-normal/arm64/custom_variables.d --serialize-diagnostics /Users/chrissotraidis/GitHub/caesarpad/build/ios/build/augustus.build/Release-iphonesimulator/Objects-normal/arm64/custom_variables.dia -c /Users/chrissotraidis/GitHub/caesarpad/engines/augustus/src/window/editor/custom_variables.c -o /Users/chrissotraidis/GitHub/caesarpad/build/ios/build/augustus.build/Release-iphonesimulator/Objects-normal/arm64/custom_variables.o

CompileC /Users/chrissotraidis/GitHub/caesarpad/build/ios/build/augustus.build/Release-iphonesimulator/Objects-normal/arm64/custom_messages-3fa5648746ec84fcdf3ad69d3bf87c7d.o /Users/chrissotraidis/GitHub/caesarpad/engines/augustus/src/window/editor/custom_messages.c normal arm64 c com.apple.compilers.llvm.clang.1_0.compiler (in target 'augustus' from project 'augustus')
    cd /Users/chrissotraidis/GitHub/caesarpad/engines/augustus

    Using response file: /Users/chrissotraidis/GitHub/caesarpad/build/ios/build/augustus.build/Release-iphonesimulator/Objects-normal/arm64/7187679823f38a2a940e0043cdf9d637-common-args.resp

    /Applications/Xcode.app/Contents/Developer/Toolchains/XcodeDefault.xctoolchain/usr/bin/clang -x c -ivfsstatcache /Users/chrissotraidis/GitHub/caesarpad/build/ios/DerivedData/SDKStatCaches.noindex/iphonesimulator26.5-23F81a-6cfe768891a92b912361537c460fe42b.sdkstatcache -target arm64-apple-ios14.0-simulator -fmessage-length\=0 -fdiagnostics-show-note-include-stack -fmacro-backtrace-limit\=0 -fno-color-diagnostics -Wno-trigraphs -Wno-missing-field-initializers -Wno-missing-prototypes -Wno-return-type -Wno-missing-braces -Wparentheses -Wswitch -Wno-unused-function -Wno-unused-label -Wno-unused-parameter -Wno-unused-variable -Wunused-value -Wno-empty-body -Wno-uninitialized -Wno-unknown-pragmas -Wno-shadow -Wno-four-char-constants -Wno-conversion -Wno-constant-conversion -Wno-int-conversion -Wno-bool-conversion -Wno-enum-conversion -Wno-float-conversion -Wno-non-literal-null-conversion -Wno-objc-literal-conversion -Wshorten-64-to-32 -Wpointer-sign -Wno-newline-eof -Wno-implicit-fallthrough -isysroot /Applications/Xcode.app/Contents/Developer/Platforms/iPhoneSimulator.platform/Developer/SDKs/iPhoneSimulator26.5.sdk -fstrict-aliasing -Wdeprecated-declarations -Wno-sign-conversion -Wno-infinite-recursion -Wno-comma -Wno-block-capture-autoreleasing -Wno-strict-prototypes -Wno-semicolon-before-method-body @/Users/chrissotraidis/GitHub/caesarpad/build/ios/build/augustus.build/Release-iphonesimulator/Objects-normal/arm64/7187679823f38a2a940e0043cdf9d637-common-args.resp -MMD -MT dependencies -MF /Users/chrissotraidis/GitHub/caesarpad/build/ios/build/augustus.build/Release-iphonesimulator/Objects-normal/arm64/custom_messages-3fa5648746ec84fcdf3ad69d3bf87c7d.d --serialize-diagnostics /Users/chrissotraidis/GitHub/caesarpad/build/ios/build/augustus.build/Release-iphonesimulator/Objects-normal/arm64/custom_messages-3fa5648746ec84fcdf3ad69d3bf87c7d.dia -c /Users/chrissotraidis/GitHub/caesarpad/engines/augustus/src/window/editor/custom_messages.c -o /Users/chrissotraidis/GitHub/caesarpad/build/ios/build/augustus.build/Release-iphonesimulator/Objects-normal/arm64/custom_messages-3fa5648746ec84fcdf3ad69d3bf87c7d.o

CompileC /Users/chrissotraidis/GitHub/caesarpad/build/ios/build/augustus.build/Release-iphonesimulator/Objects-normal/arm64/cursor-8e257291804a57fa1605da2718bafc70.o /Users/chrissotraidis/GitHub/caesarpad/engines/augustus/src/platform/SDL2/cursor.c normal arm64 c com.apple.compilers.llvm.clang.1_0.compiler (in target 'augustus' from project 'augustus')
    cd /Users/chrissotraidis/GitHub/caesarpad/engines/augustus

    Using response file: /Users/chrissotraidis/GitHub/caesarpad/build/ios/build/augustus.build/Release-iphonesimulator/Objects-normal/arm64/7187679823f38a2a940e0043cdf9d637-common-args.resp

    /Applications/Xcode.app/Contents/Developer/Toolchains/XcodeDefault.xctoolchain/usr/bin/clang -x c -ivfsstatcache /Users/chrissotraidis/GitHub/caesarpad/build/ios/DerivedData/SDKStatCaches.noindex/iphonesimulator26.5-23F81a-6cfe768891a92b912361537c460fe42b.sdkstatcache -target arm64-apple-ios14.0-simulator -fmessage-length\=0 -fdiagnostics-show-note-include-stack -fmacro-backtrace-limit\=0 -fno-color-diagnostics -Wno-trigraphs -Wno-missing-field-initializers -Wno-missing-prototypes -Wno-return-type -Wno-missing-braces -Wparentheses -Wswitch -Wno-unused-function -Wno-unused-label -Wno-unused-parameter -Wno-unused-variable -Wunused-value -Wno-empty-body -Wno-uninitialized -Wno-unknown-pragmas -Wno-shadow -Wno-four-char-constants -Wno-conversion -Wno-constant-conversion -Wno-int-conversion -Wno-bool-conversion -Wno-enum-conversion -Wno-float-conversion -Wno-non-literal-null-conversion -Wno-objc-literal-conversion -Wshorten-64-to-32 -Wpointer-sign -Wno-newline-eof -Wno-implicit-fallthrough -isysroot /Applications/Xcode.app/Contents/Developer/Platforms/iPhoneSimulator.platform/Developer/SDKs/iPhoneSimulator26.5.sdk -fstrict-aliasing -Wdeprecated-declarations -Wno-sign-conversion -Wno-infinite-recursion -Wno-comma -Wno-block-capture-autoreleasing -Wno-strict-prototypes -Wno-semicolon-before-method-body @/Users/chrissotraidis/GitHub/caesarpad/build/ios/build/augustus.build/Release-iphonesimulator/Objects-normal/arm64/7187679823f38a2a940e0043cdf9d637-common-args.resp -MMD -MT dependencies -MF /Users/chrissotraidis/GitHub/caesarpad/build/ios/build/augustus.build/Release-iphonesimulator/Objects-normal/arm64/cursor-8e257291804a57fa1605da2718bafc70.d --serialize-diagnostics /Users/chrissotraidis/GitHub/caesarpad/build/ios/build/augustus.build/Release-iphonesimulator/Objects-normal/arm64/cursor-8e257291804a57fa1605da2718bafc70.dia -c /Users/chrissotraidis/GitHub/caesarpad/engines/augustus/src/platform/SDL2/cursor.c -o /Users/chrissotraidis/GitHub/caesarpad/build/ios/build/augustus.build/Release-iphonesimulator/Objects-normal/arm64/cursor-8e257291804a57fa1605da2718bafc70.o

CompileC /Users/chrissotraidis/GitHub/caesarpad/build/ios/build/augustus.build/Release-iphonesimulator/Objects-normal/arm64/cursor-6f9241076733d166761436055e333bee.o /Users/chrissotraidis/GitHub/caesarpad/engines/augustus/src/input/cursor.c normal arm64 c com.apple.compilers.llvm.clang.1_0.compiler (in target 'augustus' from project 'augustus')
    cd /Users/chrissotraidis/GitHub/caesarpad/engines/augustus

    Using response file: /Users/chrissotraidis/GitHub/caesarpad/build/ios/build/augustus.build/Release-iphonesimulator/Objects-normal/arm64/7187679823f38a2a940e0043cdf9d637-common-args.resp

    /Applications/Xcode.app/Contents/Developer/Toolchains/XcodeDefault.xctoolchain/usr/bin/clang -x c -ivfsstatcache /Users/chrissotraidis/GitHub/caesarpad/build/ios/DerivedData/SDKStatCaches.noindex/iphonesimulator26.5-23F81a-6cfe768891a92b912361537c460fe42b.sdkstatcache -target arm64-apple-ios14.0-simulator -fmessage-length\=0 -fdiagnostics-show-note-include-stack -fmacro-backtrace-limit\=0 -fno-color-diagnostics -Wno-trigraphs -Wno-missing-field-initializers -Wno-missing-prototypes -Wno-return-type -Wno-missing-braces -Wparentheses -Wswitch -Wno-unused-function -Wno-unused-label -Wno-unused-parameter -Wno-unused-variable -Wunused-value -Wno-empty-body -Wno-uninitialized -Wno-unknown-pragmas -Wno-shadow -Wno-four-char-constants -Wno-conversion -Wno-constant-conversion -Wno-int-conversion -Wno-bool-conversion -Wno-enum-conversion -Wno-float-conversion -Wno-non-literal-null-conversion -Wno-objc-literal-conversion -Wshorten-64-to-32 -Wpointer-sign -Wno-newline-eof -Wno-implicit-fallthrough -isysroot /Applications/Xcode.app/Contents/Developer/Platforms/iPhoneSimulator.platform/Developer/SDKs/iPhoneSimulator26.5.sdk -fstrict-aliasing -Wdeprecated-declarations -Wno-sign-conversion -Wno-infinite-recursion -Wno-comma -Wno-block-capture-autoreleasing -Wno-strict-prototypes -Wno-semicolon-before-method-body @/Users/chrissotraidis/GitHub/caesarpad/build/ios/build/augustus.build/Release-iphonesimulator/Objects-normal/arm64/7187679823f38a2a940e0043cdf9d637-common-args.resp -MMD -MT dependencies -MF /Users/chrissotraidis/GitHub/caesarpad/build/ios/build/augustus.build/Release-iphonesimulator/Objects-normal/arm64/cursor-6f9241076733d166761436055e333bee.d --serialize-diagnostics /Users/chrissotraidis/GitHub/caesarpad/build/ios/build/augustus.build/Release-iphonesimulator/Objects-normal/arm64/cursor-6f9241076733d166761436055e333bee.dia -c /Users/chrissotraidis/GitHub/caesarpad/engines/augustus/src/input/cursor.c -o /Users/chrissotraidis/GitHub/caesarpad/build/ios/build/augustus.build/Release-iphonesimulator/Objects-normal/arm64/cursor-6f9241076733d166761436055e333bee.o

CompileC /Users/chrissotraidis/GitHub/caesarpad/build/ios/build/augustus.build/Release-iphonesimulator/Objects-normal/arm64/culture-76f12c13f95fc017af603a6c9652f2d5.o /Users/chrissotraidis/GitHub/caesarpad/engines/augustus/src/window/building/culture.c normal arm64 c com.apple.compilers.llvm.clang.1_0.compiler (in target 'augustus' from project 'augustus')
    cd /Users/chrissotraidis/GitHub/caesarpad/engines/augustus

    Using response file: /Users/chrissotraidis/GitHub/caesarpad/build/ios/build/augustus.build/Release-iphonesimulator/Objects-normal/arm64/7187679823f38a2a940e0043cdf9d637-common-args.resp

    /Applications/Xcode.app/Contents/Developer/Toolchains/XcodeDefault.xctoolchain/usr/bin/clang -x c -ivfsstatcache /Users/chrissotraidis/GitHub/caesarpad/build/ios/DerivedData/SDKStatCaches.noindex/iphonesimulator26.5-23F81a-6cfe768891a92b912361537c460fe42b.sdkstatcache -target arm64-apple-ios14.0-simulator -fmessage-length\=0 -fdiagnostics-show-note-include-stack -fmacro-backtrace-limit\=0 -fno-color-diagnostics -Wno-trigraphs -Wno-missing-field-initializers -Wno-missing-prototypes -Wno-return-type -Wno-missing-braces -Wparentheses -Wswitch -Wno-unused-function -Wno-unused-label -Wno-unused-parameter -Wno-unused-variable -Wunused-value -Wno-empty-body -Wno-uninitialized -Wno-unknown-pragmas -Wno-shadow -Wno-four-char-constants -Wno-conversion -Wno-constant-conversion -Wno-int-conversion -Wno-bool-conversion -Wno-enum-conversion -Wno-float-conversion -Wno-non-literal-null-conversion -Wno-objc-literal-conversion -Wshorten-64-to-32 -Wpointer-sign -Wno-newline-eof -Wno-implicit-fallthrough -isysroot /Applications/Xcode.app/Contents/Developer/Platforms/iPhoneSimulator.platform/Developer/SDKs/iPhoneSimulator26.5.sdk -fstrict-aliasing -Wdeprecated-declarations -Wno-sign-conversion -Wno-infinite-recursion -Wno-comma -Wno-block-capture-autoreleasing -Wno-strict-prototypes -Wno-semicolon-before-method-body @/Users/chrissotraidis/GitHub/caesarpad/build/ios/build/augustus.build/Release-iphonesimulator/Objects-normal/arm64/7187679823f38a2a940e0043cdf9d637-common-args.resp -MMD -MT dependencies -MF /Users/chrissotraidis/GitHub/caesarpad/build/ios/build/augustus.build/Release-iphonesimulator/Objects-normal/arm64/culture-76f12c13f95fc017af603a6c9652f2d5.d --serialize-diagnostics /Users/chrissotraidis/GitHub/caesarpad/build/ios/build/augustus.build/Release-iphonesimulator/Objects-normal/arm64/culture-76f12c13f95fc017af603a6c9652f2d5.dia -c /Users/chrissotraidis/GitHub/caesarpad/engines/augustus/src/window/building/culture.c -o /Users/chrissotraidis/GitHub/caesarpad/build/ios/build/augustus.build/Release-iphonesimulator/Objects-normal/arm64/culture-76f12c13f95fc017af603a6c9652f2d5.o

CompileC /Users/chrissotraidis/GitHub/caesarpad/build/ios/build/augustus.build/Release-iphonesimulator/Objects-normal/arm64/controller.o /Users/chrissotraidis/GitHub/caesarpad/engines/augustus/src/scenario/event/controller.c normal arm64 c com.apple.compilers.llvm.clang.1_0.compiler (in target 'augustus' from project 'augustus')
    cd /Users/chrissotraidis/GitHub/caesarpad/engines/augustus

    Using response file: /Users/chrissotraidis/GitHub/caesarpad/build/ios/build/augustus.build/Release-iphonesimulator/Objects-normal/arm64/7187679823f38a2a940e0043cdf9d637-common-args.resp

    /Applications/Xcode.app/Contents/Developer/Toolchains/XcodeDefault.xctoolchain/usr/bin/clang -x c -ivfsstatcache /Users/chrissotraidis/GitHub/caesarpad/build/ios/DerivedData/SDKStatCaches.noindex/iphonesimulator26.5-23F81a-6cfe768891a92b912361537c460fe42b.sdkstatcache -target arm64-apple-ios14.0-simulator -fmessage-length\=0 -fdiagnostics-show-note-include-stack -fmacro-backtrace-limit\=0 -fno-color-diagnostics -Wno-trigraphs -Wno-missing-field-initializers -Wno-missing-prototypes -Wno-return-type -Wno-missing-braces -Wparentheses -Wswitch -Wno-unused-function -Wno-unused-label -Wno-unused-parameter -Wno-unused-variable -Wunused-value -Wno-empty-body -Wno-uninitialized -Wno-unknown-pragmas -Wno-shadow -Wno-four-char-constants -Wno-conversion -Wno-constant-conversion -Wno-int-conversion -Wno-bool-conversion -Wno-enum-conversion -Wno-float-conversion -Wno-non-literal-null-conversion -Wno-objc-literal-conversion -Wshorten-64-to-32 -Wpointer-sign -Wno-newline-eof -Wno-implicit-fallthrough -isysroot /Applications/Xcode.app/Contents/Developer/Platforms/iPhoneSimulator.platform/Developer/SDKs/iPhoneSimulator26.5.sdk -fstrict-aliasing -Wdeprecated-declarations -Wno-sign-conversion -Wno-infinite-recursion -Wno-comma -Wno-block-capture-autoreleasing -Wno-strict-prototypes -Wno-semicolon-before-method-body @/Users/chrissotraidis/GitHub/caesarpad/build/ios/build/augustus.build/Release-iphonesimulator/Objects-normal/arm64/7187679823f38a2a940e0043cdf9d637-common-args.resp -MMD -MT dependencies -MF /Users/chrissotraidis/GitHub/caesarpad/build/ios/build/augustus.build/Release-iphonesimulator/Objects-normal/arm64/controller.d --serialize-diagnostics /Users/chrissotraidis/GitHub/caesarpad/build/ios/build/augustus.build/Release-iphonesimulator/Objects-normal/arm64/controller.dia -c /Users/chrissotraidis/GitHub/caesarpad/engines/augustus/src/scenario/event/controller.c -o /Users/chrissotraidis/GitHub/caesarpad/build/ios/build/augustus.build/Release-iphonesimulator/Objects-normal/arm64/controller.o
/Users/chrissotraidis/GitHub/caesarpad/engines/augustus/src/scenario/event/controller.c:387:10: warning: implicit conversion loses integer precision: 'size_t' (aka 'unsigned long') to 'unsigned int' [-Wshorten-64-to-32]
  387 |         !array_expand(scenario_formulas, array_size)) {
      |          ^~~~~~~~~~~~~~~~~~~~~~~~~~~~~~~~~~~~~~~~~~~
In file included from /Users/chrissotraidis/GitHub/caesarpad/engines/augustus/src/scenario/event/controller.c:1:
In file included from /Users/chrissotraidis/GitHub/caesarpad/engines/augustus/src/scenario/event/controller.h:5:
In file included from /Users/chrissotraidis/GitHub/caesarpad/engines/augustus/src/scenario/event/data.h:4:
/Users/chrissotraidis/GitHub/caesarpad/engines/augustus/src/core/array.h:249:78: note: expanded from macro 'array_expand'
  249 |     array_create_blocks(a, (size) > 0 ? (((size) - 1) >> (a).bit_offset) + 1 - (a).blocks : 0) \
      |     ~~~~~~~~~~~~~~~~~~~~~~~~~~~~~~~~~~~~~~~~~~~~~~~~~~~~~~~~~~~~~~~~~~~~~~~~~^~~~~~~~~~~~~~~~~
/Users/chrissotraidis/GitHub/caesarpad/engines/augustus/src/core/array.h:271:100: note: expanded from macro 'array_create_blocks'
  271 |     array_add_blocks((void ***)&(a).items, &(a).blocks, (a).block_offset + 1, sizeof(**(a).items), num_blocks) \
      |     ~~~~~~~~~~~~~~~~                                                                               ^~~~~~~~~~
1 warning generated.

CompileC /Users/chrissotraidis/GitHub/caesarpad/build/ios/build/augustus.build/Release-iphonesimulator/Objects-normal/arm64/construction_routed.o /Users/chrissotraidis/GitHub/caesarpad/engines/augustus/src/building/construction_routed.c normal arm64 c com.apple.compilers.llvm.clang.1_0.compiler (in target 'augustus' from project 'augustus')
    cd /Users/chrissotraidis/GitHub/caesarpad/engines/augustus

    Using response file: /Users/chrissotraidis/GitHub/caesarpad/build/ios/build/augustus.build/Release-iphonesimulator/Objects-normal/arm64/7187679823f38a2a940e0043cdf9d637-common-args.resp

    /Applications/Xcode.app/Contents/Developer/Toolchains/XcodeDefault.xctoolchain/usr/bin/clang -x c -ivfsstatcache /Users/chrissotraidis/GitHub/caesarpad/build/ios/DerivedData/SDKStatCaches.noindex/iphonesimulator26.5-23F81a-6cfe768891a92b912361537c460fe42b.sdkstatcache -target arm64-apple-ios14.0-simulator -fmessage-length\=0 -fdiagnostics-show-note-include-stack -fmacro-backtrace-limit\=0 -fno-color-diagnostics -Wno-trigraphs -Wno-missing-field-initializers -Wno-missing-prototypes -Wno-return-type -Wno-missing-braces -Wparentheses -Wswitch -Wno-unused-function -Wno-unused-label -Wno-unused-parameter -Wno-unused-variable -Wunused-value -Wno-empty-body -Wno-uninitialized -Wno-unknown-pragmas -Wno-shadow -Wno-four-char-constants -Wno-conversion -Wno-constant-conversion -Wno-int-conversion -Wno-bool-conversion -Wno-enum-conversion -Wno-float-conversion -Wno-non-literal-null-conversion -Wno-objc-literal-conversion -Wshorten-64-to-32 -Wpointer-sign -Wno-newline-eof -Wno-implicit-fallthrough -isysroot /Applications/Xcode.app/Contents/Developer/Platforms/iPhoneSimulator.platform/Developer/SDKs/iPhoneSimulator26.5.sdk -fstrict-aliasing -Wdeprecated-declarations -Wno-sign-conversion -Wno-infinite-recursion -Wno-comma -Wno-block-capture-autoreleasing -Wno-strict-prototypes -Wno-semicolon-before-method-body @/Users/chrissotraidis/GitHub/caesarpad/build/ios/build/augustus.build/Release-iphonesimulator/Objects-normal/arm64/7187679823f38a2a940e0043cdf9d637-common-args.resp -MMD -MT dependencies -MF /Users/chrissotraidis/GitHub/caesarpad/build/ios/build/augustus.build/Release-iphonesimulator/Objects-normal/arm64/construction_routed.d --serialize-diagnostics /Users/chrissotraidis/GitHub/caesarpad/build/ios/build/augustus.build/Release-iphonesimulator/Objects-normal/arm64/construction_routed.dia -c /Users/chrissotraidis/GitHub/caesarpad/engines/augustus/src/building/construction_routed.c -o /Users/chrissotraidis/GitHub/caesarpad/build/ios/build/augustus.build/Release-iphonesimulator/Objects-normal/arm64/construction_routed.o

CompileC /Users/chrissotraidis/GitHub/caesarpad/build/ios/build/augustus.build/Release-iphonesimulator/Objects-normal/arm64/construction_clear.o /Users/chrissotraidis/GitHub/caesarpad/engines/augustus/src/building/construction_clear.c normal arm64 c com.apple.compilers.llvm.clang.1_0.compiler (in target 'augustus' from project 'augustus')
    cd /Users/chrissotraidis/GitHub/caesarpad/engines/augustus

    Using response file: /Users/chrissotraidis/GitHub/caesarpad/build/ios/build/augustus.build/Release-iphonesimulator/Objects-normal/arm64/7187679823f38a2a940e0043cdf9d637-common-args.resp

    /Applications/Xcode.app/Contents/Developer/Toolchains/XcodeDefault.xctoolchain/usr/bin/clang -x c -ivfsstatcache /Users/chrissotraidis/GitHub/caesarpad/build/ios/DerivedData/SDKStatCaches.noindex/iphonesimulator26.5-23F81a-6cfe768891a92b912361537c460fe42b.sdkstatcache -target arm64-apple-ios14.0-simulator -fmessage-length\=0 -fdiagnostics-show-note-include-stack -fmacro-backtrace-limit\=0 -fno-color-diagnostics -Wno-trigraphs -Wno-missing-field-initializers -Wno-missing-prototypes -Wno-return-type -Wno-missing-braces -Wparentheses -Wswitch -Wno-unused-function -Wno-unused-label -Wno-unused-parameter -Wno-unused-variable -Wunused-value -Wno-empty-body -Wno-uninitialized -Wno-unknown-pragmas -Wno-shadow -Wno-four-char-constants -Wno-conversion -Wno-constant-conversion -Wno-int-conversion -Wno-bool-conversion -Wno-enum-conversion -Wno-float-conversion -Wno-non-literal-null-conversion -Wno-objc-literal-conversion -Wshorten-64-to-32 -Wpointer-sign -Wno-newline-eof -Wno-implicit-fallthrough -isysroot /Applications/Xcode.app/Contents/Developer/Platforms/iPhoneSimulator.platform/Developer/SDKs/iPhoneSimulator26.5.sdk -fstrict-aliasing -Wdeprecated-declarations -Wno-sign-conversion -Wno-infinite-recursion -Wno-comma -Wno-block-capture-autoreleasing -Wno-strict-prototypes -Wno-semicolon-before-method-body @/Users/chrissotraidis/GitHub/caesarpad/build/ios/build/augustus.build/Release-iphonesimulator/Objects-normal/arm64/7187679823f38a2a940e0043cdf9d637-common-args.resp -MMD -MT dependencies -MF /Users/chrissotraidis/GitHub/caesarpad/build/ios/build/augustus.build/Release-iphonesimulator/Objects-normal/arm64/construction_clear.d --serialize-diagnostics /Users/chrissotraidis/GitHub/caesarpad/build/ios/build/augustus.build/Release-iphonesimulator/Objects-normal/arm64/construction_clear.dia -c /Users/chrissotraidis/GitHub/caesarpad/engines/augustus/src/building/construction_clear.c -o /Users/chrissotraidis/GitHub/caesarpad/build/ios/build/augustus.build/Release-iphonesimulator/Objects-normal/arm64/construction_clear.o

CompileC /Users/chrissotraidis/GitHub/caesarpad/build/ios/build/augustus.build/Release-iphonesimulator/Objects-normal/arm64/console.o /Users/chrissotraidis/GitHub/caesarpad/engines/augustus/src/window/console.c normal arm64 c com.apple.compilers.llvm.clang.1_0.compiler (in target 'augustus' from project 'augustus')
    cd /Users/chrissotraidis/GitHub/caesarpad/engines/augustus

    Using response file: /Users/chrissotraidis/GitHub/caesarpad/build/ios/build/augustus.build/Release-iphonesimulator/Objects-normal/arm64/7187679823f38a2a940e0043cdf9d637-common-args.resp

    /Applications/Xcode.app/Contents/Developer/Toolchains/XcodeDefault.xctoolchain/usr/bin/clang -x c -ivfsstatcache /Users/chrissotraidis/GitHub/caesarpad/build/ios/DerivedData/SDKStatCaches.noindex/iphonesimulator26.5-23F81a-6cfe768891a92b912361537c460fe42b.sdkstatcache -target arm64-apple-ios14.0-simulator -fmessage-length\=0 -fdiagnostics-show-note-include-stack -fmacro-backtrace-limit\=0 -fno-color-diagnostics -Wno-trigraphs -Wno-missing-field-initializers -Wno-missing-prototypes -Wno-return-type -Wno-missing-braces -Wparentheses -Wswitch -Wno-unused-function -Wno-unused-label -Wno-unused-parameter -Wno-unused-variable -Wunused-value -Wno-empty-body -Wno-uninitialized -Wno-unknown-pragmas -Wno-shadow -Wno-four-char-constants -Wno-conversion -Wno-constant-conversion -Wno-int-conversion -Wno-bool-conversion -Wno-enum-conversion -Wno-float-conversion -Wno-non-literal-null-conversion -Wno-objc-literal-conversion -Wshorten-64-to-32 -Wpointer-sign -Wno-newline-eof -Wno-implicit-fallthrough -isysroot /Applications/Xcode.app/Contents/Developer/Platforms/iPhoneSimulator.platform/Developer/SDKs/iPhoneSimulator26.5.sdk -fstrict-aliasing -Wdeprecated-declarations -Wno-sign-conversion -Wno-infinite-recursion -Wno-comma -Wno-block-capture-autoreleasing -Wno-strict-prototypes -Wno-semicolon-before-method-body @/Users/chrissotraidis/GitHub/caesarpad/build/ios/build/augustus.build/Release-iphonesimulator/Objects-normal/arm64/7187679823f38a2a940e0043cdf9d637-common-args.resp -MMD -MT dependencies -MF /Users/chrissotraidis/GitHub/caesarpad/build/ios/build/augustus.build/Release-iphonesimulator/Objects-normal/arm64/console.d --serialize-diagnostics /Users/chrissotraidis/GitHub/caesarpad/build/ios/build/augustus.build/Release-iphonesimulator/Objects-normal/arm64/console.dia -c /Users/chrissotraidis/GitHub/caesarpad/engines/augustus/src/window/console.c -o /Users/chrissotraidis/GitHub/caesarpad/build/ios/build/augustus.build/Release-iphonesimulator/Objects-normal/arm64/console.o

CompileC /Users/chrissotraidis/GitHub/caesarpad/build/ios/build/augustus.build/Release-iphonesimulator/Objects-normal/arm64/config-370c2362cf643a22d6ad185bc5834d1e.o /Users/chrissotraidis/GitHub/caesarpad/engines/augustus/src/window/config.c normal arm64 c com.apple.compilers.llvm.clang.1_0.compiler (in target 'augustus' from project 'augustus')
    cd /Users/chrissotraidis/GitHub/caesarpad/engines/augustus

    Using response file: /Users/chrissotraidis/GitHub/caesarpad/build/ios/build/augustus.build/Release-iphonesimulator/Objects-normal/arm64/7187679823f38a2a940e0043cdf9d637-common-args.resp

    /Applications/Xcode.app/Contents/Developer/Toolchains/XcodeDefault.xctoolchain/usr/bin/clang -x c -ivfsstatcache /Users/chrissotraidis/GitHub/caesarpad/build/ios/DerivedData/SDKStatCaches.noindex/iphonesimulator26.5-23F81a-6cfe768891a92b912361537c460fe42b.sdkstatcache -target arm64-apple-ios14.0-simulator -fmessage-length\=0 -fdiagnostics-show-note-include-stack -fmacro-backtrace-limit\=0 -fno-color-diagnostics -Wno-trigraphs -Wno-missing-field-initializers -Wno-missing-prototypes -Wno-return-type -Wno-missing-braces -Wparentheses -Wswitch -Wno-unused-function -Wno-unused-label -Wno-unused-parameter -Wno-unused-variable -Wunused-value -Wno-empty-body -Wno-uninitialized -Wno-unknown-pragmas -Wno-shadow -Wno-four-char-constants -Wno-conversion -Wno-constant-conversion -Wno-int-conversion -Wno-bool-conversion -Wno-enum-conversion -Wno-float-conversion -Wno-non-literal-null-conversion -Wno-objc-literal-conversion -Wshorten-64-to-32 -Wpointer-sign -Wno-newline-eof -Wno-implicit-fallthrough -isysroot /Applications/Xcode.app/Contents/Developer/Platforms/iPhoneSimulator.platform/Developer/SDKs/iPhoneSimulator26.5.sdk -fstrict-aliasing -Wdeprecated-declarations -Wno-sign-conversion -Wno-infinite-recursion -Wno-comma -Wno-block-capture-autoreleasing -Wno-strict-prototypes -Wno-semicolon-before-method-body @/Users/chrissotraidis/GitHub/caesarpad/build/ios/build/augustus.build/Release-iphonesimulator/Objects-normal/arm64/7187679823f38a2a940e0043cdf9d637-common-args.resp -MMD -MT dependencies -MF /Users/chrissotraidis/GitHub/caesarpad/build/ios/build/augustus.build/Release-iphonesimulator/Objects-normal/arm64/config-370c2362cf643a22d6ad185bc5834d1e.d --serialize-diagnostics /Users/chrissotraidis/GitHub/caesarpad/build/ios/build/augustus.build/Release-iphonesimulator/Objects-normal/arm64/config-370c2362cf643a22d6ad185bc5834d1e.dia -c /Users/chrissotraidis/GitHub/caesarpad/engines/augustus/src/window/config.c -o /Users/chrissotraidis/GitHub/caesarpad/build/ios/build/augustus.build/Release-iphonesimulator/Objects-normal/arm64/config-370c2362cf643a22d6ad185bc5834d1e.o

CompileC /Users/chrissotraidis/GitHub/caesarpad/build/ios/build/augustus.build/Release-iphonesimulator/Objects-normal/arm64/complex_button.o /Users/chrissotraidis/GitHub/caesarpad/engines/augustus/src/graphics/complex_button.c normal arm64 c com.apple.compilers.llvm.clang.1_0.compiler (in target 'augustus' from project 'augustus')
    cd /Users/chrissotraidis/GitHub/caesarpad/engines/augustus

    Using response file: /Users/chrissotraidis/GitHub/caesarpad/build/ios/build/augustus.build/Release-iphonesimulator/Objects-normal/arm64/7187679823f38a2a940e0043cdf9d637-common-args.resp

    /Applications/Xcode.app/Contents/Developer/Toolchains/XcodeDefault.xctoolchain/usr/bin/clang -x c -ivfsstatcache /Users/chrissotraidis/GitHub/caesarpad/build/ios/DerivedData/SDKStatCaches.noindex/iphonesimulator26.5-23F81a-6cfe768891a92b912361537c460fe42b.sdkstatcache -target arm64-apple-ios14.0-simulator -fmessage-length\=0 -fdiagnostics-show-note-include-stack -fmacro-backtrace-limit\=0 -fno-color-diagnostics -Wno-trigraphs -Wno-missing-field-initializers -Wno-missing-prototypes -Wno-return-type -Wno-missing-braces -Wparentheses -Wswitch -Wno-unused-function -Wno-unused-label -Wno-unused-parameter -Wno-unused-variable -Wunused-value -Wno-empty-body -Wno-uninitialized -Wno-unknown-pragmas -Wno-shadow -Wno-four-char-constants -Wno-conversion -Wno-constant-conversion -Wno-int-conversion -Wno-bool-conversion -Wno-enum-conversion -Wno-float-conversion -Wno-non-literal-null-conversion -Wno-objc-literal-conversion -Wshorten-64-to-32 -Wpointer-sign -Wno-newline-eof -Wno-implicit-fallthrough -isysroot /Applications/Xcode.app/Contents/Developer/Platforms/iPhoneSimulator.platform/Developer/SDKs/iPhoneSimulator26.5.sdk -fstrict-aliasing -Wdeprecated-declarations -Wno-sign-conversion -Wno-infinite-recursion -Wno-comma -Wno-block-capture-autoreleasing -Wno-strict-prototypes -Wno-semicolon-before-method-body @/Users/chrissotraidis/GitHub/caesarpad/build/ios/build/augustus.build/Release-iphonesimulator/Objects-normal/arm64/7187679823f38a2a940e0043cdf9d637-common-args.resp -MMD -MT dependencies -MF /Users/chrissotraidis/GitHub/caesarpad/build/ios/build/augustus.build/Release-iphonesimulator/Objects-normal/arm64/complex_button.d --serialize-diagnostics /Users/chrissotraidis/GitHub/caesarpad/build/ios/build/augustus.build/Release-iphonesimulator/Objects-normal/arm64/complex_button.dia -c /Users/chrissotraidis/GitHub/caesarpad/engines/augustus/src/graphics/complex_button.c -o /Users/chrissotraidis/GitHub/caesarpad/build/ios/build/augustus.build/Release-iphonesimulator/Objects-normal/arm64/complex_button.o

CompileC /Users/chrissotraidis/GitHub/caesarpad/build/ios/build/augustus.build/Release-iphonesimulator/Objects-normal/arm64/common-f1c231b8045892cefd8a0b72c3c83faa.o /Users/chrissotraidis/GitHub/caesarpad/engines/augustus/src/widget/sidebar/common.c normal arm64 c com.apple.compilers.llvm.clang.1_0.compiler (in target 'augustus' from project 'augustus')
    cd /Users/chrissotraidis/GitHub/caesarpad/engines/augustus

    Using response file: /Users/chrissotraidis/GitHub/caesarpad/build/ios/build/augustus.build/Release-iphonesimulator/Objects-normal/arm64/7187679823f38a2a940e0043cdf9d637-common-args.resp

    /Applications/Xcode.app/Contents/Developer/Toolchains/XcodeDefault.xctoolchain/usr/bin/clang -x c -ivfsstatcache /Users/chrissotraidis/GitHub/caesarpad/build/ios/DerivedData/SDKStatCaches.noindex/iphonesimulator26.5-23F81a-6cfe768891a92b912361537c460fe42b.sdkstatcache -target arm64-apple-ios14.0-simulator -fmessage-length\=0 -fdiagnostics-show-note-include-stack -fmacro-backtrace-limit\=0 -fno-color-diagnostics -Wno-trigraphs -Wno-missing-field-initializers -Wno-missing-prototypes -Wno-return-type -Wno-missing-braces -Wparentheses -Wswitch -Wno-unused-function -Wno-unused-label -Wno-unused-parameter -Wno-unused-variable -Wunused-value -Wno-empty-body -Wno-uninitialized -Wno-unknown-pragmas -Wno-shadow -Wno-four-char-constants -Wno-conversion -Wno-constant-conversion -Wno-int-conversion -Wno-bool-conversion -Wno-enum-conversion -Wno-float-conversion -Wno-non-literal-null-conversion -Wno-objc-literal-conversion -Wshorten-64-to-32 -Wpointer-sign -Wno-newline-eof -Wno-implicit-fallthrough -isysroot /Applications/Xcode.app/Contents/Developer/Platforms/iPhoneSimulator.platform/Developer/SDKs/iPhoneSimulator26.5.sdk -fstrict-aliasing -Wdeprecated-declarations -Wno-sign-conversion -Wno-infinite-recursion -Wno-comma -Wno-block-capture-autoreleasing -Wno-strict-prototypes -Wno-semicolon-before-method-body @/Users/chrissotraidis/GitHub/caesarpad/build/ios/build/augustus.build/Release-iphonesimulator/Objects-normal/arm64/7187679823f38a2a940e0043cdf9d637-common-args.resp -MMD -MT dependencies -MF /Users/chrissotraidis/GitHub/caesarpad/build/ios/build/augustus.build/Release-iphonesimulator/Objects-normal/arm64/common-f1c231b8045892cefd8a0b72c3c83faa.d --serialize-diagnostics /Users/chrissotraidis/GitHub/caesarpad/build/ios/build/augustus.build/Release-iphonesimulator/Objects-normal/arm64/common-f1c231b8045892cefd8a0b72c3c83faa.dia -c /Users/chrissotraidis/GitHub/caesarpad/engines/augustus/src/widget/sidebar/common.c -o /Users/chrissotraidis/GitHub/caesarpad/build/ios/build/augustus.build/Release-iphonesimulator/Objects-normal/arm64/common-f1c231b8045892cefd8a0b72c3c83faa.o

CompileC /Users/chrissotraidis/GitHub/caesarpad/build/ios/build/augustus.build/Release-iphonesimulator/Objects-normal/arm64/common-aca2e23cbc866e92ace4d1949503e931.o /Users/chrissotraidis/GitHub/caesarpad/engines/augustus/src/window/building/common.c normal arm64 c com.apple.compilers.llvm.clang.1_0.compiler (in target 'augustus' from project 'augustus')
    cd /Users/chrissotraidis/GitHub/caesarpad/engines/augustus

    Using response file: /Users/chrissotraidis/GitHub/caesarpad/build/ios/build/augustus.build/Release-iphonesimulator/Objects-normal/arm64/7187679823f38a2a940e0043cdf9d637-common-args.resp

    /Applications/Xcode.app/Contents/Developer/Toolchains/XcodeDefault.xctoolchain/usr/bin/clang -x c -ivfsstatcache /Users/chrissotraidis/GitHub/caesarpad/build/ios/DerivedData/SDKStatCaches.noindex/iphonesimulator26.5-23F81a-6cfe768891a92b912361537c460fe42b.sdkstatcache -target arm64-apple-ios14.0-simulator -fmessage-length\=0 -fdiagnostics-show-note-include-stack -fmacro-backtrace-limit\=0 -fno-color-diagnostics -Wno-trigraphs -Wno-missing-field-initializers -Wno-missing-prototypes -Wno-return-type -Wno-missing-braces -Wparentheses -Wswitch -Wno-unused-function -Wno-unused-label -Wno-unused-parameter -Wno-unused-variable -Wunused-value -Wno-empty-body -Wno-uninitialized -Wno-unknown-pragmas -Wno-shadow -Wno-four-char-constants -Wno-conversion -Wno-constant-conversion -Wno-int-conversion -Wno-bool-conversion -Wno-enum-conversion -Wno-float-conversion -Wno-non-literal-null-conversion -Wno-objc-literal-conversion -Wshorten-64-to-32 -Wpointer-sign -Wno-newline-eof -Wno-implicit-fallthrough -isysroot /Applications/Xcode.app/Contents/Developer/Platforms/iPhoneSimulator.platform/Developer/SDKs/iPhoneSimulator26.5.sdk -fstrict-aliasing -Wdeprecated-declarations -Wno-sign-conversion -Wno-infinite-recursion -Wno-comma -Wno-block-capture-autoreleasing -Wno-strict-prototypes -Wno-semicolon-before-method-body @/Users/chrissotraidis/GitHub/caesarpad/build/ios/build/augustus.build/Release-iphonesimulator/Objects-normal/arm64/7187679823f38a2a940e0043cdf9d637-common-args.resp -MMD -MT dependencies -MF /Users/chrissotraidis/GitHub/caesarpad/build/ios/build/augustus.build/Release-iphonesimulator/Objects-normal/arm64/common-aca2e23cbc866e92ace4d1949503e931.d --serialize-diagnostics /Users/chrissotraidis/GitHub/caesarpad/build/ios/build/augustus.build/Release-iphonesimulator/Objects-normal/arm64/common-aca2e23cbc866e92ace4d1949503e931.dia -c /Users/chrissotraidis/GitHub/caesarpad/engines/augustus/src/window/building/common.c -o /Users/chrissotraidis/GitHub/caesarpad/build/ios/build/augustus.build/Release-iphonesimulator/Objects-normal/arm64/common-aca2e23cbc866e92ace4d1949503e931.o

CompileC /Users/chrissotraidis/GitHub/caesarpad/build/ios/build/augustus.build/Release-iphonesimulator/Objects-normal/arm64/city-f108e2a2f9bfab0368ba17bda1fe572e.o /Users/chrissotraidis/GitHub/caesarpad/engines/augustus/src/widget/sidebar/city.c normal arm64 c com.apple.compilers.llvm.clang.1_0.compiler (in target 'augustus' from project 'augustus')
    cd /Users/chrissotraidis/GitHub/caesarpad/engines/augustus

    Using response file: /Users/chrissotraidis/GitHub/caesarpad/build/ios/build/augustus.build/Release-iphonesimulator/Objects-normal/arm64/7187679823f38a2a940e0043cdf9d637-common-args.resp

    /Applications/Xcode.app/Contents/Developer/Toolchains/XcodeDefault.xctoolchain/usr/bin/clang -x c -ivfsstatcache /Users/chrissotraidis/GitHub/caesarpad/build/ios/DerivedData/SDKStatCaches.noindex/iphonesimulator26.5-23F81a-6cfe768891a92b912361537c460fe42b.sdkstatcache -target arm64-apple-ios14.0-simulator -fmessage-length\=0 -fdiagnostics-show-note-include-stack -fmacro-backtrace-limit\=0 -fno-color-diagnostics -Wno-trigraphs -Wno-missing-field-initializers -Wno-missing-prototypes -Wno-return-type -Wno-missing-braces -Wparentheses -Wswitch -Wno-unused-function -Wno-unused-label -Wno-unused-parameter -Wno-unused-variable -Wunused-value -Wno-empty-body -Wno-uninitialized -Wno-unknown-pragmas -Wno-shadow -Wno-four-char-constants -Wno-conversion -Wno-constant-conversion -Wno-int-conversion -Wno-bool-conversion -Wno-enum-conversion -Wno-float-conversion -Wno-non-literal-null-conversion -Wno-objc-literal-conversion -Wshorten-64-to-32 -Wpointer-sign -Wno-newline-eof -Wno-implicit-fallthrough -isysroot /Applications/Xcode.app/Contents/Developer/Platforms/iPhoneSimulator.platform/Developer/SDKs/iPhoneSimulator26.5.sdk -fstrict-aliasing -Wdeprecated-declarations -Wno-sign-conversion -Wno-infinite-recursion -Wno-comma -Wno-block-capture-autoreleasing -Wno-strict-prototypes -Wno-semicolon-before-method-body @/Users/chrissotraidis/GitHub/caesarpad/build/ios/build/augustus.build/Release-iphonesimulator/Objects-normal/arm64/7187679823f38a2a940e0043cdf9d637-common-args.resp -MMD -MT dependencies -MF /Users/chrissotraidis/GitHub/caesarpad/build/ios/build/augustus.build/Release-iphonesimulator/Objects-normal/arm64/city-f108e2a2f9bfab0368ba17bda1fe572e.d --serialize-diagnostics /Users/chrissotraidis/GitHub/caesarpad/build/ios/build/augustus.build/Release-iphonesimulator/Objects-normal/arm64/city-f108e2a2f9bfab0368ba17bda1fe572e.dia -c /Users/chrissotraidis/GitHub/caesarpad/engines/augustus/src/widget/sidebar/city.c -o /Users/chrissotraidis/GitHub/caesarpad/build/ios/build/augustus.build/Release-iphonesimulator/Objects-normal/arm64/city-f108e2a2f9bfab0368ba17bda1fe572e.o

CompileC /Users/chrissotraidis/GitHub/caesarpad/build/ios/build/augustus.build/Release-iphonesimulator/Objects-normal/arm64/city-d5e2d835add785d81553f754b726042a.o /Users/chrissotraidis/GitHub/caesarpad/engines/augustus/src/widget/city/city.c normal arm64 c com.apple.compilers.llvm.clang.1_0.compiler (in target 'augustus' from project 'augustus')
    cd /Users/chrissotraidis/GitHub/caesarpad/engines/augustus

    Using response file: /Users/chrissotraidis/GitHub/caesarpad/build/ios/build/augustus.build/Release-iphonesimulator/Objects-normal/arm64/7187679823f38a2a940e0043cdf9d637-common-args.resp

    /Applications/Xcode.app/Contents/Developer/Toolchains/XcodeDefault.xctoolchain/usr/bin/clang -x c -ivfsstatcache /Users/chrissotraidis/GitHub/caesarpad/build/ios/DerivedData/SDKStatCaches.noindex/iphonesimulator26.5-23F81a-6cfe768891a92b912361537c460fe42b.sdkstatcache -target arm64-apple-ios14.0-simulator -fmessage-length\=0 -fdiagnostics-show-note-include-stack -fmacro-backtrace-limit\=0 -fno-color-diagnostics -Wno-trigraphs -Wno-missing-field-initializers -Wno-missing-prototypes -Wno-return-type -Wno-missing-braces -Wparentheses -Wswitch -Wno-unused-function -Wno-unused-label -Wno-unused-parameter -Wno-unused-variable -Wunused-value -Wno-empty-body -Wno-uninitialized -Wno-unknown-pragmas -Wno-shadow -Wno-four-char-constants -Wno-conversion -Wno-constant-conversion -Wno-int-conversion -Wno-bool-conversion -Wno-enum-conversion -Wno-float-conversion -Wno-non-literal-null-conversion -Wno-objc-literal-conversion -Wshorten-64-to-32 -Wpointer-sign -Wno-newline-eof -Wno-implicit-fallthrough -isysroot /Applications/Xcode.app/Contents/Developer/Platforms/iPhoneSimulator.platform/Developer/SDKs/iPhoneSimulator26.5.sdk -fstrict-aliasing -Wdeprecated-declarations -Wno-sign-conversion -Wno-infinite-recursion -Wno-comma -Wno-block-capture-autoreleasing -Wno-strict-prototypes -Wno-semicolon-before-method-body @/Users/chrissotraidis/GitHub/caesarpad/build/ios/build/augustus.build/Release-iphonesimulator/Objects-normal/arm64/7187679823f38a2a940e0043cdf9d637-common-args.resp -MMD -MT dependencies -MF /Users/chrissotraidis/GitHub/caesarpad/build/ios/build/augustus.build/Release-iphonesimulator/Objects-normal/arm64/city-d5e2d835add785d81553f754b726042a.d --serialize-diagnostics /Users/chrissotraidis/GitHub/caesarpad/build/ios/build/augustus.build/Release-iphonesimulator/Objects-normal/arm64/city-d5e2d835add785d81553f754b726042a.dia -c /Users/chrissotraidis/GitHub/caesarpad/engines/augustus/src/widget/city/city.c -o /Users/chrissotraidis/GitHub/caesarpad/build/ios/build/augustus.build/Release-iphonesimulator/Objects-normal/arm64/city-d5e2d835add785d81553f754b726042a.o

CompileC /Users/chrissotraidis/GitHub/caesarpad/build/ios/build/augustus.build/Release-iphonesimulator/Objects-normal/arm64/city-c108ebe060815ebb419a419fb6d39c5d.o /Users/chrissotraidis/GitHub/caesarpad/engines/augustus/src/window/city.c normal arm64 c com.apple.compilers.llvm.clang.1_0.compiler (in target 'augustus' from project 'augustus')
    cd /Users/chrissotraidis/GitHub/caesarpad/engines/augustus

    Using response file: /Users/chrissotraidis/GitHub/caesarpad/build/ios/build/augustus.build/Release-iphonesimulator/Objects-normal/arm64/7187679823f38a2a940e0043cdf9d637-common-args.resp

    /Applications/Xcode.app/Contents/Developer/Toolchains/XcodeDefault.xctoolchain/usr/bin/clang -x c -ivfsstatcache /Users/chrissotraidis/GitHub/caesarpad/build/ios/DerivedData/SDKStatCaches.noindex/iphonesimulator26.5-23F81a-6cfe768891a92b912361537c460fe42b.sdkstatcache -target arm64-apple-ios14.0-simulator -fmessage-length\=0 -fdiagnostics-show-note-include-stack -fmacro-backtrace-limit\=0 -fno-color-diagnostics -Wno-trigraphs -Wno-missing-field-initializers -Wno-missing-prototypes -Wno-return-type -Wno-missing-braces -Wparentheses -Wswitch -Wno-unused-function -Wno-unused-label -Wno-unused-parameter -Wno-unused-variable -Wunused-value -Wno-empty-body -Wno-uninitialized -Wno-unknown-pragmas -Wno-shadow -Wno-four-char-constants -Wno-conversion -Wno-constant-conversion -Wno-int-conversion -Wno-bool-conversion -Wno-enum-conversion -Wno-float-conversion -Wno-non-literal-null-conversion -Wno-objc-literal-conversion -Wshorten-64-to-32 -Wpointer-sign -Wno-newline-eof -Wno-implicit-fallthrough -isysroot /Applications/Xcode.app/Contents/Developer/Platforms/iPhoneSimulator.platform/Developer/SDKs/iPhoneSimulator26.5.sdk -fstrict-aliasing -Wdeprecated-declarations -Wno-sign-conversion -Wno-infinite-recursion -Wno-comma -Wno-block-capture-autoreleasing -Wno-strict-prototypes -Wno-semicolon-before-method-body @/Users/chrissotraidis/GitHub/caesarpad/build/ios/build/augustus.build/Release-iphonesimulator/Objects-normal/arm64/7187679823f38a2a940e0043cdf9d637-common-args.resp -MMD -MT dependencies -MF /Users/chrissotraidis/GitHub/caesarpad/build/ios/build/augustus.build/Release-iphonesimulator/Objects-normal/arm64/city-c108ebe060815ebb419a419fb6d39c5d.d --serialize-diagnostics /Users/chrissotraidis/GitHub/caesarpad/build/ios/build/augustus.build/Release-iphonesimulator/Objects-normal/arm64/city-c108ebe060815ebb419a419fb6d39c5d.dia -c /Users/chrissotraidis/GitHub/caesarpad/engines/augustus/src/window/city.c -o /Users/chrissotraidis/GitHub/caesarpad/build/ios/build/augustus.build/Release-iphonesimulator/Objects-normal/arm64/city-c108ebe060815ebb419a419fb6d39c5d.o

CompileC /Users/chrissotraidis/GitHub/caesarpad/build/ios/build/augustus.build/Release-iphonesimulator/Objects-normal/arm64/city-aa6700a5b7ae0abe0d8bcd884a254cff.o /Users/chrissotraidis/GitHub/caesarpad/engines/augustus/src/sound/city.c normal arm64 c com.apple.compilers.llvm.clang.1_0.compiler (in target 'augustus' from project 'augustus')
    cd /Users/chrissotraidis/GitHub/caesarpad/engines/augustus

    Using response file: /Users/chrissotraidis/GitHub/caesarpad/build/ios/build/augustus.build/Release-iphonesimulator/Objects-normal/arm64/7187679823f38a2a940e0043cdf9d637-common-args.resp

    /Applications/Xcode.app/Contents/Developer/Toolchains/XcodeDefault.xctoolchain/usr/bin/clang -x c -ivfsstatcache /Users/chrissotraidis/GitHub/caesarpad/build/ios/DerivedData/SDKStatCaches.noindex/iphonesimulator26.5-23F81a-6cfe768891a92b912361537c460fe42b.sdkstatcache -target arm64-apple-ios14.0-simulator -fmessage-length\=0 -fdiagnostics-show-note-include-stack -fmacro-backtrace-limit\=0 -fno-color-diagnostics -Wno-trigraphs -Wno-missing-field-initializers -Wno-missing-prototypes -Wno-return-type -Wno-missing-braces -Wparentheses -Wswitch -Wno-unused-function -Wno-unused-label -Wno-unused-parameter -Wno-unused-variable -Wunused-value -Wno-empty-body -Wno-uninitialized -Wno-unknown-pragmas -Wno-shadow -Wno-four-char-constants -Wno-conversion -Wno-constant-conversion -Wno-int-conversion -Wno-bool-conversion -Wno-enum-conversion -Wno-float-conversion -Wno-non-literal-null-conversion -Wno-objc-literal-conversion -Wshorten-64-to-32 -Wpointer-sign -Wno-newline-eof -Wno-implicit-fallthrough -isysroot /Applications/Xcode.app/Contents/Developer/Platforms/iPhoneSimulator.platform/Developer/SDKs/iPhoneSimulator26.5.sdk -fstrict-aliasing -Wdeprecated-declarations -Wno-sign-conversion -Wno-infinite-recursion -Wno-comma -Wno-block-capture-autoreleasing -Wno-strict-prototypes -Wno-semicolon-before-method-body @/Users/chrissotraidis/GitHub/caesarpad/build/ios/build/augustus.build/Release-iphonesimulator/Objects-normal/arm64/7187679823f38a2a940e0043cdf9d637-common-args.resp -MMD -MT dependencies -MF /Users/chrissotraidis/GitHub/caesarpad/build/ios/build/augustus.build/Release-iphonesimulator/Objects-normal/arm64/city-aa6700a5b7ae0abe0d8bcd884a254cff.d --serialize-diagnostics /Users/chrissotraidis/GitHub/caesarpad/build/ios/build/augustus.build/Release-iphonesimulator/Objects-normal/arm64/city-aa6700a5b7ae0abe0d8bcd884a254cff.dia -c /Users/chrissotraidis/GitHub/caesarpad/engines/augustus/src/sound/city.c -o /Users/chrissotraidis/GitHub/caesarpad/build/ios/build/augustus.build/Release-iphonesimulator/Objects-normal/arm64/city-aa6700a5b7ae0abe0d8bcd884a254cff.o

CompileC /Users/chrissotraidis/GitHub/caesarpad/build/ios/build/augustus.build/Release-iphonesimulator/Objects-normal/arm64/chief.o /Users/chrissotraidis/GitHub/caesarpad/engines/augustus/src/window/advisor/chief.c normal arm64 c com.apple.compilers.llvm.clang.1_0.compiler (in target 'augustus' from project 'augustus')
    cd /Users/chrissotraidis/GitHub/caesarpad/engines/augustus

    Using response file: /Users/chrissotraidis/GitHub/caesarpad/build/ios/build/augustus.build/Release-iphonesimulator/Objects-normal/arm64/7187679823f38a2a940e0043cdf9d637-common-args.resp

    /Applications/Xcode.app/Contents/Developer/Toolchains/XcodeDefault.xctoolchain/usr/bin/clang -x c -ivfsstatcache /Users/chrissotraidis/GitHub/caesarpad/build/ios/DerivedData/SDKStatCaches.noindex/iphonesimulator26.5-23F81a-6cfe768891a92b912361537c460fe42b.sdkstatcache -target arm64-apple-ios14.0-simulator -fmessage-length\=0 -fdiagnostics-show-note-include-stack -fmacro-backtrace-limit\=0 -fno-color-diagnostics -Wno-trigraphs -Wno-missing-field-initializers -Wno-missing-prototypes -Wno-return-type -Wno-missing-braces -Wparentheses -Wswitch -Wno-unused-function -Wno-unused-label -Wno-unused-parameter -Wno-unused-variable -Wunused-value -Wno-empty-body -Wno-uninitialized -Wno-unknown-pragmas -Wno-shadow -Wno-four-char-constants -Wno-conversion -Wno-constant-conversion -Wno-int-conversion -Wno-bool-conversion -Wno-enum-conversion -Wno-float-conversion -Wno-non-literal-null-conversion -Wno-objc-literal-conversion -Wshorten-64-to-32 -Wpointer-sign -Wno-newline-eof -Wno-implicit-fallthrough -isysroot /Applications/Xcode.app/Contents/Developer/Platforms/iPhoneSimulator.platform/Developer/SDKs/iPhoneSimulator26.5.sdk -fstrict-aliasing -Wdeprecated-declarations -Wno-sign-conversion -Wno-infinite-recursion -Wno-comma -Wno-block-capture-autoreleasing -Wno-strict-prototypes -Wno-semicolon-before-method-body @/Users/chrissotraidis/GitHub/caesarpad/build/ios/build/augustus.build/Release-iphonesimulator/Objects-normal/arm64/7187679823f38a2a940e0043cdf9d637-common-args.resp -MMD -MT dependencies -MF /Users/chrissotraidis/GitHub/caesarpad/build/ios/build/augustus.build/Release-iphonesimulator/Objects-normal/arm64/chief.d --serialize-diagnostics /Users/chrissotraidis/GitHub/caesarpad/build/ios/build/augustus.build/Release-iphonesimulator/Objects-normal/arm64/chief.dia -c /Users/chrissotraidis/GitHub/caesarpad/engines/augustus/src/window/advisor/chief.c -o /Users/chrissotraidis/GitHub/caesarpad/build/ios/build/augustus.build/Release-iphonesimulator/Objects-normal/arm64/chief.o

CompileC /Users/chrissotraidis/GitHub/caesarpad/build/ios/build/augustus.build/Release-iphonesimulator/Objects-normal/arm64/cheats.o /Users/chrissotraidis/GitHub/caesarpad/engines/augustus/src/game/cheats.c normal arm64 c com.apple.compilers.llvm.clang.1_0.compiler (in target 'augustus' from project 'augustus')
    cd /Users/chrissotraidis/GitHub/caesarpad/engines/augustus

    Using response file: /Users/chrissotraidis/GitHub/caesarpad/build/ios/build/augustus.build/Release-iphonesimulator/Objects-normal/arm64/7187679823f38a2a940e0043cdf9d637-common-args.resp

    /Applications/Xcode.app/Contents/Developer/Toolchains/XcodeDefault.xctoolchain/usr/bin/clang -x c -ivfsstatcache /Users/chrissotraidis/GitHub/caesarpad/build/ios/DerivedData/SDKStatCaches.noindex/iphonesimulator26.5-23F81a-6cfe768891a92b912361537c460fe42b.sdkstatcache -target arm64-apple-ios14.0-simulator -fmessage-length\=0 -fdiagnostics-show-note-include-stack -fmacro-backtrace-limit\=0 -fno-color-diagnostics -Wno-trigraphs -Wno-missing-field-initializers -Wno-missing-prototypes -Wno-return-type -Wno-missing-braces -Wparentheses -Wswitch -Wno-unused-function -Wno-unused-label -Wno-unused-parameter -Wno-unused-variable -Wunused-value -Wno-empty-body -Wno-uninitialized -Wno-unknown-pragmas -Wno-shadow -Wno-four-char-constants -Wno-conversion -Wno-constant-conversion -Wno-int-conversion -Wno-bool-conversion -Wno-enum-conversion -Wno-float-conversion -Wno-non-literal-null-conversion -Wno-objc-literal-conversion -Wshorten-64-to-32 -Wpointer-sign -Wno-newline-eof -Wno-implicit-fallthrough -isysroot /Applications/Xcode.app/Contents/Developer/Platforms/iPhoneSimulator.platform/Developer/SDKs/iPhoneSimulator26.5.sdk -fstrict-aliasing -Wdeprecated-declarations -Wno-sign-conversion -Wno-infinite-recursion -Wno-comma -Wno-block-capture-autoreleasing -Wno-strict-prototypes -Wno-semicolon-before-method-body @/Users/chrissotraidis/GitHub/caesarpad/build/ios/build/augustus.build/Release-iphonesimulator/Objects-normal/arm64/7187679823f38a2a940e0043cdf9d637-common-args.resp -MMD -MT dependencies -MF /Users/chrissotraidis/GitHub/caesarpad/build/ios/build/augustus.build/Release-iphonesimulator/Objects-normal/arm64/cheats.d --serialize-diagnostics /Users/chrissotraidis/GitHub/caesarpad/build/ios/build/augustus.build/Release-iphonesimulator/Objects-normal/arm64/cheats.dia -c /Users/chrissotraidis/GitHub/caesarpad/engines/augustus/src/game/cheats.c -o /Users/chrissotraidis/GitHub/caesarpad/build/ios/build/augustus.build/Release-iphonesimulator/Objects-normal/arm64/cheats.o

CompileC /Users/chrissotraidis/GitHub/caesarpad/build/ios/build/augustus.build/Release-iphonesimulator/Objects-normal/arm64/cck_selection.o /Users/chrissotraidis/GitHub/caesarpad/engines/augustus/src/window/cck_selection.c normal arm64 c com.apple.compilers.llvm.clang.1_0.compiler (in target 'augustus' from project 'augustus')
    cd /Users/chrissotraidis/GitHub/caesarpad/engines/augustus

    Using response file: /Users/chrissotraidis/GitHub/caesarpad/build/ios/build/augustus.build/Release-iphonesimulator/Objects-normal/arm64/7187679823f38a2a940e0043cdf9d637-common-args.resp

    /Applications/Xcode.app/Contents/Developer/Toolchains/XcodeDefault.xctoolchain/usr/bin/clang -x c -ivfsstatcache /Users/chrissotraidis/GitHub/caesarpad/build/ios/DerivedData/SDKStatCaches.noindex/iphonesimulator26.5-23F81a-6cfe768891a92b912361537c460fe42b.sdkstatcache -target arm64-apple-ios14.0-simulator -fmessage-length\=0 -fdiagnostics-show-note-include-stack -fmacro-backtrace-limit\=0 -fno-color-diagnostics -Wno-trigraphs -Wno-missing-field-initializers -Wno-missing-prototypes -Wno-return-type -Wno-missing-braces -Wparentheses -Wswitch -Wno-unused-function -Wno-unused-label -Wno-unused-parameter -Wno-unused-variable -Wunused-value -Wno-empty-body -Wno-uninitialized -Wno-unknown-pragmas -Wno-shadow -Wno-four-char-constants -Wno-conversion -Wno-constant-conversion -Wno-int-conversion -Wno-bool-conversion -Wno-enum-conversion -Wno-float-conversion -Wno-non-literal-null-conversion -Wno-objc-literal-conversion -Wshorten-64-to-32 -Wpointer-sign -Wno-newline-eof -Wno-implicit-fallthrough -isysroot /Applications/Xcode.app/Contents/Developer/Platforms/iPhoneSimulator.platform/Developer/SDKs/iPhoneSimulator26.5.sdk -fstrict-aliasing -Wdeprecated-declarations -Wno-sign-conversion -Wno-infinite-recursion -Wno-comma -Wno-block-capture-autoreleasing -Wno-strict-prototypes -Wno-semicolon-before-method-body @/Users/chrissotraidis/GitHub/caesarpad/build/ios/build/augustus.build/Release-iphonesimulator/Objects-normal/arm64/7187679823f38a2a940e0043cdf9d637-common-args.resp -MMD -MT dependencies -MF /Users/chrissotraidis/GitHub/caesarpad/build/ios/build/augustus.build/Release-iphonesimulator/Objects-normal/arm64/cck_selection.d --serialize-diagnostics /Users/chrissotraidis/GitHub/caesarpad/build/ios/build/augustus.build/Release-iphonesimulator/Objects-normal/arm64/cck_selection.dia -c /Users/chrissotraidis/GitHub/caesarpad/engines/augustus/src/window/cck_selection.c -o /Users/chrissotraidis/GitHub/caesarpad/build/ios/build/augustus.build/Release-iphonesimulator/Objects-normal/arm64/cck_selection.o

CompileC /Users/chrissotraidis/GitHub/caesarpad/build/ios/build/augustus.build/Release-iphonesimulator/Objects-normal/arm64/building_info.o /Users/chrissotraidis/GitHub/caesarpad/engines/augustus/src/window/building_info.c normal arm64 c com.apple.compilers.llvm.clang.1_0.compiler (in target 'augustus' from project 'augustus')
    cd /Users/chrissotraidis/GitHub/caesarpad/engines/augustus

    Using response file: /Users/chrissotraidis/GitHub/caesarpad/build/ios/build/augustus.build/Release-iphonesimulator/Objects-normal/arm64/7187679823f38a2a940e0043cdf9d637-common-args.resp

    /Applications/Xcode.app/Contents/Developer/Toolchains/XcodeDefault.xctoolchain/usr/bin/clang -x c -ivfsstatcache /Users/chrissotraidis/GitHub/caesarpad/build/ios/DerivedData/SDKStatCaches.noindex/iphonesimulator26.5-23F81a-6cfe768891a92b912361537c460fe42b.sdkstatcache -target arm64-apple-ios14.0-simulator -fmessage-length\=0 -fdiagnostics-show-note-include-stack -fmacro-backtrace-limit\=0 -fno-color-diagnostics -Wno-trigraphs -Wno-missing-field-initializers -Wno-missing-prototypes -Wno-return-type -Wno-missing-braces -Wparentheses -Wswitch -Wno-unused-function -Wno-unused-label -Wno-unused-parameter -Wno-unused-variable -Wunused-value -Wno-empty-body -Wno-uninitialized -Wno-unknown-pragmas -Wno-shadow -Wno-four-char-constants -Wno-conversion -Wno-constant-conversion -Wno-int-conversion -Wno-bool-conversion -Wno-enum-conversion -Wno-float-conversion -Wno-non-literal-null-conversion -Wno-objc-literal-conversion -Wshorten-64-to-32 -Wpointer-sign -Wno-newline-eof -Wno-implicit-fallthrough -isysroot /Applications/Xcode.app/Contents/Developer/Platforms/iPhoneSimulator.platform/Developer/SDKs/iPhoneSimulator26.5.sdk -fstrict-aliasing -Wdeprecated-declarations -Wno-sign-conversion -Wno-infinite-recursion -Wno-comma -Wno-block-capture-autoreleasing -Wno-strict-prototypes -Wno-semicolon-before-method-body @/Users/chrissotraidis/GitHub/caesarpad/build/ios/build/augustus.build/Release-iphonesimulator/Objects-normal/arm64/7187679823f38a2a940e0043cdf9d637-common-args.resp -MMD -MT dependencies -MF /Users/chrissotraidis/GitHub/caesarpad/build/ios/build/augustus.build/Release-iphonesimulator/Objects-normal/arm64/building_info.d --serialize-diagnostics /Users/chrissotraidis/GitHub/caesarpad/build/ios/build/augustus.build/Release-iphonesimulator/Objects-normal/arm64/building_info.dia -c /Users/chrissotraidis/GitHub/caesarpad/engines/augustus/src/window/building_info.c -o /Users/chrissotraidis/GitHub/caesarpad/build/ios/build/augustus.build/Release-iphonesimulator/Objects-normal/arm64/building_info.o

CompileC /Users/chrissotraidis/GitHub/caesarpad/build/ios/build/augustus.build/Release-iphonesimulator/Objects-normal/arm64/building_ghost.o /Users/chrissotraidis/GitHub/caesarpad/engines/augustus/src/widget/city/building_ghost.c normal arm64 c com.apple.compilers.llvm.clang.1_0.compiler (in target 'augustus' from project 'augustus')
    cd /Users/chrissotraidis/GitHub/caesarpad/engines/augustus

    Using response file: /Users/chrissotraidis/GitHub/caesarpad/build/ios/build/augustus.build/Release-iphonesimulator/Objects-normal/arm64/7187679823f38a2a940e0043cdf9d637-common-args.resp

    /Applications/Xcode.app/Contents/Developer/Toolchains/XcodeDefault.xctoolchain/usr/bin/clang -x c -ivfsstatcache /Users/chrissotraidis/GitHub/caesarpad/build/ios/DerivedData/SDKStatCaches.noindex/iphonesimulator26.5-23F81a-6cfe768891a92b912361537c460fe42b.sdkstatcache -target arm64-apple-ios14.0-simulator -fmessage-length\=0 -fdiagnostics-show-note-include-stack -fmacro-backtrace-limit\=0 -fno-color-diagnostics -Wno-trigraphs -Wno-missing-field-initializers -Wno-missing-prototypes -Wno-return-type -Wno-missing-braces -Wparentheses -Wswitch -Wno-unused-function -Wno-unused-label -Wno-unused-parameter -Wno-unused-variable -Wunused-value -Wno-empty-body -Wno-uninitialized -Wno-unknown-pragmas -Wno-shadow -Wno-four-char-constants -Wno-conversion -Wno-constant-conversion -Wno-int-conversion -Wno-bool-conversion -Wno-enum-conversion -Wno-float-conversion -Wno-non-literal-null-conversion -Wno-objc-literal-conversion -Wshorten-64-to-32 -Wpointer-sign -Wno-newline-eof -Wno-implicit-fallthrough -isysroot /Applications/Xcode.app/Contents/Developer/Platforms/iPhoneSimulator.platform/Developer/SDKs/iPhoneSimulator26.5.sdk -fstrict-aliasing -Wdeprecated-declarations -Wno-sign-conversion -Wno-infinite-recursion -Wno-comma -Wno-block-capture-autoreleasing -Wno-strict-prototypes -Wno-semicolon-before-method-body @/Users/chrissotraidis/GitHub/caesarpad/build/ios/build/augustus.build/Release-iphonesimulator/Objects-normal/arm64/7187679823f38a2a940e0043cdf9d637-common-args.resp -MMD -MT dependencies -MF /Users/chrissotraidis/GitHub/caesarpad/build/ios/build/augustus.build/Release-iphonesimulator/Objects-normal/arm64/building_ghost.d --serialize-diagnostics /Users/chrissotraidis/GitHub/caesarpad/build/ios/build/augustus.build/Release-iphonesimulator/Objects-normal/arm64/building_ghost.dia -c /Users/chrissotraidis/GitHub/caesarpad/engines/augustus/src/widget/city/building_ghost.c -o /Users/chrissotraidis/GitHub/caesarpad/build/ios/build/augustus.build/Release-iphonesimulator/Objects-normal/arm64/building_ghost.o

CompileC /Users/chrissotraidis/GitHub/caesarpad/build/ios/build/augustus.build/Release-iphonesimulator/Objects-normal/arm64/build_menu-fab2542e2ec96ae02ea9f557b5bd2972.o /Users/chrissotraidis/GitHub/caesarpad/engines/augustus/src/window/build_menu.c normal arm64 c com.apple.compilers.llvm.clang.1_0.compiler (in target 'augustus' from project 'augustus')
    cd /Users/chrissotraidis/GitHub/caesarpad/engines/augustus

    Using response file: /Users/chrissotraidis/GitHub/caesarpad/build/ios/build/augustus.build/Release-iphonesimulator/Objects-normal/arm64/7187679823f38a2a940e0043cdf9d637-common-args.resp

    /Applications/Xcode.app/Contents/Developer/Toolchains/XcodeDefault.xctoolchain/usr/bin/clang -x c -ivfsstatcache /Users/chrissotraidis/GitHub/caesarpad/build/ios/DerivedData/SDKStatCaches.noindex/iphonesimulator26.5-23F81a-6cfe768891a92b912361537c460fe42b.sdkstatcache -target arm64-apple-ios14.0-simulator -fmessage-length\=0 -fdiagnostics-show-note-include-stack -fmacro-backtrace-limit\=0 -fno-color-diagnostics -Wno-trigraphs -Wno-missing-field-initializers -Wno-missing-prototypes -Wno-return-type -Wno-missing-braces -Wparentheses -Wswitch -Wno-unused-function -Wno-unused-label -Wno-unused-parameter -Wno-unused-variable -Wunused-value -Wno-empty-body -Wno-uninitialized -Wno-unknown-pragmas -Wno-shadow -Wno-four-char-constants -Wno-conversion -Wno-constant-conversion -Wno-int-conversion -Wno-bool-conversion -Wno-enum-conversion -Wno-float-conversion -Wno-non-literal-null-conversion -Wno-objc-literal-conversion -Wshorten-64-to-32 -Wpointer-sign -Wno-newline-eof -Wno-implicit-fallthrough -isysroot /Applications/Xcode.app/Contents/Developer/Platforms/iPhoneSimulator.platform/Developer/SDKs/iPhoneSimulator26.5.sdk -fstrict-aliasing -Wdeprecated-declarations -Wno-sign-conversion -Wno-infinite-recursion -Wno-comma -Wno-block-capture-autoreleasing -Wno-strict-prototypes -Wno-semicolon-before-method-body @/Users/chrissotraidis/GitHub/caesarpad/build/ios/build/augustus.build/Release-iphonesimulator/Objects-normal/arm64/7187679823f38a2a940e0043cdf9d637-common-args.resp -MMD -MT dependencies -MF /Users/chrissotraidis/GitHub/caesarpad/build/ios/build/augustus.build/Release-iphonesimulator/Objects-normal/arm64/build_menu-fab2542e2ec96ae02ea9f557b5bd2972.d --serialize-diagnostics /Users/chrissotraidis/GitHub/caesarpad/build/ios/build/augustus.build/Release-iphonesimulator/Objects-normal/arm64/build_menu-fab2542e2ec96ae02ea9f557b5bd2972.dia -c /Users/chrissotraidis/GitHub/caesarpad/engines/augustus/src/window/build_menu.c -o /Users/chrissotraidis/GitHub/caesarpad/build/ios/build/augustus.build/Release-iphonesimulator/Objects-normal/arm64/build_menu-fab2542e2ec96ae02ea9f557b5bd2972.o

CompileC /Users/chrissotraidis/GitHub/caesarpad/build/ios/build/augustus.build/Release-iphonesimulator/Objects-normal/arm64/build_menu-7e0d01d0f9261c53d24ca4f87965a7ab.o /Users/chrissotraidis/GitHub/caesarpad/engines/augustus/src/window/editor/build_menu.c normal arm64 c com.apple.compilers.llvm.clang.1_0.compiler (in target 'augustus' from project 'augustus')
    cd /Users/chrissotraidis/GitHub/caesarpad/engines/augustus

    Using response file: /Users/chrissotraidis/GitHub/caesarpad/build/ios/build/augustus.build/Release-iphonesimulator/Objects-normal/arm64/7187679823f38a2a940e0043cdf9d637-common-args.resp

    /Applications/Xcode.app/Contents/Developer/Toolchains/XcodeDefault.xctoolchain/usr/bin/clang -x c -ivfsstatcache /Users/chrissotraidis/GitHub/caesarpad/build/ios/DerivedData/SDKStatCaches.noindex/iphonesimulator26.5-23F81a-6cfe768891a92b912361537c460fe42b.sdkstatcache -target arm64-apple-ios14.0-simulator -fmessage-length\=0 -fdiagnostics-show-note-include-stack -fmacro-backtrace-limit\=0 -fno-color-diagnostics -Wno-trigraphs -Wno-missing-field-initializers -Wno-missing-prototypes -Wno-return-type -Wno-missing-braces -Wparentheses -Wswitch -Wno-unused-function -Wno-unused-label -Wno-unused-parameter -Wno-unused-variable -Wunused-value -Wno-empty-body -Wno-uninitialized -Wno-unknown-pragmas -Wno-shadow -Wno-four-char-constants -Wno-conversion -Wno-constant-conversion -Wno-int-conversion -Wno-bool-conversion -Wno-enum-conversion -Wno-float-conversion -Wno-non-literal-null-conversion -Wno-objc-literal-conversion -Wshorten-64-to-32 -Wpointer-sign -Wno-newline-eof -Wno-implicit-fallthrough -isysroot /Applications/Xcode.app/Contents/Developer/Platforms/iPhoneSimulator.platform/Developer/SDKs/iPhoneSimulator26.5.sdk -fstrict-aliasing -Wdeprecated-declarations -Wno-sign-conversion -Wno-infinite-recursion -Wno-comma -Wno-block-capture-autoreleasing -Wno-strict-prototypes -Wno-semicolon-before-method-body @/Users/chrissotraidis/GitHub/caesarpad/build/ios/build/augustus.build/Release-iphonesimulator/Objects-normal/arm64/7187679823f38a2a940e0043cdf9d637-common-args.resp -MMD -MT dependencies -MF /Users/chrissotraidis/GitHub/caesarpad/build/ios/build/augustus.build/Release-iphonesimulator/Objects-normal/arm64/build_menu-7e0d01d0f9261c53d24ca4f87965a7ab.d --serialize-diagnostics /Users/chrissotraidis/GitHub/caesarpad/build/ios/build/augustus.build/Release-iphonesimulator/Objects-normal/arm64/build_menu-7e0d01d0f9261c53d24ca4f87965a7ab.dia -c /Users/chrissotraidis/GitHub/caesarpad/engines/augustus/src/window/editor/build_menu.c -o /Users/chrissotraidis/GitHub/caesarpad/build/ios/build/augustus.build/Release-iphonesimulator/Objects-normal/arm64/build_menu-7e0d01d0f9261c53d24ca4f87965a7ab.o

CompileC /Users/chrissotraidis/GitHub/caesarpad/build/ios/build/augustus.build/Release-iphonesimulator/Objects-normal/arm64/augustus.o /Users/chrissotraidis/GitHub/caesarpad/engines/augustus/src/platform/SDL2/augustus.c normal arm64 c com.apple.compilers.llvm.clang.1_0.compiler (in target 'augustus' from project 'augustus')
    cd /Users/chrissotraidis/GitHub/caesarpad/engines/augustus

    Using response file: /Users/chrissotraidis/GitHub/caesarpad/build/ios/build/augustus.build/Release-iphonesimulator/Objects-normal/arm64/7187679823f38a2a940e0043cdf9d637-common-args.resp

    /Applications/Xcode.app/Contents/Developer/Toolchains/XcodeDefault.xctoolchain/usr/bin/clang -x c -ivfsstatcache /Users/chrissotraidis/GitHub/caesarpad/build/ios/DerivedData/SDKStatCaches.noindex/iphonesimulator26.5-23F81a-6cfe768891a92b912361537c460fe42b.sdkstatcache -target arm64-apple-ios14.0-simulator -fmessage-length\=0 -fdiagnostics-show-note-include-stack -fmacro-backtrace-limit\=0 -fno-color-diagnostics -Wno-trigraphs -Wno-missing-field-initializers -Wno-missing-prototypes -Wno-return-type -Wno-missing-braces -Wparentheses -Wswitch -Wno-unused-function -Wno-unused-label -Wno-unused-parameter -Wno-unused-variable -Wunused-value -Wno-empty-body -Wno-uninitialized -Wno-unknown-pragmas -Wno-shadow -Wno-four-char-constants -Wno-conversion -Wno-constant-conversion -Wno-int-conversion -Wno-bool-conversion -Wno-enum-conversion -Wno-float-conversion -Wno-non-literal-null-conversion -Wno-objc-literal-conversion -Wshorten-64-to-32 -Wpointer-sign -Wno-newline-eof -Wno-implicit-fallthrough -isysroot /Applications/Xcode.app/Contents/Developer/Platforms/iPhoneSimulator.platform/Developer/SDKs/iPhoneSimulator26.5.sdk -fstrict-aliasing -Wdeprecated-declarations -Wno-sign-conversion -Wno-infinite-recursion -Wno-comma -Wno-block-capture-autoreleasing -Wno-strict-prototypes -Wno-semicolon-before-method-body @/Users/chrissotraidis/GitHub/caesarpad/build/ios/build/augustus.build/Release-iphonesimulator/Objects-normal/arm64/7187679823f38a2a940e0043cdf9d637-common-args.resp -MMD -MT dependencies -MF /Users/chrissotraidis/GitHub/caesarpad/build/ios/build/augustus.build/Release-iphonesimulator/Objects-normal/arm64/augustus.d --serialize-diagnostics /Users/chrissotraidis/GitHub/caesarpad/build/ios/build/augustus.build/Release-iphonesimulator/Objects-normal/arm64/augustus.dia -c /Users/chrissotraidis/GitHub/caesarpad/engines/augustus/src/platform/SDL2/augustus.c -o /Users/chrissotraidis/GitHub/caesarpad/build/ios/build/augustus.build/Release-iphonesimulator/Objects-normal/arm64/augustus.o
/Users/chrissotraidis/GitHub/caesarpad/engines/augustus/src/platform/SDL2/augustus.c:161:30: warning: implicit conversion loses integer precision: 'uint64_t' (aka 'unsigned long long') to 'Uint32' (aka 'unsigned int') [-Wshorten-64-to-32]
  161 |     Uint32 time_after_draw = system_get_ticks();
      |            ~~~~~~~~~~~~~~~   ^~~~~~~~~~~~~~~~~~
/Users/chrissotraidis/GitHub/caesarpad/engines/augustus/src/platform/SDL2/augustus.c:560:15: warning: initializing 'char *' with an expression of type 'const char *' discards qualifiers [-Wincompatible-pointer-types-discards-qualifiers]
  560 |         char *base_path = ios_get_base_path();
      |               ^           ~~~~~~~~~~~~~~~~~~~
2 warnings generated.

CompileC /Users/chrissotraidis/GitHub/caesarpad/build/ios/build/augustus.build/Release-iphonesimulator/Objects-normal/arm64/attributes.o /Users/chrissotraidis/GitHub/caesarpad/engines/augustus/src/window/editor/attributes.c normal arm64 c com.apple.compilers.llvm.clang.1_0.compiler (in target 'augustus' from project 'augustus')
    cd /Users/chrissotraidis/GitHub/caesarpad/engines/augustus

    Using response file: /Users/chrissotraidis/GitHub/caesarpad/build/ios/build/augustus.build/Release-iphonesimulator/Objects-normal/arm64/7187679823f38a2a940e0043cdf9d637-common-args.resp

    /Applications/Xcode.app/Contents/Developer/Toolchains/XcodeDefault.xctoolchain/usr/bin/clang -x c -ivfsstatcache /Users/chrissotraidis/GitHub/caesarpad/build/ios/DerivedData/SDKStatCaches.noindex/iphonesimulator26.5-23F81a-6cfe768891a92b912361537c460fe42b.sdkstatcache -target arm64-apple-ios14.0-simulator -fmessage-length\=0 -fdiagnostics-show-note-include-stack -fmacro-backtrace-limit\=0 -fno-color-diagnostics -Wno-trigraphs -Wno-missing-field-initializers -Wno-missing-prototypes -Wno-return-type -Wno-missing-braces -Wparentheses -Wswitch -Wno-unused-function -Wno-unused-label -Wno-unused-parameter -Wno-unused-variable -Wunused-value -Wno-empty-body -Wno-uninitialized -Wno-unknown-pragmas -Wno-shadow -Wno-four-char-constants -Wno-conversion -Wno-constant-conversion -Wno-int-conversion -Wno-bool-conversion -Wno-enum-conversion -Wno-float-conversion -Wno-non-literal-null-conversion -Wno-objc-literal-conversion -Wshorten-64-to-32 -Wpointer-sign -Wno-newline-eof -Wno-implicit-fallthrough -isysroot /Applications/Xcode.app/Contents/Developer/Platforms/iPhoneSimulator.platform/Developer/SDKs/iPhoneSimulator26.5.sdk -fstrict-aliasing -Wdeprecated-declarations -Wno-sign-conversion -Wno-infinite-recursion -Wno-comma -Wno-block-capture-autoreleasing -Wno-strict-prototypes -Wno-semicolon-before-method-body @/Users/chrissotraidis/GitHub/caesarpad/build/ios/build/augustus.build/Release-iphonesimulator/Objects-normal/arm64/7187679823f38a2a940e0043cdf9d637-common-args.resp -MMD -MT dependencies -MF /Users/chrissotraidis/GitHub/caesarpad/build/ios/build/augustus.build/Release-iphonesimulator/Objects-normal/arm64/attributes.d --serialize-diagnostics /Users/chrissotraidis/GitHub/caesarpad/build/ios/build/augustus.build/Release-iphonesimulator/Objects-normal/arm64/attributes.dia -c /Users/chrissotraidis/GitHub/caesarpad/engines/augustus/src/window/editor/attributes.c -o /Users/chrissotraidis/GitHub/caesarpad/build/ios/build/augustus.build/Release-iphonesimulator/Objects-normal/arm64/attributes.o

CompileC /Users/chrissotraidis/GitHub/caesarpad/build/ios/build/augustus.build/Release-iphonesimulator/Objects-normal/arm64/asset_previewer.o /Users/chrissotraidis/GitHub/caesarpad/engines/augustus/src/window/asset_previewer.c normal arm64 c com.apple.compilers.llvm.clang.1_0.compiler (in target 'augustus' from project 'augustus')
    cd /Users/chrissotraidis/GitHub/caesarpad/engines/augustus

    Using response file: /Users/chrissotraidis/GitHub/caesarpad/build/ios/build/augustus.build/Release-iphonesimulator/Objects-normal/arm64/7187679823f38a2a940e0043cdf9d637-common-args.resp

    /Applications/Xcode.app/Contents/Developer/Toolchains/XcodeDefault.xctoolchain/usr/bin/clang -x c -ivfsstatcache /Users/chrissotraidis/GitHub/caesarpad/build/ios/DerivedData/SDKStatCaches.noindex/iphonesimulator26.5-23F81a-6cfe768891a92b912361537c460fe42b.sdkstatcache -target arm64-apple-ios14.0-simulator -fmessage-length\=0 -fdiagnostics-show-note-include-stack -fmacro-backtrace-limit\=0 -fno-color-diagnostics -Wno-trigraphs -Wno-missing-field-initializers -Wno-missing-prototypes -Wno-return-type -Wno-missing-braces -Wparentheses -Wswitch -Wno-unused-function -Wno-unused-label -Wno-unused-parameter -Wno-unused-variable -Wunused-value -Wno-empty-body -Wno-uninitialized -Wno-unknown-pragmas -Wno-shadow -Wno-four-char-constants -Wno-conversion -Wno-constant-conversion -Wno-int-conversion -Wno-bool-conversion -Wno-enum-conversion -Wno-float-conversion -Wno-non-literal-null-conversion -Wno-objc-literal-conversion -Wshorten-64-to-32 -Wpointer-sign -Wno-newline-eof -Wno-implicit-fallthrough -isysroot /Applications/Xcode.app/Contents/Developer/Platforms/iPhoneSimulator.platform/Developer/SDKs/iPhoneSimulator26.5.sdk -fstrict-aliasing -Wdeprecated-declarations -Wno-sign-conversion -Wno-infinite-recursion -Wno-comma -Wno-block-capture-autoreleasing -Wno-strict-prototypes -Wno-semicolon-before-method-body @/Users/chrissotraidis/GitHub/caesarpad/build/ios/build/augustus.build/Release-iphonesimulator/Objects-normal/arm64/7187679823f38a2a940e0043cdf9d637-common-args.resp -MMD -MT dependencies -MF /Users/chrissotraidis/GitHub/caesarpad/build/ios/build/augustus.build/Release-iphonesimulator/Objects-normal/arm64/asset_previewer.d --serialize-diagnostics /Users/chrissotraidis/GitHub/caesarpad/build/ios/build/augustus.build/Release-iphonesimulator/Objects-normal/arm64/asset_previewer.dia -c /Users/chrissotraidis/GitHub/caesarpad/engines/augustus/src/window/asset_previewer.c -o /Users/chrissotraidis/GitHub/caesarpad/build/ios/build/augustus.build/Release-iphonesimulator/Objects-normal/arm64/asset_previewer.o

CompileC /Users/chrissotraidis/GitHub/caesarpad/build/ios/build/augustus.build/Release-iphonesimulator/Objects-normal/arm64/arrow_button.o /Users/chrissotraidis/GitHub/caesarpad/engines/augustus/src/graphics/arrow_button.c normal arm64 c com.apple.compilers.llvm.clang.1_0.compiler (in target 'augustus' from project 'augustus')
    cd /Users/chrissotraidis/GitHub/caesarpad/engines/augustus

    Using response file: /Users/chrissotraidis/GitHub/caesarpad/build/ios/build/augustus.build/Release-iphonesimulator/Objects-normal/arm64/7187679823f38a2a940e0043cdf9d637-common-args.resp

    /Applications/Xcode.app/Contents/Developer/Toolchains/XcodeDefault.xctoolchain/usr/bin/clang -x c -ivfsstatcache /Users/chrissotraidis/GitHub/caesarpad/build/ios/DerivedData/SDKStatCaches.noindex/iphonesimulator26.5-23F81a-6cfe768891a92b912361537c460fe42b.sdkstatcache -target arm64-apple-ios14.0-simulator -fmessage-length\=0 -fdiagnostics-show-note-include-stack -fmacro-backtrace-limit\=0 -fno-color-diagnostics -Wno-trigraphs -Wno-missing-field-initializers -Wno-missing-prototypes -Wno-return-type -Wno-missing-braces -Wparentheses -Wswitch -Wno-unused-function -Wno-unused-label -Wno-unused-parameter -Wno-unused-variable -Wunused-value -Wno-empty-body -Wno-uninitialized -Wno-unknown-pragmas -Wno-shadow -Wno-four-char-constants -Wno-conversion -Wno-constant-conversion -Wno-int-conversion -Wno-bool-conversion -Wno-enum-conversion -Wno-float-conversion -Wno-non-literal-null-conversion -Wno-objc-literal-conversion -Wshorten-64-to-32 -Wpointer-sign -Wno-newline-eof -Wno-implicit-fallthrough -isysroot /Applications/Xcode.app/Contents/Developer/Platforms/iPhoneSimulator.platform/Developer/SDKs/iPhoneSimulator26.5.sdk -fstrict-aliasing -Wdeprecated-declarations -Wno-sign-conversion -Wno-infinite-recursion -Wno-comma -Wno-block-capture-autoreleasing -Wno-strict-prototypes -Wno-semicolon-before-method-body @/Users/chrissotraidis/GitHub/caesarpad/build/ios/build/augustus.build/Release-iphonesimulator/Objects-normal/arm64/7187679823f38a2a940e0043cdf9d637-common-args.resp -MMD -MT dependencies -MF /Users/chrissotraidis/GitHub/caesarpad/build/ios/build/augustus.build/Release-iphonesimulator/Objects-normal/arm64/arrow_button.d --serialize-diagnostics /Users/chrissotraidis/GitHub/caesarpad/build/ios/build/augustus.build/Release-iphonesimulator/Objects-normal/arm64/arrow_button.dia -c /Users/chrissotraidis/GitHub/caesarpad/engines/augustus/src/graphics/arrow_button.c -o /Users/chrissotraidis/GitHub/caesarpad/build/ios/build/augustus.build/Release-iphonesimulator/Objects-normal/arm64/arrow_button.o

CompileC /Users/chrissotraidis/GitHub/caesarpad/build/ios/build/augustus.build/Release-iphonesimulator/Objects-normal/arm64/animation-10f4cbb819d58b60a2b28e31ab2aa3e1.o /Users/chrissotraidis/GitHub/caesarpad/engines/augustus/src/game/animation.c normal arm64 c com.apple.compilers.llvm.clang.1_0.compiler (in target 'augustus' from project 'augustus')
    cd /Users/chrissotraidis/GitHub/caesarpad/engines/augustus

    Using response file: /Users/chrissotraidis/GitHub/caesarpad/build/ios/build/augustus.build/Release-iphonesimulator/Objects-normal/arm64/7187679823f38a2a940e0043cdf9d637-common-args.resp

    /Applications/Xcode.app/Contents/Developer/Toolchains/XcodeDefault.xctoolchain/usr/bin/clang -x c -ivfsstatcache /Users/chrissotraidis/GitHub/caesarpad/build/ios/DerivedData/SDKStatCaches.noindex/iphonesimulator26.5-23F81a-6cfe768891a92b912361537c460fe42b.sdkstatcache -target arm64-apple-ios14.0-simulator -fmessage-length\=0 -fdiagnostics-show-note-include-stack -fmacro-backtrace-limit\=0 -fno-color-diagnostics -Wno-trigraphs -Wno-missing-field-initializers -Wno-missing-prototypes -Wno-return-type -Wno-missing-braces -Wparentheses -Wswitch -Wno-unused-function -Wno-unused-label -Wno-unused-parameter -Wno-unused-variable -Wunused-value -Wno-empty-body -Wno-uninitialized -Wno-unknown-pragmas -Wno-shadow -Wno-four-char-constants -Wno-conversion -Wno-constant-conversion -Wno-int-conversion -Wno-bool-conversion -Wno-enum-conversion -Wno-float-conversion -Wno-non-literal-null-conversion -Wno-objc-literal-conversion -Wshorten-64-to-32 -Wpointer-sign -Wno-newline-eof -Wno-implicit-fallthrough -isysroot /Applications/Xcode.app/Contents/Developer/Platforms/iPhoneSimulator.platform/Developer/SDKs/iPhoneSimulator26.5.sdk -fstrict-aliasing -Wdeprecated-declarations -Wno-sign-conversion -Wno-infinite-recursion -Wno-comma -Wno-block-capture-autoreleasing -Wno-strict-prototypes -Wno-semicolon-before-method-body @/Users/chrissotraidis/GitHub/caesarpad/build/ios/build/augustus.build/Release-iphonesimulator/Objects-normal/arm64/7187679823f38a2a940e0043cdf9d637-common-args.resp -MMD -MT dependencies -MF /Users/chrissotraidis/GitHub/caesarpad/build/ios/build/augustus.build/Release-iphonesimulator/Objects-normal/arm64/animation-10f4cbb819d58b60a2b28e31ab2aa3e1.d --serialize-diagnostics /Users/chrissotraidis/GitHub/caesarpad/build/ios/build/augustus.build/Release-iphonesimulator/Objects-normal/arm64/animation-10f4cbb819d58b60a2b28e31ab2aa3e1.dia -c /Users/chrissotraidis/GitHub/caesarpad/engines/augustus/src/game/animation.c -o /Users/chrissotraidis/GitHub/caesarpad/build/ios/build/augustus.build/Release-iphonesimulator/Objects-normal/arm64/animation-10f4cbb819d58b60a2b28e31ab2aa3e1.o

CompileC /Users/chrissotraidis/GitHub/caesarpad/build/ios/build/augustus.build/Release-iphonesimulator/Objects-normal/arm64/allowed_buildings.o /Users/chrissotraidis/GitHub/caesarpad/engines/augustus/src/window/editor/allowed_buildings.c normal arm64 c com.apple.compilers.llvm.clang.1_0.compiler (in target 'augustus' from project 'augustus')
    cd /Users/chrissotraidis/GitHub/caesarpad/engines/augustus

    Using response file: /Users/chrissotraidis/GitHub/caesarpad/build/ios/build/augustus.build/Release-iphonesimulator/Objects-normal/arm64/7187679823f38a2a940e0043cdf9d637-common-args.resp

    /Applications/Xcode.app/Contents/Developer/Toolchains/XcodeDefault.xctoolchain/usr/bin/clang -x c -ivfsstatcache /Users/chrissotraidis/GitHub/caesarpad/build/ios/DerivedData/SDKStatCaches.noindex/iphonesimulator26.5-23F81a-6cfe768891a92b912361537c460fe42b.sdkstatcache -target arm64-apple-ios14.0-simulator -fmessage-length\=0 -fdiagnostics-show-note-include-stack -fmacro-backtrace-limit\=0 -fno-color-diagnostics -Wno-trigraphs -Wno-missing-field-initializers -Wno-missing-prototypes -Wno-return-type -Wno-missing-braces -Wparentheses -Wswitch -Wno-unused-function -Wno-unused-label -Wno-unused-parameter -Wno-unused-variable -Wunused-value -Wno-empty-body -Wno-uninitialized -Wno-unknown-pragmas -Wno-shadow -Wno-four-char-constants -Wno-conversion -Wno-constant-conversion -Wno-int-conversion -Wno-bool-conversion -Wno-enum-conversion -Wno-float-conversion -Wno-non-literal-null-conversion -Wno-objc-literal-conversion -Wshorten-64-to-32 -Wpointer-sign -Wno-newline-eof -Wno-implicit-fallthrough -isysroot /Applications/Xcode.app/Contents/Developer/Platforms/iPhoneSimulator.platform/Developer/SDKs/iPhoneSimulator26.5.sdk -fstrict-aliasing -Wdeprecated-declarations -Wno-sign-conversion -Wno-infinite-recursion -Wno-comma -Wno-block-capture-autoreleasing -Wno-strict-prototypes -Wno-semicolon-before-method-body @/Users/chrissotraidis/GitHub/caesarpad/build/ios/build/augustus.build/Release-iphonesimulator/Objects-normal/arm64/7187679823f38a2a940e0043cdf9d637-common-args.resp -MMD -MT dependencies -MF /Users/chrissotraidis/GitHub/caesarpad/build/ios/build/augustus.build/Release-iphonesimulator/Objects-normal/arm64/allowed_buildings.d --serialize-diagnostics /Users/chrissotraidis/GitHub/caesarpad/build/ios/build/augustus.build/Release-iphonesimulator/Objects-normal/arm64/allowed_buildings.dia -c /Users/chrissotraidis/GitHub/caesarpad/engines/augustus/src/window/editor/allowed_buildings.c -o /Users/chrissotraidis/GitHub/caesarpad/build/ios/build/augustus.build/Release-iphonesimulator/Objects-normal/arm64/allowed_buildings.o

CompileC /Users/chrissotraidis/GitHub/caesarpad/build/ios/build/augustus.build/Release-iphonesimulator/Objects-normal/arm64/advisors.o /Users/chrissotraidis/GitHub/caesarpad/engines/augustus/src/window/advisors.c normal arm64 c com.apple.compilers.llvm.clang.1_0.compiler (in target 'augustus' from project 'augustus')
    cd /Users/chrissotraidis/GitHub/caesarpad/engines/augustus

    Using response file: /Users/chrissotraidis/GitHub/caesarpad/build/ios/build/augustus.build/Release-iphonesimulator/Objects-normal/arm64/7187679823f38a2a940e0043cdf9d637-common-args.resp

    /Applications/Xcode.app/Contents/Developer/Toolchains/XcodeDefault.xctoolchain/usr/bin/clang -x c -ivfsstatcache /Users/chrissotraidis/GitHub/caesarpad/build/ios/DerivedData/SDKStatCaches.noindex/iphonesimulator26.5-23F81a-6cfe768891a92b912361537c460fe42b.sdkstatcache -target arm64-apple-ios14.0-simulator -fmessage-length\=0 -fdiagnostics-show-note-include-stack -fmacro-backtrace-limit\=0 -fno-color-diagnostics -Wno-trigraphs -Wno-missing-field-initializers -Wno-missing-prototypes -Wno-return-type -Wno-missing-braces -Wparentheses -Wswitch -Wno-unused-function -Wno-unused-label -Wno-unused-parameter -Wno-unused-variable -Wunused-value -Wno-empty-body -Wno-uninitialized -Wno-unknown-pragmas -Wno-shadow -Wno-four-char-constants -Wno-conversion -Wno-constant-conversion -Wno-int-conversion -Wno-bool-conversion -Wno-enum-conversion -Wno-float-conversion -Wno-non-literal-null-conversion -Wno-objc-literal-conversion -Wshorten-64-to-32 -Wpointer-sign -Wno-newline-eof -Wno-implicit-fallthrough -isysroot /Applications/Xcode.app/Contents/Developer/Platforms/iPhoneSimulator.platform/Developer/SDKs/iPhoneSimulator26.5.sdk -fstrict-aliasing -Wdeprecated-declarations -Wno-sign-conversion -Wno-infinite-recursion -Wno-comma -Wno-block-capture-autoreleasing -Wno-strict-prototypes -Wno-semicolon-before-method-body @/Users/chrissotraidis/GitHub/caesarpad/build/ios/build/augustus.build/Release-iphonesimulator/Objects-normal/arm64/7187679823f38a2a940e0043cdf9d637-common-args.resp -MMD -MT dependencies -MF /Users/chrissotraidis/GitHub/caesarpad/build/ios/build/augustus.build/Release-iphonesimulator/Objects-normal/arm64/advisors.d --serialize-diagnostics /Users/chrissotraidis/GitHub/caesarpad/build/ios/build/augustus.build/Release-iphonesimulator/Objects-normal/arm64/advisors.dia -c /Users/chrissotraidis/GitHub/caesarpad/engines/augustus/src/window/advisors.c -o /Users/chrissotraidis/GitHub/caesarpad/build/ios/build/augustus.build/Release-iphonesimulator/Objects-normal/arm64/advisors.o

Ld /Users/chrissotraidis/GitHub/caesarpad/build/ios/Release-iphonesimulator/augustus.app/augustus normal (in target 'augustus' from project 'augustus')
    cd /Users/chrissotraidis/GitHub/caesarpad/engines/augustus
    /Applications/Xcode.app/Contents/Developer/Toolchains/XcodeDefault.xctoolchain/usr/bin/clang -Xlinker -reproducible -target arm64-apple-ios14.0-simulator -isysroot /Applications/Xcode.app/Contents/Developer/Platforms/iPhoneSimulator.platform/Developer/SDKs/iPhoneSimulator26.5.sdk -O3 -L/Users/chrissotraidis/GitHub/caesarpad/build/ios/build/EagerLinkingTBDs/Release-iphonesimulator -L/Users/chrissotraidis/GitHub/caesarpad/build/ios/Release-iphonesimulator -F/Users/chrissotraidis/GitHub/caesarpad/build/ios/build/EagerLinkingTBDs/Release-iphonesimulator -F/Users/chrissotraidis/GitHub/caesarpad/build/ios/Release-iphonesimulator -filelist /Users/chrissotraidis/GitHub/caesarpad/build/ios/build/augustus.build/Release-iphonesimulator/Objects-normal/arm64/augustus.LinkFileList -Xlinker -dead_strip -Xlinker -objc_abi_version -Xlinker 2 -Xlinker -dependency_info -Xlinker /Users/chrissotraidis/GitHub/caesarpad/build/ios/build/augustus.build/Release-iphonesimulator/Objects-normal/arm64/augustus_dependency_info.dat -fobjc-link-runtime -Wl,-framework,UniformTypeIdentifiers -Wl,-search_paths_first -Wl,-headerpad_max_install_names /Users/chrissotraidis/GitHub/caesarpad/build/ios/ext/SDL2/SDL2/Release-iphonesimulator/libSDL2main.a /Users/chrissotraidis/GitHub/caesarpad/build/ios/ext/SDL2/SDL2_mixer/Release-iphonesimulator/libSDL2_mixer.a /Users/chrissotraidis/GitHub/caesarpad/build/ios/ext/SDL2/SDL2/Release-iphonesimulator/libSDL2.a -lm -lpthread -framework CoreVideo -framework CoreAudio -framework AudioToolbox -framework AVFoundation -framework CoreBluetooth -framework CoreGraphics -framework Coremotion -framework Foundation -Xlinker -weak_framework -Xlinker GameController -framework Metal -framework OpenGLES -framework QuartzCore -framework UIKit -Xlinker -weak_framework -Xlinker CoreHaptics -o /Users/chrissotraidis/GitHub/caesarpad/build/ios/Release-iphonesimulator/augustus.app/augustus
/Users/chrissotraidis/GitHub/caesarpad/build/ios/augustus.xcodeproj: augustus: ld: warning: reducing alignment of section __DATA,__common from 0x8000 to 0x4000 because it exceeds segment maximum alignment

note: Run script build phase 'Generate CMakeFiles/ZERO_CHECK' will be run during every build because the option to run the script phase "Based on dependency analysis" is unchecked. (in target 'ZERO_CHECK' from project 'augustus')
** BUILD SUCCEEDED **

Built /Users/chrissotraidis/GitHub/caesarpad/build/ios/Release-iphonesimulator/augustus.app
Monitoring boot status for iPad Pro 11-inch (M4) (08636791-2675-4675-8335-EF72EF954DCF).
Device already booted, nothing to do.

Injected 602 files into /Users/chrissotraidis/Library/Developer/CoreSimulator/Devices/08636791-2675-4675-8335-EF72EF954DCF/data/Containers/Data/Application/C7AD9B1B-3B96-4D20-9C3A-3A190C362A11/Documents/C3
PASS: 350 ms stationary hold maps once to engine long-press right-click
PASS: moved touch does not map to long-press right-click
PASS: release timestamp preserves completed long-press
PASS: consumed two-finger right-click cannot leak a later single tap
-- Configuring done (0.1s)
-- Generating done (0.0s)
-- Build files have been written to: /Users/chrissotraidis/GitHub/caesarpad/build/ui-tests
Command line invocation:
    /Applications/Xcode.app/Contents/Developer/usr/bin/xcodebuild -project /Users/chrissotraidis/GitHub/caesarpad/build/ui-tests/CaesarPadUITestHarness.xcodeproj -scheme CaesarPadUITests -configuration Debug -sdk iphonesimulator -derivedDataPath /Users/chrissotraidis/GitHub/caesarpad/build/ui-tests/DerivedData clean

Build settings from command line:
    SDKROOT = iphonesimulator26.5

--- xcodebuild: WARNING: Using the first of multiple matching destinations:
{ platform:iOS Simulator, id:dvtdevice-DVTiOSDeviceSimulatorPlaceholder-iphonesimulator:placeholder, name:Any iOS Simulator Device }
{ platform:iOS Simulator, arch:arm64, id:4B500075-51AB-45B2-BF38-F325507BB905, OS:26.5, name:DaggerPad iPad Pro M2 }
{ platform:iOS Simulator, arch:arm64, id:48B29BDF-DA77-48A2-85F0-5AADFBC4B563, OS:26.5, name:DaggerPad iPad Pro M2 Clean }
{ platform:iOS Simulator, arch:arm64, id:99B296D5-8819-4637-8C62-347E1F49B85F, OS:18.5, name:DaggerPad iPad Pro M2 iOS 18.5 }
{ platform:iOS Simulator, arch:x86_64, id:99B296D5-8819-4637-8C62-347E1F49B85F, OS:18.5, name:DaggerPad iPad Pro M2 iOS 18.5 }
{ platform:iOS Simulator, arch:arm64, id:0309932A-BD06-4561-B889-B4576C42BC22, OS:18.5, name:iPad (A16) }
{ platform:iOS Simulator, arch:x86_64, id:0309932A-BD06-4561-B889-B4576C42BC22, OS:18.5, name:iPad (A16) }
{ platform:iOS Simulator, arch:arm64, id:5C2FD444-A69E-4EF0-83A5-5EDB579015C8, OS:26.5, name:iPad (A16) }
{ platform:iOS Simulator, arch:arm64, id:9C4B6D74-7B8D-4DBC-93E7-5590E45539A8, OS:18.5, name:iPad Air 11-inch (M3) }
{ platform:iOS Simulator, arch:x86_64, id:9C4B6D74-7B8D-4DBC-93E7-5590E45539A8, OS:18.5, name:iPad Air 11-inch (M3) }
{ platform:iOS Simulator, arch:arm64, id:D5BFE5D2-C276-4F9A-B3C1-305C256BED0D, OS:26.5, name:iPad Air 11-inch (M4) }
{ platform:iOS Simulator, arch:arm64, id:EEF37AFD-88A6-44DB-9631-57E00476704F, OS:18.5, name:iPad Air 13-inch (M3) }
{ platform:iOS Simulator, arch:x86_64, id:EEF37AFD-88A6-44DB-9631-57E00476704F, OS:18.5, name:iPad Air 13-inch (M3) }
{ platform:iOS Simulator, arch:arm64, id:151160FE-3DA5-4725-A719-79CCC50EB4AA, OS:26.5, name:iPad Air 13-inch (M4) }
{ platform:iOS Simulator, arch:arm64, id:08636791-2675-4675-8335-EF72EF954DCF, OS:18.5, name:iPad Pro 11-inch (M4) }
{ platform:iOS Simulator, arch:x86_64, id:08636791-2675-4675-8335-EF72EF954DCF, OS:18.5, name:iPad Pro 11-inch (M4) }
{ platform:iOS Simulator, arch:arm64, id:DE8E956F-6B29-4FF3-AF4A-77034CE8588A, OS:26.5, name:iPad Pro 11-inch (M5) }
{ platform:iOS Simulator, arch:arm64, id:02BFE363-AA20-48BD-BBE0-7DBEB4AD8713, OS:18.5, name:iPad Pro 13-inch (M4) }
{ platform:iOS Simulator, arch:x86_64, id:02BFE363-AA20-48BD-BBE0-7DBEB4AD8713, OS:18.5, name:iPad Pro 13-inch (M4) }
{ platform:iOS Simulator, arch:arm64, id:68016FEA-1887-4E05-A7F4-B26EC8572B8A, OS:26.5, name:iPad Pro 13-inch (M5) }
{ platform:iOS Simulator, arch:arm64, id:7D8C148F-3B11-43B3-A032-0D6DBE40C366, OS:18.5, name:iPad mini (A17 Pro) }
{ platform:iOS Simulator, arch:x86_64, id:7D8C148F-3B11-43B3-A032-0D6DBE40C366, OS:18.5, name:iPad mini (A17 Pro) }
{ platform:iOS Simulator, arch:arm64, id:6F31C8CB-2FEE-4258-AD75-C672BB4AB3BA, OS:26.5, name:iPad mini (A17 Pro) }
CreateBuildRequest

SendProjectDescription

CreateBuildOperation

** CLEAN SUCCEEDED **

Command line invocation:
    /Applications/Xcode.app/Contents/Developer/usr/bin/xcodebuild -project /Users/chrissotraidis/GitHub/caesarpad/build/ui-tests/CaesarPadUITestHarness.xcodeproj -scheme CaesarPadUITests -configuration Debug -sdk iphonesimulator -destination "platform=iOS Simulator,id=08636791-2675-4675-8335-EF72EF954DCF" -derivedDataPath /Users/chrissotraidis/GitHub/caesarpad/build/ui-tests/DerivedData -resultBundlePath /Users/chrissotraidis/GitHub/caesarpad/artifacts/g7/playable-20260726-173036.xcresult CODE_SIGN_IDENTITY= CODE_SIGNING_REQUIRED=NO CODE_SIGNING_ALLOWED=NO "-only-testing:CaesarPadUITests/CaesarPadUITests/testPlayableMissionFlow" test

Build settings from command line:
    CODE_SIGN_IDENTITY =
    CODE_SIGNING_ALLOWED = NO
    CODE_SIGNING_REQUIRED = NO
    SDKROOT = iphonesimulator26.5

Writing result bundle at path:
	/Users/chrissotraidis/GitHub/caesarpad/artifacts/g7/playable-20260726-173036.xcresult

--- xcodebuild: WARNING: Using the first of multiple matching destinations:
{ platform:iOS Simulator, arch:arm64, id:08636791-2675-4675-8335-EF72EF954DCF, OS:18.5, name:iPad Pro 11-inch (M4) }
{ platform:iOS Simulator, arch:x86_64, id:08636791-2675-4675-8335-EF72EF954DCF, OS:18.5, name:iPad Pro 11-inch (M4) }
note: Using codesigning identity override:
ComputePackagePrebuildTargetDependencyGraph

CreateBuildRequest

SendProjectDescription

CreateBuildOperation

ComputeTargetDependencyGraph
note: Building targets in dependency order
note: Target dependency graph (3 targets)
    Target 'CaesarPadUITests' in project 'CaesarPadUITestHarness'
        ➜ Explicit dependency on target 'CaesarPadTestHost' in project 'CaesarPadUITestHarness'
        ➜ Explicit dependency on target 'ZERO_CHECK' in project 'CaesarPadUITestHarness'
    Target 'CaesarPadTestHost' in project 'CaesarPadUITestHarness'
        ➜ Explicit dependency on target 'ZERO_CHECK' in project 'CaesarPadUITestHarness'
    Target 'ZERO_CHECK' in project 'CaesarPadUITestHarness' (no dependencies)

GatherProvisioningInputs

CreateBuildDescription

ExecuteExternalTool /Applications/Xcode.app/Contents/Developer/Toolchains/XcodeDefault.xctoolchain/usr/bin/clang -v -E -dM -isysroot /Applications/Xcode.app/Contents/Developer/Platforms/iPhoneSimulator.platform/Developer/SDKs/iPhoneSimulator26.5.sdk -x c -c /dev/null

ExecuteExternalTool /Applications/Xcode.app/Contents/Developer/Toolchains/XcodeDefault.xctoolchain/usr/bin/swiftc --version

ExecuteExternalTool /Applications/Xcode.app/Contents/Developer/Toolchains/XcodeDefault.xctoolchain/usr/bin/ld -version_details

Build description signature: 2f40ef7762cc02d9abe39ec81fdce6bd
Build description path: /Users/chrissotraidis/GitHub/caesarpad/build/ui-tests/build/XCBuildData/2f40ef7762cc02d9abe39ec81fdce6bd.xcbuilddata
ClangStatCache /Applications/Xcode.app/Contents/Developer/Toolchains/XcodeDefault.xctoolchain/usr/bin/clang-stat-cache /Applications/Xcode.app/Contents/Developer/Platforms/iPhoneSimulator.platform/Developer/SDKs/iPhoneSimulator26.5.sdk /Users/chrissotraidis/GitHub/caesarpad/build/ui-tests/DerivedData/SDKStatCaches.noindex/iphonesimulator26.5-23F81a-6cfe768891a92b912361537c460fe42b.sdkstatcache
    cd /Users/chrissotraidis/GitHub/caesarpad/build/ui-tests/CaesarPadUITestHarness.xcodeproj
    /Applications/Xcode.app/Contents/Developer/Toolchains/XcodeDefault.xctoolchain/usr/bin/clang-stat-cache /Applications/Xcode.app/Contents/Developer/Platforms/iPhoneSimulator.platform/Developer/SDKs/iPhoneSimulator26.5.sdk -o /Users/chrissotraidis/GitHub/caesarpad/build/ui-tests/DerivedData/SDKStatCaches.noindex/iphonesimulator26.5-23F81a-6cfe768891a92b912361537c460fe42b.sdkstatcache

CreateBuildDirectory /Users/chrissotraidis/GitHub/caesarpad/build/ui-tests/build
    cd /Users/chrissotraidis/GitHub/caesarpad/build/ui-tests/CaesarPadUITestHarness.xcodeproj
    builtin-create-build-directory /Users/chrissotraidis/GitHub/caesarpad/build/ui-tests/build

CreateBuildDirectory /Users/chrissotraidis/GitHub/caesarpad/build/ui-tests/Debug-iphonesimulator
    cd /Users/chrissotraidis/GitHub/caesarpad/build/ui-tests/CaesarPadUITestHarness.xcodeproj
    builtin-create-build-directory /Users/chrissotraidis/GitHub/caesarpad/build/ui-tests/Debug-iphonesimulator

CreateBuildDirectory /Users/chrissotraidis/GitHub/caesarpad/build/ui-tests/build/SwiftExplicitPrecompiledModules
    cd /Users/chrissotraidis/GitHub/caesarpad/build/ui-tests/CaesarPadUITestHarness.xcodeproj
    builtin-create-build-directory /Users/chrissotraidis/GitHub/caesarpad/build/ui-tests/build/SwiftExplicitPrecompiledModules

CreateBuildDirectory /Users/chrissotraidis/GitHub/caesarpad/build/ui-tests/build/ExplicitPrecompiledModules
    cd /Users/chrissotraidis/GitHub/caesarpad/build/ui-tests/CaesarPadUITestHarness.xcodeproj
    builtin-create-build-directory /Users/chrissotraidis/GitHub/caesarpad/build/ui-tests/build/ExplicitPrecompiledModules

CreateBuildDirectory /Users/chrissotraidis/GitHub/caesarpad/build/ui-tests/build/Debug-iphonesimulator
    cd /Users/chrissotraidis/GitHub/caesarpad/build/ui-tests/CaesarPadUITestHarness.xcodeproj
    builtin-create-build-directory /Users/chrissotraidis/GitHub/caesarpad/build/ui-tests/build/Debug-iphonesimulator

CreateBuildDirectory /Users/chrissotraidis/GitHub/caesarpad/build/ui-tests/build/EagerLinkingTBDs/Debug-iphonesimulator
    cd /Users/chrissotraidis/GitHub/caesarpad/build/ui-tests/CaesarPadUITestHarness.xcodeproj
    builtin-create-build-directory /Users/chrissotraidis/GitHub/caesarpad/build/ui-tests/build/EagerLinkingTBDs/Debug-iphonesimulator

WriteAuxiliaryFile /Users/chrissotraidis/GitHub/caesarpad/build/ui-tests/build/CaesarPadUITestHarness.build/Debug-iphonesimulator/ZERO_CHECK.build/Script-CF01EF5532D6E2A1461A5E05.sh (in target 'ZERO_CHECK' from project 'CaesarPadUITestHarness')
    cd /Users/chrissotraidis/GitHub/caesarpad/tests/ui
    write-file /Users/chrissotraidis/GitHub/caesarpad/build/ui-tests/build/CaesarPadUITestHarness.build/Debug-iphonesimulator/ZERO_CHECK.build/Script-CF01EF5532D6E2A1461A5E05.sh

WriteAuxiliaryFile /Users/chrissotraidis/GitHub/caesarpad/build/ui-tests/build/CaesarPadTestHost.build/Debug-iphonesimulator/CaesarPadTestHost.DependencyMetadataFileList (in target 'CaesarPadTestHost' from project 'CaesarPadUITestHarness')
    cd /Users/chrissotraidis/GitHub/caesarpad/tests/ui
    write-file /Users/chrissotraidis/GitHub/caesarpad/build/ui-tests/build/CaesarPadTestHost.build/Debug-iphonesimulator/CaesarPadTestHost.DependencyMetadataFileList

WriteAuxiliaryFile /Users/chrissotraidis/GitHub/caesarpad/build/ui-tests/build/CaesarPadTestHost.build/Debug-iphonesimulator/CaesarPadTestHost.DependencyStaticMetadataFileList (in target 'CaesarPadTestHost' from project 'CaesarPadUITestHarness')
    cd /Users/chrissotraidis/GitHub/caesarpad/tests/ui
    write-file /Users/chrissotraidis/GitHub/caesarpad/build/ui-tests/build/CaesarPadTestHost.build/Debug-iphonesimulator/CaesarPadTestHost.DependencyStaticMetadataFileList

WriteAuxiliaryFile /Users/chrissotraidis/GitHub/caesarpad/build/ui-tests/build/CaesarPadTestHost.build/Debug-iphonesimulator/Objects-normal/arm64/CaesarPadTestHost_const_extract_protocols.json (in target 'CaesarPadTestHost' from project 'CaesarPadUITestHarness')
    cd /Users/chrissotraidis/GitHub/caesarpad/tests/ui
    write-file /Users/chrissotraidis/GitHub/caesarpad/build/ui-tests/build/CaesarPadTestHost.build/Debug-iphonesimulator/Objects-normal/arm64/CaesarPadTestHost_const_extract_protocols.json

WriteAuxiliaryFile /Users/chrissotraidis/GitHub/caesarpad/build/ui-tests/build/CaesarPadTestHost.build/Debug-iphonesimulator/Objects-normal/arm64/CaesarPadTestHost.SwiftFileList (in target 'CaesarPadTestHost' from project 'CaesarPadUITestHarness')
    cd /Users/chrissotraidis/GitHub/caesarpad/tests/ui
    write-file /Users/chrissotraidis/GitHub/caesarpad/build/ui-tests/build/CaesarPadTestHost.build/Debug-iphonesimulator/Objects-normal/arm64/CaesarPadTestHost.SwiftFileList

WriteAuxiliaryFile /Users/chrissotraidis/GitHub/caesarpad/build/ui-tests/build/CaesarPadTestHost.build/Debug-iphonesimulator/Objects-normal/arm64/CaesarPadTestHost-OutputFileMap.json (in target 'CaesarPadTestHost' from project 'CaesarPadUITestHarness')
    cd /Users/chrissotraidis/GitHub/caesarpad/tests/ui
    write-file /Users/chrissotraidis/GitHub/caesarpad/build/ui-tests/build/CaesarPadTestHost.build/Debug-iphonesimulator/Objects-normal/arm64/CaesarPadTestHost-OutputFileMap.json

WriteAuxiliaryFile /Users/chrissotraidis/GitHub/caesarpad/build/ui-tests/build/CaesarPadTestHost.build/Debug-iphonesimulator/Objects-normal/arm64/CaesarPadTestHost.SwiftConstValuesFileList (in target 'CaesarPadTestHost' from project 'CaesarPadUITestHarness')
    cd /Users/chrissotraidis/GitHub/caesarpad/tests/ui
    write-file /Users/chrissotraidis/GitHub/caesarpad/build/ui-tests/build/CaesarPadTestHost.build/Debug-iphonesimulator/Objects-normal/arm64/CaesarPadTestHost.SwiftConstValuesFileList

WriteAuxiliaryFile /Users/chrissotraidis/GitHub/caesarpad/build/ui-tests/build/CaesarPadTestHost.build/Debug-iphonesimulator/Objects-normal/arm64/CaesarPadTestHost.LinkFileList (in target 'CaesarPadTestHost' from project 'CaesarPadUITestHarness')
    cd /Users/chrissotraidis/GitHub/caesarpad/tests/ui
    write-file /Users/chrissotraidis/GitHub/caesarpad/build/ui-tests/build/CaesarPadTestHost.build/Debug-iphonesimulator/Objects-normal/arm64/CaesarPadTestHost.LinkFileList

PhaseScriptExecution Generate\ CMakeFiles/ZERO_CHECK /Users/chrissotraidis/GitHub/caesarpad/build/ui-tests/build/CaesarPadUITestHarness.build/Debug-iphonesimulator/ZERO_CHECK.build/Script-CF01EF5532D6E2A1461A5E05.sh (in target 'ZERO_CHECK' from project 'CaesarPadUITestHarness')
    cd /Users/chrissotraidis/GitHub/caesarpad/tests/ui
    /bin/sh -c /Users/chrissotraidis/GitHub/caesarpad/build/ui-tests/build/CaesarPadUITestHarness.build/Debug-iphonesimulator/ZERO_CHECK.build/Script-CF01EF5532D6E2A1461A5E05.sh
make: `/Users/chrissotraidis/GitHub/caesarpad/build/ui-tests/CMakeFiles/cmake.check_cache' is up to date.

WriteAuxiliaryFile /Users/chrissotraidis/GitHub/caesarpad/build/ui-tests/build/CaesarPadUITests.build/Debug-iphonesimulator/ProductTypeInfoPlistAdditions.plist (in target 'CaesarPadUITests' from project 'CaesarPadUITestHarness')
    cd /Users/chrissotraidis/GitHub/caesarpad/tests/ui
    write-file /Users/chrissotraidis/GitHub/caesarpad/build/ui-tests/build/CaesarPadUITests.build/Debug-iphonesimulator/ProductTypeInfoPlistAdditions.plist

WriteAuxiliaryFile /Users/chrissotraidis/GitHub/caesarpad/build/ui-tests/build/CaesarPadUITests.build/Debug-iphonesimulator/Objects-normal/arm64/CaesarPadUITests.SwiftFileList (in target 'CaesarPadUITests' from project 'CaesarPadUITestHarness')
    cd /Users/chrissotraidis/GitHub/caesarpad/tests/ui
    write-file /Users/chrissotraidis/GitHub/caesarpad/build/ui-tests/build/CaesarPadUITests.build/Debug-iphonesimulator/Objects-normal/arm64/CaesarPadUITests.SwiftFileList

WriteAuxiliaryFile /Users/chrissotraidis/GitHub/caesarpad/build/ui-tests/build/CaesarPadUITests.build/Debug-iphonesimulator/Objects-normal/arm64/CaesarPadUITests_const_extract_protocols.json (in target 'CaesarPadUITests' from project 'CaesarPadUITestHarness')
    cd /Users/chrissotraidis/GitHub/caesarpad/tests/ui
    write-file /Users/chrissotraidis/GitHub/caesarpad/build/ui-tests/build/CaesarPadUITests.build/Debug-iphonesimulator/Objects-normal/arm64/CaesarPadUITests_const_extract_protocols.json

WriteAuxiliaryFile /Users/chrissotraidis/GitHub/caesarpad/build/ui-tests/build/CaesarPadUITests.build/Debug-iphonesimulator/Objects-normal/arm64/CaesarPadUITests.SwiftConstValuesFileList (in target 'CaesarPadUITests' from project 'CaesarPadUITestHarness')
    cd /Users/chrissotraidis/GitHub/caesarpad/tests/ui
    write-file /Users/chrissotraidis/GitHub/caesarpad/build/ui-tests/build/CaesarPadUITests.build/Debug-iphonesimulator/Objects-normal/arm64/CaesarPadUITests.SwiftConstValuesFileList

WriteAuxiliaryFile /Users/chrissotraidis/GitHub/caesarpad/build/ui-tests/build/CaesarPadUITests.build/Debug-iphonesimulator/Objects-normal/arm64/CaesarPadUITests.LinkFileList (in target 'CaesarPadUITests' from project 'CaesarPadUITestHarness')
    cd /Users/chrissotraidis/GitHub/caesarpad/tests/ui
    write-file /Users/chrissotraidis/GitHub/caesarpad/build/ui-tests/build/CaesarPadUITests.build/Debug-iphonesimulator/Objects-normal/arm64/CaesarPadUITests.LinkFileList

WriteAuxiliaryFile /Users/chrissotraidis/GitHub/caesarpad/build/ui-tests/build/CaesarPadUITests.build/Debug-iphonesimulator/Objects-normal/arm64/CaesarPadUITests-OutputFileMap.json (in target 'CaesarPadUITests' from project 'CaesarPadUITestHarness')
    cd /Users/chrissotraidis/GitHub/caesarpad/tests/ui
    write-file /Users/chrissotraidis/GitHub/caesarpad/build/ui-tests/build/CaesarPadUITests.build/Debug-iphonesimulator/Objects-normal/arm64/CaesarPadUITests-OutputFileMap.json

WriteAuxiliaryFile /Users/chrissotraidis/GitHub/caesarpad/build/ui-tests/build/CaesarPadUITests.build/Debug-iphonesimulator/CaesarPadUITests.DependencyStaticMetadataFileList (in target 'CaesarPadUITests' from project 'CaesarPadUITestHarness')
    cd /Users/chrissotraidis/GitHub/caesarpad/tests/ui
    write-file /Users/chrissotraidis/GitHub/caesarpad/build/ui-tests/build/CaesarPadUITests.build/Debug-iphonesimulator/CaesarPadUITests.DependencyStaticMetadataFileList

WriteAuxiliaryFile /Users/chrissotraidis/GitHub/caesarpad/build/ui-tests/build/CaesarPadUITests.build/Debug-iphonesimulator/CaesarPadUITests.DependencyMetadataFileList (in target 'CaesarPadUITests' from project 'CaesarPadUITestHarness')
    cd /Users/chrissotraidis/GitHub/caesarpad/tests/ui
    write-file /Users/chrissotraidis/GitHub/caesarpad/build/ui-tests/build/CaesarPadUITests.build/Debug-iphonesimulator/CaesarPadUITests.DependencyMetadataFileList

MkDir /Users/chrissotraidis/GitHub/caesarpad/build/ui-tests/Debug-iphonesimulator/CaesarPadTestHost.app (in target 'CaesarPadTestHost' from project 'CaesarPadUITestHarness')
    cd /Users/chrissotraidis/GitHub/caesarpad/tests/ui
    /bin/mkdir -p /Users/chrissotraidis/GitHub/caesarpad/build/ui-tests/Debug-iphonesimulator/CaesarPadTestHost.app

MkDir /Users/chrissotraidis/GitHub/caesarpad/build/ui-tests/Debug-iphonesimulator/CaesarPadUITests-Runner.app/PlugIns/CaesarPadUITests.xctest (in target 'CaesarPadUITests' from project 'CaesarPadUITestHarness')
    cd /Users/chrissotraidis/GitHub/caesarpad/tests/ui
    /bin/mkdir -p /Users/chrissotraidis/GitHub/caesarpad/build/ui-tests/Debug-iphonesimulator/CaesarPadUITests-Runner.app/PlugIns/CaesarPadUITests.xctest

ProcessInfoPlistFile /Users/chrissotraidis/GitHub/caesarpad/build/ui-tests/Debug-iphonesimulator/CaesarPadTestHost.app/Info.plist /Users/chrissotraidis/GitHub/caesarpad/build/ui-tests/CMakeFiles/CaesarPadTestHost.dir/Info.plist (in target 'CaesarPadTestHost' from project 'CaesarPadUITestHarness')
    cd /Users/chrissotraidis/GitHub/caesarpad/tests/ui
    builtin-infoPlistUtility /Users/chrissotraidis/GitHub/caesarpad/build/ui-tests/CMakeFiles/CaesarPadTestHost.dir/Info.plist -producttype com.apple.product-type.application -genpkginfo /Users/chrissotraidis/GitHub/caesarpad/build/ui-tests/Debug-iphonesimulator/CaesarPadTestHost.app/PkgInfo -expandbuildsettings -format binary -platform iphonesimulator -o /Users/chrissotraidis/GitHub/caesarpad/build/ui-tests/Debug-iphonesimulator/CaesarPadTestHost.app/Info.plist

SwiftDriver CaesarPadTestHost normal arm64 com.apple.xcode.tools.swift.compiler (in target 'CaesarPadTestHost' from project 'CaesarPadUITestHarness')
    cd /Users/chrissotraidis/GitHub/caesarpad/tests/ui
    builtin-SwiftDriver -- /Applications/Xcode.app/Contents/Developer/Toolchains/XcodeDefault.xctoolchain/usr/bin/swiftc -module-name CaesarPadTestHost -O @/Users/chrissotraidis/GitHub/caesarpad/build/ui-tests/build/CaesarPadTestHost.build/Debug-iphonesimulator/Objects-normal/arm64/CaesarPadTestHost.SwiftFileList -Onone -enable-bare-slash-regex -enable-experimental-feature DebugDescriptionMacro -sdk /Applications/Xcode.app/Contents/Developer/Platforms/iPhoneSimulator.platform/Developer/SDKs/iPhoneSimulator26.5.sdk -target arm64-apple-ios15.0-simulator -g -module-cache-path /Users/chrissotraidis/GitHub/caesarpad/build/ui-tests/DerivedData/ModuleCache.noindex -Xfrontend -serialize-debugging-options -Xcc -D_LIBCPP_HARDENING_MODE\=_LIBCPP_HARDENING_MODE_DEBUG -swift-version 4 -I /Users/chrissotraidis/GitHub/caesarpad/build/ui-tests/Debug-iphonesimulator -F /Users/chrissotraidis/GitHub/caesarpad/build/ui-tests/Debug-iphonesimulator -parse-as-library -c -j8 -enable-batch-mode -incremental -Xcc -ivfsstatcache -Xcc /Users/chrissotraidis/GitHub/caesarpad/build/ui-tests/DerivedData/SDKStatCaches.noindex/iphonesimulator26.5-23F81a-6cfe768891a92b912361537c460fe42b.sdkstatcache -output-file-map /Users/chrissotraidis/GitHub/caesarpad/build/ui-tests/build/CaesarPadTestHost.build/Debug-iphonesimulator/Objects-normal/arm64/CaesarPadTestHost-OutputFileMap.json -use-frontend-parseable-output -save-temps -no-color-diagnostics -serialize-diagnostics -emit-dependencies -emit-module -emit-module-path /Users/chrissotraidis/GitHub/caesarpad/build/ui-tests/build/CaesarPadTestHost.build/Debug-iphonesimulator/Objects-normal/arm64/CaesarPadTestHost.swiftmodule -validate-clang-modules-once -clang-build-session-file /Users/chrissotraidis/GitHub/caesarpad/build/ui-tests/DerivedData/ModuleCache.noindex/Session.modulevalidation -Xcc -I/Users/chrissotraidis/GitHub/caesarpad/build/ui-tests/build/CaesarPadTestHost.build/Debug-iphonesimulator/swift-overrides.hmap -emit-const-values -Xfrontend -const-gather-protocols-file -Xfrontend /Users/chrissotraidis/GitHub/caesarpad/build/ui-tests/build/CaesarPadTestHost.build/Debug-iphonesimulator/Objects-normal/arm64/CaesarPadTestHost_const_extract_protocols.json -Xcc -I/Users/chrissotraidis/GitHub/caesarpad/build/ui-tests/Debug-iphonesimulator/include -Xcc -I/Users/chrissotraidis/GitHub/caesarpad/build/ui-tests/build/CaesarPadTestHost.build/Debug-iphonesimulator/DerivedSources-normal/arm64 -Xcc -I/Users/chrissotraidis/GitHub/caesarpad/build/ui-tests/build/CaesarPadTestHost.build/Debug-iphonesimulator/DerivedSources/arm64 -Xcc -I/Users/chrissotraidis/GitHub/caesarpad/build/ui-tests/build/CaesarPadTestHost.build/Debug-iphonesimulator/DerivedSources -Xcc -DCMAKE_INTDIR\=\"Debug-iphonesimulator\" -emit-objc-header -emit-objc-header-path /Users/chrissotraidis/GitHub/caesarpad/build/ui-tests/build/CaesarPadTestHost.build/Debug-iphonesimulator/Objects-normal/arm64/CaesarPadTestHost-Swift.h -working-directory /Users/chrissotraidis/GitHub/caesarpad/tests/ui -experimental-emit-module-separately -disable-cmo

SwiftCompile normal arm64 Compiling\ HostApp.swift /Users/chrissotraidis/GitHub/caesarpad/tests/ui/HostApp.swift (in target 'CaesarPadTestHost' from project 'CaesarPadUITestHarness')

SwiftCompile normal arm64 /Users/chrissotraidis/GitHub/caesarpad/tests/ui/HostApp.swift (in target 'CaesarPadTestHost' from project 'CaesarPadUITestHarness')
    cd /Users/chrissotraidis/GitHub/caesarpad/tests/ui


SwiftEmitModule normal arm64 Emitting\ module\ for\ CaesarPadTestHost (in target 'CaesarPadTestHost' from project 'CaesarPadUITestHarness')

SwiftCompile normal arm64 /Users/chrissotraidis/GitHub/caesarpad/tests/ui/HostApp.swift (in target 'CaesarPadTestHost' from project 'CaesarPadUITestHarness')
    cd /Users/chrissotraidis/GitHub/caesarpad/tests/ui


SwiftDriverJobDiscovery normal arm64 Emitting module for CaesarPadTestHost (in target 'CaesarPadTestHost' from project 'CaesarPadUITestHarness')

SwiftDriver\ Compilation\ Requirements CaesarPadTestHost normal arm64 com.apple.xcode.tools.swift.compiler (in target 'CaesarPadTestHost' from project 'CaesarPadUITestHarness')
    cd /Users/chrissotraidis/GitHub/caesarpad/tests/ui
    builtin-Swift-Compilation-Requirements -- /Applications/Xcode.app/Contents/Developer/Toolchains/XcodeDefault.xctoolchain/usr/bin/swiftc -module-name CaesarPadTestHost -O @/Users/chrissotraidis/GitHub/caesarpad/build/ui-tests/build/CaesarPadTestHost.build/Debug-iphonesimulator/Objects-normal/arm64/CaesarPadTestHost.SwiftFileList -Onone -enable-bare-slash-regex -enable-experimental-feature DebugDescriptionMacro -sdk /Applications/Xcode.app/Contents/Developer/Platforms/iPhoneSimulator.platform/Developer/SDKs/iPhoneSimulator26.5.sdk -target arm64-apple-ios15.0-simulator -g -module-cache-path /Users/chrissotraidis/GitHub/caesarpad/build/ui-tests/DerivedData/ModuleCache.noindex -Xfrontend -serialize-debugging-options -Xcc -D_LIBCPP_HARDENING_MODE\=_LIBCPP_HARDENING_MODE_DEBUG -swift-version 4 -I /Users/chrissotraidis/GitHub/caesarpad/build/ui-tests/Debug-iphonesimulator -F /Users/chrissotraidis/GitHub/caesarpad/build/ui-tests/Debug-iphonesimulator -parse-as-library -c -j8 -enable-batch-mode -incremental -Xcc -ivfsstatcache -Xcc /Users/chrissotraidis/GitHub/caesarpad/build/ui-tests/DerivedData/SDKStatCaches.noindex/iphonesimulator26.5-23F81a-6cfe768891a92b912361537c460fe42b.sdkstatcache -output-file-map /Users/chrissotraidis/GitHub/caesarpad/build/ui-tests/build/CaesarPadTestHost.build/Debug-iphonesimulator/Objects-normal/arm64/CaesarPadTestHost-OutputFileMap.json -use-frontend-parseable-output -save-temps -no-color-diagnostics -serialize-diagnostics -emit-dependencies -emit-module -emit-module-path /Users/chrissotraidis/GitHub/caesarpad/build/ui-tests/build/CaesarPadTestHost.build/Debug-iphonesimulator/Objects-normal/arm64/CaesarPadTestHost.swiftmodule -validate-clang-modules-once -clang-build-session-file /Users/chrissotraidis/GitHub/caesarpad/build/ui-tests/DerivedData/ModuleCache.noindex/Session.modulevalidation -Xcc -I/Users/chrissotraidis/GitHub/caesarpad/build/ui-tests/build/CaesarPadTestHost.build/Debug-iphonesimulator/swift-overrides.hmap -emit-const-values -Xfrontend -const-gather-protocols-file -Xfrontend /Users/chrissotraidis/GitHub/caesarpad/build/ui-tests/build/CaesarPadTestHost.build/Debug-iphonesimulator/Objects-normal/arm64/CaesarPadTestHost_const_extract_protocols.json -Xcc -I/Users/chrissotraidis/GitHub/caesarpad/build/ui-tests/Debug-iphonesimulator/include -Xcc -I/Users/chrissotraidis/GitHub/caesarpad/build/ui-tests/build/CaesarPadTestHost.build/Debug-iphonesimulator/DerivedSources-normal/arm64 -Xcc -I/Users/chrissotraidis/GitHub/caesarpad/build/ui-tests/build/CaesarPadTestHost.build/Debug-iphonesimulator/DerivedSources/arm64 -Xcc -I/Users/chrissotraidis/GitHub/caesarpad/build/ui-tests/build/CaesarPadTestHost.build/Debug-iphonesimulator/DerivedSources -Xcc -DCMAKE_INTDIR\=\"Debug-iphonesimulator\" -emit-objc-header -emit-objc-header-path /Users/chrissotraidis/GitHub/caesarpad/build/ui-tests/build/CaesarPadTestHost.build/Debug-iphonesimulator/Objects-normal/arm64/CaesarPadTestHost-Swift.h -working-directory /Users/chrissotraidis/GitHub/caesarpad/tests/ui -experimental-emit-module-separately -disable-cmo

SwiftMergeGeneratedHeaders /Users/chrissotraidis/GitHub/caesarpad/build/ui-tests/build/CaesarPadTestHost.build/Debug-iphonesimulator/DerivedSources/CaesarPadTestHost-Swift.h /Users/chrissotraidis/GitHub/caesarpad/build/ui-tests/build/CaesarPadTestHost.build/Debug-iphonesimulator/Objects-normal/arm64/CaesarPadTestHost-Swift.h (in target 'CaesarPadTestHost' from project 'CaesarPadUITestHarness')
    cd /Users/chrissotraidis/GitHub/caesarpad/tests/ui
    builtin-swiftHeaderTool -arch arm64 /Users/chrissotraidis/GitHub/caesarpad/build/ui-tests/build/CaesarPadTestHost.build/Debug-iphonesimulator/Objects-normal/arm64/CaesarPadTestHost-Swift.h -o /Users/chrissotraidis/GitHub/caesarpad/build/ui-tests/build/CaesarPadTestHost.build/Debug-iphonesimulator/DerivedSources/CaesarPadTestHost-Swift.h

Copy /Users/chrissotraidis/GitHub/caesarpad/build/ui-tests/Debug-iphonesimulator/CaesarPadTestHost.swiftmodule/arm64-apple-ios-simulator.abi.json /Users/chrissotraidis/GitHub/caesarpad/build/ui-tests/build/CaesarPadTestHost.build/Debug-iphonesimulator/Objects-normal/arm64/CaesarPadTestHost.abi.json (in target 'CaesarPadTestHost' from project 'CaesarPadUITestHarness')
    cd /Users/chrissotraidis/GitHub/caesarpad/tests/ui
    builtin-copy -exclude .DS_Store -exclude CVS -exclude .svn -exclude .git -exclude .hg -strip-unsigned-binaries -strip-deterministic -strip-tool /Applications/Xcode.app/Contents/Developer/Toolchains/XcodeDefault.xctoolchain/usr/bin/strip -resolve-src-symlinks -rename /Users/chrissotraidis/GitHub/caesarpad/build/ui-tests/build/CaesarPadTestHost.build/Debug-iphonesimulator/Objects-normal/arm64/CaesarPadTestHost.abi.json /Users/chrissotraidis/GitHub/caesarpad/build/ui-tests/Debug-iphonesimulator/CaesarPadTestHost.swiftmodule/arm64-apple-ios-simulator.abi.json

Copy /Users/chrissotraidis/GitHub/caesarpad/build/ui-tests/Debug-iphonesimulator/CaesarPadTestHost.swiftmodule/arm64-apple-ios-simulator.swiftdoc /Users/chrissotraidis/GitHub/caesarpad/build/ui-tests/build/CaesarPadTestHost.build/Debug-iphonesimulator/Objects-normal/arm64/CaesarPadTestHost.swiftdoc (in target 'CaesarPadTestHost' from project 'CaesarPadUITestHarness')
    cd /Users/chrissotraidis/GitHub/caesarpad/tests/ui
    builtin-copy -exclude .DS_Store -exclude CVS -exclude .svn -exclude .git -exclude .hg -strip-unsigned-binaries -strip-deterministic -strip-tool /Applications/Xcode.app/Contents/Developer/Toolchains/XcodeDefault.xctoolchain/usr/bin/strip -resolve-src-symlinks -rename /Users/chrissotraidis/GitHub/caesarpad/build/ui-tests/build/CaesarPadTestHost.build/Debug-iphonesimulator/Objects-normal/arm64/CaesarPadTestHost.swiftdoc /Users/chrissotraidis/GitHub/caesarpad/build/ui-tests/Debug-iphonesimulator/CaesarPadTestHost.swiftmodule/arm64-apple-ios-simulator.swiftdoc

Copy /Users/chrissotraidis/GitHub/caesarpad/build/ui-tests/Debug-iphonesimulator/CaesarPadTestHost.swiftmodule/arm64-apple-ios-simulator.swiftmodule /Users/chrissotraidis/GitHub/caesarpad/build/ui-tests/build/CaesarPadTestHost.build/Debug-iphonesimulator/Objects-normal/arm64/CaesarPadTestHost.swiftmodule (in target 'CaesarPadTestHost' from project 'CaesarPadUITestHarness')
    cd /Users/chrissotraidis/GitHub/caesarpad/tests/ui
    builtin-copy -exclude .DS_Store -exclude CVS -exclude .svn -exclude .git -exclude .hg -strip-unsigned-binaries -strip-deterministic -strip-tool /Applications/Xcode.app/Contents/Developer/Toolchains/XcodeDefault.xctoolchain/usr/bin/strip -resolve-src-symlinks -rename /Users/chrissotraidis/GitHub/caesarpad/build/ui-tests/build/CaesarPadTestHost.build/Debug-iphonesimulator/Objects-normal/arm64/CaesarPadTestHost.swiftmodule /Users/chrissotraidis/GitHub/caesarpad/build/ui-tests/Debug-iphonesimulator/CaesarPadTestHost.swiftmodule/arm64-apple-ios-simulator.swiftmodule

Copy /Users/chrissotraidis/GitHub/caesarpad/build/ui-tests/Debug-iphonesimulator/CaesarPadTestHost.swiftmodule/Project/arm64-apple-ios-simulator.swiftsourceinfo /Users/chrissotraidis/GitHub/caesarpad/build/ui-tests/build/CaesarPadTestHost.build/Debug-iphonesimulator/Objects-normal/arm64/CaesarPadTestHost.swiftsourceinfo (in target 'CaesarPadTestHost' from project 'CaesarPadUITestHarness')
    cd /Users/chrissotraidis/GitHub/caesarpad/tests/ui
    builtin-copy -exclude .DS_Store -exclude CVS -exclude .svn -exclude .git -exclude .hg -strip-unsigned-binaries -strip-deterministic -strip-tool /Applications/Xcode.app/Contents/Developer/Toolchains/XcodeDefault.xctoolchain/usr/bin/strip -resolve-src-symlinks -rename /Users/chrissotraidis/GitHub/caesarpad/build/ui-tests/build/CaesarPadTestHost.build/Debug-iphonesimulator/Objects-normal/arm64/CaesarPadTestHost.swiftsourceinfo /Users/chrissotraidis/GitHub/caesarpad/build/ui-tests/Debug-iphonesimulator/CaesarPadTestHost.swiftmodule/Project/arm64-apple-ios-simulator.swiftsourceinfo

SwiftDriver CaesarPadUITests normal arm64 com.apple.xcode.tools.swift.compiler (in target 'CaesarPadUITests' from project 'CaesarPadUITestHarness')
    cd /Users/chrissotraidis/GitHub/caesarpad/tests/ui
    builtin-SwiftDriver -- /Applications/Xcode.app/Contents/Developer/Toolchains/XcodeDefault.xctoolchain/usr/bin/swiftc -module-name CaesarPadUITests -O @/Users/chrissotraidis/GitHub/caesarpad/build/ui-tests/build/CaesarPadUITests.build/Debug-iphonesimulator/Objects-normal/arm64/CaesarPadUITests.SwiftFileList -Onone -module-alias Testing\=_Testing_Unavailable -plugin-path /Applications/Xcode.app/Contents/Developer/Toolchains/XcodeDefault.xctoolchain/usr/lib/swift/host/plugins/testing -enable-bare-slash-regex -enable-experimental-feature DebugDescriptionMacro -sdk /Applications/Xcode.app/Contents/Developer/Platforms/iPhoneSimulator.platform/Developer/SDKs/iPhoneSimulator26.5.sdk -target arm64-apple-ios15.0-simulator -g -module-cache-path /Users/chrissotraidis/GitHub/caesarpad/build/ui-tests/DerivedData/ModuleCache.noindex -Xfrontend -serialize-debugging-options -Xcc -D_LIBCPP_HARDENING_MODE\=_LIBCPP_HARDENING_MODE_DEBUG -swift-version 4 -I /Users/chrissotraidis/GitHub/caesarpad/build/ui-tests/Debug-iphonesimulator -Isystem /Applications/Xcode.app/Contents/Developer/Platforms/iPhoneSimulator.platform/Developer/usr/lib -F /Users/chrissotraidis/GitHub/caesarpad/build/ui-tests/Debug-iphonesimulator -F /Applications/Xcode.app/Contents/Developer/Platforms/iPhoneSimulator.platform/Developer/Library/Frameworks -F /Applications/Xcode.app/Contents/Developer/Platforms/iPhoneSimulator.platform/Developer/SDKs/iPhoneSimulator26.5.sdk/Developer/Library/Frameworks -parse-as-library -c -j8 -enable-batch-mode -incremental -Xcc -ivfsstatcache -Xcc /Users/chrissotraidis/GitHub/caesarpad/build/ui-tests/DerivedData/SDKStatCaches.noindex/iphonesimulator26.5-23F81a-6cfe768891a92b912361537c460fe42b.sdkstatcache -output-file-map /Users/chrissotraidis/GitHub/caesarpad/build/ui-tests/build/CaesarPadUITests.build/Debug-iphonesimulator/Objects-normal/arm64/CaesarPadUITests-OutputFileMap.json -use-frontend-parseable-output -save-temps -no-color-diagnostics -serialize-diagnostics -emit-dependencies -emit-module -emit-module-path /Users/chrissotraidis/GitHub/caesarpad/build/ui-tests/build/CaesarPadUITests.build/Debug-iphonesimulator/Objects-normal/arm64/CaesarPadUITests.swiftmodule -validate-clang-modules-once -clang-build-session-file /Users/chrissotraidis/GitHub/caesarpad/build/ui-tests/DerivedData/ModuleCache.noindex/Session.modulevalidation -Xcc -I/Users/chrissotraidis/GitHub/caesarpad/build/ui-tests/build/CaesarPadUITests.build/Debug-iphonesimulator/swift-overrides.hmap -emit-const-values -Xfrontend -const-gather-protocols-file -Xfrontend /Users/chrissotraidis/GitHub/caesarpad/build/ui-tests/build/CaesarPadUITests.build/Debug-iphonesimulator/Objects-normal/arm64/CaesarPadUITests_const_extract_protocols.json -Xcc -I/Users/chrissotraidis/GitHub/caesarpad/build/ui-tests/Debug-iphonesimulator/include -Xcc -I/Users/chrissotraidis/GitHub/caesarpad/build/ui-tests/build/CaesarPadUITests.build/Debug-iphonesimulator/DerivedSources-normal/arm64 -Xcc -I/Users/chrissotraidis/GitHub/caesarpad/build/ui-tests/build/CaesarPadUITests.build/Debug-iphonesimulator/DerivedSources/arm64 -Xcc -I/Users/chrissotraidis/GitHub/caesarpad/build/ui-tests/build/CaesarPadUITests.build/Debug-iphonesimulator/DerivedSources -Xcc -DCMAKE_INTDIR\=\"Debug-iphonesimulator\" -Xcc -DCaesarPadUITests_EXPORTS -emit-objc-header -emit-objc-header-path /Users/chrissotraidis/GitHub/caesarpad/build/ui-tests/build/CaesarPadUITests.build/Debug-iphonesimulator/Objects-normal/arm64/CaesarPadUITests-Swift.h -working-directory /Users/chrissotraidis/GitHub/caesarpad/tests/ui -experimental-emit-module-separately -disable-cmo

SwiftEmitModule normal arm64 Emitting\ module\ for\ CaesarPadUITests (in target 'CaesarPadUITests' from project 'CaesarPadUITestHarness')
SwiftCompile normal arm64 /Users/chrissotraidis/GitHub/caesarpad/tests/ui/CaesarPadUITests.swift (in target 'CaesarPadUITests' from project 'CaesarPadUITestHarness')
    cd /Users/chrissotraidis/GitHub/caesarpad/tests/ui


SwiftCompile normal arm64 Compiling\ CaesarPadUITests.swift /Users/chrissotraidis/GitHub/caesarpad/tests/ui/CaesarPadUITests.swift (in target 'CaesarPadUITests' from project 'CaesarPadUITestHarness')
SwiftCompile normal arm64 /Users/chrissotraidis/GitHub/caesarpad/tests/ui/CaesarPadUITests.swift (in target 'CaesarPadUITests' from project 'CaesarPadUITestHarness')
    cd /Users/chrissotraidis/GitHub/caesarpad/tests/ui


SwiftDriverJobDiscovery normal arm64 Compiling HostApp.swift (in target 'CaesarPadTestHost' from project 'CaesarPadUITestHarness')

SwiftDriver\ Compilation CaesarPadTestHost normal arm64 com.apple.xcode.tools.swift.compiler (in target 'CaesarPadTestHost' from project 'CaesarPadUITestHarness')
    cd /Users/chrissotraidis/GitHub/caesarpad/tests/ui
    builtin-Swift-Compilation -- /Applications/Xcode.app/Contents/Developer/Toolchains/XcodeDefault.xctoolchain/usr/bin/swiftc -module-name CaesarPadTestHost -O @/Users/chrissotraidis/GitHub/caesarpad/build/ui-tests/build/CaesarPadTestHost.build/Debug-iphonesimulator/Objects-normal/arm64/CaesarPadTestHost.SwiftFileList -Onone -enable-bare-slash-regex -enable-experimental-feature DebugDescriptionMacro -sdk /Applications/Xcode.app/Contents/Developer/Platforms/iPhoneSimulator.platform/Developer/SDKs/iPhoneSimulator26.5.sdk -target arm64-apple-ios15.0-simulator -g -module-cache-path /Users/chrissotraidis/GitHub/caesarpad/build/ui-tests/DerivedData/ModuleCache.noindex -Xfrontend -serialize-debugging-options -Xcc -D_LIBCPP_HARDENING_MODE\=_LIBCPP_HARDENING_MODE_DEBUG -swift-version 4 -I /Users/chrissotraidis/GitHub/caesarpad/build/ui-tests/Debug-iphonesimulator -F /Users/chrissotraidis/GitHub/caesarpad/build/ui-tests/Debug-iphonesimulator -parse-as-library -c -j8 -enable-batch-mode -incremental -Xcc -ivfsstatcache -Xcc /Users/chrissotraidis/GitHub/caesarpad/build/ui-tests/DerivedData/SDKStatCaches.noindex/iphonesimulator26.5-23F81a-6cfe768891a92b912361537c460fe42b.sdkstatcache -output-file-map /Users/chrissotraidis/GitHub/caesarpad/build/ui-tests/build/CaesarPadTestHost.build/Debug-iphonesimulator/Objects-normal/arm64/CaesarPadTestHost-OutputFileMap.json -use-frontend-parseable-output -save-temps -no-color-diagnostics -serialize-diagnostics -emit-dependencies -emit-module -emit-module-path /Users/chrissotraidis/GitHub/caesarpad/build/ui-tests/build/CaesarPadTestHost.build/Debug-iphonesimulator/Objects-normal/arm64/CaesarPadTestHost.swiftmodule -validate-clang-modules-once -clang-build-session-file /Users/chrissotraidis/GitHub/caesarpad/build/ui-tests/DerivedData/ModuleCache.noindex/Session.modulevalidation -Xcc -I/Users/chrissotraidis/GitHub/caesarpad/build/ui-tests/build/CaesarPadTestHost.build/Debug-iphonesimulator/swift-overrides.hmap -emit-const-values -Xfrontend -const-gather-protocols-file -Xfrontend /Users/chrissotraidis/GitHub/caesarpad/build/ui-tests/build/CaesarPadTestHost.build/Debug-iphonesimulator/Objects-normal/arm64/CaesarPadTestHost_const_extract_protocols.json -Xcc -I/Users/chrissotraidis/GitHub/caesarpad/build/ui-tests/Debug-iphonesimulator/include -Xcc -I/Users/chrissotraidis/GitHub/caesarpad/build/ui-tests/build/CaesarPadTestHost.build/Debug-iphonesimulator/DerivedSources-normal/arm64 -Xcc -I/Users/chrissotraidis/GitHub/caesarpad/build/ui-tests/build/CaesarPadTestHost.build/Debug-iphonesimulator/DerivedSources/arm64 -Xcc -I/Users/chrissotraidis/GitHub/caesarpad/build/ui-tests/build/CaesarPadTestHost.build/Debug-iphonesimulator/DerivedSources -Xcc -DCMAKE_INTDIR\=\"Debug-iphonesimulator\" -emit-objc-header -emit-objc-header-path /Users/chrissotraidis/GitHub/caesarpad/build/ui-tests/build/CaesarPadTestHost.build/Debug-iphonesimulator/Objects-normal/arm64/CaesarPadTestHost-Swift.h -working-directory /Users/chrissotraidis/GitHub/caesarpad/tests/ui -experimental-emit-module-separately -disable-cmo

Ld /Users/chrissotraidis/GitHub/caesarpad/build/ui-tests/Debug-iphonesimulator/CaesarPadTestHost.app/CaesarPadTestHost normal (in target 'CaesarPadTestHost' from project 'CaesarPadUITestHarness')
    cd /Users/chrissotraidis/GitHub/caesarpad/tests/ui
    /Applications/Xcode.app/Contents/Developer/Toolchains/XcodeDefault.xctoolchain/usr/bin/clang -Xlinker -reproducible -target arm64-apple-ios15.0-simulator -isysroot /Applications/Xcode.app/Contents/Developer/Platforms/iPhoneSimulator.platform/Developer/SDKs/iPhoneSimulator26.5.sdk -O0 -L/Users/chrissotraidis/GitHub/caesarpad/build/ui-tests/build/EagerLinkingTBDs/Debug-iphonesimulator -L/Users/chrissotraidis/GitHub/caesarpad/build/ui-tests/Debug-iphonesimulator -F/Users/chrissotraidis/GitHub/caesarpad/build/ui-tests/build/EagerLinkingTBDs/Debug-iphonesimulator -F/Users/chrissotraidis/GitHub/caesarpad/build/ui-tests/Debug-iphonesimulator -filelist /Users/chrissotraidis/GitHub/caesarpad/build/ui-tests/build/CaesarPadTestHost.build/Debug-iphonesimulator/Objects-normal/arm64/CaesarPadTestHost.LinkFileList -Xlinker -rpath -Xlinker /usr/lib/swift -Xlinker -dead_strip -Xlinker -object_path_lto -Xlinker /Users/chrissotraidis/GitHub/caesarpad/build/ui-tests/build/CaesarPadTestHost.build/Debug-iphonesimulator/Objects-normal/arm64/CaesarPadTestHost_lto.o -Xlinker -no_deduplicate -Xlinker -objc_abi_version -Xlinker 2 -Xlinker -dependency_info -Xlinker /Users/chrissotraidis/GitHub/caesarpad/build/ui-tests/build/CaesarPadTestHost.build/Debug-iphonesimulator/Objects-normal/arm64/CaesarPadTestHost_dependency_info.dat -fobjc-link-runtime -L/Applications/Xcode.app/Contents/Developer/Toolchains/XcodeDefault.xctoolchain/usr/lib/swift/iphonesimulator -L/usr/lib/swift -Xlinker -add_ast_path -Xlinker /Users/chrissotraidis/GitHub/caesarpad/build/ui-tests/build/CaesarPadTestHost.build/Debug-iphonesimulator/Objects-normal/arm64/CaesarPadTestHost.swiftmodule @/Users/chrissotraidis/GitHub/caesarpad/build/ui-tests/build/CaesarPadTestHost.build/Debug-iphonesimulator/Objects-normal/arm64/CaesarPadTestHost-linker-args.resp -o /Users/chrissotraidis/GitHub/caesarpad/build/ui-tests/Debug-iphonesimulator/CaesarPadTestHost.app/CaesarPadTestHost

SwiftDriverJobDiscovery normal arm64 Emitting module for CaesarPadUITests (in target 'CaesarPadUITests' from project 'CaesarPadUITestHarness')

SwiftDriver\ Compilation\ Requirements CaesarPadUITests normal arm64 com.apple.xcode.tools.swift.compiler (in target 'CaesarPadUITests' from project 'CaesarPadUITestHarness')
    cd /Users/chrissotraidis/GitHub/caesarpad/tests/ui
    builtin-Swift-Compilation-Requirements -- /Applications/Xcode.app/Contents/Developer/Toolchains/XcodeDefault.xctoolchain/usr/bin/swiftc -module-name CaesarPadUITests -O @/Users/chrissotraidis/GitHub/caesarpad/build/ui-tests/build/CaesarPadUITests.build/Debug-iphonesimulator/Objects-normal/arm64/CaesarPadUITests.SwiftFileList -Onone -module-alias Testing\=_Testing_Unavailable -plugin-path /Applications/Xcode.app/Contents/Developer/Toolchains/XcodeDefault.xctoolchain/usr/lib/swift/host/plugins/testing -enable-bare-slash-regex -enable-experimental-feature DebugDescriptionMacro -sdk /Applications/Xcode.app/Contents/Developer/Platforms/iPhoneSimulator.platform/Developer/SDKs/iPhoneSimulator26.5.sdk -target arm64-apple-ios15.0-simulator -g -module-cache-path /Users/chrissotraidis/GitHub/caesarpad/build/ui-tests/DerivedData/ModuleCache.noindex -Xfrontend -serialize-debugging-options -Xcc -D_LIBCPP_HARDENING_MODE\=_LIBCPP_HARDENING_MODE_DEBUG -swift-version 4 -I /Users/chrissotraidis/GitHub/caesarpad/build/ui-tests/Debug-iphonesimulator -Isystem /Applications/Xcode.app/Contents/Developer/Platforms/iPhoneSimulator.platform/Developer/usr/lib -F /Users/chrissotraidis/GitHub/caesarpad/build/ui-tests/Debug-iphonesimulator -F /Applications/Xcode.app/Contents/Developer/Platforms/iPhoneSimulator.platform/Developer/Library/Frameworks -F /Applications/Xcode.app/Contents/Developer/Platforms/iPhoneSimulator.platform/Developer/SDKs/iPhoneSimulator26.5.sdk/Developer/Library/Frameworks -parse-as-library -c -j8 -enable-batch-mode -incremental -Xcc -ivfsstatcache -Xcc /Users/chrissotraidis/GitHub/caesarpad/build/ui-tests/DerivedData/SDKStatCaches.noindex/iphonesimulator26.5-23F81a-6cfe768891a92b912361537c460fe42b.sdkstatcache -output-file-map /Users/chrissotraidis/GitHub/caesarpad/build/ui-tests/build/CaesarPadUITests.build/Debug-iphonesimulator/Objects-normal/arm64/CaesarPadUITests-OutputFileMap.json -use-frontend-parseable-output -save-temps -no-color-diagnostics -serialize-diagnostics -emit-dependencies -emit-module -emit-module-path /Users/chrissotraidis/GitHub/caesarpad/build/ui-tests/build/CaesarPadUITests.build/Debug-iphonesimulator/Objects-normal/arm64/CaesarPadUITests.swiftmodule -validate-clang-modules-once -clang-build-session-file /Users/chrissotraidis/GitHub/caesarpad/build/ui-tests/DerivedData/ModuleCache.noindex/Session.modulevalidation -Xcc -I/Users/chrissotraidis/GitHub/caesarpad/build/ui-tests/build/CaesarPadUITests.build/Debug-iphonesimulator/swift-overrides.hmap -emit-const-values -Xfrontend -const-gather-protocols-file -Xfrontend /Users/chrissotraidis/GitHub/caesarpad/build/ui-tests/build/CaesarPadUITests.build/Debug-iphonesimulator/Objects-normal/arm64/CaesarPadUITests_const_extract_protocols.json -Xcc -I/Users/chrissotraidis/GitHub/caesarpad/build/ui-tests/Debug-iphonesimulator/include -Xcc -I/Users/chrissotraidis/GitHub/caesarpad/build/ui-tests/build/CaesarPadUITests.build/Debug-iphonesimulator/DerivedSources-normal/arm64 -Xcc -I/Users/chrissotraidis/GitHub/caesarpad/build/ui-tests/build/CaesarPadUITests.build/Debug-iphonesimulator/DerivedSources/arm64 -Xcc -I/Users/chrissotraidis/GitHub/caesarpad/build/ui-tests/build/CaesarPadUITests.build/Debug-iphonesimulator/DerivedSources -Xcc -DCMAKE_INTDIR\=\"Debug-iphonesimulator\" -Xcc -DCaesarPadUITests_EXPORTS -emit-objc-header -emit-objc-header-path /Users/chrissotraidis/GitHub/caesarpad/build/ui-tests/build/CaesarPadUITests.build/Debug-iphonesimulator/Objects-normal/arm64/CaesarPadUITests-Swift.h -working-directory /Users/chrissotraidis/GitHub/caesarpad/tests/ui -experimental-emit-module-separately -disable-cmo

SwiftMergeGeneratedHeaders /Users/chrissotraidis/GitHub/caesarpad/build/ui-tests/build/CaesarPadUITests.build/Debug-iphonesimulator/DerivedSources/CaesarPadUITests-Swift.h /Users/chrissotraidis/GitHub/caesarpad/build/ui-tests/build/CaesarPadUITests.build/Debug-iphonesimulator/Objects-normal/arm64/CaesarPadUITests-Swift.h (in target 'CaesarPadUITests' from project 'CaesarPadUITestHarness')
    cd /Users/chrissotraidis/GitHub/caesarpad/tests/ui
    builtin-swiftHeaderTool -arch arm64 /Users/chrissotraidis/GitHub/caesarpad/build/ui-tests/build/CaesarPadUITests.build/Debug-iphonesimulator/Objects-normal/arm64/CaesarPadUITests-Swift.h -o /Users/chrissotraidis/GitHub/caesarpad/build/ui-tests/build/CaesarPadUITests.build/Debug-iphonesimulator/DerivedSources/CaesarPadUITests-Swift.h

Copy /Users/chrissotraidis/GitHub/caesarpad/build/ui-tests/Debug-iphonesimulator/CaesarPadUITests.swiftmodule/arm64-apple-ios-simulator.abi.json /Users/chrissotraidis/GitHub/caesarpad/build/ui-tests/build/CaesarPadUITests.build/Debug-iphonesimulator/Objects-normal/arm64/CaesarPadUITests.abi.json (in target 'CaesarPadUITests' from project 'CaesarPadUITestHarness')
    cd /Users/chrissotraidis/GitHub/caesarpad/tests/ui
    builtin-copy -exclude .DS_Store -exclude CVS -exclude .svn -exclude .git -exclude .hg -strip-unsigned-binaries -strip-deterministic -strip-tool /Applications/Xcode.app/Contents/Developer/Toolchains/XcodeDefault.xctoolchain/usr/bin/strip -resolve-src-symlinks -rename /Users/chrissotraidis/GitHub/caesarpad/build/ui-tests/build/CaesarPadUITests.build/Debug-iphonesimulator/Objects-normal/arm64/CaesarPadUITests.abi.json /Users/chrissotraidis/GitHub/caesarpad/build/ui-tests/Debug-iphonesimulator/CaesarPadUITests.swiftmodule/arm64-apple-ios-simulator.abi.json

Copy /Users/chrissotraidis/GitHub/caesarpad/build/ui-tests/Debug-iphonesimulator/CaesarPadUITests.swiftmodule/arm64-apple-ios-simulator.swiftdoc /Users/chrissotraidis/GitHub/caesarpad/build/ui-tests/build/CaesarPadUITests.build/Debug-iphonesimulator/Objects-normal/arm64/CaesarPadUITests.swiftdoc (in target 'CaesarPadUITests' from project 'CaesarPadUITestHarness')
    cd /Users/chrissotraidis/GitHub/caesarpad/tests/ui
    builtin-copy -exclude .DS_Store -exclude CVS -exclude .svn -exclude .git -exclude .hg -strip-unsigned-binaries -strip-deterministic -strip-tool /Applications/Xcode.app/Contents/Developer/Toolchains/XcodeDefault.xctoolchain/usr/bin/strip -resolve-src-symlinks -rename /Users/chrissotraidis/GitHub/caesarpad/build/ui-tests/build/CaesarPadUITests.build/Debug-iphonesimulator/Objects-normal/arm64/CaesarPadUITests.swiftdoc /Users/chrissotraidis/GitHub/caesarpad/build/ui-tests/Debug-iphonesimulator/CaesarPadUITests.swiftmodule/arm64-apple-ios-simulator.swiftdoc

Copy /Users/chrissotraidis/GitHub/caesarpad/build/ui-tests/Debug-iphonesimulator/CaesarPadUITests.swiftmodule/arm64-apple-ios-simulator.swiftmodule /Users/chrissotraidis/GitHub/caesarpad/build/ui-tests/build/CaesarPadUITests.build/Debug-iphonesimulator/Objects-normal/arm64/CaesarPadUITests.swiftmodule (in target 'CaesarPadUITests' from project 'CaesarPadUITestHarness')
    cd /Users/chrissotraidis/GitHub/caesarpad/tests/ui
    builtin-copy -exclude .DS_Store -exclude CVS -exclude .svn -exclude .git -exclude .hg -strip-unsigned-binaries -strip-deterministic -strip-tool /Applications/Xcode.app/Contents/Developer/Toolchains/XcodeDefault.xctoolchain/usr/bin/strip -resolve-src-symlinks -rename /Users/chrissotraidis/GitHub/caesarpad/build/ui-tests/build/CaesarPadUITests.build/Debug-iphonesimulator/Objects-normal/arm64/CaesarPadUITests.swiftmodule /Users/chrissotraidis/GitHub/caesarpad/build/ui-tests/Debug-iphonesimulator/CaesarPadUITests.swiftmodule/arm64-apple-ios-simulator.swiftmodule

Copy /Users/chrissotraidis/GitHub/caesarpad/build/ui-tests/Debug-iphonesimulator/CaesarPadUITests.swiftmodule/Project/arm64-apple-ios-simulator.swiftsourceinfo /Users/chrissotraidis/GitHub/caesarpad/build/ui-tests/build/CaesarPadUITests.build/Debug-iphonesimulator/Objects-normal/arm64/CaesarPadUITests.swiftsourceinfo (in target 'CaesarPadUITests' from project 'CaesarPadUITestHarness')
    cd /Users/chrissotraidis/GitHub/caesarpad/tests/ui
    builtin-copy -exclude .DS_Store -exclude CVS -exclude .svn -exclude .git -exclude .hg -strip-unsigned-binaries -strip-deterministic -strip-tool /Applications/Xcode.app/Contents/Developer/Toolchains/XcodeDefault.xctoolchain/usr/bin/strip -resolve-src-symlinks -rename /Users/chrissotraidis/GitHub/caesarpad/build/ui-tests/build/CaesarPadUITests.build/Debug-iphonesimulator/Objects-normal/arm64/CaesarPadUITests.swiftsourceinfo /Users/chrissotraidis/GitHub/caesarpad/build/ui-tests/Debug-iphonesimulator/CaesarPadUITests.swiftmodule/Project/arm64-apple-ios-simulator.swiftsourceinfo

CopySwiftLibs /Users/chrissotraidis/GitHub/caesarpad/build/ui-tests/Debug-iphonesimulator/CaesarPadTestHost.app (in target 'CaesarPadTestHost' from project 'CaesarPadUITestHarness')
    cd /Users/chrissotraidis/GitHub/caesarpad/tests/ui
    builtin-swiftStdLibTool --copy --verbose --scan-executable /Users/chrissotraidis/GitHub/caesarpad/build/ui-tests/Debug-iphonesimulator/CaesarPadTestHost.app/CaesarPadTestHost --scan-folder /Users/chrissotraidis/GitHub/caesarpad/build/ui-tests/Debug-iphonesimulator/CaesarPadTestHost.app/Frameworks --scan-folder /Users/chrissotraidis/GitHub/caesarpad/build/ui-tests/Debug-iphonesimulator/CaesarPadTestHost.app/PlugIns --scan-folder /Users/chrissotraidis/GitHub/caesarpad/build/ui-tests/Debug-iphonesimulator/CaesarPadTestHost.app/SystemExtensions --scan-folder /Users/chrissotraidis/GitHub/caesarpad/build/ui-tests/Debug-iphonesimulator/CaesarPadTestHost.app/Extensions --platform iphonesimulator --toolchain /Applications/Xcode.app/Contents/Developer/Toolchains/XcodeDefault.xctoolchain --destination /Users/chrissotraidis/GitHub/caesarpad/build/ui-tests/Debug-iphonesimulator/CaesarPadTestHost.app/Frameworks --strip-bitcode --strip-bitcode-tool /Applications/Xcode.app/Contents/Developer/Toolchains/XcodeDefault.xctoolchain/usr/bin/bitcode_strip --emit-dependency-info /Users/chrissotraidis/GitHub/caesarpad/build/ui-tests/build/CaesarPadTestHost.build/Debug-iphonesimulator/SwiftStdLibToolInputDependencies.dep --filter-for-swift-os --back-deploy-swift-span
Ignoring --strip-bitcode because --sign was not passed

ExtractAppIntentsMetadata (in target 'CaesarPadTestHost' from project 'CaesarPadUITestHarness')
    cd /Users/chrissotraidis/GitHub/caesarpad/tests/ui
    /Applications/Xcode.app/Contents/Developer/Toolchains/XcodeDefault.xctoolchain/usr/bin/appintentsmetadataprocessor --toolchain-dir /Applications/Xcode.app/Contents/Developer/Toolchains/XcodeDefault.xctoolchain --module-name CaesarPadTestHost --sdk-root /Applications/Xcode.app/Contents/Developer/Platforms/iPhoneSimulator.platform/Developer/SDKs/iPhoneSimulator26.5.sdk --xcode-version 17F113 --platform-family iOS --deployment-target 15.0 --bundle-identifier dev.caesarpad.testhost --output /Users/chrissotraidis/GitHub/caesarpad/build/ui-tests/Debug-iphonesimulator/CaesarPadTestHost.app --target-triple arm64-apple-ios15.0-simulator --binary-file /Users/chrissotraidis/GitHub/caesarpad/build/ui-tests/Debug-iphonesimulator/CaesarPadTestHost.app/CaesarPadTestHost --dependency-file /Users/chrissotraidis/GitHub/caesarpad/build/ui-tests/build/CaesarPadTestHost.build/Debug-iphonesimulator/Objects-normal/arm64/CaesarPadTestHost_dependency_info.dat --stringsdata-file /Users/chrissotraidis/GitHub/caesarpad/build/ui-tests/build/CaesarPadTestHost.build/Debug-iphonesimulator/Objects-normal/arm64/ExtractedAppShortcutsMetadata.stringsdata --source-file-list /Users/chrissotraidis/GitHub/caesarpad/build/ui-tests/build/CaesarPadTestHost.build/Debug-iphonesimulator/Objects-normal/arm64/CaesarPadTestHost.SwiftFileList --metadata-file-list /Users/chrissotraidis/GitHub/caesarpad/build/ui-tests/build/CaesarPadTestHost.build/Debug-iphonesimulator/CaesarPadTestHost.DependencyMetadataFileList --static-metadata-file-list /Users/chrissotraidis/GitHub/caesarpad/build/ui-tests/build/CaesarPadTestHost.build/Debug-iphonesimulator/CaesarPadTestHost.DependencyStaticMetadataFileList --swift-const-vals-list /Users/chrissotraidis/GitHub/caesarpad/build/ui-tests/build/CaesarPadTestHost.build/Debug-iphonesimulator/Objects-normal/arm64/CaesarPadTestHost.SwiftConstValuesFileList --compile-time-extraction --deployment-aware-processing --validate-assistant-intents --no-app-shortcuts-localization
2026-07-26 17:32:24.846 appintentsmetadataprocessor[90838:26761380] Starting appintentsmetadataprocessor export
2026-07-26 17:32:24.860 appintentsmetadataprocessor[90838:26761380] warning: Metadata extraction skipped. No AppIntents.framework dependency found.

GenerateDSYMFile /Users/chrissotraidis/GitHub/caesarpad/build/ui-tests/Debug-iphonesimulator/CaesarPadTestHost.app.dSYM /Users/chrissotraidis/GitHub/caesarpad/build/ui-tests/Debug-iphonesimulator/CaesarPadTestHost.app/CaesarPadTestHost (in target 'CaesarPadTestHost' from project 'CaesarPadUITestHarness')
    cd /Users/chrissotraidis/GitHub/caesarpad/tests/ui
    /Applications/Xcode.app/Contents/Developer/Toolchains/XcodeDefault.xctoolchain/usr/bin/dsymutil /Users/chrissotraidis/GitHub/caesarpad/build/ui-tests/Debug-iphonesimulator/CaesarPadTestHost.app/CaesarPadTestHost -o /Users/chrissotraidis/GitHub/caesarpad/build/ui-tests/Debug-iphonesimulator/CaesarPadTestHost.app.dSYM

AppIntentsSSUTraining (in target 'CaesarPadTestHost' from project 'CaesarPadUITestHarness')
    cd /Users/chrissotraidis/GitHub/caesarpad/tests/ui
    /Applications/Xcode.app/Contents/Developer/Toolchains/XcodeDefault.xctoolchain/usr/bin/appintentsnltrainingprocessor --infoplist-path /Users/chrissotraidis/GitHub/caesarpad/build/ui-tests/Debug-iphonesimulator/CaesarPadTestHost.app/Info.plist --temp-dir-path /Users/chrissotraidis/GitHub/caesarpad/build/ui-tests/build/CaesarPadTestHost.build/Debug-iphonesimulator/ssu --bundle-id dev.caesarpad.testhost --product-path /Users/chrissotraidis/GitHub/caesarpad/build/ui-tests/Debug-iphonesimulator/CaesarPadTestHost.app --extracted-metadata-path /Users/chrissotraidis/GitHub/caesarpad/build/ui-tests/Debug-iphonesimulator/CaesarPadTestHost.app/Metadata.appintents --metadata-file-list /Users/chrissotraidis/GitHub/caesarpad/build/ui-tests/build/CaesarPadTestHost.build/Debug-iphonesimulator/CaesarPadTestHost.DependencyMetadataFileList --source-file /Users/chrissotraidis/GitHub/caesarpad/build/ui-tests/Debug-iphonesimulator/CaesarPadTestHost.app/Info.plist --archive-ssu-assets
2026-07-26 17:32:24.930 appintentsnltrainingprocessor[90840:26761385] Parsing options for appintentsnltrainingprocessor
2026-07-26 17:32:24.932 appintentsnltrainingprocessor[90840:26761385] Starting AppIntents SSU YAML Generation
2026-07-26 17:32:24.936 appintentsnltrainingprocessor[90840:26761385] No AppShortcuts found - Skipping.

RegisterExecutionPolicyException /Users/chrissotraidis/GitHub/caesarpad/build/ui-tests/Debug-iphonesimulator/CaesarPadTestHost.app (in target 'CaesarPadTestHost' from project 'CaesarPadUITestHarness')
    cd /Users/chrissotraidis/GitHub/caesarpad/tests/ui
    builtin-RegisterExecutionPolicyException /Users/chrissotraidis/GitHub/caesarpad/build/ui-tests/Debug-iphonesimulator/CaesarPadTestHost.app

Validate /Users/chrissotraidis/GitHub/caesarpad/build/ui-tests/Debug-iphonesimulator/CaesarPadTestHost.app (in target 'CaesarPadTestHost' from project 'CaesarPadUITestHarness')
    cd /Users/chrissotraidis/GitHub/caesarpad/tests/ui
    builtin-validationUtility /Users/chrissotraidis/GitHub/caesarpad/build/ui-tests/Debug-iphonesimulator/CaesarPadTestHost.app -shallow-bundle -infoplist-subpath Info.plist

Touch /Users/chrissotraidis/GitHub/caesarpad/build/ui-tests/Debug-iphonesimulator/CaesarPadTestHost.app (in target 'CaesarPadTestHost' from project 'CaesarPadUITestHarness')
    cd /Users/chrissotraidis/GitHub/caesarpad/tests/ui
    /usr/bin/touch -c /Users/chrissotraidis/GitHub/caesarpad/build/ui-tests/Debug-iphonesimulator/CaesarPadTestHost.app

ProcessInfoPlistFile /Users/chrissotraidis/GitHub/caesarpad/build/ui-tests/Debug-iphonesimulator/CaesarPadUITests-Runner.app/PlugIns/CaesarPadUITests.xctest/Info.plist /Users/chrissotraidis/GitHub/caesarpad/build/ui-tests/CMakeFiles/CaesarPadUITests.dir/Info.plist (in target 'CaesarPadUITests' from project 'CaesarPadUITestHarness')
    cd /Users/chrissotraidis/GitHub/caesarpad/tests/ui
    builtin-infoPlistUtility /Users/chrissotraidis/GitHub/caesarpad/build/ui-tests/CMakeFiles/CaesarPadUITests.dir/Info.plist -producttype com.apple.product-type.bundle.ui-testing -expandbuildsettings -format binary -platform iphonesimulator -additionalcontentfile /Users/chrissotraidis/GitHub/caesarpad/build/ui-tests/build/CaesarPadUITests.build/Debug-iphonesimulator/ProductTypeInfoPlistAdditions.plist -o /Users/chrissotraidis/GitHub/caesarpad/build/ui-tests/Debug-iphonesimulator/CaesarPadUITests-Runner.app/PlugIns/CaesarPadUITests.xctest/Info.plist

SwiftDriverJobDiscovery normal arm64 Compiling CaesarPadUITests.swift (in target 'CaesarPadUITests' from project 'CaesarPadUITestHarness')

SwiftDriver\ Compilation CaesarPadUITests normal arm64 com.apple.xcode.tools.swift.compiler (in target 'CaesarPadUITests' from project 'CaesarPadUITestHarness')
    cd /Users/chrissotraidis/GitHub/caesarpad/tests/ui
    builtin-Swift-Compilation -- /Applications/Xcode.app/Contents/Developer/Toolchains/XcodeDefault.xctoolchain/usr/bin/swiftc -module-name CaesarPadUITests -O @/Users/chrissotraidis/GitHub/caesarpad/build/ui-tests/build/CaesarPadUITests.build/Debug-iphonesimulator/Objects-normal/arm64/CaesarPadUITests.SwiftFileList -Onone -module-alias Testing\=_Testing_Unavailable -plugin-path /Applications/Xcode.app/Contents/Developer/Toolchains/XcodeDefault.xctoolchain/usr/lib/swift/host/plugins/testing -enable-bare-slash-regex -enable-experimental-feature DebugDescriptionMacro -sdk /Applications/Xcode.app/Contents/Developer/Platforms/iPhoneSimulator.platform/Developer/SDKs/iPhoneSimulator26.5.sdk -target arm64-apple-ios15.0-simulator -g -module-cache-path /Users/chrissotraidis/GitHub/caesarpad/build/ui-tests/DerivedData/ModuleCache.noindex -Xfrontend -serialize-debugging-options -Xcc -D_LIBCPP_HARDENING_MODE\=_LIBCPP_HARDENING_MODE_DEBUG -swift-version 4 -I /Users/chrissotraidis/GitHub/caesarpad/build/ui-tests/Debug-iphonesimulator -Isystem /Applications/Xcode.app/Contents/Developer/Platforms/iPhoneSimulator.platform/Developer/usr/lib -F /Users/chrissotraidis/GitHub/caesarpad/build/ui-tests/Debug-iphonesimulator -F /Applications/Xcode.app/Contents/Developer/Platforms/iPhoneSimulator.platform/Developer/Library/Frameworks -F /Applications/Xcode.app/Contents/Developer/Platforms/iPhoneSimulator.platform/Developer/SDKs/iPhoneSimulator26.5.sdk/Developer/Library/Frameworks -parse-as-library -c -j8 -enable-batch-mode -incremental -Xcc -ivfsstatcache -Xcc /Users/chrissotraidis/GitHub/caesarpad/build/ui-tests/DerivedData/SDKStatCaches.noindex/iphonesimulator26.5-23F81a-6cfe768891a92b912361537c460fe42b.sdkstatcache -output-file-map /Users/chrissotraidis/GitHub/caesarpad/build/ui-tests/build/CaesarPadUITests.build/Debug-iphonesimulator/Objects-normal/arm64/CaesarPadUITests-OutputFileMap.json -use-frontend-parseable-output -save-temps -no-color-diagnostics -serialize-diagnostics -emit-dependencies -emit-module -emit-module-path /Users/chrissotraidis/GitHub/caesarpad/build/ui-tests/build/CaesarPadUITests.build/Debug-iphonesimulator/Objects-normal/arm64/CaesarPadUITests.swiftmodule -validate-clang-modules-once -clang-build-session-file /Users/chrissotraidis/GitHub/caesarpad/build/ui-tests/DerivedData/ModuleCache.noindex/Session.modulevalidation -Xcc -I/Users/chrissotraidis/GitHub/caesarpad/build/ui-tests/build/CaesarPadUITests.build/Debug-iphonesimulator/swift-overrides.hmap -emit-const-values -Xfrontend -const-gather-protocols-file -Xfrontend /Users/chrissotraidis/GitHub/caesarpad/build/ui-tests/build/CaesarPadUITests.build/Debug-iphonesimulator/Objects-normal/arm64/CaesarPadUITests_const_extract_protocols.json -Xcc -I/Users/chrissotraidis/GitHub/caesarpad/build/ui-tests/Debug-iphonesimulator/include -Xcc -I/Users/chrissotraidis/GitHub/caesarpad/build/ui-tests/build/CaesarPadUITests.build/Debug-iphonesimulator/DerivedSources-normal/arm64 -Xcc -I/Users/chrissotraidis/GitHub/caesarpad/build/ui-tests/build/CaesarPadUITests.build/Debug-iphonesimulator/DerivedSources/arm64 -Xcc -I/Users/chrissotraidis/GitHub/caesarpad/build/ui-tests/build/CaesarPadUITests.build/Debug-iphonesimulator/DerivedSources -Xcc -DCMAKE_INTDIR\=\"Debug-iphonesimulator\" -Xcc -DCaesarPadUITests_EXPORTS -emit-objc-header -emit-objc-header-path /Users/chrissotraidis/GitHub/caesarpad/build/ui-tests/build/CaesarPadUITests.build/Debug-iphonesimulator/Objects-normal/arm64/CaesarPadUITests-Swift.h -working-directory /Users/chrissotraidis/GitHub/caesarpad/tests/ui -experimental-emit-module-separately -disable-cmo

Ld /Users/chrissotraidis/GitHub/caesarpad/build/ui-tests/Debug-iphonesimulator/CaesarPadUITests-Runner.app/PlugIns/CaesarPadUITests.xctest/CaesarPadUITests normal (in target 'CaesarPadUITests' from project 'CaesarPadUITestHarness')
    cd /Users/chrissotraidis/GitHub/caesarpad/tests/ui
    /Applications/Xcode.app/Contents/Developer/Toolchains/XcodeDefault.xctoolchain/usr/bin/clang -Xlinker -reproducible -target arm64-apple-ios15.0-simulator -bundle -isysroot /Applications/Xcode.app/Contents/Developer/Platforms/iPhoneSimulator.platform/Developer/SDKs/iPhoneSimulator26.5.sdk -O0 -L/Users/chrissotraidis/GitHub/caesarpad/build/ui-tests/build/EagerLinkingTBDs/Debug-iphonesimulator -L/Users/chrissotraidis/GitHub/caesarpad/build/ui-tests/Debug-iphonesimulator -L/Applications/Xcode.app/Contents/Developer/Platforms/iPhoneSimulator.platform/Developer/usr/lib -F/Users/chrissotraidis/GitHub/caesarpad/build/ui-tests/build/EagerLinkingTBDs/Debug-iphonesimulator -F/Users/chrissotraidis/GitHub/caesarpad/build/ui-tests/Debug-iphonesimulator -iframework /Applications/Xcode.app/Contents/Developer/Platforms/iPhoneSimulator.platform/Developer/Library/Frameworks -iframework /Applications/Xcode.app/Contents/Developer/Platforms/iPhoneSimulator.platform/Developer/SDKs/iPhoneSimulator26.5.sdk/Developer/Library/Frameworks -filelist /Users/chrissotraidis/GitHub/caesarpad/build/ui-tests/build/CaesarPadUITests.build/Debug-iphonesimulator/Objects-normal/arm64/CaesarPadUITests.LinkFileList -Xlinker -rpath -Xlinker /usr/lib/swift -Xlinker -rpath -Xlinker @loader_path/Frameworks -Xlinker -dead_strip -Xlinker -object_path_lto -Xlinker /Users/chrissotraidis/GitHub/caesarpad/build/ui-tests/build/CaesarPadUITests.build/Debug-iphonesimulator/Objects-normal/arm64/CaesarPadUITests_lto.o -Xlinker -no_deduplicate -Xlinker -objc_abi_version -Xlinker 2 -Xlinker -dependency_info -Xlinker /Users/chrissotraidis/GitHub/caesarpad/build/ui-tests/build/CaesarPadUITests.build/Debug-iphonesimulator/Objects-normal/arm64/CaesarPadUITests_dependency_info.dat -fobjc-link-runtime -L/Applications/Xcode.app/Contents/Developer/Toolchains/XcodeDefault.xctoolchain/usr/lib/swift/iphonesimulator -L/usr/lib/swift -Xlinker -add_ast_path -Xlinker /Users/chrissotraidis/GitHub/caesarpad/build/ui-tests/build/CaesarPadUITests.build/Debug-iphonesimulator/Objects-normal/arm64/CaesarPadUITests.swiftmodule @/Users/chrissotraidis/GitHub/caesarpad/build/ui-tests/build/CaesarPadUITests.build/Debug-iphonesimulator/Objects-normal/arm64/CaesarPadUITests-linker-args.resp -framework XCTest -Xlinker -needed_framework -Xlinker XCTest -framework XCTest -Xlinker -needed-lXCTestSwiftSupport -lXCTestSwiftSupport -o /Users/chrissotraidis/GitHub/caesarpad/build/ui-tests/Debug-iphonesimulator/CaesarPadUITests-Runner.app/PlugIns/CaesarPadUITests.xctest/CaesarPadUITests

CopySwiftLibs /Users/chrissotraidis/GitHub/caesarpad/build/ui-tests/Debug-iphonesimulator/CaesarPadUITests-Runner.app/PlugIns/CaesarPadUITests.xctest (in target 'CaesarPadUITests' from project 'CaesarPadUITestHarness')
    cd /Users/chrissotraidis/GitHub/caesarpad/tests/ui
    builtin-swiftStdLibTool --copy --verbose --scan-executable /Users/chrissotraidis/GitHub/caesarpad/build/ui-tests/Debug-iphonesimulator/CaesarPadUITests-Runner.app/PlugIns/CaesarPadUITests.xctest/CaesarPadUITests --scan-folder /Users/chrissotraidis/GitHub/caesarpad/build/ui-tests/Debug-iphonesimulator/CaesarPadUITests-Runner.app/PlugIns/CaesarPadUITests.xctest/Frameworks --scan-folder /Users/chrissotraidis/GitHub/caesarpad/build/ui-tests/Debug-iphonesimulator/CaesarPadUITests-Runner.app/PlugIns/CaesarPadUITests.xctest/PlugIns --scan-folder /Users/chrissotraidis/GitHub/caesarpad/build/ui-tests/Debug-iphonesimulator/CaesarPadUITests-Runner.app/PlugIns/CaesarPadUITests.xctest/SystemExtensions --scan-folder /Users/chrissotraidis/GitHub/caesarpad/build/ui-tests/Debug-iphonesimulator/CaesarPadUITests-Runner.app/PlugIns/CaesarPadUITests.xctest/Extensions --platform iphonesimulator --toolchain /Applications/Xcode.app/Contents/Developer/Toolchains/XcodeDefault.xctoolchain --destination /Users/chrissotraidis/GitHub/caesarpad/build/ui-tests/Debug-iphonesimulator/CaesarPadUITests-Runner.app/PlugIns/CaesarPadUITests.xctest/Frameworks --strip-bitcode --scan-executable /Applications/Xcode.app/Contents/Developer/Platforms/iPhoneSimulator.platform/Developer/usr/lib/libXCTestSwiftSupport.dylib --strip-bitcode-tool /Applications/Xcode.app/Contents/Developer/Toolchains/XcodeDefault.xctoolchain/usr/bin/bitcode_strip --emit-dependency-info /Users/chrissotraidis/GitHub/caesarpad/build/ui-tests/build/CaesarPadUITests.build/Debug-iphonesimulator/SwiftStdLibToolInputDependencies.dep --filter-for-swift-os --back-deploy-swift-span
Ignoring --strip-bitcode because --sign was not passed

ExtractAppIntentsMetadata (in target 'CaesarPadUITests' from project 'CaesarPadUITestHarness')
    cd /Users/chrissotraidis/GitHub/caesarpad/tests/ui
    /Applications/Xcode.app/Contents/Developer/Toolchains/XcodeDefault.xctoolchain/usr/bin/appintentsmetadataprocessor --toolchain-dir /Applications/Xcode.app/Contents/Developer/Toolchains/XcodeDefault.xctoolchain --module-name CaesarPadUITests --sdk-root /Applications/Xcode.app/Contents/Developer/Platforms/iPhoneSimulator.platform/Developer/SDKs/iPhoneSimulator26.5.sdk --xcode-version 17F113 --platform-family iOS --deployment-target 15.0 --bundle-identifier dev.caesarpad.uitests --output /Users/chrissotraidis/GitHub/caesarpad/build/ui-tests/Debug-iphonesimulator/CaesarPadUITests-Runner.app/PlugIns/CaesarPadUITests.xctest --target-triple arm64-apple-ios15.0-simulator --binary-file /Users/chrissotraidis/GitHub/caesarpad/build/ui-tests/Debug-iphonesimulator/CaesarPadUITests-Runner.app/PlugIns/CaesarPadUITests.xctest/CaesarPadUITests --dependency-file /Users/chrissotraidis/GitHub/caesarpad/build/ui-tests/build/CaesarPadUITests.build/Debug-iphonesimulator/Objects-normal/arm64/CaesarPadUITests_dependency_info.dat --stringsdata-file /Users/chrissotraidis/GitHub/caesarpad/build/ui-tests/build/CaesarPadUITests.build/Debug-iphonesimulator/Objects-normal/arm64/ExtractedAppShortcutsMetadata.stringsdata --source-file-list /Users/chrissotraidis/GitHub/caesarpad/build/ui-tests/build/CaesarPadUITests.build/Debug-iphonesimulator/Objects-normal/arm64/CaesarPadUITests.SwiftFileList --metadata-file-list /Users/chrissotraidis/GitHub/caesarpad/build/ui-tests/build/CaesarPadUITests.build/Debug-iphonesimulator/CaesarPadUITests.DependencyMetadataFileList --static-metadata-file-list /Users/chrissotraidis/GitHub/caesarpad/build/ui-tests/build/CaesarPadUITests.build/Debug-iphonesimulator/CaesarPadUITests.DependencyStaticMetadataFileList --swift-const-vals-list /Users/chrissotraidis/GitHub/caesarpad/build/ui-tests/build/CaesarPadUITests.build/Debug-iphonesimulator/Objects-normal/arm64/CaesarPadUITests.SwiftConstValuesFileList --compile-time-extraction --deployment-aware-processing --validate-assistant-intents --no-app-shortcuts-localization
2026-07-26 17:32:26.289 appintentsmetadataprocessor[90845:26761438] Starting appintentsmetadataprocessor export
2026-07-26 17:32:26.293 appintentsmetadataprocessor[90845:26761438] warning: Metadata extraction skipped. No AppIntents.framework dependency found.

GenerateDSYMFile /Users/chrissotraidis/GitHub/caesarpad/build/ui-tests/Debug-iphonesimulator/CaesarPadUITests-Runner.app/PlugIns/CaesarPadUITests.xctest.dSYM /Users/chrissotraidis/GitHub/caesarpad/build/ui-tests/Debug-iphonesimulator/CaesarPadUITests-Runner.app/PlugIns/CaesarPadUITests.xctest/CaesarPadUITests (in target 'CaesarPadUITests' from project 'CaesarPadUITestHarness')
    cd /Users/chrissotraidis/GitHub/caesarpad/tests/ui
    /Applications/Xcode.app/Contents/Developer/Toolchains/XcodeDefault.xctoolchain/usr/bin/dsymutil /Users/chrissotraidis/GitHub/caesarpad/build/ui-tests/Debug-iphonesimulator/CaesarPadUITests-Runner.app/PlugIns/CaesarPadUITests.xctest/CaesarPadUITests -o /Users/chrissotraidis/GitHub/caesarpad/build/ui-tests/Debug-iphonesimulator/CaesarPadUITests-Runner.app/PlugIns/CaesarPadUITests.xctest.dSYM

AppIntentsSSUTraining (in target 'CaesarPadUITests' from project 'CaesarPadUITestHarness')
    cd /Users/chrissotraidis/GitHub/caesarpad/tests/ui
    /Applications/Xcode.app/Contents/Developer/Toolchains/XcodeDefault.xctoolchain/usr/bin/appintentsnltrainingprocessor --infoplist-path /Users/chrissotraidis/GitHub/caesarpad/build/ui-tests/Debug-iphonesimulator/CaesarPadUITests-Runner.app/PlugIns/CaesarPadUITests.xctest/Info.plist --temp-dir-path /Users/chrissotraidis/GitHub/caesarpad/build/ui-tests/build/CaesarPadUITests.build/Debug-iphonesimulator/ssu --bundle-id dev.caesarpad.uitests --product-path /Users/chrissotraidis/GitHub/caesarpad/build/ui-tests/Debug-iphonesimulator/CaesarPadUITests-Runner.app/PlugIns/CaesarPadUITests.xctest --extracted-metadata-path /Users/chrissotraidis/GitHub/caesarpad/build/ui-tests/Debug-iphonesimulator/CaesarPadUITests-Runner.app/PlugIns/CaesarPadUITests.xctest/Metadata.appintents --metadata-file-list /Users/chrissotraidis/GitHub/caesarpad/build/ui-tests/build/CaesarPadUITests.build/Debug-iphonesimulator/CaesarPadUITests.DependencyMetadataFileList --source-file /Users/chrissotraidis/GitHub/caesarpad/build/ui-tests/Debug-iphonesimulator/CaesarPadUITests-Runner.app/PlugIns/CaesarPadUITests.xctest/Info.plist --archive-ssu-assets
2026-07-26 17:32:26.352 appintentsnltrainingprocessor[90847:26761442] Parsing options for appintentsnltrainingprocessor
2026-07-26 17:32:26.354 appintentsnltrainingprocessor[90847:26761442] Starting AppIntents SSU YAML Generation
2026-07-26 17:32:26.354 appintentsnltrainingprocessor[90847:26761442] No AppShortcuts found - Skipping.

MkDir /Users/chrissotraidis/GitHub/caesarpad/build/ui-tests/Debug-iphonesimulator/CaesarPadUITests-Runner.app (in target 'CaesarPadUITests' from project 'CaesarPadUITestHarness')
    cd /Users/chrissotraidis/GitHub/caesarpad/tests/ui
    /bin/mkdir -p /Users/chrissotraidis/GitHub/caesarpad/build/ui-tests/Debug-iphonesimulator/CaesarPadUITests-Runner.app

Copy /Users/chrissotraidis/GitHub/caesarpad/build/ui-tests/Debug-iphonesimulator/CaesarPadUITests-Runner.app/PkgInfo /Applications/Xcode.app/Contents/Developer/Platforms/iPhoneSimulator.platform/Developer/Library/Xcode/Agents/XCTRunner.app/PkgInfo (in target 'CaesarPadUITests' from project 'CaesarPadUITestHarness')
    cd /Users/chrissotraidis/GitHub/caesarpad/tests/ui
    builtin-copy -exclude .DS_Store -exclude CVS -exclude .svn -exclude .git -exclude .hg -strip-unsigned-binaries -strip-deterministic -strip-tool /Applications/Xcode.app/Contents/Developer/Toolchains/XcodeDefault.xctoolchain/usr/bin/strip -resolve-src-symlinks /Applications/Xcode.app/Contents/Developer/Platforms/iPhoneSimulator.platform/Developer/Library/Xcode/Agents/XCTRunner.app/PkgInfo /Users/chrissotraidis/GitHub/caesarpad/build/ui-tests/Debug-iphonesimulator/CaesarPadUITests-Runner.app

CopyPlistFile /Users/chrissotraidis/GitHub/caesarpad/build/ui-tests/Debug-iphonesimulator/CaesarPadUITests-Runner.app/Info.plist /Applications/Xcode.app/Contents/Developer/Platforms/iPhoneSimulator.platform/Developer/Library/Xcode/Agents/XCTRunner.app/Info.plist (in target 'CaesarPadUITests' from project 'CaesarPadUITestHarness')
    cd /Users/chrissotraidis/GitHub/caesarpad/tests/ui
    builtin-copyPlist --validate --convert xml1 --macro-expansion WRAPPEDPRODUCTNAME CaesarPadUITests-Runner --macro-expansion WRAPPEDPRODUCTBUNDLEIDENTIFIER dev.caesarpad.uitests.xctrunner --macro-expansion TESTPRODUCTNAME CaesarPadUITests --macro-expansion TESTPRODUCTBUNDLEIDENTIFIER dev.caesarpad.uitests --copy-value UIDeviceFamily /Users/chrissotraidis/GitHub/caesarpad/build/ui-tests/Debug-iphonesimulator/CaesarPadUITests-Runner.app/PlugIns/CaesarPadUITests.xctest/Info.plist --outdir /Users/chrissotraidis/GitHub/caesarpad/build/ui-tests/Debug-iphonesimulator/CaesarPadUITests-Runner.app -- /Applications/Xcode.app/Contents/Developer/Platforms/iPhoneSimulator.platform/Developer/Library/Xcode/Agents/XCTRunner.app/Info.plist

CopyAndPreserveArchs /Users/chrissotraidis/GitHub/caesarpad/build/ui-tests/Debug-iphonesimulator/CaesarPadUITests-Runner.app/CaesarPadUITests-Runner (in target 'CaesarPadUITests' from project 'CaesarPadUITestHarness')
    cd /Users/chrissotraidis/GitHub/caesarpad/tests/ui
    /Applications/Xcode.app/Contents/Developer/Toolchains/XcodeDefault.xctoolchain/usr/bin/lipo /Applications/Xcode.app/Contents/Developer/Platforms/iPhoneSimulator.platform/Developer/Library/Xcode/Agents/XCTRunner.app/XCTRunner -output /Users/chrissotraidis/GitHub/caesarpad/build/ui-tests/Debug-iphonesimulator/CaesarPadUITests-Runner.app/CaesarPadUITests-Runner -extract arm64

Copy /Users/chrissotraidis/GitHub/caesarpad/build/ui-tests/Debug-iphonesimulator/CaesarPadUITests-Runner.app/Frameworks/libXCTestSwiftSupport.dylib /Applications/Xcode.app/Contents/Developer/Platforms/iPhoneSimulator.platform/Developer/usr/lib/libXCTestSwiftSupport.dylib (in target 'CaesarPadUITests' from project 'CaesarPadUITestHarness')
    cd /Users/chrissotraidis/GitHub/caesarpad/tests/ui
    builtin-copy -exclude .DS_Store -exclude CVS -exclude .svn -exclude .git -exclude .hg -exclude Headers -exclude PrivateHeaders -exclude Modules -exclude \*.tbd -strip-unsigned-binaries -strip-deterministic -strip-tool /Applications/Xcode.app/Contents/Developer/Toolchains/XcodeDefault.xctoolchain/usr/bin/strip -resolve-src-symlinks /Applications/Xcode.app/Contents/Developer/Platforms/iPhoneSimulator.platform/Developer/usr/lib/libXCTestSwiftSupport.dylib /Users/chrissotraidis/GitHub/caesarpad/build/ui-tests/Debug-iphonesimulator/CaesarPadUITests-Runner.app/Frameworks
warning: not stripping binary because it is signed: /Applications/Xcode.app/Contents/Developer/Platforms/iPhoneSimulator.platform/Developer/usr/lib/libXCTestSwiftSupport.dylib (in target 'CaesarPadUITests' from project 'CaesarPadUITestHarness')

Copy /Users/chrissotraidis/GitHub/caesarpad/build/ui-tests/Debug-iphonesimulator/CaesarPadUITests-Runner.app/Frameworks/XCUnit.framework /Applications/Xcode.app/Contents/Developer/Platforms/iPhoneSimulator.platform/Developer/Library/PrivateFrameworks/XCUnit.framework (in target 'CaesarPadUITests' from project 'CaesarPadUITestHarness')
    cd /Users/chrissotraidis/GitHub/caesarpad/tests/ui
    builtin-copy -exclude .DS_Store -exclude CVS -exclude .svn -exclude .git -exclude .hg -exclude Headers -exclude PrivateHeaders -exclude Modules -exclude \*.tbd -strip-unsigned-binaries -strip-deterministic -strip-tool /Applications/Xcode.app/Contents/Developer/Toolchains/XcodeDefault.xctoolchain/usr/bin/strip -resolve-src-symlinks /Applications/Xcode.app/Contents/Developer/Platforms/iPhoneSimulator.platform/Developer/Library/PrivateFrameworks/XCUnit.framework /Users/chrissotraidis/GitHub/caesarpad/build/ui-tests/Debug-iphonesimulator/CaesarPadUITests-Runner.app/Frameworks
warning: not stripping binary because it is signed: /Applications/Xcode.app/Contents/Developer/Platforms/iPhoneSimulator.platform/Developer/Library/PrivateFrameworks/XCUnit.framework/XCUnit (in target 'CaesarPadUITests' from project 'CaesarPadUITestHarness')

Copy /Users/chrissotraidis/GitHub/caesarpad/build/ui-tests/Debug-iphonesimulator/CaesarPadUITests-Runner.app/Frameworks/XCUIAutomation.framework /Applications/Xcode.app/Contents/Developer/Platforms/iPhoneSimulator.platform/Developer/Library/Frameworks/XCUIAutomation.framework (in target 'CaesarPadUITests' from project 'CaesarPadUITestHarness')
    cd /Users/chrissotraidis/GitHub/caesarpad/tests/ui
    builtin-copy -exclude .DS_Store -exclude CVS -exclude .svn -exclude .git -exclude .hg -exclude Headers -exclude PrivateHeaders -exclude Modules -exclude \*.tbd -strip-unsigned-binaries -strip-deterministic -strip-tool /Applications/Xcode.app/Contents/Developer/Toolchains/XcodeDefault.xctoolchain/usr/bin/strip -resolve-src-symlinks /Applications/Xcode.app/Contents/Developer/Platforms/iPhoneSimulator.platform/Developer/Library/Frameworks/XCUIAutomation.framework /Users/chrissotraidis/GitHub/caesarpad/build/ui-tests/Debug-iphonesimulator/CaesarPadUITests-Runner.app/Frameworks
warning: not stripping binary because it is signed: /Applications/Xcode.app/Contents/Developer/Platforms/iPhoneSimulator.platform/Developer/Library/Frameworks/XCUIAutomation.framework/XCUIAutomation (in target 'CaesarPadUITests' from project 'CaesarPadUITestHarness')

Copy /Users/chrissotraidis/GitHub/caesarpad/build/ui-tests/Debug-iphonesimulator/CaesarPadUITests-Runner.app/Frameworks/XCTestSupport.framework /Applications/Xcode.app/Contents/Developer/Platforms/iPhoneSimulator.platform/Developer/Library/PrivateFrameworks/XCTestSupport.framework (in target 'CaesarPadUITests' from project 'CaesarPadUITestHarness')
    cd /Users/chrissotraidis/GitHub/caesarpad/tests/ui
    builtin-copy -exclude .DS_Store -exclude CVS -exclude .svn -exclude .git -exclude .hg -exclude Headers -exclude PrivateHeaders -exclude Modules -exclude \*.tbd -strip-unsigned-binaries -strip-deterministic -strip-tool /Applications/Xcode.app/Contents/Developer/Toolchains/XcodeDefault.xctoolchain/usr/bin/strip -resolve-src-symlinks /Applications/Xcode.app/Contents/Developer/Platforms/iPhoneSimulator.platform/Developer/Library/PrivateFrameworks/XCTestSupport.framework /Users/chrissotraidis/GitHub/caesarpad/build/ui-tests/Debug-iphonesimulator/CaesarPadUITests-Runner.app/Frameworks
warning: not stripping binary because it is signed: /Applications/Xcode.app/Contents/Developer/Platforms/iPhoneSimulator.platform/Developer/Library/PrivateFrameworks/XCTestSupport.framework/XCTestSupport (in target 'CaesarPadUITests' from project 'CaesarPadUITestHarness')

Copy /Users/chrissotraidis/GitHub/caesarpad/build/ui-tests/Debug-iphonesimulator/CaesarPadUITests-Runner.app/Frameworks/XCTestCore.framework /Applications/Xcode.app/Contents/Developer/Platforms/iPhoneSimulator.platform/Developer/Library/PrivateFrameworks/XCTestCore.framework (in target 'CaesarPadUITests' from project 'CaesarPadUITestHarness')
    cd /Users/chrissotraidis/GitHub/caesarpad/tests/ui
    builtin-copy -exclude .DS_Store -exclude CVS -exclude .svn -exclude .git -exclude .hg -exclude Headers -exclude PrivateHeaders -exclude Modules -exclude \*.tbd -strip-unsigned-binaries -strip-deterministic -strip-tool /Applications/Xcode.app/Contents/Developer/Toolchains/XcodeDefault.xctoolchain/usr/bin/strip -resolve-src-symlinks /Applications/Xcode.app/Contents/Developer/Platforms/iPhoneSimulator.platform/Developer/Library/PrivateFrameworks/XCTestCore.framework /Users/chrissotraidis/GitHub/caesarpad/build/ui-tests/Debug-iphonesimulator/CaesarPadUITests-Runner.app/Frameworks
warning: not stripping binary because it is signed: /Applications/Xcode.app/Contents/Developer/Platforms/iPhoneSimulator.platform/Developer/Library/PrivateFrameworks/XCTestCore.framework/XCTestCore (in target 'CaesarPadUITests' from project 'CaesarPadUITestHarness')

Copy /Users/chrissotraidis/GitHub/caesarpad/build/ui-tests/Debug-iphonesimulator/CaesarPadUITests-Runner.app/Frameworks/XCTest.framework /Applications/Xcode.app/Contents/Developer/Platforms/iPhoneSimulator.platform/Developer/Library/Frameworks/XCTest.framework (in target 'CaesarPadUITests' from project 'CaesarPadUITestHarness')
    cd /Users/chrissotraidis/GitHub/caesarpad/tests/ui
    builtin-copy -exclude .DS_Store -exclude CVS -exclude .svn -exclude .git -exclude .hg -exclude Headers -exclude PrivateHeaders -exclude Modules -exclude \*.tbd -strip-unsigned-binaries -strip-deterministic -strip-tool /Applications/Xcode.app/Contents/Developer/Toolchains/XcodeDefault.xctoolchain/usr/bin/strip -resolve-src-symlinks /Applications/Xcode.app/Contents/Developer/Platforms/iPhoneSimulator.platform/Developer/Library/Frameworks/XCTest.framework /Users/chrissotraidis/GitHub/caesarpad/build/ui-tests/Debug-iphonesimulator/CaesarPadUITests-Runner.app/Frameworks
warning: not stripping binary because it is signed: /Applications/Xcode.app/Contents/Developer/Platforms/iPhoneSimulator.platform/Developer/Library/Frameworks/XCTest.framework/XCTest (in target 'CaesarPadUITests' from project 'CaesarPadUITestHarness')

Copy /Users/chrissotraidis/GitHub/caesarpad/build/ui-tests/Debug-iphonesimulator/CaesarPadUITests-Runner.app/Frameworks/XCTAutomationSupport.framework /Applications/Xcode.app/Contents/Developer/Platforms/iPhoneSimulator.platform/Developer/Library/PrivateFrameworks/XCTAutomationSupport.framework (in target 'CaesarPadUITests' from project 'CaesarPadUITestHarness')
    cd /Users/chrissotraidis/GitHub/caesarpad/tests/ui
    builtin-copy -exclude .DS_Store -exclude CVS -exclude .svn -exclude .git -exclude .hg -exclude Headers -exclude PrivateHeaders -exclude Modules -exclude \*.tbd -strip-unsigned-binaries -strip-deterministic -strip-tool /Applications/Xcode.app/Contents/Developer/Toolchains/XcodeDefault.xctoolchain/usr/bin/strip -resolve-src-symlinks /Applications/Xcode.app/Contents/Developer/Platforms/iPhoneSimulator.platform/Developer/Library/PrivateFrameworks/XCTAutomationSupport.framework /Users/chrissotraidis/GitHub/caesarpad/build/ui-tests/Debug-iphonesimulator/CaesarPadUITests-Runner.app/Frameworks
warning: not stripping binary because it is signed: /Applications/Xcode.app/Contents/Developer/Platforms/iPhoneSimulator.platform/Developer/Library/PrivateFrameworks/XCTAutomationSupport.framework/XCTAutomationSupport (in target 'CaesarPadUITests' from project 'CaesarPadUITestHarness')

Copy /Users/chrissotraidis/GitHub/caesarpad/build/ui-tests/Debug-iphonesimulator/CaesarPadUITests-Runner.app/Frameworks/Testing.framework /Applications/Xcode.app/Contents/Developer/Platforms/iPhoneSimulator.platform/Developer/Library/Frameworks/Testing.framework (in target 'CaesarPadUITests' from project 'CaesarPadUITestHarness')
    cd /Users/chrissotraidis/GitHub/caesarpad/tests/ui
    builtin-copy -exclude .DS_Store -exclude CVS -exclude .svn -exclude .git -exclude .hg -exclude Headers -exclude PrivateHeaders -exclude Modules -exclude \*.tbd -strip-unsigned-binaries -strip-deterministic -strip-tool /Applications/Xcode.app/Contents/Developer/Toolchains/XcodeDefault.xctoolchain/usr/bin/strip -resolve-src-symlinks /Applications/Xcode.app/Contents/Developer/Platforms/iPhoneSimulator.platform/Developer/Library/Frameworks/Testing.framework /Users/chrissotraidis/GitHub/caesarpad/build/ui-tests/Debug-iphonesimulator/CaesarPadUITests-Runner.app/Frameworks
warning: not stripping binary because it is signed: /Applications/Xcode.app/Contents/Developer/Platforms/iPhoneSimulator.platform/Developer/Library/Frameworks/Testing.framework/Testing (in target 'CaesarPadUITests' from project 'CaesarPadUITestHarness')

RegisterExecutionPolicyException /Users/chrissotraidis/GitHub/caesarpad/build/ui-tests/Debug-iphonesimulator/CaesarPadUITests-Runner.app/PlugIns/CaesarPadUITests.xctest (in target 'CaesarPadUITests' from project 'CaesarPadUITestHarness')
    cd /Users/chrissotraidis/GitHub/caesarpad/tests/ui
    builtin-RegisterExecutionPolicyException /Users/chrissotraidis/GitHub/caesarpad/build/ui-tests/Debug-iphonesimulator/CaesarPadUITests-Runner.app/PlugIns/CaesarPadUITests.xctest

Touch /Users/chrissotraidis/GitHub/caesarpad/build/ui-tests/Debug-iphonesimulator/CaesarPadUITests-Runner.app/PlugIns/CaesarPadUITests.xctest (in target 'CaesarPadUITests' from project 'CaesarPadUITestHarness')
    cd /Users/chrissotraidis/GitHub/caesarpad/tests/ui
    /usr/bin/touch -c /Users/chrissotraidis/GitHub/caesarpad/build/ui-tests/Debug-iphonesimulator/CaesarPadUITests-Runner.app/PlugIns/CaesarPadUITests.xctest

note: Run script build phase 'Generate CMakeFiles/ZERO_CHECK' will be run during every build because the option to run the script phase "Based on dependency analysis" is unchecked. (in target 'ZERO_CHECK' from project 'CaesarPadUITestHarness')
2026-07-26 17:32:32.179267-0500 CaesarPadUITests-Runner[90855:26761639] [Default] Running tests...
    t =      nans Interface orientation changed to Landscape Right
Test Suite 'Selected tests' started at 2026-07-26 17:32:34.299.
Test Suite 'CaesarPadUITests.xctest' started at 2026-07-26 17:32:34.301.
Test Suite 'CaesarPadUITests' started at 2026-07-26 17:32:34.302.
Test Case '-[CaesarPadUITests.CaesarPadUITests testPlayableMissionFlow]' started.
    t =     0.00s Start Test at 2026-07-26 17:32:34.305
    t =     0.16s Set Up
    t =     0.16s Open com.github.keriew.augustus
    t =     0.16s     Launch com.github.keriew.augustus
    t =     0.65s         Setting up automation session
    t =     3.49s         Wait for com.github.keriew.augustus to idle
    t =    11.67s Wait for com.github.keriew.augustus to become Running Foreground
    t =    11.68s Find the Application 'com.github.keriew.augustus'
    t =    11.92s Find the Application 'com.github.keriew.augustus'
    t =    12.58s Added attachment named '00-landscape-launch'
    t =    12.61s Tap Application 'com.github.keriew.augustus'[0.53, 0.45]
    t =    12.61s     Wait for com.github.keriew.augustus to idle
    t =    12.65s     Find the Application 'com.github.keriew.augustus'
    t =    12.77s     Check for interrupting elements affecting "Augustus" Application
    t =    12.91s     Synthesize event
    t =    12.94s         Find the Application 'com.github.keriew.augustus'
    t =    12.98s         Find the Application 'com.github.keriew.augustus'
    t =    13.11s         Find the Application 'com.github.keriew.augustus'
    t =    13.51s     Wait for com.github.keriew.augustus to idle
    t =    14.07s Tap Application 'com.github.keriew.augustus'[0.50, 0.52]
    t =    14.07s     Wait for com.github.keriew.augustus to idle
    t =    14.08s     Find the Application 'com.github.keriew.augustus'
    t =    14.19s     Check for interrupting elements affecting "Augustus" Application
    t =    14.30s     Synthesize event
    t =    14.32s         Find the Application 'com.github.keriew.augustus'
    t =    14.38s         Find the Application 'com.github.keriew.augustus'
    t =    14.51s         Find the Application 'com.github.keriew.augustus'
    t =    14.88s     Wait for com.github.keriew.augustus to idle
    t =    18.63s Added attachment named '01-title'
    t =    18.63s Tap Application 'com.github.keriew.augustus'[0.50, 0.53]
    t =    18.64s     Wait for com.github.keriew.augustus to idle
    t =    18.65s     Find the Application 'com.github.keriew.augustus'
    t =    18.75s     Check for interrupting elements affecting "Augustus" Application
    t =    18.87s     Synthesize event
    t =    18.89s         Find the Application 'com.github.keriew.augustus'
    t =    18.97s         Find the Application 'com.github.keriew.augustus'
    t =    19.09s         Find the Application 'com.github.keriew.augustus'
    t =    19.48s     Wait for com.github.keriew.augustus to idle
    t =    22.38s Added attachment named '02-main-menu'
    t =    22.38s Tap Application 'com.github.keriew.augustus'[0.50, 0.38]
    t =    22.38s     Wait for com.github.keriew.augustus to idle
    t =    22.41s     Find the Application 'com.github.keriew.augustus'
    t =    22.52s     Check for interrupting elements affecting "Augustus" Application
    t =    22.58s     Synthesize event
    t =    22.60s         Find the Application 'com.github.keriew.augustus'
    t =    22.67s         Find the Application 'com.github.keriew.augustus'
    t =    22.78s         Find the Application 'com.github.keriew.augustus'
    t =    23.19s     Wait for com.github.keriew.augustus to idle
    t =    24.83s Tap Application 'com.github.keriew.augustus'[0.68, 0.75]
    t =    24.84s     Wait for com.github.keriew.augustus to idle
    t =    24.91s     Find the Application 'com.github.keriew.augustus'
    t =    25.34s     Check for interrupting elements affecting "Augustus" Application
    t =    25.47s     Synthesize event
    t =    25.49s         Find the Application 'com.github.keriew.augustus'
    t =    25.55s         Find the Application 'com.github.keriew.augustus'
    t =    25.65s         Find the Application 'com.github.keriew.augustus'
    t =    26.11s     Wait for com.github.keriew.augustus to idle
    t =    29.74s Added attachment named '03-mission-briefing'
    t =    29.75s Tap Application 'com.github.keriew.augustus'[0.67, 0.85]
    t =    29.75s     Wait for com.github.keriew.augustus to idle
    t =    29.78s     Find the Application 'com.github.keriew.augustus'
    t =    29.90s     Check for interrupting elements affecting "Augustus" Application
    t =    30.02s     Synthesize event
    t =    30.04s         Find the Application 'com.github.keriew.augustus'
    t =    30.13s         Find the Application 'com.github.keriew.augustus'
    t =    30.33s         Find the Application 'com.github.keriew.augustus'
    t =    30.74s     Wait for com.github.keriew.augustus to idle
    t =    34.79s Tap Application 'com.github.keriew.augustus'[0.61, 0.56]
    t =    34.79s     Wait for com.github.keriew.augustus to idle
    t =    34.81s     Find the Application 'com.github.keriew.augustus'
    t =    34.91s     Check for interrupting elements affecting "Augustus" Application
    t =    35.00s     Synthesize event
    t =    35.01s         Find the Application 'com.github.keriew.augustus'
    t =    35.05s         Find the Application 'com.github.keriew.augustus'
    t =    35.13s         Find the Application 'com.github.keriew.augustus'
    t =    35.50s     Wait for com.github.keriew.augustus to idle
    t =    38.69s Added attachment named '04-mission-started'
    t =    38.70s Tap Application 'com.github.keriew.augustus'[0.90, 0.38]
    t =    38.70s     Wait for com.github.keriew.augustus to idle
    t =    38.74s     Find the Application 'com.github.keriew.augustus'
    t =    38.88s     Check for interrupting elements affecting "Augustus" Application
    t =    38.95s     Synthesize event
    t =    38.97s         Find the Application 'com.github.keriew.augustus'
    t =    39.05s         Find the Application 'com.github.keriew.augustus'
    t =    39.17s         Find the Application 'com.github.keriew.augustus'
    t =    39.52s     Wait for com.github.keriew.augustus to idle
    t =    41.75s Added attachment named '05-tap-selected-housing'
    t =    42.56s Tap Application 'com.github.keriew.augustus'[0.39, 0.24]
    t =    42.57s     Wait for com.github.keriew.augustus to idle
    t =    42.62s     Find the Application 'com.github.keriew.augustus'
    t =    42.70s     Check for interrupting elements affecting "Augustus" Application
    t =    42.80s     Synthesize event
    t =    42.82s         Find the Application 'com.github.keriew.augustus'
    t =    42.87s         Find the Application 'com.github.keriew.augustus'
    t =    43.03s         Find the Application 'com.github.keriew.augustus'
    t =    43.41s     Wait for com.github.keriew.augustus to idle
    t =    43.99s Tap Application 'com.github.keriew.augustus'[0.39, 0.24]
    t =    44.02s     Wait for com.github.keriew.augustus to idle
    t =    44.10s     Find the Application 'com.github.keriew.augustus'
    t =    44.29s     Check for interrupting elements affecting "Augustus" Application
    t =    44.44s     Synthesize event
    t =    44.50s         Find the Application 'com.github.keriew.augustus'
    t =    44.60s         Find the Application 'com.github.keriew.augustus'
    t =    44.82s         Find the Application 'com.github.keriew.augustus'
    t =    45.28s     Wait for com.github.keriew.augustus to idle
    t =    48.27s Added attachment named '06-building-placed'
    t =    50.39s Added attachment named '07-cancel-before'
    t =    50.40s Tap Application 'com.github.keriew.augustus'[0.82, 0.06]
    t =    50.40s     Wait for com.github.keriew.augustus to idle
    t =    50.43s     Find the Application 'com.github.keriew.augustus'
    t =    50.53s     Check for interrupting elements affecting "Augustus" Application
    t =    50.61s     Synthesize event
    t =    50.64s         Find the Application 'com.github.keriew.augustus'
    t =    50.68s         Find the Application 'com.github.keriew.augustus'
    t =    50.79s         Find the Application 'com.github.keriew.augustus'
    t =    51.16s     Wait for com.github.keriew.augustus to idle
    t =    53.68s Tap Application 'com.github.keriew.augustus'[0.83, 0.06]
    t =    53.68s     Wait for com.github.keriew.augustus to idle
    t =    53.72s     Find the Application 'com.github.keriew.augustus'
    t =    53.87s     Check for interrupting elements affecting "Augustus" Application
    t =    53.95s     Synthesize event
    t =    53.97s         Find the Application 'com.github.keriew.augustus'
    t =    54.03s         Find the Application 'com.github.keriew.augustus'
    t =    54.13s         Find the Application 'com.github.keriew.augustus'
    t =    54.54s     Wait for com.github.keriew.augustus to idle
    t =    58.13s Added attachment named '07-pan-before'
    t =    58.14s Press Application 'com.github.keriew.augustus'[0.36, 0.42] for 0.2 seconds, then drag to Application 'com.github.keriew.augustus'[0.60, 0.56] with velocity of 250.00 pixels per second, and then hold for 0.1 seconds
    t =    58.14s     Wait for com.github.keriew.augustus to idle
    t =    58.17s     Find the Application 'com.github.keriew.augustus'
    t =    58.31s     Check for interrupting elements affecting "Augustus" Application
    t =    58.40s     Synthesize event
    t =    58.43s         Find the Application 'com.github.keriew.augustus'
    t =    58.50s         Find the Application 'com.github.keriew.augustus'
    t =    58.58s         Find the Application 'com.github.keriew.augustus'
    t =    58.65s         Find the Application 'com.github.keriew.augustus'
    t =    58.74s         Find the Application 'com.github.keriew.augustus'
    t =    60.63s     Wait for com.github.keriew.augustus to idle
    t =    62.86s Added attachment named '08-pan-after'
    t =    65.88s Added attachment named '09-speed-before'
    t =    65.89s Tap Application 'com.github.keriew.augustus'[0.90, 0.61]
    t =    65.89s     Wait for com.github.keriew.augustus to idle
    t =    65.91s     Find the Application 'com.github.keriew.augustus'
    t =    66.00s     Check for interrupting elements affecting "Augustus" Application
    t =    66.13s     Synthesize event
    t =    66.16s         Find the Application 'com.github.keriew.augustus'
    t =    66.27s         Find the Application 'com.github.keriew.augustus'
    t =    66.38s         Find the Application 'com.github.keriew.augustus'
    t =    66.77s     Wait for com.github.keriew.augustus to idle
    t =    68.98s Added attachment named '10-speed-changed'
    t =    69.69s Tap Application 'com.github.keriew.augustus'[0.97, 0.61]
    t =    69.69s     Wait for com.github.keriew.augustus to idle
    t =    69.72s     Find the Application 'com.github.keriew.augustus'
    t =    69.81s     Check for interrupting elements affecting "Augustus" Application
    t =    69.91s     Synthesize event
    t =    69.95s         Find the Application 'com.github.keriew.augustus'
    t =    70.04s         Find the Application 'com.github.keriew.augustus'
    t =    70.14s         Find the Application 'com.github.keriew.augustus'
    t =    70.57s     Wait for com.github.keriew.augustus to idle
    t =    72.22s Added attachment named '11-paused'
    t =    77.58s Added attachment named '12-pause-held'
    t =    78.39s Tear Down
Test Case '-[CaesarPadUITests.CaesarPadUITests testPlayableMissionFlow]' passed (78.911 seconds).
Test Suite 'CaesarPadUITests' passed at 2026-07-26 17:33:53.216.
	 Executed 1 test, with 0 failures (0 unexpected) in 78.911 (78.914) seconds
Test Suite 'CaesarPadUITests.xctest' passed at 2026-07-26 17:33:53.220.
	 Executed 1 test, with 0 failures (0 unexpected) in 78.911 (78.918) seconds
Test Suite 'Selected tests' passed at 2026-07-26 17:33:53.236.
	 Executed 1 test, with 0 failures (0 unexpected) in 78.911 (78.938) seconds
2026-07-26 17:33:54.690 xcodebuild[90800:26761155] [MT] IDETestOperationsObserverDebug: 88.200 elapsed -- Testing started completed.
2026-07-26 17:33:54.690 xcodebuild[90800:26761155] [MT] IDETestOperationsObserverDebug: 0.000 sec, +0.000 sec -- start
2026-07-26 17:33:54.690 xcodebuild[90800:26761155] [MT] IDETestOperationsObserverDebug: 88.200 sec, +88.200 sec -- end

Test session results, code coverage, and logs:
	/Users/chrissotraidis/GitHub/caesarpad/artifacts/g7/playable-20260726-173036.xcresult

** TEST SUCCEEDED **

Testing started
Saved UI-test results to /Users/chrissotraidis/GitHub/caesarpad/artifacts/g7/playable-20260726-173036.xcresult
-- Configuring done (0.5s)
-- Generating done (0.1s)
-- Build files have been written to: /Users/chrissotraidis/GitHub/caesarpad/build/ui-tests
Command line invocation:
    /Applications/Xcode.app/Contents/Developer/usr/bin/xcodebuild -project /Users/chrissotraidis/GitHub/caesarpad/build/ui-tests/CaesarPadUITestHarness.xcodeproj -scheme CaesarPadUITests -configuration Debug -sdk iphonesimulator -derivedDataPath /Users/chrissotraidis/GitHub/caesarpad/build/ui-tests/DerivedData clean

Build settings from command line:
    SDKROOT = iphonesimulator26.5

--- xcodebuild: WARNING: Using the first of multiple matching destinations:
{ platform:iOS Simulator, id:dvtdevice-DVTiOSDeviceSimulatorPlaceholder-iphonesimulator:placeholder, name:Any iOS Simulator Device }
{ platform:iOS Simulator, arch:arm64, id:4B500075-51AB-45B2-BF38-F325507BB905, OS:26.5, name:DaggerPad iPad Pro M2 }
{ platform:iOS Simulator, arch:arm64, id:48B29BDF-DA77-48A2-85F0-5AADFBC4B563, OS:26.5, name:DaggerPad iPad Pro M2 Clean }
{ platform:iOS Simulator, arch:arm64, id:99B296D5-8819-4637-8C62-347E1F49B85F, OS:18.5, name:DaggerPad iPad Pro M2 iOS 18.5 }
{ platform:iOS Simulator, arch:x86_64, id:99B296D5-8819-4637-8C62-347E1F49B85F, OS:18.5, name:DaggerPad iPad Pro M2 iOS 18.5 }
{ platform:iOS Simulator, arch:arm64, id:0309932A-BD06-4561-B889-B4576C42BC22, OS:18.5, name:iPad (A16) }
{ platform:iOS Simulator, arch:x86_64, id:0309932A-BD06-4561-B889-B4576C42BC22, OS:18.5, name:iPad (A16) }
{ platform:iOS Simulator, arch:arm64, id:5C2FD444-A69E-4EF0-83A5-5EDB579015C8, OS:26.5, name:iPad (A16) }
{ platform:iOS Simulator, arch:arm64, id:9C4B6D74-7B8D-4DBC-93E7-5590E45539A8, OS:18.5, name:iPad Air 11-inch (M3) }
{ platform:iOS Simulator, arch:x86_64, id:9C4B6D74-7B8D-4DBC-93E7-5590E45539A8, OS:18.5, name:iPad Air 11-inch (M3) }
{ platform:iOS Simulator, arch:arm64, id:D5BFE5D2-C276-4F9A-B3C1-305C256BED0D, OS:26.5, name:iPad Air 11-inch (M4) }
{ platform:iOS Simulator, arch:arm64, id:EEF37AFD-88A6-44DB-9631-57E00476704F, OS:18.5, name:iPad Air 13-inch (M3) }
{ platform:iOS Simulator, arch:x86_64, id:EEF37AFD-88A6-44DB-9631-57E00476704F, OS:18.5, name:iPad Air 13-inch (M3) }
{ platform:iOS Simulator, arch:arm64, id:151160FE-3DA5-4725-A719-79CCC50EB4AA, OS:26.5, name:iPad Air 13-inch (M4) }
{ platform:iOS Simulator, arch:arm64, id:08636791-2675-4675-8335-EF72EF954DCF, OS:18.5, name:iPad Pro 11-inch (M4) }
{ platform:iOS Simulator, arch:x86_64, id:08636791-2675-4675-8335-EF72EF954DCF, OS:18.5, name:iPad Pro 11-inch (M4) }
{ platform:iOS Simulator, arch:arm64, id:DE8E956F-6B29-4FF3-AF4A-77034CE8588A, OS:26.5, name:iPad Pro 11-inch (M5) }
{ platform:iOS Simulator, arch:arm64, id:02BFE363-AA20-48BD-BBE0-7DBEB4AD8713, OS:18.5, name:iPad Pro 13-inch (M4) }
{ platform:iOS Simulator, arch:x86_64, id:02BFE363-AA20-48BD-BBE0-7DBEB4AD8713, OS:18.5, name:iPad Pro 13-inch (M4) }
{ platform:iOS Simulator, arch:arm64, id:68016FEA-1887-4E05-A7F4-B26EC8572B8A, OS:26.5, name:iPad Pro 13-inch (M5) }
{ platform:iOS Simulator, arch:arm64, id:7D8C148F-3B11-43B3-A032-0D6DBE40C366, OS:18.5, name:iPad mini (A17 Pro) }
{ platform:iOS Simulator, arch:x86_64, id:7D8C148F-3B11-43B3-A032-0D6DBE40C366, OS:18.5, name:iPad mini (A17 Pro) }
{ platform:iOS Simulator, arch:arm64, id:6F31C8CB-2FEE-4258-AD75-C672BB4AB3BA, OS:26.5, name:iPad mini (A17 Pro) }
CreateBuildRequest

SendProjectDescription

CreateBuildOperation

** CLEAN SUCCEEDED **

Command line invocation:
    /Applications/Xcode.app/Contents/Developer/usr/bin/xcodebuild -project /Users/chrissotraidis/GitHub/caesarpad/build/ui-tests/CaesarPadUITestHarness.xcodeproj -scheme CaesarPadUITests -configuration Debug -sdk iphonesimulator -destination "platform=iOS Simulator,id=08636791-2675-4675-8335-EF72EF954DCF" -derivedDataPath /Users/chrissotraidis/GitHub/caesarpad/build/ui-tests/DerivedData -resultBundlePath /Users/chrissotraidis/GitHub/caesarpad/artifacts/g7/touch-20260726-173036.xcresult CODE_SIGN_IDENTITY= CODE_SIGNING_REQUIRED=NO CODE_SIGNING_ALLOWED=NO "-only-testing:CaesarPadUITests/CaesarPadUITests/testMinimalTouchControls" test

Build settings from command line:
    CODE_SIGN_IDENTITY =
    CODE_SIGNING_ALLOWED = NO
    CODE_SIGNING_REQUIRED = NO
    SDKROOT = iphonesimulator26.5

Writing result bundle at path:
	/Users/chrissotraidis/GitHub/caesarpad/artifacts/g7/touch-20260726-173036.xcresult

--- xcodebuild: WARNING: Using the first of multiple matching destinations:
{ platform:iOS Simulator, arch:arm64, id:08636791-2675-4675-8335-EF72EF954DCF, OS:18.5, name:iPad Pro 11-inch (M4) }
{ platform:iOS Simulator, arch:x86_64, id:08636791-2675-4675-8335-EF72EF954DCF, OS:18.5, name:iPad Pro 11-inch (M4) }
note: Using codesigning identity override:
ComputePackagePrebuildTargetDependencyGraph

CreateBuildRequest

SendProjectDescription

CreateBuildOperation

ComputeTargetDependencyGraph
note: Building targets in dependency order
note: Target dependency graph (3 targets)
    Target 'CaesarPadUITests' in project 'CaesarPadUITestHarness'
        ➜ Explicit dependency on target 'CaesarPadTestHost' in project 'CaesarPadUITestHarness'
        ➜ Explicit dependency on target 'ZERO_CHECK' in project 'CaesarPadUITestHarness'
    Target 'CaesarPadTestHost' in project 'CaesarPadUITestHarness'
        ➜ Explicit dependency on target 'ZERO_CHECK' in project 'CaesarPadUITestHarness'
    Target 'ZERO_CHECK' in project 'CaesarPadUITestHarness' (no dependencies)

GatherProvisioningInputs

CreateBuildDescription

ExecuteExternalTool /Applications/Xcode.app/Contents/Developer/Toolchains/XcodeDefault.xctoolchain/usr/bin/clang -v -E -dM -isysroot /Applications/Xcode.app/Contents/Developer/Platforms/iPhoneSimulator.platform/Developer/SDKs/iPhoneSimulator26.5.sdk -x c -c /dev/null

ExecuteExternalTool /Applications/Xcode.app/Contents/Developer/Toolchains/XcodeDefault.xctoolchain/usr/bin/swiftc --version

ExecuteExternalTool /Applications/Xcode.app/Contents/Developer/Toolchains/XcodeDefault.xctoolchain/usr/bin/ld -version_details

Build description signature: 42effc40cc61ff22824394219fef2739
Build description path: /Users/chrissotraidis/GitHub/caesarpad/build/ui-tests/build/XCBuildData/42effc40cc61ff22824394219fef2739.xcbuilddata
CreateBuildDirectory /Users/chrissotraidis/GitHub/caesarpad/build/ui-tests/build
    cd /Users/chrissotraidis/GitHub/caesarpad/build/ui-tests/CaesarPadUITestHarness.xcodeproj
    builtin-create-build-directory /Users/chrissotraidis/GitHub/caesarpad/build/ui-tests/build

CreateBuildDirectory /Users/chrissotraidis/GitHub/caesarpad/build/ui-tests/Debug-iphonesimulator
    cd /Users/chrissotraidis/GitHub/caesarpad/build/ui-tests/CaesarPadUITestHarness.xcodeproj
    builtin-create-build-directory /Users/chrissotraidis/GitHub/caesarpad/build/ui-tests/Debug-iphonesimulator

ClangStatCache /Applications/Xcode.app/Contents/Developer/Toolchains/XcodeDefault.xctoolchain/usr/bin/clang-stat-cache /Applications/Xcode.app/Contents/Developer/Platforms/iPhoneSimulator.platform/Developer/SDKs/iPhoneSimulator26.5.sdk /Users/chrissotraidis/GitHub/caesarpad/build/ui-tests/DerivedData/SDKStatCaches.noindex/iphonesimulator26.5-23F81a-6cfe768891a92b912361537c460fe42b.sdkstatcache
    cd /Users/chrissotraidis/GitHub/caesarpad/build/ui-tests/CaesarPadUITestHarness.xcodeproj
    /Applications/Xcode.app/Contents/Developer/Toolchains/XcodeDefault.xctoolchain/usr/bin/clang-stat-cache /Applications/Xcode.app/Contents/Developer/Platforms/iPhoneSimulator.platform/Developer/SDKs/iPhoneSimulator26.5.sdk -o /Users/chrissotraidis/GitHub/caesarpad/build/ui-tests/DerivedData/SDKStatCaches.noindex/iphonesimulator26.5-23F81a-6cfe768891a92b912361537c460fe42b.sdkstatcache

CreateBuildDirectory /Users/chrissotraidis/GitHub/caesarpad/build/ui-tests/build/ExplicitPrecompiledModules
    cd /Users/chrissotraidis/GitHub/caesarpad/build/ui-tests/CaesarPadUITestHarness.xcodeproj
    builtin-create-build-directory /Users/chrissotraidis/GitHub/caesarpad/build/ui-tests/build/ExplicitPrecompiledModules

CreateBuildDirectory /Users/chrissotraidis/GitHub/caesarpad/build/ui-tests/build/SwiftExplicitPrecompiledModules
    cd /Users/chrissotraidis/GitHub/caesarpad/build/ui-tests/CaesarPadUITestHarness.xcodeproj
    builtin-create-build-directory /Users/chrissotraidis/GitHub/caesarpad/build/ui-tests/build/SwiftExplicitPrecompiledModules

CreateBuildDirectory /Users/chrissotraidis/GitHub/caesarpad/build/ui-tests/build/Debug-iphonesimulator
    cd /Users/chrissotraidis/GitHub/caesarpad/build/ui-tests/CaesarPadUITestHarness.xcodeproj
    builtin-create-build-directory /Users/chrissotraidis/GitHub/caesarpad/build/ui-tests/build/Debug-iphonesimulator

CreateBuildDirectory /Users/chrissotraidis/GitHub/caesarpad/build/ui-tests/build/EagerLinkingTBDs/Debug-iphonesimulator
    cd /Users/chrissotraidis/GitHub/caesarpad/build/ui-tests/CaesarPadUITestHarness.xcodeproj
    builtin-create-build-directory /Users/chrissotraidis/GitHub/caesarpad/build/ui-tests/build/EagerLinkingTBDs/Debug-iphonesimulator

WriteAuxiliaryFile /Users/chrissotraidis/GitHub/caesarpad/build/ui-tests/build/CaesarPadUITestHarness.build/Debug-iphonesimulator/ZERO_CHECK.build/Script-CF01EF5532D6E2A1461A5E05.sh (in target 'ZERO_CHECK' from project 'CaesarPadUITestHarness')
    cd /Users/chrissotraidis/GitHub/caesarpad/tests/ui
    write-file /Users/chrissotraidis/GitHub/caesarpad/build/ui-tests/build/CaesarPadUITestHarness.build/Debug-iphonesimulator/ZERO_CHECK.build/Script-CF01EF5532D6E2A1461A5E05.sh

WriteAuxiliaryFile /Users/chrissotraidis/GitHub/caesarpad/build/ui-tests/build/CaesarPadUITests.build/Debug-iphonesimulator/ProductTypeInfoPlistAdditions.plist (in target 'CaesarPadUITests' from project 'CaesarPadUITestHarness')
    cd /Users/chrissotraidis/GitHub/caesarpad/tests/ui
    write-file /Users/chrissotraidis/GitHub/caesarpad/build/ui-tests/build/CaesarPadUITests.build/Debug-iphonesimulator/ProductTypeInfoPlistAdditions.plist

WriteAuxiliaryFile /Users/chrissotraidis/GitHub/caesarpad/build/ui-tests/build/CaesarPadUITests.build/Debug-iphonesimulator/Objects-normal/arm64/CaesarPadUITests.LinkFileList (in target 'CaesarPadUITests' from project 'CaesarPadUITestHarness')
    cd /Users/chrissotraidis/GitHub/caesarpad/tests/ui
    write-file /Users/chrissotraidis/GitHub/caesarpad/build/ui-tests/build/CaesarPadUITests.build/Debug-iphonesimulator/Objects-normal/arm64/CaesarPadUITests.LinkFileList

WriteAuxiliaryFile /Users/chrissotraidis/GitHub/caesarpad/build/ui-tests/build/CaesarPadUITests.build/Debug-iphonesimulator/Objects-normal/arm64/CaesarPadUITests.SwiftConstValuesFileList (in target 'CaesarPadUITests' from project 'CaesarPadUITestHarness')
    cd /Users/chrissotraidis/GitHub/caesarpad/tests/ui
    write-file /Users/chrissotraidis/GitHub/caesarpad/build/ui-tests/build/CaesarPadUITests.build/Debug-iphonesimulator/Objects-normal/arm64/CaesarPadUITests.SwiftConstValuesFileList

WriteAuxiliaryFile /Users/chrissotraidis/GitHub/caesarpad/build/ui-tests/build/CaesarPadUITests.build/Debug-iphonesimulator/Objects-normal/arm64/CaesarPadUITests_const_extract_protocols.json (in target 'CaesarPadUITests' from project 'CaesarPadUITestHarness')
    cd /Users/chrissotraidis/GitHub/caesarpad/tests/ui
    write-file /Users/chrissotraidis/GitHub/caesarpad/build/ui-tests/build/CaesarPadUITests.build/Debug-iphonesimulator/Objects-normal/arm64/CaesarPadUITests_const_extract_protocols.json

PhaseScriptExecution Generate\ CMakeFiles/ZERO_CHECK /Users/chrissotraidis/GitHub/caesarpad/build/ui-tests/build/CaesarPadUITestHarness.build/Debug-iphonesimulator/ZERO_CHECK.build/Script-CF01EF5532D6E2A1461A5E05.sh (in target 'ZERO_CHECK' from project 'CaesarPadUITestHarness')
    cd /Users/chrissotraidis/GitHub/caesarpad/tests/ui
    /bin/sh -c /Users/chrissotraidis/GitHub/caesarpad/build/ui-tests/build/CaesarPadUITestHarness.build/Debug-iphonesimulator/ZERO_CHECK.build/Script-CF01EF5532D6E2A1461A5E05.sh
make: `/Users/chrissotraidis/GitHub/caesarpad/build/ui-tests/CMakeFiles/cmake.check_cache' is up to date.

WriteAuxiliaryFile /Users/chrissotraidis/GitHub/caesarpad/build/ui-tests/build/CaesarPadUITests.build/Debug-iphonesimulator/Objects-normal/arm64/CaesarPadUITests.SwiftFileList (in target 'CaesarPadUITests' from project 'CaesarPadUITestHarness')
    cd /Users/chrissotraidis/GitHub/caesarpad/tests/ui
    write-file /Users/chrissotraidis/GitHub/caesarpad/build/ui-tests/build/CaesarPadUITests.build/Debug-iphonesimulator/Objects-normal/arm64/CaesarPadUITests.SwiftFileList

WriteAuxiliaryFile /Users/chrissotraidis/GitHub/caesarpad/build/ui-tests/build/CaesarPadTestHost.build/Debug-iphonesimulator/Objects-normal/arm64/CaesarPadTestHost_const_extract_protocols.json (in target 'CaesarPadTestHost' from project 'CaesarPadUITestHarness')
    cd /Users/chrissotraidis/GitHub/caesarpad/tests/ui
    write-file /Users/chrissotraidis/GitHub/caesarpad/build/ui-tests/build/CaesarPadTestHost.build/Debug-iphonesimulator/Objects-normal/arm64/CaesarPadTestHost_const_extract_protocols.json

WriteAuxiliaryFile /Users/chrissotraidis/GitHub/caesarpad/build/ui-tests/build/CaesarPadUITests.build/Debug-iphonesimulator/Objects-normal/arm64/CaesarPadUITests-OutputFileMap.json (in target 'CaesarPadUITests' from project 'CaesarPadUITestHarness')
    cd /Users/chrissotraidis/GitHub/caesarpad/tests/ui
    write-file /Users/chrissotraidis/GitHub/caesarpad/build/ui-tests/build/CaesarPadUITests.build/Debug-iphonesimulator/Objects-normal/arm64/CaesarPadUITests-OutputFileMap.json

WriteAuxiliaryFile /Users/chrissotraidis/GitHub/caesarpad/build/ui-tests/build/CaesarPadUITests.build/Debug-iphonesimulator/CaesarPadUITests.DependencyStaticMetadataFileList (in target 'CaesarPadUITests' from project 'CaesarPadUITestHarness')
    cd /Users/chrissotraidis/GitHub/caesarpad/tests/ui
    write-file /Users/chrissotraidis/GitHub/caesarpad/build/ui-tests/build/CaesarPadUITests.build/Debug-iphonesimulator/CaesarPadUITests.DependencyStaticMetadataFileList

WriteAuxiliaryFile /Users/chrissotraidis/GitHub/caesarpad/build/ui-tests/build/CaesarPadUITests.build/Debug-iphonesimulator/CaesarPadUITests.DependencyMetadataFileList (in target 'CaesarPadUITests' from project 'CaesarPadUITestHarness')
    cd /Users/chrissotraidis/GitHub/caesarpad/tests/ui
    write-file /Users/chrissotraidis/GitHub/caesarpad/build/ui-tests/build/CaesarPadUITests.build/Debug-iphonesimulator/CaesarPadUITests.DependencyMetadataFileList

WriteAuxiliaryFile /Users/chrissotraidis/GitHub/caesarpad/build/ui-tests/build/CaesarPadTestHost.build/Debug-iphonesimulator/Objects-normal/arm64/CaesarPadTestHost.SwiftFileList (in target 'CaesarPadTestHost' from project 'CaesarPadUITestHarness')
    cd /Users/chrissotraidis/GitHub/caesarpad/tests/ui
    write-file /Users/chrissotraidis/GitHub/caesarpad/build/ui-tests/build/CaesarPadTestHost.build/Debug-iphonesimulator/Objects-normal/arm64/CaesarPadTestHost.SwiftFileList

WriteAuxiliaryFile /Users/chrissotraidis/GitHub/caesarpad/build/ui-tests/build/CaesarPadTestHost.build/Debug-iphonesimulator/Objects-normal/arm64/CaesarPadTestHost.SwiftConstValuesFileList (in target 'CaesarPadTestHost' from project 'CaesarPadUITestHarness')
    cd /Users/chrissotraidis/GitHub/caesarpad/tests/ui
    write-file /Users/chrissotraidis/GitHub/caesarpad/build/ui-tests/build/CaesarPadTestHost.build/Debug-iphonesimulator/Objects-normal/arm64/CaesarPadTestHost.SwiftConstValuesFileList

WriteAuxiliaryFile /Users/chrissotraidis/GitHub/caesarpad/build/ui-tests/build/CaesarPadTestHost.build/Debug-iphonesimulator/Objects-normal/arm64/CaesarPadTestHost.LinkFileList (in target 'CaesarPadTestHost' from project 'CaesarPadUITestHarness')
    cd /Users/chrissotraidis/GitHub/caesarpad/tests/ui
    write-file /Users/chrissotraidis/GitHub/caesarpad/build/ui-tests/build/CaesarPadTestHost.build/Debug-iphonesimulator/Objects-normal/arm64/CaesarPadTestHost.LinkFileList

WriteAuxiliaryFile /Users/chrissotraidis/GitHub/caesarpad/build/ui-tests/build/CaesarPadTestHost.build/Debug-iphonesimulator/Objects-normal/arm64/CaesarPadTestHost-OutputFileMap.json (in target 'CaesarPadTestHost' from project 'CaesarPadUITestHarness')
    cd /Users/chrissotraidis/GitHub/caesarpad/tests/ui
    write-file /Users/chrissotraidis/GitHub/caesarpad/build/ui-tests/build/CaesarPadTestHost.build/Debug-iphonesimulator/Objects-normal/arm64/CaesarPadTestHost-OutputFileMap.json

WriteAuxiliaryFile /Users/chrissotraidis/GitHub/caesarpad/build/ui-tests/build/CaesarPadTestHost.build/Debug-iphonesimulator/CaesarPadTestHost.DependencyStaticMetadataFileList (in target 'CaesarPadTestHost' from project 'CaesarPadUITestHarness')
    cd /Users/chrissotraidis/GitHub/caesarpad/tests/ui
    write-file /Users/chrissotraidis/GitHub/caesarpad/build/ui-tests/build/CaesarPadTestHost.build/Debug-iphonesimulator/CaesarPadTestHost.DependencyStaticMetadataFileList

WriteAuxiliaryFile /Users/chrissotraidis/GitHub/caesarpad/build/ui-tests/build/CaesarPadTestHost.build/Debug-iphonesimulator/CaesarPadTestHost.DependencyMetadataFileList (in target 'CaesarPadTestHost' from project 'CaesarPadUITestHarness')
    cd /Users/chrissotraidis/GitHub/caesarpad/tests/ui
    write-file /Users/chrissotraidis/GitHub/caesarpad/build/ui-tests/build/CaesarPadTestHost.build/Debug-iphonesimulator/CaesarPadTestHost.DependencyMetadataFileList

MkDir /Users/chrissotraidis/GitHub/caesarpad/build/ui-tests/Debug-iphonesimulator/CaesarPadUITests-Runner.app/PlugIns/CaesarPadUITests.xctest (in target 'CaesarPadUITests' from project 'CaesarPadUITestHarness')
    cd /Users/chrissotraidis/GitHub/caesarpad/tests/ui
    /bin/mkdir -p /Users/chrissotraidis/GitHub/caesarpad/build/ui-tests/Debug-iphonesimulator/CaesarPadUITests-Runner.app/PlugIns/CaesarPadUITests.xctest

MkDir /Users/chrissotraidis/GitHub/caesarpad/build/ui-tests/Debug-iphonesimulator/CaesarPadTestHost.app (in target 'CaesarPadTestHost' from project 'CaesarPadUITestHarness')
    cd /Users/chrissotraidis/GitHub/caesarpad/tests/ui
    /bin/mkdir -p /Users/chrissotraidis/GitHub/caesarpad/build/ui-tests/Debug-iphonesimulator/CaesarPadTestHost.app

SwiftDriver CaesarPadTestHost normal arm64 com.apple.xcode.tools.swift.compiler (in target 'CaesarPadTestHost' from project 'CaesarPadUITestHarness')
    cd /Users/chrissotraidis/GitHub/caesarpad/tests/ui
    builtin-SwiftDriver -- /Applications/Xcode.app/Contents/Developer/Toolchains/XcodeDefault.xctoolchain/usr/bin/swiftc -module-name CaesarPadTestHost -O @/Users/chrissotraidis/GitHub/caesarpad/build/ui-tests/build/CaesarPadTestHost.build/Debug-iphonesimulator/Objects-normal/arm64/CaesarPadTestHost.SwiftFileList -Onone -enable-bare-slash-regex -enable-experimental-feature DebugDescriptionMacro -sdk /Applications/Xcode.app/Contents/Developer/Platforms/iPhoneSimulator.platform/Developer/SDKs/iPhoneSimulator26.5.sdk -target arm64-apple-ios15.0-simulator -g -module-cache-path /Users/chrissotraidis/GitHub/caesarpad/build/ui-tests/DerivedData/ModuleCache.noindex -Xfrontend -serialize-debugging-options -Xcc -D_LIBCPP_HARDENING_MODE\=_LIBCPP_HARDENING_MODE_DEBUG -swift-version 4 -I /Users/chrissotraidis/GitHub/caesarpad/build/ui-tests/Debug-iphonesimulator -F /Users/chrissotraidis/GitHub/caesarpad/build/ui-tests/Debug-iphonesimulator -parse-as-library -c -j8 -enable-batch-mode -incremental -Xcc -ivfsstatcache -Xcc /Users/chrissotraidis/GitHub/caesarpad/build/ui-tests/DerivedData/SDKStatCaches.noindex/iphonesimulator26.5-23F81a-6cfe768891a92b912361537c460fe42b.sdkstatcache -output-file-map /Users/chrissotraidis/GitHub/caesarpad/build/ui-tests/build/CaesarPadTestHost.build/Debug-iphonesimulator/Objects-normal/arm64/CaesarPadTestHost-OutputFileMap.json -use-frontend-parseable-output -save-temps -no-color-diagnostics -serialize-diagnostics -emit-dependencies -emit-module -emit-module-path /Users/chrissotraidis/GitHub/caesarpad/build/ui-tests/build/CaesarPadTestHost.build/Debug-iphonesimulator/Objects-normal/arm64/CaesarPadTestHost.swiftmodule -validate-clang-modules-once -clang-build-session-file /Users/chrissotraidis/GitHub/caesarpad/build/ui-tests/DerivedData/ModuleCache.noindex/Session.modulevalidation -Xcc -I/Users/chrissotraidis/GitHub/caesarpad/build/ui-tests/build/CaesarPadTestHost.build/Debug-iphonesimulator/swift-overrides.hmap -emit-const-values -Xfrontend -const-gather-protocols-file -Xfrontend /Users/chrissotraidis/GitHub/caesarpad/build/ui-tests/build/CaesarPadTestHost.build/Debug-iphonesimulator/Objects-normal/arm64/CaesarPadTestHost_const_extract_protocols.json -Xcc -I/Users/chrissotraidis/GitHub/caesarpad/build/ui-tests/Debug-iphonesimulator/include -Xcc -I/Users/chrissotraidis/GitHub/caesarpad/build/ui-tests/build/CaesarPadTestHost.build/Debug-iphonesimulator/DerivedSources-normal/arm64 -Xcc -I/Users/chrissotraidis/GitHub/caesarpad/build/ui-tests/build/CaesarPadTestHost.build/Debug-iphonesimulator/DerivedSources/arm64 -Xcc -I/Users/chrissotraidis/GitHub/caesarpad/build/ui-tests/build/CaesarPadTestHost.build/Debug-iphonesimulator/DerivedSources -Xcc -DCMAKE_INTDIR\=\"Debug-iphonesimulator\" -emit-objc-header -emit-objc-header-path /Users/chrissotraidis/GitHub/caesarpad/build/ui-tests/build/CaesarPadTestHost.build/Debug-iphonesimulator/Objects-normal/arm64/CaesarPadTestHost-Swift.h -working-directory /Users/chrissotraidis/GitHub/caesarpad/tests/ui -experimental-emit-module-separately -disable-cmo

ProcessInfoPlistFile /Users/chrissotraidis/GitHub/caesarpad/build/ui-tests/Debug-iphonesimulator/CaesarPadTestHost.app/Info.plist /Users/chrissotraidis/GitHub/caesarpad/build/ui-tests/CMakeFiles/CaesarPadTestHost.dir/Info.plist (in target 'CaesarPadTestHost' from project 'CaesarPadUITestHarness')
    cd /Users/chrissotraidis/GitHub/caesarpad/tests/ui
    builtin-infoPlistUtility /Users/chrissotraidis/GitHub/caesarpad/build/ui-tests/CMakeFiles/CaesarPadTestHost.dir/Info.plist -producttype com.apple.product-type.application -genpkginfo /Users/chrissotraidis/GitHub/caesarpad/build/ui-tests/Debug-iphonesimulator/CaesarPadTestHost.app/PkgInfo -expandbuildsettings -format binary -platform iphonesimulator -o /Users/chrissotraidis/GitHub/caesarpad/build/ui-tests/Debug-iphonesimulator/CaesarPadTestHost.app/Info.plist

SwiftEmitModule normal arm64 Emitting\ module\ for\ CaesarPadTestHost (in target 'CaesarPadTestHost' from project 'CaesarPadUITestHarness')

SwiftCompile normal arm64 /Users/chrissotraidis/GitHub/caesarpad/tests/ui/HostApp.swift (in target 'CaesarPadTestHost' from project 'CaesarPadUITestHarness')
    cd /Users/chrissotraidis/GitHub/caesarpad/tests/ui


SwiftCompile normal arm64 Compiling\ HostApp.swift /Users/chrissotraidis/GitHub/caesarpad/tests/ui/HostApp.swift (in target 'CaesarPadTestHost' from project 'CaesarPadUITestHarness')
SwiftCompile normal arm64 /Users/chrissotraidis/GitHub/caesarpad/tests/ui/HostApp.swift (in target 'CaesarPadTestHost' from project 'CaesarPadUITestHarness')
    cd /Users/chrissotraidis/GitHub/caesarpad/tests/ui


SwiftDriverJobDiscovery normal arm64 Emitting module for CaesarPadTestHost (in target 'CaesarPadTestHost' from project 'CaesarPadUITestHarness')

SwiftDriver\ Compilation\ Requirements CaesarPadTestHost normal arm64 com.apple.xcode.tools.swift.compiler (in target 'CaesarPadTestHost' from project 'CaesarPadUITestHarness')
    cd /Users/chrissotraidis/GitHub/caesarpad/tests/ui
    builtin-Swift-Compilation-Requirements -- /Applications/Xcode.app/Contents/Developer/Toolchains/XcodeDefault.xctoolchain/usr/bin/swiftc -module-name CaesarPadTestHost -O @/Users/chrissotraidis/GitHub/caesarpad/build/ui-tests/build/CaesarPadTestHost.build/Debug-iphonesimulator/Objects-normal/arm64/CaesarPadTestHost.SwiftFileList -Onone -enable-bare-slash-regex -enable-experimental-feature DebugDescriptionMacro -sdk /Applications/Xcode.app/Contents/Developer/Platforms/iPhoneSimulator.platform/Developer/SDKs/iPhoneSimulator26.5.sdk -target arm64-apple-ios15.0-simulator -g -module-cache-path /Users/chrissotraidis/GitHub/caesarpad/build/ui-tests/DerivedData/ModuleCache.noindex -Xfrontend -serialize-debugging-options -Xcc -D_LIBCPP_HARDENING_MODE\=_LIBCPP_HARDENING_MODE_DEBUG -swift-version 4 -I /Users/chrissotraidis/GitHub/caesarpad/build/ui-tests/Debug-iphonesimulator -F /Users/chrissotraidis/GitHub/caesarpad/build/ui-tests/Debug-iphonesimulator -parse-as-library -c -j8 -enable-batch-mode -incremental -Xcc -ivfsstatcache -Xcc /Users/chrissotraidis/GitHub/caesarpad/build/ui-tests/DerivedData/SDKStatCaches.noindex/iphonesimulator26.5-23F81a-6cfe768891a92b912361537c460fe42b.sdkstatcache -output-file-map /Users/chrissotraidis/GitHub/caesarpad/build/ui-tests/build/CaesarPadTestHost.build/Debug-iphonesimulator/Objects-normal/arm64/CaesarPadTestHost-OutputFileMap.json -use-frontend-parseable-output -save-temps -no-color-diagnostics -serialize-diagnostics -emit-dependencies -emit-module -emit-module-path /Users/chrissotraidis/GitHub/caesarpad/build/ui-tests/build/CaesarPadTestHost.build/Debug-iphonesimulator/Objects-normal/arm64/CaesarPadTestHost.swiftmodule -validate-clang-modules-once -clang-build-session-file /Users/chrissotraidis/GitHub/caesarpad/build/ui-tests/DerivedData/ModuleCache.noindex/Session.modulevalidation -Xcc -I/Users/chrissotraidis/GitHub/caesarpad/build/ui-tests/build/CaesarPadTestHost.build/Debug-iphonesimulator/swift-overrides.hmap -emit-const-values -Xfrontend -const-gather-protocols-file -Xfrontend /Users/chrissotraidis/GitHub/caesarpad/build/ui-tests/build/CaesarPadTestHost.build/Debug-iphonesimulator/Objects-normal/arm64/CaesarPadTestHost_const_extract_protocols.json -Xcc -I/Users/chrissotraidis/GitHub/caesarpad/build/ui-tests/Debug-iphonesimulator/include -Xcc -I/Users/chrissotraidis/GitHub/caesarpad/build/ui-tests/build/CaesarPadTestHost.build/Debug-iphonesimulator/DerivedSources-normal/arm64 -Xcc -I/Users/chrissotraidis/GitHub/caesarpad/build/ui-tests/build/CaesarPadTestHost.build/Debug-iphonesimulator/DerivedSources/arm64 -Xcc -I/Users/chrissotraidis/GitHub/caesarpad/build/ui-tests/build/CaesarPadTestHost.build/Debug-iphonesimulator/DerivedSources -Xcc -DCMAKE_INTDIR\=\"Debug-iphonesimulator\" -emit-objc-header -emit-objc-header-path /Users/chrissotraidis/GitHub/caesarpad/build/ui-tests/build/CaesarPadTestHost.build/Debug-iphonesimulator/Objects-normal/arm64/CaesarPadTestHost-Swift.h -working-directory /Users/chrissotraidis/GitHub/caesarpad/tests/ui -experimental-emit-module-separately -disable-cmo

SwiftMergeGeneratedHeaders /Users/chrissotraidis/GitHub/caesarpad/build/ui-tests/build/CaesarPadTestHost.build/Debug-iphonesimulator/DerivedSources/CaesarPadTestHost-Swift.h /Users/chrissotraidis/GitHub/caesarpad/build/ui-tests/build/CaesarPadTestHost.build/Debug-iphonesimulator/Objects-normal/arm64/CaesarPadTestHost-Swift.h (in target 'CaesarPadTestHost' from project 'CaesarPadUITestHarness')
    cd /Users/chrissotraidis/GitHub/caesarpad/tests/ui
    builtin-swiftHeaderTool -arch arm64 /Users/chrissotraidis/GitHub/caesarpad/build/ui-tests/build/CaesarPadTestHost.build/Debug-iphonesimulator/Objects-normal/arm64/CaesarPadTestHost-Swift.h -o /Users/chrissotraidis/GitHub/caesarpad/build/ui-tests/build/CaesarPadTestHost.build/Debug-iphonesimulator/DerivedSources/CaesarPadTestHost-Swift.h

Copy /Users/chrissotraidis/GitHub/caesarpad/build/ui-tests/Debug-iphonesimulator/CaesarPadTestHost.swiftmodule/arm64-apple-ios-simulator.swiftmodule /Users/chrissotraidis/GitHub/caesarpad/build/ui-tests/build/CaesarPadTestHost.build/Debug-iphonesimulator/Objects-normal/arm64/CaesarPadTestHost.swiftmodule (in target 'CaesarPadTestHost' from project 'CaesarPadUITestHarness')
    cd /Users/chrissotraidis/GitHub/caesarpad/tests/ui
    builtin-copy -exclude .DS_Store -exclude CVS -exclude .svn -exclude .git -exclude .hg -strip-unsigned-binaries -strip-deterministic -strip-tool /Applications/Xcode.app/Contents/Developer/Toolchains/XcodeDefault.xctoolchain/usr/bin/strip -resolve-src-symlinks -rename /Users/chrissotraidis/GitHub/caesarpad/build/ui-tests/build/CaesarPadTestHost.build/Debug-iphonesimulator/Objects-normal/arm64/CaesarPadTestHost.swiftmodule /Users/chrissotraidis/GitHub/caesarpad/build/ui-tests/Debug-iphonesimulator/CaesarPadTestHost.swiftmodule/arm64-apple-ios-simulator.swiftmodule

Copy /Users/chrissotraidis/GitHub/caesarpad/build/ui-tests/Debug-iphonesimulator/CaesarPadTestHost.swiftmodule/arm64-apple-ios-simulator.abi.json /Users/chrissotraidis/GitHub/caesarpad/build/ui-tests/build/CaesarPadTestHost.build/Debug-iphonesimulator/Objects-normal/arm64/CaesarPadTestHost.abi.json (in target 'CaesarPadTestHost' from project 'CaesarPadUITestHarness')
    cd /Users/chrissotraidis/GitHub/caesarpad/tests/ui
    builtin-copy -exclude .DS_Store -exclude CVS -exclude .svn -exclude .git -exclude .hg -strip-unsigned-binaries -strip-deterministic -strip-tool /Applications/Xcode.app/Contents/Developer/Toolchains/XcodeDefault.xctoolchain/usr/bin/strip -resolve-src-symlinks -rename /Users/chrissotraidis/GitHub/caesarpad/build/ui-tests/build/CaesarPadTestHost.build/Debug-iphonesimulator/Objects-normal/arm64/CaesarPadTestHost.abi.json /Users/chrissotraidis/GitHub/caesarpad/build/ui-tests/Debug-iphonesimulator/CaesarPadTestHost.swiftmodule/arm64-apple-ios-simulator.abi.json

Copy /Users/chrissotraidis/GitHub/caesarpad/build/ui-tests/Debug-iphonesimulator/CaesarPadTestHost.swiftmodule/Project/arm64-apple-ios-simulator.swiftsourceinfo /Users/chrissotraidis/GitHub/caesarpad/build/ui-tests/build/CaesarPadTestHost.build/Debug-iphonesimulator/Objects-normal/arm64/CaesarPadTestHost.swiftsourceinfo (in target 'CaesarPadTestHost' from project 'CaesarPadUITestHarness')
    cd /Users/chrissotraidis/GitHub/caesarpad/tests/ui
    builtin-copy -exclude .DS_Store -exclude CVS -exclude .svn -exclude .git -exclude .hg -strip-unsigned-binaries -strip-deterministic -strip-tool /Applications/Xcode.app/Contents/Developer/Toolchains/XcodeDefault.xctoolchain/usr/bin/strip -resolve-src-symlinks -rename /Users/chrissotraidis/GitHub/caesarpad/build/ui-tests/build/CaesarPadTestHost.build/Debug-iphonesimulator/Objects-normal/arm64/CaesarPadTestHost.swiftsourceinfo /Users/chrissotraidis/GitHub/caesarpad/build/ui-tests/Debug-iphonesimulator/CaesarPadTestHost.swiftmodule/Project/arm64-apple-ios-simulator.swiftsourceinfo

Copy /Users/chrissotraidis/GitHub/caesarpad/build/ui-tests/Debug-iphonesimulator/CaesarPadTestHost.swiftmodule/arm64-apple-ios-simulator.swiftdoc /Users/chrissotraidis/GitHub/caesarpad/build/ui-tests/build/CaesarPadTestHost.build/Debug-iphonesimulator/Objects-normal/arm64/CaesarPadTestHost.swiftdoc (in target 'CaesarPadTestHost' from project 'CaesarPadUITestHarness')
    cd /Users/chrissotraidis/GitHub/caesarpad/tests/ui
    builtin-copy -exclude .DS_Store -exclude CVS -exclude .svn -exclude .git -exclude .hg -strip-unsigned-binaries -strip-deterministic -strip-tool /Applications/Xcode.app/Contents/Developer/Toolchains/XcodeDefault.xctoolchain/usr/bin/strip -resolve-src-symlinks -rename /Users/chrissotraidis/GitHub/caesarpad/build/ui-tests/build/CaesarPadTestHost.build/Debug-iphonesimulator/Objects-normal/arm64/CaesarPadTestHost.swiftdoc /Users/chrissotraidis/GitHub/caesarpad/build/ui-tests/Debug-iphonesimulator/CaesarPadTestHost.swiftmodule/arm64-apple-ios-simulator.swiftdoc

SwiftDriver CaesarPadUITests normal arm64 com.apple.xcode.tools.swift.compiler (in target 'CaesarPadUITests' from project 'CaesarPadUITestHarness')
    cd /Users/chrissotraidis/GitHub/caesarpad/tests/ui
    builtin-SwiftDriver -- /Applications/Xcode.app/Contents/Developer/Toolchains/XcodeDefault.xctoolchain/usr/bin/swiftc -module-name CaesarPadUITests -O @/Users/chrissotraidis/GitHub/caesarpad/build/ui-tests/build/CaesarPadUITests.build/Debug-iphonesimulator/Objects-normal/arm64/CaesarPadUITests.SwiftFileList -Onone -module-alias Testing\=_Testing_Unavailable -plugin-path /Applications/Xcode.app/Contents/Developer/Toolchains/XcodeDefault.xctoolchain/usr/lib/swift/host/plugins/testing -enable-bare-slash-regex -enable-experimental-feature DebugDescriptionMacro -sdk /Applications/Xcode.app/Contents/Developer/Platforms/iPhoneSimulator.platform/Developer/SDKs/iPhoneSimulator26.5.sdk -target arm64-apple-ios15.0-simulator -g -module-cache-path /Users/chrissotraidis/GitHub/caesarpad/build/ui-tests/DerivedData/ModuleCache.noindex -Xfrontend -serialize-debugging-options -Xcc -D_LIBCPP_HARDENING_MODE\=_LIBCPP_HARDENING_MODE_DEBUG -swift-version 4 -I /Users/chrissotraidis/GitHub/caesarpad/build/ui-tests/Debug-iphonesimulator -Isystem /Applications/Xcode.app/Contents/Developer/Platforms/iPhoneSimulator.platform/Developer/usr/lib -F /Users/chrissotraidis/GitHub/caesarpad/build/ui-tests/Debug-iphonesimulator -F /Applications/Xcode.app/Contents/Developer/Platforms/iPhoneSimulator.platform/Developer/Library/Frameworks -F /Applications/Xcode.app/Contents/Developer/Platforms/iPhoneSimulator.platform/Developer/SDKs/iPhoneSimulator26.5.sdk/Developer/Library/Frameworks -parse-as-library -c -j8 -enable-batch-mode -incremental -Xcc -ivfsstatcache -Xcc /Users/chrissotraidis/GitHub/caesarpad/build/ui-tests/DerivedData/SDKStatCaches.noindex/iphonesimulator26.5-23F81a-6cfe768891a92b912361537c460fe42b.sdkstatcache -output-file-map /Users/chrissotraidis/GitHub/caesarpad/build/ui-tests/build/CaesarPadUITests.build/Debug-iphonesimulator/Objects-normal/arm64/CaesarPadUITests-OutputFileMap.json -use-frontend-parseable-output -save-temps -no-color-diagnostics -serialize-diagnostics -emit-dependencies -emit-module -emit-module-path /Users/chrissotraidis/GitHub/caesarpad/build/ui-tests/build/CaesarPadUITests.build/Debug-iphonesimulator/Objects-normal/arm64/CaesarPadUITests.swiftmodule -validate-clang-modules-once -clang-build-session-file /Users/chrissotraidis/GitHub/caesarpad/build/ui-tests/DerivedData/ModuleCache.noindex/Session.modulevalidation -Xcc -I/Users/chrissotraidis/GitHub/caesarpad/build/ui-tests/build/CaesarPadUITests.build/Debug-iphonesimulator/swift-overrides.hmap -emit-const-values -Xfrontend -const-gather-protocols-file -Xfrontend /Users/chrissotraidis/GitHub/caesarpad/build/ui-tests/build/CaesarPadUITests.build/Debug-iphonesimulator/Objects-normal/arm64/CaesarPadUITests_const_extract_protocols.json -Xcc -I/Users/chrissotraidis/GitHub/caesarpad/build/ui-tests/Debug-iphonesimulator/include -Xcc -I/Users/chrissotraidis/GitHub/caesarpad/build/ui-tests/build/CaesarPadUITests.build/Debug-iphonesimulator/DerivedSources-normal/arm64 -Xcc -I/Users/chrissotraidis/GitHub/caesarpad/build/ui-tests/build/CaesarPadUITests.build/Debug-iphonesimulator/DerivedSources/arm64 -Xcc -I/Users/chrissotraidis/GitHub/caesarpad/build/ui-tests/build/CaesarPadUITests.build/Debug-iphonesimulator/DerivedSources -Xcc -DCMAKE_INTDIR\=\"Debug-iphonesimulator\" -Xcc -DCaesarPadUITests_EXPORTS -emit-objc-header -emit-objc-header-path /Users/chrissotraidis/GitHub/caesarpad/build/ui-tests/build/CaesarPadUITests.build/Debug-iphonesimulator/Objects-normal/arm64/CaesarPadUITests-Swift.h -working-directory /Users/chrissotraidis/GitHub/caesarpad/tests/ui -experimental-emit-module-separately -disable-cmo

SwiftEmitModule normal arm64 Emitting\ module\ for\ CaesarPadUITests (in target 'CaesarPadUITests' from project 'CaesarPadUITestHarness')
SwiftCompile normal arm64 /Users/chrissotraidis/GitHub/caesarpad/tests/ui/CaesarPadUITests.swift (in target 'CaesarPadUITests' from project 'CaesarPadUITestHarness')
    cd /Users/chrissotraidis/GitHub/caesarpad/tests/ui


SwiftCompile normal arm64 Compiling\ CaesarPadUITests.swift /Users/chrissotraidis/GitHub/caesarpad/tests/ui/CaesarPadUITests.swift (in target 'CaesarPadUITests' from project 'CaesarPadUITestHarness')
SwiftCompile normal arm64 /Users/chrissotraidis/GitHub/caesarpad/tests/ui/CaesarPadUITests.swift (in target 'CaesarPadUITests' from project 'CaesarPadUITestHarness')
    cd /Users/chrissotraidis/GitHub/caesarpad/tests/ui


SwiftDriverJobDiscovery normal arm64 Compiling HostApp.swift (in target 'CaesarPadTestHost' from project 'CaesarPadUITestHarness')

SwiftDriver\ Compilation CaesarPadTestHost normal arm64 com.apple.xcode.tools.swift.compiler (in target 'CaesarPadTestHost' from project 'CaesarPadUITestHarness')
    cd /Users/chrissotraidis/GitHub/caesarpad/tests/ui
    builtin-Swift-Compilation -- /Applications/Xcode.app/Contents/Developer/Toolchains/XcodeDefault.xctoolchain/usr/bin/swiftc -module-name CaesarPadTestHost -O @/Users/chrissotraidis/GitHub/caesarpad/build/ui-tests/build/CaesarPadTestHost.build/Debug-iphonesimulator/Objects-normal/arm64/CaesarPadTestHost.SwiftFileList -Onone -enable-bare-slash-regex -enable-experimental-feature DebugDescriptionMacro -sdk /Applications/Xcode.app/Contents/Developer/Platforms/iPhoneSimulator.platform/Developer/SDKs/iPhoneSimulator26.5.sdk -target arm64-apple-ios15.0-simulator -g -module-cache-path /Users/chrissotraidis/GitHub/caesarpad/build/ui-tests/DerivedData/ModuleCache.noindex -Xfrontend -serialize-debugging-options -Xcc -D_LIBCPP_HARDENING_MODE\=_LIBCPP_HARDENING_MODE_DEBUG -swift-version 4 -I /Users/chrissotraidis/GitHub/caesarpad/build/ui-tests/Debug-iphonesimulator -F /Users/chrissotraidis/GitHub/caesarpad/build/ui-tests/Debug-iphonesimulator -parse-as-library -c -j8 -enable-batch-mode -incremental -Xcc -ivfsstatcache -Xcc /Users/chrissotraidis/GitHub/caesarpad/build/ui-tests/DerivedData/SDKStatCaches.noindex/iphonesimulator26.5-23F81a-6cfe768891a92b912361537c460fe42b.sdkstatcache -output-file-map /Users/chrissotraidis/GitHub/caesarpad/build/ui-tests/build/CaesarPadTestHost.build/Debug-iphonesimulator/Objects-normal/arm64/CaesarPadTestHost-OutputFileMap.json -use-frontend-parseable-output -save-temps -no-color-diagnostics -serialize-diagnostics -emit-dependencies -emit-module -emit-module-path /Users/chrissotraidis/GitHub/caesarpad/build/ui-tests/build/CaesarPadTestHost.build/Debug-iphonesimulator/Objects-normal/arm64/CaesarPadTestHost.swiftmodule -validate-clang-modules-once -clang-build-session-file /Users/chrissotraidis/GitHub/caesarpad/build/ui-tests/DerivedData/ModuleCache.noindex/Session.modulevalidation -Xcc -I/Users/chrissotraidis/GitHub/caesarpad/build/ui-tests/build/CaesarPadTestHost.build/Debug-iphonesimulator/swift-overrides.hmap -emit-const-values -Xfrontend -const-gather-protocols-file -Xfrontend /Users/chrissotraidis/GitHub/caesarpad/build/ui-tests/build/CaesarPadTestHost.build/Debug-iphonesimulator/Objects-normal/arm64/CaesarPadTestHost_const_extract_protocols.json -Xcc -I/Users/chrissotraidis/GitHub/caesarpad/build/ui-tests/Debug-iphonesimulator/include -Xcc -I/Users/chrissotraidis/GitHub/caesarpad/build/ui-tests/build/CaesarPadTestHost.build/Debug-iphonesimulator/DerivedSources-normal/arm64 -Xcc -I/Users/chrissotraidis/GitHub/caesarpad/build/ui-tests/build/CaesarPadTestHost.build/Debug-iphonesimulator/DerivedSources/arm64 -Xcc -I/Users/chrissotraidis/GitHub/caesarpad/build/ui-tests/build/CaesarPadTestHost.build/Debug-iphonesimulator/DerivedSources -Xcc -DCMAKE_INTDIR\=\"Debug-iphonesimulator\" -emit-objc-header -emit-objc-header-path /Users/chrissotraidis/GitHub/caesarpad/build/ui-tests/build/CaesarPadTestHost.build/Debug-iphonesimulator/Objects-normal/arm64/CaesarPadTestHost-Swift.h -working-directory /Users/chrissotraidis/GitHub/caesarpad/tests/ui -experimental-emit-module-separately -disable-cmo

Ld /Users/chrissotraidis/GitHub/caesarpad/build/ui-tests/Debug-iphonesimulator/CaesarPadTestHost.app/CaesarPadTestHost normal (in target 'CaesarPadTestHost' from project 'CaesarPadUITestHarness')
    cd /Users/chrissotraidis/GitHub/caesarpad/tests/ui
    /Applications/Xcode.app/Contents/Developer/Toolchains/XcodeDefault.xctoolchain/usr/bin/clang -Xlinker -reproducible -target arm64-apple-ios15.0-simulator -isysroot /Applications/Xcode.app/Contents/Developer/Platforms/iPhoneSimulator.platform/Developer/SDKs/iPhoneSimulator26.5.sdk -O0 -L/Users/chrissotraidis/GitHub/caesarpad/build/ui-tests/build/EagerLinkingTBDs/Debug-iphonesimulator -L/Users/chrissotraidis/GitHub/caesarpad/build/ui-tests/Debug-iphonesimulator -F/Users/chrissotraidis/GitHub/caesarpad/build/ui-tests/build/EagerLinkingTBDs/Debug-iphonesimulator -F/Users/chrissotraidis/GitHub/caesarpad/build/ui-tests/Debug-iphonesimulator -filelist /Users/chrissotraidis/GitHub/caesarpad/build/ui-tests/build/CaesarPadTestHost.build/Debug-iphonesimulator/Objects-normal/arm64/CaesarPadTestHost.LinkFileList -Xlinker -rpath -Xlinker /usr/lib/swift -Xlinker -dead_strip -Xlinker -object_path_lto -Xlinker /Users/chrissotraidis/GitHub/caesarpad/build/ui-tests/build/CaesarPadTestHost.build/Debug-iphonesimulator/Objects-normal/arm64/CaesarPadTestHost_lto.o -Xlinker -no_deduplicate -Xlinker -objc_abi_version -Xlinker 2 -Xlinker -dependency_info -Xlinker /Users/chrissotraidis/GitHub/caesarpad/build/ui-tests/build/CaesarPadTestHost.build/Debug-iphonesimulator/Objects-normal/arm64/CaesarPadTestHost_dependency_info.dat -fobjc-link-runtime -L/Applications/Xcode.app/Contents/Developer/Toolchains/XcodeDefault.xctoolchain/usr/lib/swift/iphonesimulator -L/usr/lib/swift -Xlinker -add_ast_path -Xlinker /Users/chrissotraidis/GitHub/caesarpad/build/ui-tests/build/CaesarPadTestHost.build/Debug-iphonesimulator/Objects-normal/arm64/CaesarPadTestHost.swiftmodule @/Users/chrissotraidis/GitHub/caesarpad/build/ui-tests/build/CaesarPadTestHost.build/Debug-iphonesimulator/Objects-normal/arm64/CaesarPadTestHost-linker-args.resp -o /Users/chrissotraidis/GitHub/caesarpad/build/ui-tests/Debug-iphonesimulator/CaesarPadTestHost.app/CaesarPadTestHost

SwiftDriverJobDiscovery normal arm64 Emitting module for CaesarPadUITests (in target 'CaesarPadUITests' from project 'CaesarPadUITestHarness')

SwiftDriver\ Compilation\ Requirements CaesarPadUITests normal arm64 com.apple.xcode.tools.swift.compiler (in target 'CaesarPadUITests' from project 'CaesarPadUITestHarness')
    cd /Users/chrissotraidis/GitHub/caesarpad/tests/ui
    builtin-Swift-Compilation-Requirements -- /Applications/Xcode.app/Contents/Developer/Toolchains/XcodeDefault.xctoolchain/usr/bin/swiftc -module-name CaesarPadUITests -O @/Users/chrissotraidis/GitHub/caesarpad/build/ui-tests/build/CaesarPadUITests.build/Debug-iphonesimulator/Objects-normal/arm64/CaesarPadUITests.SwiftFileList -Onone -module-alias Testing\=_Testing_Unavailable -plugin-path /Applications/Xcode.app/Contents/Developer/Toolchains/XcodeDefault.xctoolchain/usr/lib/swift/host/plugins/testing -enable-bare-slash-regex -enable-experimental-feature DebugDescriptionMacro -sdk /Applications/Xcode.app/Contents/Developer/Platforms/iPhoneSimulator.platform/Developer/SDKs/iPhoneSimulator26.5.sdk -target arm64-apple-ios15.0-simulator -g -module-cache-path /Users/chrissotraidis/GitHub/caesarpad/build/ui-tests/DerivedData/ModuleCache.noindex -Xfrontend -serialize-debugging-options -Xcc -D_LIBCPP_HARDENING_MODE\=_LIBCPP_HARDENING_MODE_DEBUG -swift-version 4 -I /Users/chrissotraidis/GitHub/caesarpad/build/ui-tests/Debug-iphonesimulator -Isystem /Applications/Xcode.app/Contents/Developer/Platforms/iPhoneSimulator.platform/Developer/usr/lib -F /Users/chrissotraidis/GitHub/caesarpad/build/ui-tests/Debug-iphonesimulator -F /Applications/Xcode.app/Contents/Developer/Platforms/iPhoneSimulator.platform/Developer/Library/Frameworks -F /Applications/Xcode.app/Contents/Developer/Platforms/iPhoneSimulator.platform/Developer/SDKs/iPhoneSimulator26.5.sdk/Developer/Library/Frameworks -parse-as-library -c -j8 -enable-batch-mode -incremental -Xcc -ivfsstatcache -Xcc /Users/chrissotraidis/GitHub/caesarpad/build/ui-tests/DerivedData/SDKStatCaches.noindex/iphonesimulator26.5-23F81a-6cfe768891a92b912361537c460fe42b.sdkstatcache -output-file-map /Users/chrissotraidis/GitHub/caesarpad/build/ui-tests/build/CaesarPadUITests.build/Debug-iphonesimulator/Objects-normal/arm64/CaesarPadUITests-OutputFileMap.json -use-frontend-parseable-output -save-temps -no-color-diagnostics -serialize-diagnostics -emit-dependencies -emit-module -emit-module-path /Users/chrissotraidis/GitHub/caesarpad/build/ui-tests/build/CaesarPadUITests.build/Debug-iphonesimulator/Objects-normal/arm64/CaesarPadUITests.swiftmodule -validate-clang-modules-once -clang-build-session-file /Users/chrissotraidis/GitHub/caesarpad/build/ui-tests/DerivedData/ModuleCache.noindex/Session.modulevalidation -Xcc -I/Users/chrissotraidis/GitHub/caesarpad/build/ui-tests/build/CaesarPadUITests.build/Debug-iphonesimulator/swift-overrides.hmap -emit-const-values -Xfrontend -const-gather-protocols-file -Xfrontend /Users/chrissotraidis/GitHub/caesarpad/build/ui-tests/build/CaesarPadUITests.build/Debug-iphonesimulator/Objects-normal/arm64/CaesarPadUITests_const_extract_protocols.json -Xcc -I/Users/chrissotraidis/GitHub/caesarpad/build/ui-tests/Debug-iphonesimulator/include -Xcc -I/Users/chrissotraidis/GitHub/caesarpad/build/ui-tests/build/CaesarPadUITests.build/Debug-iphonesimulator/DerivedSources-normal/arm64 -Xcc -I/Users/chrissotraidis/GitHub/caesarpad/build/ui-tests/build/CaesarPadUITests.build/Debug-iphonesimulator/DerivedSources/arm64 -Xcc -I/Users/chrissotraidis/GitHub/caesarpad/build/ui-tests/build/CaesarPadUITests.build/Debug-iphonesimulator/DerivedSources -Xcc -DCMAKE_INTDIR\=\"Debug-iphonesimulator\" -Xcc -DCaesarPadUITests_EXPORTS -emit-objc-header -emit-objc-header-path /Users/chrissotraidis/GitHub/caesarpad/build/ui-tests/build/CaesarPadUITests.build/Debug-iphonesimulator/Objects-normal/arm64/CaesarPadUITests-Swift.h -working-directory /Users/chrissotraidis/GitHub/caesarpad/tests/ui -experimental-emit-module-separately -disable-cmo

Copy /Users/chrissotraidis/GitHub/caesarpad/build/ui-tests/Debug-iphonesimulator/CaesarPadUITests.swiftmodule/arm64-apple-ios-simulator.swiftdoc /Users/chrissotraidis/GitHub/caesarpad/build/ui-tests/build/CaesarPadUITests.build/Debug-iphonesimulator/Objects-normal/arm64/CaesarPadUITests.swiftdoc (in target 'CaesarPadUITests' from project 'CaesarPadUITestHarness')
    cd /Users/chrissotraidis/GitHub/caesarpad/tests/ui
    builtin-copy -exclude .DS_Store -exclude CVS -exclude .svn -exclude .git -exclude .hg -strip-unsigned-binaries -strip-deterministic -strip-tool /Applications/Xcode.app/Contents/Developer/Toolchains/XcodeDefault.xctoolchain/usr/bin/strip -resolve-src-symlinks -rename /Users/chrissotraidis/GitHub/caesarpad/build/ui-tests/build/CaesarPadUITests.build/Debug-iphonesimulator/Objects-normal/arm64/CaesarPadUITests.swiftdoc /Users/chrissotraidis/GitHub/caesarpad/build/ui-tests/Debug-iphonesimulator/CaesarPadUITests.swiftmodule/arm64-apple-ios-simulator.swiftdoc

Copy /Users/chrissotraidis/GitHub/caesarpad/build/ui-tests/Debug-iphonesimulator/CaesarPadUITests.swiftmodule/arm64-apple-ios-simulator.swiftmodule /Users/chrissotraidis/GitHub/caesarpad/build/ui-tests/build/CaesarPadUITests.build/Debug-iphonesimulator/Objects-normal/arm64/CaesarPadUITests.swiftmodule (in target 'CaesarPadUITests' from project 'CaesarPadUITestHarness')
    cd /Users/chrissotraidis/GitHub/caesarpad/tests/ui
    builtin-copy -exclude .DS_Store -exclude CVS -exclude .svn -exclude .git -exclude .hg -strip-unsigned-binaries -strip-deterministic -strip-tool /Applications/Xcode.app/Contents/Developer/Toolchains/XcodeDefault.xctoolchain/usr/bin/strip -resolve-src-symlinks -rename /Users/chrissotraidis/GitHub/caesarpad/build/ui-tests/build/CaesarPadUITests.build/Debug-iphonesimulator/Objects-normal/arm64/CaesarPadUITests.swiftmodule /Users/chrissotraidis/GitHub/caesarpad/build/ui-tests/Debug-iphonesimulator/CaesarPadUITests.swiftmodule/arm64-apple-ios-simulator.swiftmodule

SwiftMergeGeneratedHeaders /Users/chrissotraidis/GitHub/caesarpad/build/ui-tests/build/CaesarPadUITests.build/Debug-iphonesimulator/DerivedSources/CaesarPadUITests-Swift.h /Users/chrissotraidis/GitHub/caesarpad/build/ui-tests/build/CaesarPadUITests.build/Debug-iphonesimulator/Objects-normal/arm64/CaesarPadUITests-Swift.h (in target 'CaesarPadUITests' from project 'CaesarPadUITestHarness')
    cd /Users/chrissotraidis/GitHub/caesarpad/tests/ui
    builtin-swiftHeaderTool -arch arm64 /Users/chrissotraidis/GitHub/caesarpad/build/ui-tests/build/CaesarPadUITests.build/Debug-iphonesimulator/Objects-normal/arm64/CaesarPadUITests-Swift.h -o /Users/chrissotraidis/GitHub/caesarpad/build/ui-tests/build/CaesarPadUITests.build/Debug-iphonesimulator/DerivedSources/CaesarPadUITests-Swift.h

Copy /Users/chrissotraidis/GitHub/caesarpad/build/ui-tests/Debug-iphonesimulator/CaesarPadUITests.swiftmodule/arm64-apple-ios-simulator.abi.json /Users/chrissotraidis/GitHub/caesarpad/build/ui-tests/build/CaesarPadUITests.build/Debug-iphonesimulator/Objects-normal/arm64/CaesarPadUITests.abi.json (in target 'CaesarPadUITests' from project 'CaesarPadUITestHarness')
    cd /Users/chrissotraidis/GitHub/caesarpad/tests/ui
    builtin-copy -exclude .DS_Store -exclude CVS -exclude .svn -exclude .git -exclude .hg -strip-unsigned-binaries -strip-deterministic -strip-tool /Applications/Xcode.app/Contents/Developer/Toolchains/XcodeDefault.xctoolchain/usr/bin/strip -resolve-src-symlinks -rename /Users/chrissotraidis/GitHub/caesarpad/build/ui-tests/build/CaesarPadUITests.build/Debug-iphonesimulator/Objects-normal/arm64/CaesarPadUITests.abi.json /Users/chrissotraidis/GitHub/caesarpad/build/ui-tests/Debug-iphonesimulator/CaesarPadUITests.swiftmodule/arm64-apple-ios-simulator.abi.json

Copy /Users/chrissotraidis/GitHub/caesarpad/build/ui-tests/Debug-iphonesimulator/CaesarPadUITests.swiftmodule/Project/arm64-apple-ios-simulator.swiftsourceinfo /Users/chrissotraidis/GitHub/caesarpad/build/ui-tests/build/CaesarPadUITests.build/Debug-iphonesimulator/Objects-normal/arm64/CaesarPadUITests.swiftsourceinfo (in target 'CaesarPadUITests' from project 'CaesarPadUITestHarness')
    cd /Users/chrissotraidis/GitHub/caesarpad/tests/ui
    builtin-copy -exclude .DS_Store -exclude CVS -exclude .svn -exclude .git -exclude .hg -strip-unsigned-binaries -strip-deterministic -strip-tool /Applications/Xcode.app/Contents/Developer/Toolchains/XcodeDefault.xctoolchain/usr/bin/strip -resolve-src-symlinks -rename /Users/chrissotraidis/GitHub/caesarpad/build/ui-tests/build/CaesarPadUITests.build/Debug-iphonesimulator/Objects-normal/arm64/CaesarPadUITests.swiftsourceinfo /Users/chrissotraidis/GitHub/caesarpad/build/ui-tests/Debug-iphonesimulator/CaesarPadUITests.swiftmodule/Project/arm64-apple-ios-simulator.swiftsourceinfo

GenerateDSYMFile /Users/chrissotraidis/GitHub/caesarpad/build/ui-tests/Debug-iphonesimulator/CaesarPadTestHost.app.dSYM /Users/chrissotraidis/GitHub/caesarpad/build/ui-tests/Debug-iphonesimulator/CaesarPadTestHost.app/CaesarPadTestHost (in target 'CaesarPadTestHost' from project 'CaesarPadUITestHarness')
    cd /Users/chrissotraidis/GitHub/caesarpad/tests/ui
    /Applications/Xcode.app/Contents/Developer/Toolchains/XcodeDefault.xctoolchain/usr/bin/dsymutil /Users/chrissotraidis/GitHub/caesarpad/build/ui-tests/Debug-iphonesimulator/CaesarPadTestHost.app/CaesarPadTestHost -o /Users/chrissotraidis/GitHub/caesarpad/build/ui-tests/Debug-iphonesimulator/CaesarPadTestHost.app.dSYM

ExtractAppIntentsMetadata (in target 'CaesarPadTestHost' from project 'CaesarPadUITestHarness')
    cd /Users/chrissotraidis/GitHub/caesarpad/tests/ui
    /Applications/Xcode.app/Contents/Developer/Toolchains/XcodeDefault.xctoolchain/usr/bin/appintentsmetadataprocessor --toolchain-dir /Applications/Xcode.app/Contents/Developer/Toolchains/XcodeDefault.xctoolchain --module-name CaesarPadTestHost --sdk-root /Applications/Xcode.app/Contents/Developer/Platforms/iPhoneSimulator.platform/Developer/SDKs/iPhoneSimulator26.5.sdk --xcode-version 17F113 --platform-family iOS --deployment-target 15.0 --bundle-identifier dev.caesarpad.testhost --output /Users/chrissotraidis/GitHub/caesarpad/build/ui-tests/Debug-iphonesimulator/CaesarPadTestHost.app --target-triple arm64-apple-ios15.0-simulator --binary-file /Users/chrissotraidis/GitHub/caesarpad/build/ui-tests/Debug-iphonesimulator/CaesarPadTestHost.app/CaesarPadTestHost --dependency-file /Users/chrissotraidis/GitHub/caesarpad/build/ui-tests/build/CaesarPadTestHost.build/Debug-iphonesimulator/Objects-normal/arm64/CaesarPadTestHost_dependency_info.dat --stringsdata-file /Users/chrissotraidis/GitHub/caesarpad/build/ui-tests/build/CaesarPadTestHost.build/Debug-iphonesimulator/Objects-normal/arm64/ExtractedAppShortcutsMetadata.stringsdata --source-file-list /Users/chrissotraidis/GitHub/caesarpad/build/ui-tests/build/CaesarPadTestHost.build/Debug-iphonesimulator/Objects-normal/arm64/CaesarPadTestHost.SwiftFileList --metadata-file-list /Users/chrissotraidis/GitHub/caesarpad/build/ui-tests/build/CaesarPadTestHost.build/Debug-iphonesimulator/CaesarPadTestHost.DependencyMetadataFileList --static-metadata-file-list /Users/chrissotraidis/GitHub/caesarpad/build/ui-tests/build/CaesarPadTestHost.build/Debug-iphonesimulator/CaesarPadTestHost.DependencyStaticMetadataFileList --swift-const-vals-list /Users/chrissotraidis/GitHub/caesarpad/build/ui-tests/build/CaesarPadTestHost.build/Debug-iphonesimulator/Objects-normal/arm64/CaesarPadTestHost.SwiftConstValuesFileList --compile-time-extraction --deployment-aware-processing --validate-assistant-intents --no-app-shortcuts-localization
2026-07-26 17:34:27.578 appintentsmetadataprocessor[91253:26764711] Starting appintentsmetadataprocessor export
2026-07-26 17:34:27.598 appintentsmetadataprocessor[91253:26764711] warning: Metadata extraction skipped. No AppIntents.framework dependency found.

CopySwiftLibs /Users/chrissotraidis/GitHub/caesarpad/build/ui-tests/Debug-iphonesimulator/CaesarPadTestHost.app (in target 'CaesarPadTestHost' from project 'CaesarPadUITestHarness')
    cd /Users/chrissotraidis/GitHub/caesarpad/tests/ui
    builtin-swiftStdLibTool --copy --verbose --scan-executable /Users/chrissotraidis/GitHub/caesarpad/build/ui-tests/Debug-iphonesimulator/CaesarPadTestHost.app/CaesarPadTestHost --scan-folder /Users/chrissotraidis/GitHub/caesarpad/build/ui-tests/Debug-iphonesimulator/CaesarPadTestHost.app/Frameworks --scan-folder /Users/chrissotraidis/GitHub/caesarpad/build/ui-tests/Debug-iphonesimulator/CaesarPadTestHost.app/PlugIns --scan-folder /Users/chrissotraidis/GitHub/caesarpad/build/ui-tests/Debug-iphonesimulator/CaesarPadTestHost.app/SystemExtensions --scan-folder /Users/chrissotraidis/GitHub/caesarpad/build/ui-tests/Debug-iphonesimulator/CaesarPadTestHost.app/Extensions --platform iphonesimulator --toolchain /Applications/Xcode.app/Contents/Developer/Toolchains/XcodeDefault.xctoolchain --destination /Users/chrissotraidis/GitHub/caesarpad/build/ui-tests/Debug-iphonesimulator/CaesarPadTestHost.app/Frameworks --strip-bitcode --strip-bitcode-tool /Applications/Xcode.app/Contents/Developer/Toolchains/XcodeDefault.xctoolchain/usr/bin/bitcode_strip --emit-dependency-info /Users/chrissotraidis/GitHub/caesarpad/build/ui-tests/build/CaesarPadTestHost.build/Debug-iphonesimulator/SwiftStdLibToolInputDependencies.dep --filter-for-swift-os --back-deploy-swift-span
Ignoring --strip-bitcode because --sign was not passed

AppIntentsSSUTraining (in target 'CaesarPadTestHost' from project 'CaesarPadUITestHarness')
    cd /Users/chrissotraidis/GitHub/caesarpad/tests/ui
    /Applications/Xcode.app/Contents/Developer/Toolchains/XcodeDefault.xctoolchain/usr/bin/appintentsnltrainingprocessor --infoplist-path /Users/chrissotraidis/GitHub/caesarpad/build/ui-tests/Debug-iphonesimulator/CaesarPadTestHost.app/Info.plist --temp-dir-path /Users/chrissotraidis/GitHub/caesarpad/build/ui-tests/build/CaesarPadTestHost.build/Debug-iphonesimulator/ssu --bundle-id dev.caesarpad.testhost --product-path /Users/chrissotraidis/GitHub/caesarpad/build/ui-tests/Debug-iphonesimulator/CaesarPadTestHost.app --extracted-metadata-path /Users/chrissotraidis/GitHub/caesarpad/build/ui-tests/Debug-iphonesimulator/CaesarPadTestHost.app/Metadata.appintents --metadata-file-list /Users/chrissotraidis/GitHub/caesarpad/build/ui-tests/build/CaesarPadTestHost.build/Debug-iphonesimulator/CaesarPadTestHost.DependencyMetadataFileList --source-file /Users/chrissotraidis/GitHub/caesarpad/build/ui-tests/Debug-iphonesimulator/CaesarPadTestHost.app/Info.plist --archive-ssu-assets
2026-07-26 17:34:27.731 appintentsnltrainingprocessor[91254:26764719] Parsing options for appintentsnltrainingprocessor
2026-07-26 17:34:27.732 appintentsnltrainingprocessor[91254:26764719] Starting AppIntents SSU YAML Generation
2026-07-26 17:34:27.742 appintentsnltrainingprocessor[91254:26764719] No AppShortcuts found - Skipping.

RegisterExecutionPolicyException /Users/chrissotraidis/GitHub/caesarpad/build/ui-tests/Debug-iphonesimulator/CaesarPadTestHost.app (in target 'CaesarPadTestHost' from project 'CaesarPadUITestHarness')
    cd /Users/chrissotraidis/GitHub/caesarpad/tests/ui
    builtin-RegisterExecutionPolicyException /Users/chrissotraidis/GitHub/caesarpad/build/ui-tests/Debug-iphonesimulator/CaesarPadTestHost.app

Validate /Users/chrissotraidis/GitHub/caesarpad/build/ui-tests/Debug-iphonesimulator/CaesarPadTestHost.app (in target 'CaesarPadTestHost' from project 'CaesarPadUITestHarness')
    cd /Users/chrissotraidis/GitHub/caesarpad/tests/ui
    builtin-validationUtility /Users/chrissotraidis/GitHub/caesarpad/build/ui-tests/Debug-iphonesimulator/CaesarPadTestHost.app -shallow-bundle -infoplist-subpath Info.plist

Touch /Users/chrissotraidis/GitHub/caesarpad/build/ui-tests/Debug-iphonesimulator/CaesarPadTestHost.app (in target 'CaesarPadTestHost' from project 'CaesarPadUITestHarness')
    cd /Users/chrissotraidis/GitHub/caesarpad/tests/ui
    /usr/bin/touch -c /Users/chrissotraidis/GitHub/caesarpad/build/ui-tests/Debug-iphonesimulator/CaesarPadTestHost.app

ProcessInfoPlistFile /Users/chrissotraidis/GitHub/caesarpad/build/ui-tests/Debug-iphonesimulator/CaesarPadUITests-Runner.app/PlugIns/CaesarPadUITests.xctest/Info.plist /Users/chrissotraidis/GitHub/caesarpad/build/ui-tests/CMakeFiles/CaesarPadUITests.dir/Info.plist (in target 'CaesarPadUITests' from project 'CaesarPadUITestHarness')
    cd /Users/chrissotraidis/GitHub/caesarpad/tests/ui
    builtin-infoPlistUtility /Users/chrissotraidis/GitHub/caesarpad/build/ui-tests/CMakeFiles/CaesarPadUITests.dir/Info.plist -producttype com.apple.product-type.bundle.ui-testing -expandbuildsettings -format binary -platform iphonesimulator -additionalcontentfile /Users/chrissotraidis/GitHub/caesarpad/build/ui-tests/build/CaesarPadUITests.build/Debug-iphonesimulator/ProductTypeInfoPlistAdditions.plist -o /Users/chrissotraidis/GitHub/caesarpad/build/ui-tests/Debug-iphonesimulator/CaesarPadUITests-Runner.app/PlugIns/CaesarPadUITests.xctest/Info.plist

SwiftDriverJobDiscovery normal arm64 Compiling CaesarPadUITests.swift (in target 'CaesarPadUITests' from project 'CaesarPadUITestHarness')

SwiftDriver\ Compilation CaesarPadUITests normal arm64 com.apple.xcode.tools.swift.compiler (in target 'CaesarPadUITests' from project 'CaesarPadUITestHarness')
    cd /Users/chrissotraidis/GitHub/caesarpad/tests/ui
    builtin-Swift-Compilation -- /Applications/Xcode.app/Contents/Developer/Toolchains/XcodeDefault.xctoolchain/usr/bin/swiftc -module-name CaesarPadUITests -O @/Users/chrissotraidis/GitHub/caesarpad/build/ui-tests/build/CaesarPadUITests.build/Debug-iphonesimulator/Objects-normal/arm64/CaesarPadUITests.SwiftFileList -Onone -module-alias Testing\=_Testing_Unavailable -plugin-path /Applications/Xcode.app/Contents/Developer/Toolchains/XcodeDefault.xctoolchain/usr/lib/swift/host/plugins/testing -enable-bare-slash-regex -enable-experimental-feature DebugDescriptionMacro -sdk /Applications/Xcode.app/Contents/Developer/Platforms/iPhoneSimulator.platform/Developer/SDKs/iPhoneSimulator26.5.sdk -target arm64-apple-ios15.0-simulator -g -module-cache-path /Users/chrissotraidis/GitHub/caesarpad/build/ui-tests/DerivedData/ModuleCache.noindex -Xfrontend -serialize-debugging-options -Xcc -D_LIBCPP_HARDENING_MODE\=_LIBCPP_HARDENING_MODE_DEBUG -swift-version 4 -I /Users/chrissotraidis/GitHub/caesarpad/build/ui-tests/Debug-iphonesimulator -Isystem /Applications/Xcode.app/Contents/Developer/Platforms/iPhoneSimulator.platform/Developer/usr/lib -F /Users/chrissotraidis/GitHub/caesarpad/build/ui-tests/Debug-iphonesimulator -F /Applications/Xcode.app/Contents/Developer/Platforms/iPhoneSimulator.platform/Developer/Library/Frameworks -F /Applications/Xcode.app/Contents/Developer/Platforms/iPhoneSimulator.platform/Developer/SDKs/iPhoneSimulator26.5.sdk/Developer/Library/Frameworks -parse-as-library -c -j8 -enable-batch-mode -incremental -Xcc -ivfsstatcache -Xcc /Users/chrissotraidis/GitHub/caesarpad/build/ui-tests/DerivedData/SDKStatCaches.noindex/iphonesimulator26.5-23F81a-6cfe768891a92b912361537c460fe42b.sdkstatcache -output-file-map /Users/chrissotraidis/GitHub/caesarpad/build/ui-tests/build/CaesarPadUITests.build/Debug-iphonesimulator/Objects-normal/arm64/CaesarPadUITests-OutputFileMap.json -use-frontend-parseable-output -save-temps -no-color-diagnostics -serialize-diagnostics -emit-dependencies -emit-module -emit-module-path /Users/chrissotraidis/GitHub/caesarpad/build/ui-tests/build/CaesarPadUITests.build/Debug-iphonesimulator/Objects-normal/arm64/CaesarPadUITests.swiftmodule -validate-clang-modules-once -clang-build-session-file /Users/chrissotraidis/GitHub/caesarpad/build/ui-tests/DerivedData/ModuleCache.noindex/Session.modulevalidation -Xcc -I/Users/chrissotraidis/GitHub/caesarpad/build/ui-tests/build/CaesarPadUITests.build/Debug-iphonesimulator/swift-overrides.hmap -emit-const-values -Xfrontend -const-gather-protocols-file -Xfrontend /Users/chrissotraidis/GitHub/caesarpad/build/ui-tests/build/CaesarPadUITests.build/Debug-iphonesimulator/Objects-normal/arm64/CaesarPadUITests_const_extract_protocols.json -Xcc -I/Users/chrissotraidis/GitHub/caesarpad/build/ui-tests/Debug-iphonesimulator/include -Xcc -I/Users/chrissotraidis/GitHub/caesarpad/build/ui-tests/build/CaesarPadUITests.build/Debug-iphonesimulator/DerivedSources-normal/arm64 -Xcc -I/Users/chrissotraidis/GitHub/caesarpad/build/ui-tests/build/CaesarPadUITests.build/Debug-iphonesimulator/DerivedSources/arm64 -Xcc -I/Users/chrissotraidis/GitHub/caesarpad/build/ui-tests/build/CaesarPadUITests.build/Debug-iphonesimulator/DerivedSources -Xcc -DCMAKE_INTDIR\=\"Debug-iphonesimulator\" -Xcc -DCaesarPadUITests_EXPORTS -emit-objc-header -emit-objc-header-path /Users/chrissotraidis/GitHub/caesarpad/build/ui-tests/build/CaesarPadUITests.build/Debug-iphonesimulator/Objects-normal/arm64/CaesarPadUITests-Swift.h -working-directory /Users/chrissotraidis/GitHub/caesarpad/tests/ui -experimental-emit-module-separately -disable-cmo

Ld /Users/chrissotraidis/GitHub/caesarpad/build/ui-tests/Debug-iphonesimulator/CaesarPadUITests-Runner.app/PlugIns/CaesarPadUITests.xctest/CaesarPadUITests normal (in target 'CaesarPadUITests' from project 'CaesarPadUITestHarness')
    cd /Users/chrissotraidis/GitHub/caesarpad/tests/ui
    /Applications/Xcode.app/Contents/Developer/Toolchains/XcodeDefault.xctoolchain/usr/bin/clang -Xlinker -reproducible -target arm64-apple-ios15.0-simulator -bundle -isysroot /Applications/Xcode.app/Contents/Developer/Platforms/iPhoneSimulator.platform/Developer/SDKs/iPhoneSimulator26.5.sdk -O0 -L/Users/chrissotraidis/GitHub/caesarpad/build/ui-tests/build/EagerLinkingTBDs/Debug-iphonesimulator -L/Users/chrissotraidis/GitHub/caesarpad/build/ui-tests/Debug-iphonesimulator -L/Applications/Xcode.app/Contents/Developer/Platforms/iPhoneSimulator.platform/Developer/usr/lib -F/Users/chrissotraidis/GitHub/caesarpad/build/ui-tests/build/EagerLinkingTBDs/Debug-iphonesimulator -F/Users/chrissotraidis/GitHub/caesarpad/build/ui-tests/Debug-iphonesimulator -iframework /Applications/Xcode.app/Contents/Developer/Platforms/iPhoneSimulator.platform/Developer/Library/Frameworks -iframework /Applications/Xcode.app/Contents/Developer/Platforms/iPhoneSimulator.platform/Developer/SDKs/iPhoneSimulator26.5.sdk/Developer/Library/Frameworks -filelist /Users/chrissotraidis/GitHub/caesarpad/build/ui-tests/build/CaesarPadUITests.build/Debug-iphonesimulator/Objects-normal/arm64/CaesarPadUITests.LinkFileList -Xlinker -rpath -Xlinker /usr/lib/swift -Xlinker -rpath -Xlinker @loader_path/Frameworks -Xlinker -dead_strip -Xlinker -object_path_lto -Xlinker /Users/chrissotraidis/GitHub/caesarpad/build/ui-tests/build/CaesarPadUITests.build/Debug-iphonesimulator/Objects-normal/arm64/CaesarPadUITests_lto.o -Xlinker -no_deduplicate -Xlinker -objc_abi_version -Xlinker 2 -Xlinker -dependency_info -Xlinker /Users/chrissotraidis/GitHub/caesarpad/build/ui-tests/build/CaesarPadUITests.build/Debug-iphonesimulator/Objects-normal/arm64/CaesarPadUITests_dependency_info.dat -fobjc-link-runtime -L/Applications/Xcode.app/Contents/Developer/Toolchains/XcodeDefault.xctoolchain/usr/lib/swift/iphonesimulator -L/usr/lib/swift -Xlinker -add_ast_path -Xlinker /Users/chrissotraidis/GitHub/caesarpad/build/ui-tests/build/CaesarPadUITests.build/Debug-iphonesimulator/Objects-normal/arm64/CaesarPadUITests.swiftmodule @/Users/chrissotraidis/GitHub/caesarpad/build/ui-tests/build/CaesarPadUITests.build/Debug-iphonesimulator/Objects-normal/arm64/CaesarPadUITests-linker-args.resp -framework XCTest -Xlinker -needed_framework -Xlinker XCTest -framework XCTest -Xlinker -needed-lXCTestSwiftSupport -lXCTestSwiftSupport -o /Users/chrissotraidis/GitHub/caesarpad/build/ui-tests/Debug-iphonesimulator/CaesarPadUITests-Runner.app/PlugIns/CaesarPadUITests.xctest/CaesarPadUITests

GenerateDSYMFile /Users/chrissotraidis/GitHub/caesarpad/build/ui-tests/Debug-iphonesimulator/CaesarPadUITests-Runner.app/PlugIns/CaesarPadUITests.xctest.dSYM /Users/chrissotraidis/GitHub/caesarpad/build/ui-tests/Debug-iphonesimulator/CaesarPadUITests-Runner.app/PlugIns/CaesarPadUITests.xctest/CaesarPadUITests (in target 'CaesarPadUITests' from project 'CaesarPadUITestHarness')
    cd /Users/chrissotraidis/GitHub/caesarpad/tests/ui
    /Applications/Xcode.app/Contents/Developer/Toolchains/XcodeDefault.xctoolchain/usr/bin/dsymutil /Users/chrissotraidis/GitHub/caesarpad/build/ui-tests/Debug-iphonesimulator/CaesarPadUITests-Runner.app/PlugIns/CaesarPadUITests.xctest/CaesarPadUITests -o /Users/chrissotraidis/GitHub/caesarpad/build/ui-tests/Debug-iphonesimulator/CaesarPadUITests-Runner.app/PlugIns/CaesarPadUITests.xctest.dSYM

CopySwiftLibs /Users/chrissotraidis/GitHub/caesarpad/build/ui-tests/Debug-iphonesimulator/CaesarPadUITests-Runner.app/PlugIns/CaesarPadUITests.xctest (in target 'CaesarPadUITests' from project 'CaesarPadUITestHarness')
    cd /Users/chrissotraidis/GitHub/caesarpad/tests/ui
    builtin-swiftStdLibTool --copy --verbose --scan-executable /Users/chrissotraidis/GitHub/caesarpad/build/ui-tests/Debug-iphonesimulator/CaesarPadUITests-Runner.app/PlugIns/CaesarPadUITests.xctest/CaesarPadUITests --scan-folder /Users/chrissotraidis/GitHub/caesarpad/build/ui-tests/Debug-iphonesimulator/CaesarPadUITests-Runner.app/PlugIns/CaesarPadUITests.xctest/Frameworks --scan-folder /Users/chrissotraidis/GitHub/caesarpad/build/ui-tests/Debug-iphonesimulator/CaesarPadUITests-Runner.app/PlugIns/CaesarPadUITests.xctest/PlugIns --scan-folder /Users/chrissotraidis/GitHub/caesarpad/build/ui-tests/Debug-iphonesimulator/CaesarPadUITests-Runner.app/PlugIns/CaesarPadUITests.xctest/SystemExtensions --scan-folder /Users/chrissotraidis/GitHub/caesarpad/build/ui-tests/Debug-iphonesimulator/CaesarPadUITests-Runner.app/PlugIns/CaesarPadUITests.xctest/Extensions --platform iphonesimulator --toolchain /Applications/Xcode.app/Contents/Developer/Toolchains/XcodeDefault.xctoolchain --destination /Users/chrissotraidis/GitHub/caesarpad/build/ui-tests/Debug-iphonesimulator/CaesarPadUITests-Runner.app/PlugIns/CaesarPadUITests.xctest/Frameworks --strip-bitcode --scan-executable /Applications/Xcode.app/Contents/Developer/Platforms/iPhoneSimulator.platform/Developer/usr/lib/libXCTestSwiftSupport.dylib --strip-bitcode-tool /Applications/Xcode.app/Contents/Developer/Toolchains/XcodeDefault.xctoolchain/usr/bin/bitcode_strip --emit-dependency-info /Users/chrissotraidis/GitHub/caesarpad/build/ui-tests/build/CaesarPadUITests.build/Debug-iphonesimulator/SwiftStdLibToolInputDependencies.dep --filter-for-swift-os --back-deploy-swift-span
Ignoring --strip-bitcode because --sign was not passed

ExtractAppIntentsMetadata (in target 'CaesarPadUITests' from project 'CaesarPadUITestHarness')
    cd /Users/chrissotraidis/GitHub/caesarpad/tests/ui
    /Applications/Xcode.app/Contents/Developer/Toolchains/XcodeDefault.xctoolchain/usr/bin/appintentsmetadataprocessor --toolchain-dir /Applications/Xcode.app/Contents/Developer/Toolchains/XcodeDefault.xctoolchain --module-name CaesarPadUITests --sdk-root /Applications/Xcode.app/Contents/Developer/Platforms/iPhoneSimulator.platform/Developer/SDKs/iPhoneSimulator26.5.sdk --xcode-version 17F113 --platform-family iOS --deployment-target 15.0 --bundle-identifier dev.caesarpad.uitests --output /Users/chrissotraidis/GitHub/caesarpad/build/ui-tests/Debug-iphonesimulator/CaesarPadUITests-Runner.app/PlugIns/CaesarPadUITests.xctest --target-triple arm64-apple-ios15.0-simulator --binary-file /Users/chrissotraidis/GitHub/caesarpad/build/ui-tests/Debug-iphonesimulator/CaesarPadUITests-Runner.app/PlugIns/CaesarPadUITests.xctest/CaesarPadUITests --dependency-file /Users/chrissotraidis/GitHub/caesarpad/build/ui-tests/build/CaesarPadUITests.build/Debug-iphonesimulator/Objects-normal/arm64/CaesarPadUITests_dependency_info.dat --stringsdata-file /Users/chrissotraidis/GitHub/caesarpad/build/ui-tests/build/CaesarPadUITests.build/Debug-iphonesimulator/Objects-normal/arm64/ExtractedAppShortcutsMetadata.stringsdata --source-file-list /Users/chrissotraidis/GitHub/caesarpad/build/ui-tests/build/CaesarPadUITests.build/Debug-iphonesimulator/Objects-normal/arm64/CaesarPadUITests.SwiftFileList --metadata-file-list /Users/chrissotraidis/GitHub/caesarpad/build/ui-tests/build/CaesarPadUITests.build/Debug-iphonesimulator/CaesarPadUITests.DependencyMetadataFileList --static-metadata-file-list /Users/chrissotraidis/GitHub/caesarpad/build/ui-tests/build/CaesarPadUITests.build/Debug-iphonesimulator/CaesarPadUITests.DependencyStaticMetadataFileList --swift-const-vals-list /Users/chrissotraidis/GitHub/caesarpad/build/ui-tests/build/CaesarPadUITests.build/Debug-iphonesimulator/Objects-normal/arm64/CaesarPadUITests.SwiftConstValuesFileList --compile-time-extraction --deployment-aware-processing --validate-assistant-intents --no-app-shortcuts-localization
2026-07-26 17:34:30.159 appintentsmetadataprocessor[91259:26764763] Starting appintentsmetadataprocessor export
2026-07-26 17:34:30.165 appintentsmetadataprocessor[91259:26764763] warning: Metadata extraction skipped. No AppIntents.framework dependency found.

AppIntentsSSUTraining (in target 'CaesarPadUITests' from project 'CaesarPadUITestHarness')
    cd /Users/chrissotraidis/GitHub/caesarpad/tests/ui
    /Applications/Xcode.app/Contents/Developer/Toolchains/XcodeDefault.xctoolchain/usr/bin/appintentsnltrainingprocessor --infoplist-path /Users/chrissotraidis/GitHub/caesarpad/build/ui-tests/Debug-iphonesimulator/CaesarPadUITests-Runner.app/PlugIns/CaesarPadUITests.xctest/Info.plist --temp-dir-path /Users/chrissotraidis/GitHub/caesarpad/build/ui-tests/build/CaesarPadUITests.build/Debug-iphonesimulator/ssu --bundle-id dev.caesarpad.uitests --product-path /Users/chrissotraidis/GitHub/caesarpad/build/ui-tests/Debug-iphonesimulator/CaesarPadUITests-Runner.app/PlugIns/CaesarPadUITests.xctest --extracted-metadata-path /Users/chrissotraidis/GitHub/caesarpad/build/ui-tests/Debug-iphonesimulator/CaesarPadUITests-Runner.app/PlugIns/CaesarPadUITests.xctest/Metadata.appintents --metadata-file-list /Users/chrissotraidis/GitHub/caesarpad/build/ui-tests/build/CaesarPadUITests.build/Debug-iphonesimulator/CaesarPadUITests.DependencyMetadataFileList --source-file /Users/chrissotraidis/GitHub/caesarpad/build/ui-tests/Debug-iphonesimulator/CaesarPadUITests-Runner.app/PlugIns/CaesarPadUITests.xctest/Info.plist --archive-ssu-assets
2026-07-26 17:34:30.299 appintentsnltrainingprocessor[91260:26764768] Parsing options for appintentsnltrainingprocessor
2026-07-26 17:34:30.301 appintentsnltrainingprocessor[91260:26764768] Starting AppIntents SSU YAML Generation
2026-07-26 17:34:30.301 appintentsnltrainingprocessor[91260:26764768] No AppShortcuts found - Skipping.

MkDir /Users/chrissotraidis/GitHub/caesarpad/build/ui-tests/Debug-iphonesimulator/CaesarPadUITests-Runner.app (in target 'CaesarPadUITests' from project 'CaesarPadUITestHarness')
    cd /Users/chrissotraidis/GitHub/caesarpad/tests/ui
    /bin/mkdir -p /Users/chrissotraidis/GitHub/caesarpad/build/ui-tests/Debug-iphonesimulator/CaesarPadUITests-Runner.app

CopyPlistFile /Users/chrissotraidis/GitHub/caesarpad/build/ui-tests/Debug-iphonesimulator/CaesarPadUITests-Runner.app/Info.plist /Applications/Xcode.app/Contents/Developer/Platforms/iPhoneSimulator.platform/Developer/Library/Xcode/Agents/XCTRunner.app/Info.plist (in target 'CaesarPadUITests' from project 'CaesarPadUITestHarness')
    cd /Users/chrissotraidis/GitHub/caesarpad/tests/ui
    builtin-copyPlist --validate --convert xml1 --macro-expansion WRAPPEDPRODUCTNAME CaesarPadUITests-Runner --macro-expansion WRAPPEDPRODUCTBUNDLEIDENTIFIER dev.caesarpad.uitests.xctrunner --macro-expansion TESTPRODUCTNAME CaesarPadUITests --macro-expansion TESTPRODUCTBUNDLEIDENTIFIER dev.caesarpad.uitests --copy-value UIDeviceFamily /Users/chrissotraidis/GitHub/caesarpad/build/ui-tests/Debug-iphonesimulator/CaesarPadUITests-Runner.app/PlugIns/CaesarPadUITests.xctest/Info.plist --outdir /Users/chrissotraidis/GitHub/caesarpad/build/ui-tests/Debug-iphonesimulator/CaesarPadUITests-Runner.app -- /Applications/Xcode.app/Contents/Developer/Platforms/iPhoneSimulator.platform/Developer/Library/Xcode/Agents/XCTRunner.app/Info.plist

CopyAndPreserveArchs /Users/chrissotraidis/GitHub/caesarpad/build/ui-tests/Debug-iphonesimulator/CaesarPadUITests-Runner.app/CaesarPadUITests-Runner (in target 'CaesarPadUITests' from project 'CaesarPadUITestHarness')
    cd /Users/chrissotraidis/GitHub/caesarpad/tests/ui
    /Applications/Xcode.app/Contents/Developer/Toolchains/XcodeDefault.xctoolchain/usr/bin/lipo /Applications/Xcode.app/Contents/Developer/Platforms/iPhoneSimulator.platform/Developer/Library/Xcode/Agents/XCTRunner.app/XCTRunner -output /Users/chrissotraidis/GitHub/caesarpad/build/ui-tests/Debug-iphonesimulator/CaesarPadUITests-Runner.app/CaesarPadUITests-Runner -extract arm64

Copy /Users/chrissotraidis/GitHub/caesarpad/build/ui-tests/Debug-iphonesimulator/CaesarPadUITests-Runner.app/PkgInfo /Applications/Xcode.app/Contents/Developer/Platforms/iPhoneSimulator.platform/Developer/Library/Xcode/Agents/XCTRunner.app/PkgInfo (in target 'CaesarPadUITests' from project 'CaesarPadUITestHarness')
    cd /Users/chrissotraidis/GitHub/caesarpad/tests/ui
    builtin-copy -exclude .DS_Store -exclude CVS -exclude .svn -exclude .git -exclude .hg -strip-unsigned-binaries -strip-deterministic -strip-tool /Applications/Xcode.app/Contents/Developer/Toolchains/XcodeDefault.xctoolchain/usr/bin/strip -resolve-src-symlinks /Applications/Xcode.app/Contents/Developer/Platforms/iPhoneSimulator.platform/Developer/Library/Xcode/Agents/XCTRunner.app/PkgInfo /Users/chrissotraidis/GitHub/caesarpad/build/ui-tests/Debug-iphonesimulator/CaesarPadUITests-Runner.app

Copy /Users/chrissotraidis/GitHub/caesarpad/build/ui-tests/Debug-iphonesimulator/CaesarPadUITests-Runner.app/Frameworks/XCUnit.framework /Applications/Xcode.app/Contents/Developer/Platforms/iPhoneSimulator.platform/Developer/Library/PrivateFrameworks/XCUnit.framework (in target 'CaesarPadUITests' from project 'CaesarPadUITestHarness')
    cd /Users/chrissotraidis/GitHub/caesarpad/tests/ui
    builtin-copy -exclude .DS_Store -exclude CVS -exclude .svn -exclude .git -exclude .hg -exclude Headers -exclude PrivateHeaders -exclude Modules -exclude \*.tbd -strip-unsigned-binaries -strip-deterministic -strip-tool /Applications/Xcode.app/Contents/Developer/Toolchains/XcodeDefault.xctoolchain/usr/bin/strip -resolve-src-symlinks /Applications/Xcode.app/Contents/Developer/Platforms/iPhoneSimulator.platform/Developer/Library/PrivateFrameworks/XCUnit.framework /Users/chrissotraidis/GitHub/caesarpad/build/ui-tests/Debug-iphonesimulator/CaesarPadUITests-Runner.app/Frameworks
warning: not stripping binary because it is signed: /Applications/Xcode.app/Contents/Developer/Platforms/iPhoneSimulator.platform/Developer/Library/PrivateFrameworks/XCUnit.framework/XCUnit (in target 'CaesarPadUITests' from project 'CaesarPadUITestHarness')

Copy /Users/chrissotraidis/GitHub/caesarpad/build/ui-tests/Debug-iphonesimulator/CaesarPadUITests-Runner.app/Frameworks/XCUIAutomation.framework /Applications/Xcode.app/Contents/Developer/Platforms/iPhoneSimulator.platform/Developer/Library/Frameworks/XCUIAutomation.framework (in target 'CaesarPadUITests' from project 'CaesarPadUITestHarness')
    cd /Users/chrissotraidis/GitHub/caesarpad/tests/ui
    builtin-copy -exclude .DS_Store -exclude CVS -exclude .svn -exclude .git -exclude .hg -exclude Headers -exclude PrivateHeaders -exclude Modules -exclude \*.tbd -strip-unsigned-binaries -strip-deterministic -strip-tool /Applications/Xcode.app/Contents/Developer/Toolchains/XcodeDefault.xctoolchain/usr/bin/strip -resolve-src-symlinks /Applications/Xcode.app/Contents/Developer/Platforms/iPhoneSimulator.platform/Developer/Library/Frameworks/XCUIAutomation.framework /Users/chrissotraidis/GitHub/caesarpad/build/ui-tests/Debug-iphonesimulator/CaesarPadUITests-Runner.app/Frameworks
warning: not stripping binary because it is signed: /Applications/Xcode.app/Contents/Developer/Platforms/iPhoneSimulator.platform/Developer/Library/Frameworks/XCUIAutomation.framework/XCUIAutomation (in target 'CaesarPadUITests' from project 'CaesarPadUITestHarness')

Copy /Users/chrissotraidis/GitHub/caesarpad/build/ui-tests/Debug-iphonesimulator/CaesarPadUITests-Runner.app/Frameworks/libXCTestSwiftSupport.dylib /Applications/Xcode.app/Contents/Developer/Platforms/iPhoneSimulator.platform/Developer/usr/lib/libXCTestSwiftSupport.dylib (in target 'CaesarPadUITests' from project 'CaesarPadUITestHarness')
    cd /Users/chrissotraidis/GitHub/caesarpad/tests/ui
    builtin-copy -exclude .DS_Store -exclude CVS -exclude .svn -exclude .git -exclude .hg -exclude Headers -exclude PrivateHeaders -exclude Modules -exclude \*.tbd -strip-unsigned-binaries -strip-deterministic -strip-tool /Applications/Xcode.app/Contents/Developer/Toolchains/XcodeDefault.xctoolchain/usr/bin/strip -resolve-src-symlinks /Applications/Xcode.app/Contents/Developer/Platforms/iPhoneSimulator.platform/Developer/usr/lib/libXCTestSwiftSupport.dylib /Users/chrissotraidis/GitHub/caesarpad/build/ui-tests/Debug-iphonesimulator/CaesarPadUITests-Runner.app/Frameworks
warning: not stripping binary because it is signed: /Applications/Xcode.app/Contents/Developer/Platforms/iPhoneSimulator.platform/Developer/usr/lib/libXCTestSwiftSupport.dylib (in target 'CaesarPadUITests' from project 'CaesarPadUITestHarness')

Copy /Users/chrissotraidis/GitHub/caesarpad/build/ui-tests/Debug-iphonesimulator/CaesarPadUITests-Runner.app/Frameworks/XCTestSupport.framework /Applications/Xcode.app/Contents/Developer/Platforms/iPhoneSimulator.platform/Developer/Library/PrivateFrameworks/XCTestSupport.framework (in target 'CaesarPadUITests' from project 'CaesarPadUITestHarness')
    cd /Users/chrissotraidis/GitHub/caesarpad/tests/ui
    builtin-copy -exclude .DS_Store -exclude CVS -exclude .svn -exclude .git -exclude .hg -exclude Headers -exclude PrivateHeaders -exclude Modules -exclude \*.tbd -strip-unsigned-binaries -strip-deterministic -strip-tool /Applications/Xcode.app/Contents/Developer/Toolchains/XcodeDefault.xctoolchain/usr/bin/strip -resolve-src-symlinks /Applications/Xcode.app/Contents/Developer/Platforms/iPhoneSimulator.platform/Developer/Library/PrivateFrameworks/XCTestSupport.framework /Users/chrissotraidis/GitHub/caesarpad/build/ui-tests/Debug-iphonesimulator/CaesarPadUITests-Runner.app/Frameworks
warning: not stripping binary because it is signed: /Applications/Xcode.app/Contents/Developer/Platforms/iPhoneSimulator.platform/Developer/Library/PrivateFrameworks/XCTestSupport.framework/XCTestSupport (in target 'CaesarPadUITests' from project 'CaesarPadUITestHarness')

Copy /Users/chrissotraidis/GitHub/caesarpad/build/ui-tests/Debug-iphonesimulator/CaesarPadUITests-Runner.app/Frameworks/XCTestCore.framework /Applications/Xcode.app/Contents/Developer/Platforms/iPhoneSimulator.platform/Developer/Library/PrivateFrameworks/XCTestCore.framework (in target 'CaesarPadUITests' from project 'CaesarPadUITestHarness')
    cd /Users/chrissotraidis/GitHub/caesarpad/tests/ui
    builtin-copy -exclude .DS_Store -exclude CVS -exclude .svn -exclude .git -exclude .hg -exclude Headers -exclude PrivateHeaders -exclude Modules -exclude \*.tbd -strip-unsigned-binaries -strip-deterministic -strip-tool /Applications/Xcode.app/Contents/Developer/Toolchains/XcodeDefault.xctoolchain/usr/bin/strip -resolve-src-symlinks /Applications/Xcode.app/Contents/Developer/Platforms/iPhoneSimulator.platform/Developer/Library/PrivateFrameworks/XCTestCore.framework /Users/chrissotraidis/GitHub/caesarpad/build/ui-tests/Debug-iphonesimulator/CaesarPadUITests-Runner.app/Frameworks
warning: not stripping binary because it is signed: /Applications/Xcode.app/Contents/Developer/Platforms/iPhoneSimulator.platform/Developer/Library/PrivateFrameworks/XCTestCore.framework/XCTestCore (in target 'CaesarPadUITests' from project 'CaesarPadUITestHarness')

Copy /Users/chrissotraidis/GitHub/caesarpad/build/ui-tests/Debug-iphonesimulator/CaesarPadUITests-Runner.app/Frameworks/XCTest.framework /Applications/Xcode.app/Contents/Developer/Platforms/iPhoneSimulator.platform/Developer/Library/Frameworks/XCTest.framework (in target 'CaesarPadUITests' from project 'CaesarPadUITestHarness')
    cd /Users/chrissotraidis/GitHub/caesarpad/tests/ui
    builtin-copy -exclude .DS_Store -exclude CVS -exclude .svn -exclude .git -exclude .hg -exclude Headers -exclude PrivateHeaders -exclude Modules -exclude \*.tbd -strip-unsigned-binaries -strip-deterministic -strip-tool /Applications/Xcode.app/Contents/Developer/Toolchains/XcodeDefault.xctoolchain/usr/bin/strip -resolve-src-symlinks /Applications/Xcode.app/Contents/Developer/Platforms/iPhoneSimulator.platform/Developer/Library/Frameworks/XCTest.framework /Users/chrissotraidis/GitHub/caesarpad/build/ui-tests/Debug-iphonesimulator/CaesarPadUITests-Runner.app/Frameworks
warning: not stripping binary because it is signed: /Applications/Xcode.app/Contents/Developer/Platforms/iPhoneSimulator.platform/Developer/Library/Frameworks/XCTest.framework/XCTest (in target 'CaesarPadUITests' from project 'CaesarPadUITestHarness')

Copy /Users/chrissotraidis/GitHub/caesarpad/build/ui-tests/Debug-iphonesimulator/CaesarPadUITests-Runner.app/Frameworks/XCTAutomationSupport.framework /Applications/Xcode.app/Contents/Developer/Platforms/iPhoneSimulator.platform/Developer/Library/PrivateFrameworks/XCTAutomationSupport.framework (in target 'CaesarPadUITests' from project 'CaesarPadUITestHarness')
    cd /Users/chrissotraidis/GitHub/caesarpad/tests/ui
    builtin-copy -exclude .DS_Store -exclude CVS -exclude .svn -exclude .git -exclude .hg -exclude Headers -exclude PrivateHeaders -exclude Modules -exclude \*.tbd -strip-unsigned-binaries -strip-deterministic -strip-tool /Applications/Xcode.app/Contents/Developer/Toolchains/XcodeDefault.xctoolchain/usr/bin/strip -resolve-src-symlinks /Applications/Xcode.app/Contents/Developer/Platforms/iPhoneSimulator.platform/Developer/Library/PrivateFrameworks/XCTAutomationSupport.framework /Users/chrissotraidis/GitHub/caesarpad/build/ui-tests/Debug-iphonesimulator/CaesarPadUITests-Runner.app/Frameworks
warning: not stripping binary because it is signed: /Applications/Xcode.app/Contents/Developer/Platforms/iPhoneSimulator.platform/Developer/Library/PrivateFrameworks/XCTAutomationSupport.framework/XCTAutomationSupport (in target 'CaesarPadUITests' from project 'CaesarPadUITestHarness')

Copy /Users/chrissotraidis/GitHub/caesarpad/build/ui-tests/Debug-iphonesimulator/CaesarPadUITests-Runner.app/Frameworks/Testing.framework /Applications/Xcode.app/Contents/Developer/Platforms/iPhoneSimulator.platform/Developer/Library/Frameworks/Testing.framework (in target 'CaesarPadUITests' from project 'CaesarPadUITestHarness')
    cd /Users/chrissotraidis/GitHub/caesarpad/tests/ui
    builtin-copy -exclude .DS_Store -exclude CVS -exclude .svn -exclude .git -exclude .hg -exclude Headers -exclude PrivateHeaders -exclude Modules -exclude \*.tbd -strip-unsigned-binaries -strip-deterministic -strip-tool /Applications/Xcode.app/Contents/Developer/Toolchains/XcodeDefault.xctoolchain/usr/bin/strip -resolve-src-symlinks /Applications/Xcode.app/Contents/Developer/Platforms/iPhoneSimulator.platform/Developer/Library/Frameworks/Testing.framework /Users/chrissotraidis/GitHub/caesarpad/build/ui-tests/Debug-iphonesimulator/CaesarPadUITests-Runner.app/Frameworks
warning: not stripping binary because it is signed: /Applications/Xcode.app/Contents/Developer/Platforms/iPhoneSimulator.platform/Developer/Library/Frameworks/Testing.framework/Testing (in target 'CaesarPadUITests' from project 'CaesarPadUITestHarness')

RegisterExecutionPolicyException /Users/chrissotraidis/GitHub/caesarpad/build/ui-tests/Debug-iphonesimulator/CaesarPadUITests-Runner.app/PlugIns/CaesarPadUITests.xctest (in target 'CaesarPadUITests' from project 'CaesarPadUITestHarness')
    cd /Users/chrissotraidis/GitHub/caesarpad/tests/ui
    builtin-RegisterExecutionPolicyException /Users/chrissotraidis/GitHub/caesarpad/build/ui-tests/Debug-iphonesimulator/CaesarPadUITests-Runner.app/PlugIns/CaesarPadUITests.xctest

Touch /Users/chrissotraidis/GitHub/caesarpad/build/ui-tests/Debug-iphonesimulator/CaesarPadUITests-Runner.app/PlugIns/CaesarPadUITests.xctest (in target 'CaesarPadUITests' from project 'CaesarPadUITestHarness')
    cd /Users/chrissotraidis/GitHub/caesarpad/tests/ui
    /usr/bin/touch -c /Users/chrissotraidis/GitHub/caesarpad/build/ui-tests/Debug-iphonesimulator/CaesarPadUITests-Runner.app/PlugIns/CaesarPadUITests.xctest

note: Run script build phase 'Generate CMakeFiles/ZERO_CHECK' will be run during every build because the option to run the script phase "Based on dependency analysis" is unchecked. (in target 'ZERO_CHECK' from project 'CaesarPadUITestHarness')
2026-07-26 17:34:47.243731-0500 CaesarPadUITests-Runner[91273:26765106] [Default] Running tests...
    t =      nans Interface orientation changed to Landscape Right
Test Suite 'Selected tests' started at 2026-07-26 17:34:56.827.
Test Suite 'CaesarPadUITests.xctest' started at 2026-07-26 17:34:56.829.
Test Suite 'CaesarPadUITests' started at 2026-07-26 17:34:56.830.
Test Case '-[CaesarPadUITests.CaesarPadUITests testMinimalTouchControls]' started.
    t =     0.08s Start Test at 2026-07-26 17:34:56.916
    t =     0.28s Set Up
    t =     0.30s Open com.github.keriew.augustus
    t =     0.30s     Launch com.github.keriew.augustus
    t =     0.30s         Terminate com.github.keriew.augustus:90902
    t =     2.20s         Setting up automation session
    t =     4.06s         Wait for com.github.keriew.augustus to idle
    t =    12.01s Wait for com.github.keriew.augustus to become Running Foreground
    t =    12.01s Find the Application 'com.github.keriew.augustus'
    t =    12.33s Find the Application 'com.github.keriew.augustus'
    t =    12.39s Waiting 5.0s for "caesarpad.pause" Button to exist
    t =    13.48s     Checking `Expect predicate `existsNoRetry == 1` for object "caesarpad.pause" Button`
    t =    13.49s         Checking existence of `"caesarpad.pause" Button`
    t =    13.52s Find the "caesarpad.pause" Button
    t =    13.67s Waiting 5.0s for "caesarpad.canvas" Other to exist
    t =    14.76s     Checking `Expect predicate `existsNoRetry == 1` for object "caesarpad.canvas" Other`
    t =    14.77s         Checking existence of `"caesarpad.canvas" Other`
    t =    14.83s Find the "caesarpad.canvas" Other
    t =    15.28s Find the "caesarpad.canvas" Other
    t =    16.06s Added attachment named '20-touch-landscape'
    t =    16.07s Tap Application 'com.github.keriew.augustus'[0.53, 0.45]
    t =    16.07s     Wait for com.github.keriew.augustus to idle
    t =    16.16s     Find the Application 'com.github.keriew.augustus'
    t =    16.28s     Check for interrupting elements affecting "Augustus" Application
    t =    16.40s     Synthesize event
    t =    16.43s         Find the Application 'com.github.keriew.augustus'
    t =    16.49s         Find the Application 'com.github.keriew.augustus'
    t =    16.62s         Find the Application 'com.github.keriew.augustus'
    t =    17.01s     Wait for com.github.keriew.augustus to idle
    t =    17.55s Tap Application 'com.github.keriew.augustus'[0.50, 0.52]
    t =    17.56s     Wait for com.github.keriew.augustus to idle
    t =    17.58s     Find the Application 'com.github.keriew.augustus'
    t =    17.67s     Check for interrupting elements affecting "Augustus" Application
    t =    17.76s     Synthesize event
    t =    17.78s         Find the Application 'com.github.keriew.augustus'
    t =    17.85s         Find the Application 'com.github.keriew.augustus'
    t =    17.92s         Find the Application 'com.github.keriew.augustus'
    t =    18.31s     Wait for com.github.keriew.augustus to idle
    t =    21.34s Tap Application 'com.github.keriew.augustus'[0.50, 0.53]
    t =    21.34s     Wait for com.github.keriew.augustus to idle
    t =    21.37s     Find the Application 'com.github.keriew.augustus'
    t =    21.48s     Check for interrupting elements affecting "Augustus" Application
    t =    21.54s     Synthesize event
    t =    21.58s         Find the Application 'com.github.keriew.augustus'
    t =    21.64s         Find the Application 'com.github.keriew.augustus'
    t =    21.73s         Find the Application 'com.github.keriew.augustus'
    t =    22.13s     Wait for com.github.keriew.augustus to idle
    t =    24.19s Tap Application 'com.github.keriew.augustus'[0.50, 0.38]
    t =    24.20s     Wait for com.github.keriew.augustus to idle
    t =    24.26s     Find the Application 'com.github.keriew.augustus'
    t =    24.36s     Check for interrupting elements affecting "Augustus" Application
    t =    24.43s     Synthesize event
    t =    24.45s         Find the Application 'com.github.keriew.augustus'
    t =    24.51s         Find the Application 'com.github.keriew.augustus'
    t =    24.60s         Find the Application 'com.github.keriew.augustus'
    t =    24.96s     Wait for com.github.keriew.augustus to idle
    t =    27.09s Tap Application 'com.github.keriew.augustus'[0.68, 0.75]
    t =    27.09s     Wait for com.github.keriew.augustus to idle
    t =    27.16s     Find the Application 'com.github.keriew.augustus'
    t =    27.37s     Check for interrupting elements affecting "Augustus" Application
    t =    27.50s     Synthesize event
    t =    27.52s         Find the Application 'com.github.keriew.augustus'
    t =    27.60s         Find the Application 'com.github.keriew.augustus'
    t =    27.82s         Find the Application 'com.github.keriew.augustus'
    t =    28.36s     Wait for com.github.keriew.augustus to idle
    t =    30.85s Tap Application 'com.github.keriew.augustus'[0.67, 0.85]
    t =    30.85s     Wait for com.github.keriew.augustus to idle
    t =    30.91s     Find the Application 'com.github.keriew.augustus'
    t =    31.04s     Check for interrupting elements affecting "Augustus" Application
    t =    31.14s     Synthesize event
    t =    31.17s         Find the Application 'com.github.keriew.augustus'
    t =    31.22s         Find the Application 'com.github.keriew.augustus'
    t =    31.35s         Find the Application 'com.github.keriew.augustus'
    t =    31.79s     Wait for com.github.keriew.augustus to idle
    t =    35.83s Tap Application 'com.github.keriew.augustus'[0.61, 0.56]
    t =    35.83s     Wait for com.github.keriew.augustus to idle
    t =    35.88s     Find the Application 'com.github.keriew.augustus'
    t =    35.99s     Check for interrupting elements affecting "Augustus" Application
    t =    36.08s     Synthesize event
    t =    36.11s         Find the Application 'com.github.keriew.augustus'
    t =    36.17s         Find the Application 'com.github.keriew.augustus'
    t =    36.31s         Find the Application 'com.github.keriew.augustus'
    t =    36.70s     Wait for com.github.keriew.augustus to idle
    t =    39.92s Added attachment named '21-touch-mission'
    t =    39.93s Tap Application 'com.github.keriew.augustus'[0.90, 0.38]
    t =    39.94s     Wait for com.github.keriew.augustus to idle
    t =    39.98s     Find the Application 'com.github.keriew.augustus'
    t =    40.15s     Check for interrupting elements affecting "Augustus" Application
    t =    40.27s     Synthesize event
    t =    40.29s         Find the Application 'com.github.keriew.augustus'
    t =    40.33s         Find the Application 'com.github.keriew.augustus'
    t =    40.41s         Find the Application 'com.github.keriew.augustus'
    t =    40.79s     Wait for com.github.keriew.augustus to idle
    t =    43.22s Added attachment named '22-tap-selected'
    t =    45.73s Added attachment named '24-two-finger-before'
    t =    45.78s Two finger tap "caesarpad.canvas" Other
    t =    45.78s     Wait for com.github.keriew.augustus to idle
    t =    45.81s     Find the "caesarpad.canvas" Other
    t =    45.89s     Check for interrupting elements affecting "caesarpad.canvas" Other
    t =    46.01s     Synthesize event
    t =    46.03s         Compute touch locations
    t =    46.24s                 Computed touch locations {417, 5} and {417, 1205} for visible frame {{0, 0}, {834, 1210}}
    t =    46.60s     Wait for com.github.keriew.augustus to idle
    t =    48.71s Added attachment named '25-two-finger-right-click'
    t =    51.00s Added attachment named '25-two-finger-right-click-complete'
    t =    52.19s Added attachment named '26-drag-before'
    t =    52.21s Press Application 'com.github.keriew.augustus'[0.36, 0.42] for 0.2 seconds, then drag to Application 'com.github.keriew.augustus'[0.60, 0.56] with velocity of 250.00 pixels per second, and then hold for 0.1 seconds
    t =    52.21s     Wait for com.github.keriew.augustus to idle
    t =    52.23s     Find the Application 'com.github.keriew.augustus'
    t =    52.32s     Check for interrupting elements affecting "Augustus" Application
    t =    52.55s     Synthesize event
    t =    52.57s         Find the Application 'com.github.keriew.augustus'
    t =    52.62s         Find the Application 'com.github.keriew.augustus'
    t =    52.72s         Find the Application 'com.github.keriew.augustus'
    t =    52.76s         Find the Application 'com.github.keriew.augustus'
    t =    52.84s         Find the Application 'com.github.keriew.augustus'
    t =    54.70s     Wait for com.github.keriew.augustus to idle
    t =    57.01s Added attachment named '27-drag-panned'
    t =    58.95s Added attachment named '28-pinch-before'
    t =    58.96s Pinch with scale 1.5, velocity 1 in "caesarpad.canvas" Other
    t =    58.96s     Wait for com.github.keriew.augustus to idle
    t =    58.99s     Find the "caesarpad.canvas" Other
    t =    59.03s     Check for interrupting elements affecting "caesarpad.canvas" Other
    t =    59.16s     Synthesize event
    t =    59.21s         Pinching with rect {{50, 50}, {734, 1110}}
    t =    61.10s     Wait for com.github.keriew.augustus to idle
    t =    64.62s Added attachment named '29-pinch-zoomed'
    t =    66.21s Added attachment named '30-native-pause-before'
    t =    66.24s Find the "caesarpad.pause" Button
    t =    66.30s Tap "caesarpad.pause" Button
    t =    66.30s     Wait for com.github.keriew.augustus to idle
    t =    66.32s     Find the "caesarpad.pause" Button
    t =    66.38s     Check for interrupting elements affecting "caesarpad.pause" Button
    t =    66.62s     Synthesize event
    t =    67.03s     Wait for com.github.keriew.augustus to idle
    t =    69.55s Added attachment named '31-native-pause-after'
    t =    69.56s Find the "caesarpad.pause" Button
    t =    69.63s Tear Down
Test Case '-[CaesarPadUITests.CaesarPadUITests testMinimalTouchControls]' passed (70.207 seconds).
Test Suite 'CaesarPadUITests' passed at 2026-07-26 17:36:07.122.
	 Executed 1 test, with 0 failures (0 unexpected) in 70.207 (70.292) seconds
Test Suite 'CaesarPadUITests.xctest' passed at 2026-07-26 17:36:07.124.
	 Executed 1 test, with 0 failures (0 unexpected) in 70.207 (70.294) seconds
Test Suite 'Selected tests' passed at 2026-07-26 17:36:07.136.
	 Executed 1 test, with 0 failures (0 unexpected) in 70.207 (70.309) seconds
2026-07-26 17:36:08.234 xcodebuild[91164:26764217] [MT] IDETestOperationsObserverDebug: 97.611 elapsed -- Testing started completed.
2026-07-26 17:36:08.245 xcodebuild[91164:26764217] [MT] IDETestOperationsObserverDebug: 0.000 sec, +0.000 sec -- start
2026-07-26 17:36:08.246 xcodebuild[91164:26764217] [MT] IDETestOperationsObserverDebug: 97.611 sec, +97.611 sec -- end

Test session results, code coverage, and logs:
	/Users/chrissotraidis/GitHub/caesarpad/artifacts/g7/touch-20260726-173036.xcresult

** TEST SUCCEEDED **

Testing started
Saved UI-test results to /Users/chrissotraidis/GitHub/caesarpad/artifacts/g7/touch-20260726-173036.xcresult
Monitoring boot status for iPad Pro 11-inch (M4) (08636791-2675-4675-8335-EF72EF954DCF).
Device already booted, nothing to do.

Injected 602 files into /Users/chrissotraidis/Library/Developer/CoreSimulator/Devices/08636791-2675-4675-8335-EF72EF954DCF/data/Containers/Data/Application/18B218AC-2550-4968-AF55-E3DAC35D7CAD/Documents/C3
-- Configuring done (0.2s)
-- Generating done (0.0s)
-- Build files have been written to: /Users/chrissotraidis/GitHub/caesarpad/build/ui-tests
Command line invocation:
    /Applications/Xcode.app/Contents/Developer/usr/bin/xcodebuild -project /Users/chrissotraidis/GitHub/caesarpad/build/ui-tests/CaesarPadUITestHarness.xcodeproj -scheme CaesarPadUITests -configuration Debug -sdk iphonesimulator -derivedDataPath /Users/chrissotraidis/GitHub/caesarpad/build/ui-tests/DerivedData clean

Build settings from command line:
    SDKROOT = iphonesimulator26.5

--- xcodebuild: WARNING: Using the first of multiple matching destinations:
{ platform:iOS Simulator, id:dvtdevice-DVTiOSDeviceSimulatorPlaceholder-iphonesimulator:placeholder, name:Any iOS Simulator Device }
{ platform:iOS Simulator, arch:arm64, id:4B500075-51AB-45B2-BF38-F325507BB905, OS:26.5, name:DaggerPad iPad Pro M2 }
{ platform:iOS Simulator, arch:arm64, id:48B29BDF-DA77-48A2-85F0-5AADFBC4B563, OS:26.5, name:DaggerPad iPad Pro M2 Clean }
{ platform:iOS Simulator, arch:arm64, id:99B296D5-8819-4637-8C62-347E1F49B85F, OS:18.5, name:DaggerPad iPad Pro M2 iOS 18.5 }
{ platform:iOS Simulator, arch:x86_64, id:99B296D5-8819-4637-8C62-347E1F49B85F, OS:18.5, name:DaggerPad iPad Pro M2 iOS 18.5 }
{ platform:iOS Simulator, arch:arm64, id:0309932A-BD06-4561-B889-B4576C42BC22, OS:18.5, name:iPad (A16) }
{ platform:iOS Simulator, arch:x86_64, id:0309932A-BD06-4561-B889-B4576C42BC22, OS:18.5, name:iPad (A16) }
{ platform:iOS Simulator, arch:arm64, id:5C2FD444-A69E-4EF0-83A5-5EDB579015C8, OS:26.5, name:iPad (A16) }
{ platform:iOS Simulator, arch:arm64, id:9C4B6D74-7B8D-4DBC-93E7-5590E45539A8, OS:18.5, name:iPad Air 11-inch (M3) }
{ platform:iOS Simulator, arch:x86_64, id:9C4B6D74-7B8D-4DBC-93E7-5590E45539A8, OS:18.5, name:iPad Air 11-inch (M3) }
{ platform:iOS Simulator, arch:arm64, id:D5BFE5D2-C276-4F9A-B3C1-305C256BED0D, OS:26.5, name:iPad Air 11-inch (M4) }
{ platform:iOS Simulator, arch:arm64, id:EEF37AFD-88A6-44DB-9631-57E00476704F, OS:18.5, name:iPad Air 13-inch (M3) }
{ platform:iOS Simulator, arch:x86_64, id:EEF37AFD-88A6-44DB-9631-57E00476704F, OS:18.5, name:iPad Air 13-inch (M3) }
{ platform:iOS Simulator, arch:arm64, id:151160FE-3DA5-4725-A719-79CCC50EB4AA, OS:26.5, name:iPad Air 13-inch (M4) }
{ platform:iOS Simulator, arch:arm64, id:08636791-2675-4675-8335-EF72EF954DCF, OS:18.5, name:iPad Pro 11-inch (M4) }
{ platform:iOS Simulator, arch:x86_64, id:08636791-2675-4675-8335-EF72EF954DCF, OS:18.5, name:iPad Pro 11-inch (M4) }
{ platform:iOS Simulator, arch:arm64, id:DE8E956F-6B29-4FF3-AF4A-77034CE8588A, OS:26.5, name:iPad Pro 11-inch (M5) }
{ platform:iOS Simulator, arch:arm64, id:02BFE363-AA20-48BD-BBE0-7DBEB4AD8713, OS:18.5, name:iPad Pro 13-inch (M4) }
{ platform:iOS Simulator, arch:x86_64, id:02BFE363-AA20-48BD-BBE0-7DBEB4AD8713, OS:18.5, name:iPad Pro 13-inch (M4) }
{ platform:iOS Simulator, arch:arm64, id:68016FEA-1887-4E05-A7F4-B26EC8572B8A, OS:26.5, name:iPad Pro 13-inch (M5) }
{ platform:iOS Simulator, arch:arm64, id:7D8C148F-3B11-43B3-A032-0D6DBE40C366, OS:18.5, name:iPad mini (A17 Pro) }
{ platform:iOS Simulator, arch:x86_64, id:7D8C148F-3B11-43B3-A032-0D6DBE40C366, OS:18.5, name:iPad mini (A17 Pro) }
{ platform:iOS Simulator, arch:arm64, id:6F31C8CB-2FEE-4258-AD75-C672BB4AB3BA, OS:26.5, name:iPad mini (A17 Pro) }
CreateBuildRequest

SendProjectDescription

CreateBuildOperation

** CLEAN SUCCEEDED **

Command line invocation:
    /Applications/Xcode.app/Contents/Developer/usr/bin/xcodebuild -project /Users/chrissotraidis/GitHub/caesarpad/build/ui-tests/CaesarPadUITestHarness.xcodeproj -scheme CaesarPadUITests -configuration Debug -sdk iphonesimulator -destination "platform=iOS Simulator,id=08636791-2675-4675-8335-EF72EF954DCF" -derivedDataPath /Users/chrissotraidis/GitHub/caesarpad/build/ui-tests/DerivedData -resultBundlePath /Users/chrissotraidis/GitHub/caesarpad/artifacts/g6/lifecycle-prepare-20260726-173609.xcresult CODE_SIGN_IDENTITY= CODE_SIGNING_REQUIRED=NO CODE_SIGNING_ALLOWED=NO "-only-testing:CaesarPadUITests/CaesarPadUITests/testPrepareLifecycleMission" test

Build settings from command line:
    CODE_SIGN_IDENTITY =
    CODE_SIGNING_ALLOWED = NO
    CODE_SIGNING_REQUIRED = NO
    SDKROOT = iphonesimulator26.5

Writing result bundle at path:
	/Users/chrissotraidis/GitHub/caesarpad/artifacts/g6/lifecycle-prepare-20260726-173609.xcresult

--- xcodebuild: WARNING: Using the first of multiple matching destinations:
{ platform:iOS Simulator, arch:arm64, id:08636791-2675-4675-8335-EF72EF954DCF, OS:18.5, name:iPad Pro 11-inch (M4) }
{ platform:iOS Simulator, arch:x86_64, id:08636791-2675-4675-8335-EF72EF954DCF, OS:18.5, name:iPad Pro 11-inch (M4) }
note: Using codesigning identity override:
ComputePackagePrebuildTargetDependencyGraph

CreateBuildRequest

SendProjectDescription

CreateBuildOperation

ComputeTargetDependencyGraph
note: Building targets in dependency order
note: Target dependency graph (3 targets)
    Target 'CaesarPadUITests' in project 'CaesarPadUITestHarness'
        ➜ Explicit dependency on target 'CaesarPadTestHost' in project 'CaesarPadUITestHarness'
        ➜ Explicit dependency on target 'ZERO_CHECK' in project 'CaesarPadUITestHarness'
    Target 'CaesarPadTestHost' in project 'CaesarPadUITestHarness'
        ➜ Explicit dependency on target 'ZERO_CHECK' in project 'CaesarPadUITestHarness'
    Target 'ZERO_CHECK' in project 'CaesarPadUITestHarness' (no dependencies)

GatherProvisioningInputs

CreateBuildDescription

ExecuteExternalTool /Applications/Xcode.app/Contents/Developer/Toolchains/XcodeDefault.xctoolchain/usr/bin/clang -v -E -dM -isysroot /Applications/Xcode.app/Contents/Developer/Platforms/iPhoneSimulator.platform/Developer/SDKs/iPhoneSimulator26.5.sdk -x c -c /dev/null

ExecuteExternalTool /Applications/Xcode.app/Contents/Developer/Toolchains/XcodeDefault.xctoolchain/usr/bin/swiftc --version

ExecuteExternalTool /Applications/Xcode.app/Contents/Developer/Toolchains/XcodeDefault.xctoolchain/usr/bin/ld -version_details

Build description signature: c53cebd85b1d497482be569dffb55225
Build description path: /Users/chrissotraidis/GitHub/caesarpad/build/ui-tests/build/XCBuildData/c53cebd85b1d497482be569dffb55225.xcbuilddata
ClangStatCache /Applications/Xcode.app/Contents/Developer/Toolchains/XcodeDefault.xctoolchain/usr/bin/clang-stat-cache /Applications/Xcode.app/Contents/Developer/Platforms/iPhoneSimulator.platform/Developer/SDKs/iPhoneSimulator26.5.sdk /Users/chrissotraidis/GitHub/caesarpad/build/ui-tests/DerivedData/SDKStatCaches.noindex/iphonesimulator26.5-23F81a-6cfe768891a92b912361537c460fe42b.sdkstatcache
    cd /Users/chrissotraidis/GitHub/caesarpad/build/ui-tests/CaesarPadUITestHarness.xcodeproj
    /Applications/Xcode.app/Contents/Developer/Toolchains/XcodeDefault.xctoolchain/usr/bin/clang-stat-cache /Applications/Xcode.app/Contents/Developer/Platforms/iPhoneSimulator.platform/Developer/SDKs/iPhoneSimulator26.5.sdk -o /Users/chrissotraidis/GitHub/caesarpad/build/ui-tests/DerivedData/SDKStatCaches.noindex/iphonesimulator26.5-23F81a-6cfe768891a92b912361537c460fe42b.sdkstatcache

CreateBuildDirectory /Users/chrissotraidis/GitHub/caesarpad/build/ui-tests/Debug-iphonesimulator
    cd /Users/chrissotraidis/GitHub/caesarpad/build/ui-tests/CaesarPadUITestHarness.xcodeproj
    builtin-create-build-directory /Users/chrissotraidis/GitHub/caesarpad/build/ui-tests/Debug-iphonesimulator

CreateBuildDirectory /Users/chrissotraidis/GitHub/caesarpad/build/ui-tests/build
    cd /Users/chrissotraidis/GitHub/caesarpad/build/ui-tests/CaesarPadUITestHarness.xcodeproj
    builtin-create-build-directory /Users/chrissotraidis/GitHub/caesarpad/build/ui-tests/build

CreateBuildDirectory /Users/chrissotraidis/GitHub/caesarpad/build/ui-tests/build/ExplicitPrecompiledModules
    cd /Users/chrissotraidis/GitHub/caesarpad/build/ui-tests/CaesarPadUITestHarness.xcodeproj
    builtin-create-build-directory /Users/chrissotraidis/GitHub/caesarpad/build/ui-tests/build/ExplicitPrecompiledModules

CreateBuildDirectory /Users/chrissotraidis/GitHub/caesarpad/build/ui-tests/build/SwiftExplicitPrecompiledModules
    cd /Users/chrissotraidis/GitHub/caesarpad/build/ui-tests/CaesarPadUITestHarness.xcodeproj
    builtin-create-build-directory /Users/chrissotraidis/GitHub/caesarpad/build/ui-tests/build/SwiftExplicitPrecompiledModules

CreateBuildDirectory /Users/chrissotraidis/GitHub/caesarpad/build/ui-tests/build/Debug-iphonesimulator
    cd /Users/chrissotraidis/GitHub/caesarpad/build/ui-tests/CaesarPadUITestHarness.xcodeproj
    builtin-create-build-directory /Users/chrissotraidis/GitHub/caesarpad/build/ui-tests/build/Debug-iphonesimulator

CreateBuildDirectory /Users/chrissotraidis/GitHub/caesarpad/build/ui-tests/build/EagerLinkingTBDs/Debug-iphonesimulator
    cd /Users/chrissotraidis/GitHub/caesarpad/build/ui-tests/CaesarPadUITestHarness.xcodeproj
    builtin-create-build-directory /Users/chrissotraidis/GitHub/caesarpad/build/ui-tests/build/EagerLinkingTBDs/Debug-iphonesimulator

WriteAuxiliaryFile /Users/chrissotraidis/GitHub/caesarpad/build/ui-tests/build/CaesarPadUITestHarness.build/Debug-iphonesimulator/ZERO_CHECK.build/Script-CF01EF5532D6E2A1461A5E05.sh (in target 'ZERO_CHECK' from project 'CaesarPadUITestHarness')
    cd /Users/chrissotraidis/GitHub/caesarpad/tests/ui
    write-file /Users/chrissotraidis/GitHub/caesarpad/build/ui-tests/build/CaesarPadUITestHarness.build/Debug-iphonesimulator/ZERO_CHECK.build/Script-CF01EF5532D6E2A1461A5E05.sh

WriteAuxiliaryFile /Users/chrissotraidis/GitHub/caesarpad/build/ui-tests/build/CaesarPadUITests.build/Debug-iphonesimulator/ProductTypeInfoPlistAdditions.plist (in target 'CaesarPadUITests' from project 'CaesarPadUITestHarness')
    cd /Users/chrissotraidis/GitHub/caesarpad/tests/ui
    write-file /Users/chrissotraidis/GitHub/caesarpad/build/ui-tests/build/CaesarPadUITests.build/Debug-iphonesimulator/ProductTypeInfoPlistAdditions.plist

WriteAuxiliaryFile /Users/chrissotraidis/GitHub/caesarpad/build/ui-tests/build/CaesarPadUITests.build/Debug-iphonesimulator/Objects-normal/arm64/CaesarPadUITests.LinkFileList (in target 'CaesarPadUITests' from project 'CaesarPadUITestHarness')
    cd /Users/chrissotraidis/GitHub/caesarpad/tests/ui
    write-file /Users/chrissotraidis/GitHub/caesarpad/build/ui-tests/build/CaesarPadUITests.build/Debug-iphonesimulator/Objects-normal/arm64/CaesarPadUITests.LinkFileList

WriteAuxiliaryFile /Users/chrissotraidis/GitHub/caesarpad/build/ui-tests/build/CaesarPadUITests.build/Debug-iphonesimulator/Objects-normal/arm64/CaesarPadUITests.SwiftFileList (in target 'CaesarPadUITests' from project 'CaesarPadUITestHarness')
    cd /Users/chrissotraidis/GitHub/caesarpad/tests/ui
    write-file /Users/chrissotraidis/GitHub/caesarpad/build/ui-tests/build/CaesarPadUITests.build/Debug-iphonesimulator/Objects-normal/arm64/CaesarPadUITests.SwiftFileList

WriteAuxiliaryFile /Users/chrissotraidis/GitHub/caesarpad/build/ui-tests/build/CaesarPadUITests.build/Debug-iphonesimulator/Objects-normal/arm64/CaesarPadUITests.SwiftConstValuesFileList (in target 'CaesarPadUITests' from project 'CaesarPadUITestHarness')
    cd /Users/chrissotraidis/GitHub/caesarpad/tests/ui
    write-file /Users/chrissotraidis/GitHub/caesarpad/build/ui-tests/build/CaesarPadUITests.build/Debug-iphonesimulator/Objects-normal/arm64/CaesarPadUITests.SwiftConstValuesFileList

WriteAuxiliaryFile /Users/chrissotraidis/GitHub/caesarpad/build/ui-tests/build/CaesarPadUITests.build/Debug-iphonesimulator/Objects-normal/arm64/CaesarPadUITests_const_extract_protocols.json (in target 'CaesarPadUITests' from project 'CaesarPadUITestHarness')
    cd /Users/chrissotraidis/GitHub/caesarpad/tests/ui
    write-file /Users/chrissotraidis/GitHub/caesarpad/build/ui-tests/build/CaesarPadUITests.build/Debug-iphonesimulator/Objects-normal/arm64/CaesarPadUITests_const_extract_protocols.json

WriteAuxiliaryFile /Users/chrissotraidis/GitHub/caesarpad/build/ui-tests/build/CaesarPadTestHost.build/Debug-iphonesimulator/Objects-normal/arm64/CaesarPadTestHost.SwiftFileList (in target 'CaesarPadTestHost' from project 'CaesarPadUITestHarness')
    cd /Users/chrissotraidis/GitHub/caesarpad/tests/ui
    write-file /Users/chrissotraidis/GitHub/caesarpad/build/ui-tests/build/CaesarPadTestHost.build/Debug-iphonesimulator/Objects-normal/arm64/CaesarPadTestHost.SwiftFileList

WriteAuxiliaryFile /Users/chrissotraidis/GitHub/caesarpad/build/ui-tests/build/CaesarPadTestHost.build/Debug-iphonesimulator/Objects-normal/arm64/CaesarPadTestHost_const_extract_protocols.json (in target 'CaesarPadTestHost' from project 'CaesarPadUITestHarness')
    cd /Users/chrissotraidis/GitHub/caesarpad/tests/ui
    write-file /Users/chrissotraidis/GitHub/caesarpad/build/ui-tests/build/CaesarPadTestHost.build/Debug-iphonesimulator/Objects-normal/arm64/CaesarPadTestHost_const_extract_protocols.json

PhaseScriptExecution Generate\ CMakeFiles/ZERO_CHECK /Users/chrissotraidis/GitHub/caesarpad/build/ui-tests/build/CaesarPadUITestHarness.build/Debug-iphonesimulator/ZERO_CHECK.build/Script-CF01EF5532D6E2A1461A5E05.sh (in target 'ZERO_CHECK' from project 'CaesarPadUITestHarness')
    cd /Users/chrissotraidis/GitHub/caesarpad/tests/ui
    /bin/sh -c /Users/chrissotraidis/GitHub/caesarpad/build/ui-tests/build/CaesarPadUITestHarness.build/Debug-iphonesimulator/ZERO_CHECK.build/Script-CF01EF5532D6E2A1461A5E05.sh
make: `/Users/chrissotraidis/GitHub/caesarpad/build/ui-tests/CMakeFiles/cmake.check_cache' is up to date.

WriteAuxiliaryFile /Users/chrissotraidis/GitHub/caesarpad/build/ui-tests/build/CaesarPadUITests.build/Debug-iphonesimulator/Objects-normal/arm64/CaesarPadUITests-OutputFileMap.json (in target 'CaesarPadUITests' from project 'CaesarPadUITestHarness')
    cd /Users/chrissotraidis/GitHub/caesarpad/tests/ui
    write-file /Users/chrissotraidis/GitHub/caesarpad/build/ui-tests/build/CaesarPadUITests.build/Debug-iphonesimulator/Objects-normal/arm64/CaesarPadUITests-OutputFileMap.json

WriteAuxiliaryFile /Users/chrissotraidis/GitHub/caesarpad/build/ui-tests/build/CaesarPadUITests.build/Debug-iphonesimulator/CaesarPadUITests.DependencyStaticMetadataFileList (in target 'CaesarPadUITests' from project 'CaesarPadUITestHarness')
    cd /Users/chrissotraidis/GitHub/caesarpad/tests/ui
    write-file /Users/chrissotraidis/GitHub/caesarpad/build/ui-tests/build/CaesarPadUITests.build/Debug-iphonesimulator/CaesarPadUITests.DependencyStaticMetadataFileList

WriteAuxiliaryFile /Users/chrissotraidis/GitHub/caesarpad/build/ui-tests/build/CaesarPadUITests.build/Debug-iphonesimulator/CaesarPadUITests.DependencyMetadataFileList (in target 'CaesarPadUITests' from project 'CaesarPadUITestHarness')
    cd /Users/chrissotraidis/GitHub/caesarpad/tests/ui
    write-file /Users/chrissotraidis/GitHub/caesarpad/build/ui-tests/build/CaesarPadUITests.build/Debug-iphonesimulator/CaesarPadUITests.DependencyMetadataFileList

WriteAuxiliaryFile /Users/chrissotraidis/GitHub/caesarpad/build/ui-tests/build/CaesarPadTestHost.build/Debug-iphonesimulator/Objects-normal/arm64/CaesarPadTestHost.SwiftConstValuesFileList (in target 'CaesarPadTestHost' from project 'CaesarPadUITestHarness')
    cd /Users/chrissotraidis/GitHub/caesarpad/tests/ui
    write-file /Users/chrissotraidis/GitHub/caesarpad/build/ui-tests/build/CaesarPadTestHost.build/Debug-iphonesimulator/Objects-normal/arm64/CaesarPadTestHost.SwiftConstValuesFileList

WriteAuxiliaryFile /Users/chrissotraidis/GitHub/caesarpad/build/ui-tests/build/CaesarPadTestHost.build/Debug-iphonesimulator/Objects-normal/arm64/CaesarPadTestHost.LinkFileList (in target 'CaesarPadTestHost' from project 'CaesarPadUITestHarness')
    cd /Users/chrissotraidis/GitHub/caesarpad/tests/ui
    write-file /Users/chrissotraidis/GitHub/caesarpad/build/ui-tests/build/CaesarPadTestHost.build/Debug-iphonesimulator/Objects-normal/arm64/CaesarPadTestHost.LinkFileList

WriteAuxiliaryFile /Users/chrissotraidis/GitHub/caesarpad/build/ui-tests/build/CaesarPadTestHost.build/Debug-iphonesimulator/Objects-normal/arm64/CaesarPadTestHost-OutputFileMap.json (in target 'CaesarPadTestHost' from project 'CaesarPadUITestHarness')
    cd /Users/chrissotraidis/GitHub/caesarpad/tests/ui
    write-file /Users/chrissotraidis/GitHub/caesarpad/build/ui-tests/build/CaesarPadTestHost.build/Debug-iphonesimulator/Objects-normal/arm64/CaesarPadTestHost-OutputFileMap.json

WriteAuxiliaryFile /Users/chrissotraidis/GitHub/caesarpad/build/ui-tests/build/CaesarPadTestHost.build/Debug-iphonesimulator/CaesarPadTestHost.DependencyStaticMetadataFileList (in target 'CaesarPadTestHost' from project 'CaesarPadUITestHarness')
    cd /Users/chrissotraidis/GitHub/caesarpad/tests/ui
    write-file /Users/chrissotraidis/GitHub/caesarpad/build/ui-tests/build/CaesarPadTestHost.build/Debug-iphonesimulator/CaesarPadTestHost.DependencyStaticMetadataFileList

WriteAuxiliaryFile /Users/chrissotraidis/GitHub/caesarpad/build/ui-tests/build/CaesarPadTestHost.build/Debug-iphonesimulator/CaesarPadTestHost.DependencyMetadataFileList (in target 'CaesarPadTestHost' from project 'CaesarPadUITestHarness')
    cd /Users/chrissotraidis/GitHub/caesarpad/tests/ui
    write-file /Users/chrissotraidis/GitHub/caesarpad/build/ui-tests/build/CaesarPadTestHost.build/Debug-iphonesimulator/CaesarPadTestHost.DependencyMetadataFileList

MkDir /Users/chrissotraidis/GitHub/caesarpad/build/ui-tests/Debug-iphonesimulator/CaesarPadTestHost.app (in target 'CaesarPadTestHost' from project 'CaesarPadUITestHarness')
    cd /Users/chrissotraidis/GitHub/caesarpad/tests/ui
    /bin/mkdir -p /Users/chrissotraidis/GitHub/caesarpad/build/ui-tests/Debug-iphonesimulator/CaesarPadTestHost.app

MkDir /Users/chrissotraidis/GitHub/caesarpad/build/ui-tests/Debug-iphonesimulator/CaesarPadUITests-Runner.app/PlugIns/CaesarPadUITests.xctest (in target 'CaesarPadUITests' from project 'CaesarPadUITestHarness')
    cd /Users/chrissotraidis/GitHub/caesarpad/tests/ui
    /bin/mkdir -p /Users/chrissotraidis/GitHub/caesarpad/build/ui-tests/Debug-iphonesimulator/CaesarPadUITests-Runner.app/PlugIns/CaesarPadUITests.xctest

ProcessInfoPlistFile /Users/chrissotraidis/GitHub/caesarpad/build/ui-tests/Debug-iphonesimulator/CaesarPadTestHost.app/Info.plist /Users/chrissotraidis/GitHub/caesarpad/build/ui-tests/CMakeFiles/CaesarPadTestHost.dir/Info.plist (in target 'CaesarPadTestHost' from project 'CaesarPadUITestHarness')
    cd /Users/chrissotraidis/GitHub/caesarpad/tests/ui
    builtin-infoPlistUtility /Users/chrissotraidis/GitHub/caesarpad/build/ui-tests/CMakeFiles/CaesarPadTestHost.dir/Info.plist -producttype com.apple.product-type.application -genpkginfo /Users/chrissotraidis/GitHub/caesarpad/build/ui-tests/Debug-iphonesimulator/CaesarPadTestHost.app/PkgInfo -expandbuildsettings -format binary -platform iphonesimulator -o /Users/chrissotraidis/GitHub/caesarpad/build/ui-tests/Debug-iphonesimulator/CaesarPadTestHost.app/Info.plist

SwiftDriver CaesarPadTestHost normal arm64 com.apple.xcode.tools.swift.compiler (in target 'CaesarPadTestHost' from project 'CaesarPadUITestHarness')
    cd /Users/chrissotraidis/GitHub/caesarpad/tests/ui
    builtin-SwiftDriver -- /Applications/Xcode.app/Contents/Developer/Toolchains/XcodeDefault.xctoolchain/usr/bin/swiftc -module-name CaesarPadTestHost -O @/Users/chrissotraidis/GitHub/caesarpad/build/ui-tests/build/CaesarPadTestHost.build/Debug-iphonesimulator/Objects-normal/arm64/CaesarPadTestHost.SwiftFileList -Onone -enable-bare-slash-regex -enable-experimental-feature DebugDescriptionMacro -sdk /Applications/Xcode.app/Contents/Developer/Platforms/iPhoneSimulator.platform/Developer/SDKs/iPhoneSimulator26.5.sdk -target arm64-apple-ios15.0-simulator -g -module-cache-path /Users/chrissotraidis/GitHub/caesarpad/build/ui-tests/DerivedData/ModuleCache.noindex -Xfrontend -serialize-debugging-options -Xcc -D_LIBCPP_HARDENING_MODE\=_LIBCPP_HARDENING_MODE_DEBUG -swift-version 4 -I /Users/chrissotraidis/GitHub/caesarpad/build/ui-tests/Debug-iphonesimulator -F /Users/chrissotraidis/GitHub/caesarpad/build/ui-tests/Debug-iphonesimulator -parse-as-library -c -j8 -enable-batch-mode -incremental -Xcc -ivfsstatcache -Xcc /Users/chrissotraidis/GitHub/caesarpad/build/ui-tests/DerivedData/SDKStatCaches.noindex/iphonesimulator26.5-23F81a-6cfe768891a92b912361537c460fe42b.sdkstatcache -output-file-map /Users/chrissotraidis/GitHub/caesarpad/build/ui-tests/build/CaesarPadTestHost.build/Debug-iphonesimulator/Objects-normal/arm64/CaesarPadTestHost-OutputFileMap.json -use-frontend-parseable-output -save-temps -no-color-diagnostics -serialize-diagnostics -emit-dependencies -emit-module -emit-module-path /Users/chrissotraidis/GitHub/caesarpad/build/ui-tests/build/CaesarPadTestHost.build/Debug-iphonesimulator/Objects-normal/arm64/CaesarPadTestHost.swiftmodule -validate-clang-modules-once -clang-build-session-file /Users/chrissotraidis/GitHub/caesarpad/build/ui-tests/DerivedData/ModuleCache.noindex/Session.modulevalidation -Xcc -I/Users/chrissotraidis/GitHub/caesarpad/build/ui-tests/build/CaesarPadTestHost.build/Debug-iphonesimulator/swift-overrides.hmap -emit-const-values -Xfrontend -const-gather-protocols-file -Xfrontend /Users/chrissotraidis/GitHub/caesarpad/build/ui-tests/build/CaesarPadTestHost.build/Debug-iphonesimulator/Objects-normal/arm64/CaesarPadTestHost_const_extract_protocols.json -Xcc -I/Users/chrissotraidis/GitHub/caesarpad/build/ui-tests/Debug-iphonesimulator/include -Xcc -I/Users/chrissotraidis/GitHub/caesarpad/build/ui-tests/build/CaesarPadTestHost.build/Debug-iphonesimulator/DerivedSources-normal/arm64 -Xcc -I/Users/chrissotraidis/GitHub/caesarpad/build/ui-tests/build/CaesarPadTestHost.build/Debug-iphonesimulator/DerivedSources/arm64 -Xcc -I/Users/chrissotraidis/GitHub/caesarpad/build/ui-tests/build/CaesarPadTestHost.build/Debug-iphonesimulator/DerivedSources -Xcc -DCMAKE_INTDIR\=\"Debug-iphonesimulator\" -emit-objc-header -emit-objc-header-path /Users/chrissotraidis/GitHub/caesarpad/build/ui-tests/build/CaesarPadTestHost.build/Debug-iphonesimulator/Objects-normal/arm64/CaesarPadTestHost-Swift.h -working-directory /Users/chrissotraidis/GitHub/caesarpad/tests/ui -experimental-emit-module-separately -disable-cmo

SwiftCompile normal arm64 Compiling\ HostApp.swift /Users/chrissotraidis/GitHub/caesarpad/tests/ui/HostApp.swift (in target 'CaesarPadTestHost' from project 'CaesarPadUITestHarness')

SwiftCompile normal arm64 /Users/chrissotraidis/GitHub/caesarpad/tests/ui/HostApp.swift (in target 'CaesarPadTestHost' from project 'CaesarPadUITestHarness')
    cd /Users/chrissotraidis/GitHub/caesarpad/tests/ui


SwiftEmitModule normal arm64 Emitting\ module\ for\ CaesarPadTestHost (in target 'CaesarPadTestHost' from project 'CaesarPadUITestHarness')

SwiftCompile normal arm64 /Users/chrissotraidis/GitHub/caesarpad/tests/ui/HostApp.swift (in target 'CaesarPadTestHost' from project 'CaesarPadUITestHarness')
    cd /Users/chrissotraidis/GitHub/caesarpad/tests/ui


SwiftDriverJobDiscovery normal arm64 Emitting module for CaesarPadTestHost (in target 'CaesarPadTestHost' from project 'CaesarPadUITestHarness')

SwiftDriver\ Compilation\ Requirements CaesarPadTestHost normal arm64 com.apple.xcode.tools.swift.compiler (in target 'CaesarPadTestHost' from project 'CaesarPadUITestHarness')
    cd /Users/chrissotraidis/GitHub/caesarpad/tests/ui
    builtin-Swift-Compilation-Requirements -- /Applications/Xcode.app/Contents/Developer/Toolchains/XcodeDefault.xctoolchain/usr/bin/swiftc -module-name CaesarPadTestHost -O @/Users/chrissotraidis/GitHub/caesarpad/build/ui-tests/build/CaesarPadTestHost.build/Debug-iphonesimulator/Objects-normal/arm64/CaesarPadTestHost.SwiftFileList -Onone -enable-bare-slash-regex -enable-experimental-feature DebugDescriptionMacro -sdk /Applications/Xcode.app/Contents/Developer/Platforms/iPhoneSimulator.platform/Developer/SDKs/iPhoneSimulator26.5.sdk -target arm64-apple-ios15.0-simulator -g -module-cache-path /Users/chrissotraidis/GitHub/caesarpad/build/ui-tests/DerivedData/ModuleCache.noindex -Xfrontend -serialize-debugging-options -Xcc -D_LIBCPP_HARDENING_MODE\=_LIBCPP_HARDENING_MODE_DEBUG -swift-version 4 -I /Users/chrissotraidis/GitHub/caesarpad/build/ui-tests/Debug-iphonesimulator -F /Users/chrissotraidis/GitHub/caesarpad/build/ui-tests/Debug-iphonesimulator -parse-as-library -c -j8 -enable-batch-mode -incremental -Xcc -ivfsstatcache -Xcc /Users/chrissotraidis/GitHub/caesarpad/build/ui-tests/DerivedData/SDKStatCaches.noindex/iphonesimulator26.5-23F81a-6cfe768891a92b912361537c460fe42b.sdkstatcache -output-file-map /Users/chrissotraidis/GitHub/caesarpad/build/ui-tests/build/CaesarPadTestHost.build/Debug-iphonesimulator/Objects-normal/arm64/CaesarPadTestHost-OutputFileMap.json -use-frontend-parseable-output -save-temps -no-color-diagnostics -serialize-diagnostics -emit-dependencies -emit-module -emit-module-path /Users/chrissotraidis/GitHub/caesarpad/build/ui-tests/build/CaesarPadTestHost.build/Debug-iphonesimulator/Objects-normal/arm64/CaesarPadTestHost.swiftmodule -validate-clang-modules-once -clang-build-session-file /Users/chrissotraidis/GitHub/caesarpad/build/ui-tests/DerivedData/ModuleCache.noindex/Session.modulevalidation -Xcc -I/Users/chrissotraidis/GitHub/caesarpad/build/ui-tests/build/CaesarPadTestHost.build/Debug-iphonesimulator/swift-overrides.hmap -emit-const-values -Xfrontend -const-gather-protocols-file -Xfrontend /Users/chrissotraidis/GitHub/caesarpad/build/ui-tests/build/CaesarPadTestHost.build/Debug-iphonesimulator/Objects-normal/arm64/CaesarPadTestHost_const_extract_protocols.json -Xcc -I/Users/chrissotraidis/GitHub/caesarpad/build/ui-tests/Debug-iphonesimulator/include -Xcc -I/Users/chrissotraidis/GitHub/caesarpad/build/ui-tests/build/CaesarPadTestHost.build/Debug-iphonesimulator/DerivedSources-normal/arm64 -Xcc -I/Users/chrissotraidis/GitHub/caesarpad/build/ui-tests/build/CaesarPadTestHost.build/Debug-iphonesimulator/DerivedSources/arm64 -Xcc -I/Users/chrissotraidis/GitHub/caesarpad/build/ui-tests/build/CaesarPadTestHost.build/Debug-iphonesimulator/DerivedSources -Xcc -DCMAKE_INTDIR\=\"Debug-iphonesimulator\" -emit-objc-header -emit-objc-header-path /Users/chrissotraidis/GitHub/caesarpad/build/ui-tests/build/CaesarPadTestHost.build/Debug-iphonesimulator/Objects-normal/arm64/CaesarPadTestHost-Swift.h -working-directory /Users/chrissotraidis/GitHub/caesarpad/tests/ui -experimental-emit-module-separately -disable-cmo

SwiftMergeGeneratedHeaders /Users/chrissotraidis/GitHub/caesarpad/build/ui-tests/build/CaesarPadTestHost.build/Debug-iphonesimulator/DerivedSources/CaesarPadTestHost-Swift.h /Users/chrissotraidis/GitHub/caesarpad/build/ui-tests/build/CaesarPadTestHost.build/Debug-iphonesimulator/Objects-normal/arm64/CaesarPadTestHost-Swift.h (in target 'CaesarPadTestHost' from project 'CaesarPadUITestHarness')
    cd /Users/chrissotraidis/GitHub/caesarpad/tests/ui
    builtin-swiftHeaderTool -arch arm64 /Users/chrissotraidis/GitHub/caesarpad/build/ui-tests/build/CaesarPadTestHost.build/Debug-iphonesimulator/Objects-normal/arm64/CaesarPadTestHost-Swift.h -o /Users/chrissotraidis/GitHub/caesarpad/build/ui-tests/build/CaesarPadTestHost.build/Debug-iphonesimulator/DerivedSources/CaesarPadTestHost-Swift.h

Copy /Users/chrissotraidis/GitHub/caesarpad/build/ui-tests/Debug-iphonesimulator/CaesarPadTestHost.swiftmodule/arm64-apple-ios-simulator.swiftdoc /Users/chrissotraidis/GitHub/caesarpad/build/ui-tests/build/CaesarPadTestHost.build/Debug-iphonesimulator/Objects-normal/arm64/CaesarPadTestHost.swiftdoc (in target 'CaesarPadTestHost' from project 'CaesarPadUITestHarness')
    cd /Users/chrissotraidis/GitHub/caesarpad/tests/ui
    builtin-copy -exclude .DS_Store -exclude CVS -exclude .svn -exclude .git -exclude .hg -strip-unsigned-binaries -strip-deterministic -strip-tool /Applications/Xcode.app/Contents/Developer/Toolchains/XcodeDefault.xctoolchain/usr/bin/strip -resolve-src-symlinks -rename /Users/chrissotraidis/GitHub/caesarpad/build/ui-tests/build/CaesarPadTestHost.build/Debug-iphonesimulator/Objects-normal/arm64/CaesarPadTestHost.swiftdoc /Users/chrissotraidis/GitHub/caesarpad/build/ui-tests/Debug-iphonesimulator/CaesarPadTestHost.swiftmodule/arm64-apple-ios-simulator.swiftdoc

Copy /Users/chrissotraidis/GitHub/caesarpad/build/ui-tests/Debug-iphonesimulator/CaesarPadTestHost.swiftmodule/arm64-apple-ios-simulator.abi.json /Users/chrissotraidis/GitHub/caesarpad/build/ui-tests/build/CaesarPadTestHost.build/Debug-iphonesimulator/Objects-normal/arm64/CaesarPadTestHost.abi.json (in target 'CaesarPadTestHost' from project 'CaesarPadUITestHarness')
    cd /Users/chrissotraidis/GitHub/caesarpad/tests/ui
    builtin-copy -exclude .DS_Store -exclude CVS -exclude .svn -exclude .git -exclude .hg -strip-unsigned-binaries -strip-deterministic -strip-tool /Applications/Xcode.app/Contents/Developer/Toolchains/XcodeDefault.xctoolchain/usr/bin/strip -resolve-src-symlinks -rename /Users/chrissotraidis/GitHub/caesarpad/build/ui-tests/build/CaesarPadTestHost.build/Debug-iphonesimulator/Objects-normal/arm64/CaesarPadTestHost.abi.json /Users/chrissotraidis/GitHub/caesarpad/build/ui-tests/Debug-iphonesimulator/CaesarPadTestHost.swiftmodule/arm64-apple-ios-simulator.abi.json

Copy /Users/chrissotraidis/GitHub/caesarpad/build/ui-tests/Debug-iphonesimulator/CaesarPadTestHost.swiftmodule/arm64-apple-ios-simulator.swiftmodule /Users/chrissotraidis/GitHub/caesarpad/build/ui-tests/build/CaesarPadTestHost.build/Debug-iphonesimulator/Objects-normal/arm64/CaesarPadTestHost.swiftmodule (in target 'CaesarPadTestHost' from project 'CaesarPadUITestHarness')
    cd /Users/chrissotraidis/GitHub/caesarpad/tests/ui
    builtin-copy -exclude .DS_Store -exclude CVS -exclude .svn -exclude .git -exclude .hg -strip-unsigned-binaries -strip-deterministic -strip-tool /Applications/Xcode.app/Contents/Developer/Toolchains/XcodeDefault.xctoolchain/usr/bin/strip -resolve-src-symlinks -rename /Users/chrissotraidis/GitHub/caesarpad/build/ui-tests/build/CaesarPadTestHost.build/Debug-iphonesimulator/Objects-normal/arm64/CaesarPadTestHost.swiftmodule /Users/chrissotraidis/GitHub/caesarpad/build/ui-tests/Debug-iphonesimulator/CaesarPadTestHost.swiftmodule/arm64-apple-ios-simulator.swiftmodule

Copy /Users/chrissotraidis/GitHub/caesarpad/build/ui-tests/Debug-iphonesimulator/CaesarPadTestHost.swiftmodule/Project/arm64-apple-ios-simulator.swiftsourceinfo /Users/chrissotraidis/GitHub/caesarpad/build/ui-tests/build/CaesarPadTestHost.build/Debug-iphonesimulator/Objects-normal/arm64/CaesarPadTestHost.swiftsourceinfo (in target 'CaesarPadTestHost' from project 'CaesarPadUITestHarness')
    cd /Users/chrissotraidis/GitHub/caesarpad/tests/ui
    builtin-copy -exclude .DS_Store -exclude CVS -exclude .svn -exclude .git -exclude .hg -strip-unsigned-binaries -strip-deterministic -strip-tool /Applications/Xcode.app/Contents/Developer/Toolchains/XcodeDefault.xctoolchain/usr/bin/strip -resolve-src-symlinks -rename /Users/chrissotraidis/GitHub/caesarpad/build/ui-tests/build/CaesarPadTestHost.build/Debug-iphonesimulator/Objects-normal/arm64/CaesarPadTestHost.swiftsourceinfo /Users/chrissotraidis/GitHub/caesarpad/build/ui-tests/Debug-iphonesimulator/CaesarPadTestHost.swiftmodule/Project/arm64-apple-ios-simulator.swiftsourceinfo

SwiftDriver CaesarPadUITests normal arm64 com.apple.xcode.tools.swift.compiler (in target 'CaesarPadUITests' from project 'CaesarPadUITestHarness')
    cd /Users/chrissotraidis/GitHub/caesarpad/tests/ui
    builtin-SwiftDriver -- /Applications/Xcode.app/Contents/Developer/Toolchains/XcodeDefault.xctoolchain/usr/bin/swiftc -module-name CaesarPadUITests -O @/Users/chrissotraidis/GitHub/caesarpad/build/ui-tests/build/CaesarPadUITests.build/Debug-iphonesimulator/Objects-normal/arm64/CaesarPadUITests.SwiftFileList -Onone -module-alias Testing\=_Testing_Unavailable -plugin-path /Applications/Xcode.app/Contents/Developer/Toolchains/XcodeDefault.xctoolchain/usr/lib/swift/host/plugins/testing -enable-bare-slash-regex -enable-experimental-feature DebugDescriptionMacro -sdk /Applications/Xcode.app/Contents/Developer/Platforms/iPhoneSimulator.platform/Developer/SDKs/iPhoneSimulator26.5.sdk -target arm64-apple-ios15.0-simulator -g -module-cache-path /Users/chrissotraidis/GitHub/caesarpad/build/ui-tests/DerivedData/ModuleCache.noindex -Xfrontend -serialize-debugging-options -Xcc -D_LIBCPP_HARDENING_MODE\=_LIBCPP_HARDENING_MODE_DEBUG -swift-version 4 -I /Users/chrissotraidis/GitHub/caesarpad/build/ui-tests/Debug-iphonesimulator -Isystem /Applications/Xcode.app/Contents/Developer/Platforms/iPhoneSimulator.platform/Developer/usr/lib -F /Users/chrissotraidis/GitHub/caesarpad/build/ui-tests/Debug-iphonesimulator -F /Applications/Xcode.app/Contents/Developer/Platforms/iPhoneSimulator.platform/Developer/Library/Frameworks -F /Applications/Xcode.app/Contents/Developer/Platforms/iPhoneSimulator.platform/Developer/SDKs/iPhoneSimulator26.5.sdk/Developer/Library/Frameworks -parse-as-library -c -j8 -enable-batch-mode -incremental -Xcc -ivfsstatcache -Xcc /Users/chrissotraidis/GitHub/caesarpad/build/ui-tests/DerivedData/SDKStatCaches.noindex/iphonesimulator26.5-23F81a-6cfe768891a92b912361537c460fe42b.sdkstatcache -output-file-map /Users/chrissotraidis/GitHub/caesarpad/build/ui-tests/build/CaesarPadUITests.build/Debug-iphonesimulator/Objects-normal/arm64/CaesarPadUITests-OutputFileMap.json -use-frontend-parseable-output -save-temps -no-color-diagnostics -serialize-diagnostics -emit-dependencies -emit-module -emit-module-path /Users/chrissotraidis/GitHub/caesarpad/build/ui-tests/build/CaesarPadUITests.build/Debug-iphonesimulator/Objects-normal/arm64/CaesarPadUITests.swiftmodule -validate-clang-modules-once -clang-build-session-file /Users/chrissotraidis/GitHub/caesarpad/build/ui-tests/DerivedData/ModuleCache.noindex/Session.modulevalidation -Xcc -I/Users/chrissotraidis/GitHub/caesarpad/build/ui-tests/build/CaesarPadUITests.build/Debug-iphonesimulator/swift-overrides.hmap -emit-const-values -Xfrontend -const-gather-protocols-file -Xfrontend /Users/chrissotraidis/GitHub/caesarpad/build/ui-tests/build/CaesarPadUITests.build/Debug-iphonesimulator/Objects-normal/arm64/CaesarPadUITests_const_extract_protocols.json -Xcc -I/Users/chrissotraidis/GitHub/caesarpad/build/ui-tests/Debug-iphonesimulator/include -Xcc -I/Users/chrissotraidis/GitHub/caesarpad/build/ui-tests/build/CaesarPadUITests.build/Debug-iphonesimulator/DerivedSources-normal/arm64 -Xcc -I/Users/chrissotraidis/GitHub/caesarpad/build/ui-tests/build/CaesarPadUITests.build/Debug-iphonesimulator/DerivedSources/arm64 -Xcc -I/Users/chrissotraidis/GitHub/caesarpad/build/ui-tests/build/CaesarPadUITests.build/Debug-iphonesimulator/DerivedSources -Xcc -DCMAKE_INTDIR\=\"Debug-iphonesimulator\" -Xcc -DCaesarPadUITests_EXPORTS -emit-objc-header -emit-objc-header-path /Users/chrissotraidis/GitHub/caesarpad/build/ui-tests/build/CaesarPadUITests.build/Debug-iphonesimulator/Objects-normal/arm64/CaesarPadUITests-Swift.h -working-directory /Users/chrissotraidis/GitHub/caesarpad/tests/ui -experimental-emit-module-separately -disable-cmo

SwiftEmitModule normal arm64 Emitting\ module\ for\ CaesarPadUITests (in target 'CaesarPadUITests' from project 'CaesarPadUITestHarness')
SwiftCompile normal arm64 /Users/chrissotraidis/GitHub/caesarpad/tests/ui/CaesarPadUITests.swift (in target 'CaesarPadUITests' from project 'CaesarPadUITestHarness')
    cd /Users/chrissotraidis/GitHub/caesarpad/tests/ui


SwiftCompile normal arm64 Compiling\ CaesarPadUITests.swift /Users/chrissotraidis/GitHub/caesarpad/tests/ui/CaesarPadUITests.swift (in target 'CaesarPadUITests' from project 'CaesarPadUITestHarness')
SwiftCompile normal arm64 /Users/chrissotraidis/GitHub/caesarpad/tests/ui/CaesarPadUITests.swift (in target 'CaesarPadUITests' from project 'CaesarPadUITestHarness')
    cd /Users/chrissotraidis/GitHub/caesarpad/tests/ui


SwiftDriverJobDiscovery normal arm64 Compiling HostApp.swift (in target 'CaesarPadTestHost' from project 'CaesarPadUITestHarness')

SwiftDriver\ Compilation CaesarPadTestHost normal arm64 com.apple.xcode.tools.swift.compiler (in target 'CaesarPadTestHost' from project 'CaesarPadUITestHarness')
    cd /Users/chrissotraidis/GitHub/caesarpad/tests/ui
    builtin-Swift-Compilation -- /Applications/Xcode.app/Contents/Developer/Toolchains/XcodeDefault.xctoolchain/usr/bin/swiftc -module-name CaesarPadTestHost -O @/Users/chrissotraidis/GitHub/caesarpad/build/ui-tests/build/CaesarPadTestHost.build/Debug-iphonesimulator/Objects-normal/arm64/CaesarPadTestHost.SwiftFileList -Onone -enable-bare-slash-regex -enable-experimental-feature DebugDescriptionMacro -sdk /Applications/Xcode.app/Contents/Developer/Platforms/iPhoneSimulator.platform/Developer/SDKs/iPhoneSimulator26.5.sdk -target arm64-apple-ios15.0-simulator -g -module-cache-path /Users/chrissotraidis/GitHub/caesarpad/build/ui-tests/DerivedData/ModuleCache.noindex -Xfrontend -serialize-debugging-options -Xcc -D_LIBCPP_HARDENING_MODE\=_LIBCPP_HARDENING_MODE_DEBUG -swift-version 4 -I /Users/chrissotraidis/GitHub/caesarpad/build/ui-tests/Debug-iphonesimulator -F /Users/chrissotraidis/GitHub/caesarpad/build/ui-tests/Debug-iphonesimulator -parse-as-library -c -j8 -enable-batch-mode -incremental -Xcc -ivfsstatcache -Xcc /Users/chrissotraidis/GitHub/caesarpad/build/ui-tests/DerivedData/SDKStatCaches.noindex/iphonesimulator26.5-23F81a-6cfe768891a92b912361537c460fe42b.sdkstatcache -output-file-map /Users/chrissotraidis/GitHub/caesarpad/build/ui-tests/build/CaesarPadTestHost.build/Debug-iphonesimulator/Objects-normal/arm64/CaesarPadTestHost-OutputFileMap.json -use-frontend-parseable-output -save-temps -no-color-diagnostics -serialize-diagnostics -emit-dependencies -emit-module -emit-module-path /Users/chrissotraidis/GitHub/caesarpad/build/ui-tests/build/CaesarPadTestHost.build/Debug-iphonesimulator/Objects-normal/arm64/CaesarPadTestHost.swiftmodule -validate-clang-modules-once -clang-build-session-file /Users/chrissotraidis/GitHub/caesarpad/build/ui-tests/DerivedData/ModuleCache.noindex/Session.modulevalidation -Xcc -I/Users/chrissotraidis/GitHub/caesarpad/build/ui-tests/build/CaesarPadTestHost.build/Debug-iphonesimulator/swift-overrides.hmap -emit-const-values -Xfrontend -const-gather-protocols-file -Xfrontend /Users/chrissotraidis/GitHub/caesarpad/build/ui-tests/build/CaesarPadTestHost.build/Debug-iphonesimulator/Objects-normal/arm64/CaesarPadTestHost_const_extract_protocols.json -Xcc -I/Users/chrissotraidis/GitHub/caesarpad/build/ui-tests/Debug-iphonesimulator/include -Xcc -I/Users/chrissotraidis/GitHub/caesarpad/build/ui-tests/build/CaesarPadTestHost.build/Debug-iphonesimulator/DerivedSources-normal/arm64 -Xcc -I/Users/chrissotraidis/GitHub/caesarpad/build/ui-tests/build/CaesarPadTestHost.build/Debug-iphonesimulator/DerivedSources/arm64 -Xcc -I/Users/chrissotraidis/GitHub/caesarpad/build/ui-tests/build/CaesarPadTestHost.build/Debug-iphonesimulator/DerivedSources -Xcc -DCMAKE_INTDIR\=\"Debug-iphonesimulator\" -emit-objc-header -emit-objc-header-path /Users/chrissotraidis/GitHub/caesarpad/build/ui-tests/build/CaesarPadTestHost.build/Debug-iphonesimulator/Objects-normal/arm64/CaesarPadTestHost-Swift.h -working-directory /Users/chrissotraidis/GitHub/caesarpad/tests/ui -experimental-emit-module-separately -disable-cmo

Ld /Users/chrissotraidis/GitHub/caesarpad/build/ui-tests/Debug-iphonesimulator/CaesarPadTestHost.app/CaesarPadTestHost normal (in target 'CaesarPadTestHost' from project 'CaesarPadUITestHarness')
    cd /Users/chrissotraidis/GitHub/caesarpad/tests/ui
    /Applications/Xcode.app/Contents/Developer/Toolchains/XcodeDefault.xctoolchain/usr/bin/clang -Xlinker -reproducible -target arm64-apple-ios15.0-simulator -isysroot /Applications/Xcode.app/Contents/Developer/Platforms/iPhoneSimulator.platform/Developer/SDKs/iPhoneSimulator26.5.sdk -O0 -L/Users/chrissotraidis/GitHub/caesarpad/build/ui-tests/build/EagerLinkingTBDs/Debug-iphonesimulator -L/Users/chrissotraidis/GitHub/caesarpad/build/ui-tests/Debug-iphonesimulator -F/Users/chrissotraidis/GitHub/caesarpad/build/ui-tests/build/EagerLinkingTBDs/Debug-iphonesimulator -F/Users/chrissotraidis/GitHub/caesarpad/build/ui-tests/Debug-iphonesimulator -filelist /Users/chrissotraidis/GitHub/caesarpad/build/ui-tests/build/CaesarPadTestHost.build/Debug-iphonesimulator/Objects-normal/arm64/CaesarPadTestHost.LinkFileList -Xlinker -rpath -Xlinker /usr/lib/swift -Xlinker -dead_strip -Xlinker -object_path_lto -Xlinker /Users/chrissotraidis/GitHub/caesarpad/build/ui-tests/build/CaesarPadTestHost.build/Debug-iphonesimulator/Objects-normal/arm64/CaesarPadTestHost_lto.o -Xlinker -no_deduplicate -Xlinker -objc_abi_version -Xlinker 2 -Xlinker -dependency_info -Xlinker /Users/chrissotraidis/GitHub/caesarpad/build/ui-tests/build/CaesarPadTestHost.build/Debug-iphonesimulator/Objects-normal/arm64/CaesarPadTestHost_dependency_info.dat -fobjc-link-runtime -L/Applications/Xcode.app/Contents/Developer/Toolchains/XcodeDefault.xctoolchain/usr/lib/swift/iphonesimulator -L/usr/lib/swift -Xlinker -add_ast_path -Xlinker /Users/chrissotraidis/GitHub/caesarpad/build/ui-tests/build/CaesarPadTestHost.build/Debug-iphonesimulator/Objects-normal/arm64/CaesarPadTestHost.swiftmodule @/Users/chrissotraidis/GitHub/caesarpad/build/ui-tests/build/CaesarPadTestHost.build/Debug-iphonesimulator/Objects-normal/arm64/CaesarPadTestHost-linker-args.resp -o /Users/chrissotraidis/GitHub/caesarpad/build/ui-tests/Debug-iphonesimulator/CaesarPadTestHost.app/CaesarPadTestHost

SwiftDriverJobDiscovery normal arm64 Emitting module for CaesarPadUITests (in target 'CaesarPadUITests' from project 'CaesarPadUITestHarness')

SwiftDriver\ Compilation\ Requirements CaesarPadUITests normal arm64 com.apple.xcode.tools.swift.compiler (in target 'CaesarPadUITests' from project 'CaesarPadUITestHarness')
    cd /Users/chrissotraidis/GitHub/caesarpad/tests/ui
    builtin-Swift-Compilation-Requirements -- /Applications/Xcode.app/Contents/Developer/Toolchains/XcodeDefault.xctoolchain/usr/bin/swiftc -module-name CaesarPadUITests -O @/Users/chrissotraidis/GitHub/caesarpad/build/ui-tests/build/CaesarPadUITests.build/Debug-iphonesimulator/Objects-normal/arm64/CaesarPadUITests.SwiftFileList -Onone -module-alias Testing\=_Testing_Unavailable -plugin-path /Applications/Xcode.app/Contents/Developer/Toolchains/XcodeDefault.xctoolchain/usr/lib/swift/host/plugins/testing -enable-bare-slash-regex -enable-experimental-feature DebugDescriptionMacro -sdk /Applications/Xcode.app/Contents/Developer/Platforms/iPhoneSimulator.platform/Developer/SDKs/iPhoneSimulator26.5.sdk -target arm64-apple-ios15.0-simulator -g -module-cache-path /Users/chrissotraidis/GitHub/caesarpad/build/ui-tests/DerivedData/ModuleCache.noindex -Xfrontend -serialize-debugging-options -Xcc -D_LIBCPP_HARDENING_MODE\=_LIBCPP_HARDENING_MODE_DEBUG -swift-version 4 -I /Users/chrissotraidis/GitHub/caesarpad/build/ui-tests/Debug-iphonesimulator -Isystem /Applications/Xcode.app/Contents/Developer/Platforms/iPhoneSimulator.platform/Developer/usr/lib -F /Users/chrissotraidis/GitHub/caesarpad/build/ui-tests/Debug-iphonesimulator -F /Applications/Xcode.app/Contents/Developer/Platforms/iPhoneSimulator.platform/Developer/Library/Frameworks -F /Applications/Xcode.app/Contents/Developer/Platforms/iPhoneSimulator.platform/Developer/SDKs/iPhoneSimulator26.5.sdk/Developer/Library/Frameworks -parse-as-library -c -j8 -enable-batch-mode -incremental -Xcc -ivfsstatcache -Xcc /Users/chrissotraidis/GitHub/caesarpad/build/ui-tests/DerivedData/SDKStatCaches.noindex/iphonesimulator26.5-23F81a-6cfe768891a92b912361537c460fe42b.sdkstatcache -output-file-map /Users/chrissotraidis/GitHub/caesarpad/build/ui-tests/build/CaesarPadUITests.build/Debug-iphonesimulator/Objects-normal/arm64/CaesarPadUITests-OutputFileMap.json -use-frontend-parseable-output -save-temps -no-color-diagnostics -serialize-diagnostics -emit-dependencies -emit-module -emit-module-path /Users/chrissotraidis/GitHub/caesarpad/build/ui-tests/build/CaesarPadUITests.build/Debug-iphonesimulator/Objects-normal/arm64/CaesarPadUITests.swiftmodule -validate-clang-modules-once -clang-build-session-file /Users/chrissotraidis/GitHub/caesarpad/build/ui-tests/DerivedData/ModuleCache.noindex/Session.modulevalidation -Xcc -I/Users/chrissotraidis/GitHub/caesarpad/build/ui-tests/build/CaesarPadUITests.build/Debug-iphonesimulator/swift-overrides.hmap -emit-const-values -Xfrontend -const-gather-protocols-file -Xfrontend /Users/chrissotraidis/GitHub/caesarpad/build/ui-tests/build/CaesarPadUITests.build/Debug-iphonesimulator/Objects-normal/arm64/CaesarPadUITests_const_extract_protocols.json -Xcc -I/Users/chrissotraidis/GitHub/caesarpad/build/ui-tests/Debug-iphonesimulator/include -Xcc -I/Users/chrissotraidis/GitHub/caesarpad/build/ui-tests/build/CaesarPadUITests.build/Debug-iphonesimulator/DerivedSources-normal/arm64 -Xcc -I/Users/chrissotraidis/GitHub/caesarpad/build/ui-tests/build/CaesarPadUITests.build/Debug-iphonesimulator/DerivedSources/arm64 -Xcc -I/Users/chrissotraidis/GitHub/caesarpad/build/ui-tests/build/CaesarPadUITests.build/Debug-iphonesimulator/DerivedSources -Xcc -DCMAKE_INTDIR\=\"Debug-iphonesimulator\" -Xcc -DCaesarPadUITests_EXPORTS -emit-objc-header -emit-objc-header-path /Users/chrissotraidis/GitHub/caesarpad/build/ui-tests/build/CaesarPadUITests.build/Debug-iphonesimulator/Objects-normal/arm64/CaesarPadUITests-Swift.h -working-directory /Users/chrissotraidis/GitHub/caesarpad/tests/ui -experimental-emit-module-separately -disable-cmo

SwiftMergeGeneratedHeaders /Users/chrissotraidis/GitHub/caesarpad/build/ui-tests/build/CaesarPadUITests.build/Debug-iphonesimulator/DerivedSources/CaesarPadUITests-Swift.h /Users/chrissotraidis/GitHub/caesarpad/build/ui-tests/build/CaesarPadUITests.build/Debug-iphonesimulator/Objects-normal/arm64/CaesarPadUITests-Swift.h (in target 'CaesarPadUITests' from project 'CaesarPadUITestHarness')
    cd /Users/chrissotraidis/GitHub/caesarpad/tests/ui
    builtin-swiftHeaderTool -arch arm64 /Users/chrissotraidis/GitHub/caesarpad/build/ui-tests/build/CaesarPadUITests.build/Debug-iphonesimulator/Objects-normal/arm64/CaesarPadUITests-Swift.h -o /Users/chrissotraidis/GitHub/caesarpad/build/ui-tests/build/CaesarPadUITests.build/Debug-iphonesimulator/DerivedSources/CaesarPadUITests-Swift.h

Copy /Users/chrissotraidis/GitHub/caesarpad/build/ui-tests/Debug-iphonesimulator/CaesarPadUITests.swiftmodule/arm64-apple-ios-simulator.swiftdoc /Users/chrissotraidis/GitHub/caesarpad/build/ui-tests/build/CaesarPadUITests.build/Debug-iphonesimulator/Objects-normal/arm64/CaesarPadUITests.swiftdoc (in target 'CaesarPadUITests' from project 'CaesarPadUITestHarness')
    cd /Users/chrissotraidis/GitHub/caesarpad/tests/ui
    builtin-copy -exclude .DS_Store -exclude CVS -exclude .svn -exclude .git -exclude .hg -strip-unsigned-binaries -strip-deterministic -strip-tool /Applications/Xcode.app/Contents/Developer/Toolchains/XcodeDefault.xctoolchain/usr/bin/strip -resolve-src-symlinks -rename /Users/chrissotraidis/GitHub/caesarpad/build/ui-tests/build/CaesarPadUITests.build/Debug-iphonesimulator/Objects-normal/arm64/CaesarPadUITests.swiftdoc /Users/chrissotraidis/GitHub/caesarpad/build/ui-tests/Debug-iphonesimulator/CaesarPadUITests.swiftmodule/arm64-apple-ios-simulator.swiftdoc

Copy /Users/chrissotraidis/GitHub/caesarpad/build/ui-tests/Debug-iphonesimulator/CaesarPadUITests.swiftmodule/arm64-apple-ios-simulator.abi.json /Users/chrissotraidis/GitHub/caesarpad/build/ui-tests/build/CaesarPadUITests.build/Debug-iphonesimulator/Objects-normal/arm64/CaesarPadUITests.abi.json (in target 'CaesarPadUITests' from project 'CaesarPadUITestHarness')
    cd /Users/chrissotraidis/GitHub/caesarpad/tests/ui
    builtin-copy -exclude .DS_Store -exclude CVS -exclude .svn -exclude .git -exclude .hg -strip-unsigned-binaries -strip-deterministic -strip-tool /Applications/Xcode.app/Contents/Developer/Toolchains/XcodeDefault.xctoolchain/usr/bin/strip -resolve-src-symlinks -rename /Users/chrissotraidis/GitHub/caesarpad/build/ui-tests/build/CaesarPadUITests.build/Debug-iphonesimulator/Objects-normal/arm64/CaesarPadUITests.abi.json /Users/chrissotraidis/GitHub/caesarpad/build/ui-tests/Debug-iphonesimulator/CaesarPadUITests.swiftmodule/arm64-apple-ios-simulator.abi.json

Copy /Users/chrissotraidis/GitHub/caesarpad/build/ui-tests/Debug-iphonesimulator/CaesarPadUITests.swiftmodule/arm64-apple-ios-simulator.swiftmodule /Users/chrissotraidis/GitHub/caesarpad/build/ui-tests/build/CaesarPadUITests.build/Debug-iphonesimulator/Objects-normal/arm64/CaesarPadUITests.swiftmodule (in target 'CaesarPadUITests' from project 'CaesarPadUITestHarness')
    cd /Users/chrissotraidis/GitHub/caesarpad/tests/ui
    builtin-copy -exclude .DS_Store -exclude CVS -exclude .svn -exclude .git -exclude .hg -strip-unsigned-binaries -strip-deterministic -strip-tool /Applications/Xcode.app/Contents/Developer/Toolchains/XcodeDefault.xctoolchain/usr/bin/strip -resolve-src-symlinks -rename /Users/chrissotraidis/GitHub/caesarpad/build/ui-tests/build/CaesarPadUITests.build/Debug-iphonesimulator/Objects-normal/arm64/CaesarPadUITests.swiftmodule /Users/chrissotraidis/GitHub/caesarpad/build/ui-tests/Debug-iphonesimulator/CaesarPadUITests.swiftmodule/arm64-apple-ios-simulator.swiftmodule

Copy /Users/chrissotraidis/GitHub/caesarpad/build/ui-tests/Debug-iphonesimulator/CaesarPadUITests.swiftmodule/Project/arm64-apple-ios-simulator.swiftsourceinfo /Users/chrissotraidis/GitHub/caesarpad/build/ui-tests/build/CaesarPadUITests.build/Debug-iphonesimulator/Objects-normal/arm64/CaesarPadUITests.swiftsourceinfo (in target 'CaesarPadUITests' from project 'CaesarPadUITestHarness')
    cd /Users/chrissotraidis/GitHub/caesarpad/tests/ui
    builtin-copy -exclude .DS_Store -exclude CVS -exclude .svn -exclude .git -exclude .hg -strip-unsigned-binaries -strip-deterministic -strip-tool /Applications/Xcode.app/Contents/Developer/Toolchains/XcodeDefault.xctoolchain/usr/bin/strip -resolve-src-symlinks -rename /Users/chrissotraidis/GitHub/caesarpad/build/ui-tests/build/CaesarPadUITests.build/Debug-iphonesimulator/Objects-normal/arm64/CaesarPadUITests.swiftsourceinfo /Users/chrissotraidis/GitHub/caesarpad/build/ui-tests/Debug-iphonesimulator/CaesarPadUITests.swiftmodule/Project/arm64-apple-ios-simulator.swiftsourceinfo

CopySwiftLibs /Users/chrissotraidis/GitHub/caesarpad/build/ui-tests/Debug-iphonesimulator/CaesarPadTestHost.app (in target 'CaesarPadTestHost' from project 'CaesarPadUITestHarness')
    cd /Users/chrissotraidis/GitHub/caesarpad/tests/ui
    builtin-swiftStdLibTool --copy --verbose --scan-executable /Users/chrissotraidis/GitHub/caesarpad/build/ui-tests/Debug-iphonesimulator/CaesarPadTestHost.app/CaesarPadTestHost --scan-folder /Users/chrissotraidis/GitHub/caesarpad/build/ui-tests/Debug-iphonesimulator/CaesarPadTestHost.app/Frameworks --scan-folder /Users/chrissotraidis/GitHub/caesarpad/build/ui-tests/Debug-iphonesimulator/CaesarPadTestHost.app/PlugIns --scan-folder /Users/chrissotraidis/GitHub/caesarpad/build/ui-tests/Debug-iphonesimulator/CaesarPadTestHost.app/SystemExtensions --scan-folder /Users/chrissotraidis/GitHub/caesarpad/build/ui-tests/Debug-iphonesimulator/CaesarPadTestHost.app/Extensions --platform iphonesimulator --toolchain /Applications/Xcode.app/Contents/Developer/Toolchains/XcodeDefault.xctoolchain --destination /Users/chrissotraidis/GitHub/caesarpad/build/ui-tests/Debug-iphonesimulator/CaesarPadTestHost.app/Frameworks --strip-bitcode --strip-bitcode-tool /Applications/Xcode.app/Contents/Developer/Toolchains/XcodeDefault.xctoolchain/usr/bin/bitcode_strip --emit-dependency-info /Users/chrissotraidis/GitHub/caesarpad/build/ui-tests/build/CaesarPadTestHost.build/Debug-iphonesimulator/SwiftStdLibToolInputDependencies.dep --filter-for-swift-os --back-deploy-swift-span
Ignoring --strip-bitcode because --sign was not passed

ExtractAppIntentsMetadata (in target 'CaesarPadTestHost' from project 'CaesarPadUITestHarness')
    cd /Users/chrissotraidis/GitHub/caesarpad/tests/ui
    /Applications/Xcode.app/Contents/Developer/Toolchains/XcodeDefault.xctoolchain/usr/bin/appintentsmetadataprocessor --toolchain-dir /Applications/Xcode.app/Contents/Developer/Toolchains/XcodeDefault.xctoolchain --module-name CaesarPadTestHost --sdk-root /Applications/Xcode.app/Contents/Developer/Platforms/iPhoneSimulator.platform/Developer/SDKs/iPhoneSimulator26.5.sdk --xcode-version 17F113 --platform-family iOS --deployment-target 15.0 --bundle-identifier dev.caesarpad.testhost --output /Users/chrissotraidis/GitHub/caesarpad/build/ui-tests/Debug-iphonesimulator/CaesarPadTestHost.app --target-triple arm64-apple-ios15.0-simulator --binary-file /Users/chrissotraidis/GitHub/caesarpad/build/ui-tests/Debug-iphonesimulator/CaesarPadTestHost.app/CaesarPadTestHost --dependency-file /Users/chrissotraidis/GitHub/caesarpad/build/ui-tests/build/CaesarPadTestHost.build/Debug-iphonesimulator/Objects-normal/arm64/CaesarPadTestHost_dependency_info.dat --stringsdata-file /Users/chrissotraidis/GitHub/caesarpad/build/ui-tests/build/CaesarPadTestHost.build/Debug-iphonesimulator/Objects-normal/arm64/ExtractedAppShortcutsMetadata.stringsdata --source-file-list /Users/chrissotraidis/GitHub/caesarpad/build/ui-tests/build/CaesarPadTestHost.build/Debug-iphonesimulator/Objects-normal/arm64/CaesarPadTestHost.SwiftFileList --metadata-file-list /Users/chrissotraidis/GitHub/caesarpad/build/ui-tests/build/CaesarPadTestHost.build/Debug-iphonesimulator/CaesarPadTestHost.DependencyMetadataFileList --static-metadata-file-list /Users/chrissotraidis/GitHub/caesarpad/build/ui-tests/build/CaesarPadTestHost.build/Debug-iphonesimulator/CaesarPadTestHost.DependencyStaticMetadataFileList --swift-const-vals-list /Users/chrissotraidis/GitHub/caesarpad/build/ui-tests/build/CaesarPadTestHost.build/Debug-iphonesimulator/Objects-normal/arm64/CaesarPadTestHost.SwiftConstValuesFileList --compile-time-extraction --deployment-aware-processing --validate-assistant-intents --no-app-shortcuts-localization
2026-07-26 17:36:46.932 appintentsmetadataprocessor[91607:26768767] Starting appintentsmetadataprocessor export
2026-07-26 17:36:46.945 appintentsmetadataprocessor[91607:26768767] warning: Metadata extraction skipped. No AppIntents.framework dependency found.

GenerateDSYMFile /Users/chrissotraidis/GitHub/caesarpad/build/ui-tests/Debug-iphonesimulator/CaesarPadTestHost.app.dSYM /Users/chrissotraidis/GitHub/caesarpad/build/ui-tests/Debug-iphonesimulator/CaesarPadTestHost.app/CaesarPadTestHost (in target 'CaesarPadTestHost' from project 'CaesarPadUITestHarness')
    cd /Users/chrissotraidis/GitHub/caesarpad/tests/ui
    /Applications/Xcode.app/Contents/Developer/Toolchains/XcodeDefault.xctoolchain/usr/bin/dsymutil /Users/chrissotraidis/GitHub/caesarpad/build/ui-tests/Debug-iphonesimulator/CaesarPadTestHost.app/CaesarPadTestHost -o /Users/chrissotraidis/GitHub/caesarpad/build/ui-tests/Debug-iphonesimulator/CaesarPadTestHost.app.dSYM

AppIntentsSSUTraining (in target 'CaesarPadTestHost' from project 'CaesarPadUITestHarness')
    cd /Users/chrissotraidis/GitHub/caesarpad/tests/ui
    /Applications/Xcode.app/Contents/Developer/Toolchains/XcodeDefault.xctoolchain/usr/bin/appintentsnltrainingprocessor --infoplist-path /Users/chrissotraidis/GitHub/caesarpad/build/ui-tests/Debug-iphonesimulator/CaesarPadTestHost.app/Info.plist --temp-dir-path /Users/chrissotraidis/GitHub/caesarpad/build/ui-tests/build/CaesarPadTestHost.build/Debug-iphonesimulator/ssu --bundle-id dev.caesarpad.testhost --product-path /Users/chrissotraidis/GitHub/caesarpad/build/ui-tests/Debug-iphonesimulator/CaesarPadTestHost.app --extracted-metadata-path /Users/chrissotraidis/GitHub/caesarpad/build/ui-tests/Debug-iphonesimulator/CaesarPadTestHost.app/Metadata.appintents --metadata-file-list /Users/chrissotraidis/GitHub/caesarpad/build/ui-tests/build/CaesarPadTestHost.build/Debug-iphonesimulator/CaesarPadTestHost.DependencyMetadataFileList --source-file /Users/chrissotraidis/GitHub/caesarpad/build/ui-tests/Debug-iphonesimulator/CaesarPadTestHost.app/Info.plist --archive-ssu-assets
2026-07-26 17:36:47.014 appintentsnltrainingprocessor[91609:26768769] Parsing options for appintentsnltrainingprocessor
2026-07-26 17:36:47.016 appintentsnltrainingprocessor[91609:26768769] Starting AppIntents SSU YAML Generation
2026-07-26 17:36:47.021 appintentsnltrainingprocessor[91609:26768769] No AppShortcuts found - Skipping.

RegisterExecutionPolicyException /Users/chrissotraidis/GitHub/caesarpad/build/ui-tests/Debug-iphonesimulator/CaesarPadTestHost.app (in target 'CaesarPadTestHost' from project 'CaesarPadUITestHarness')
    cd /Users/chrissotraidis/GitHub/caesarpad/tests/ui
    builtin-RegisterExecutionPolicyException /Users/chrissotraidis/GitHub/caesarpad/build/ui-tests/Debug-iphonesimulator/CaesarPadTestHost.app

Validate /Users/chrissotraidis/GitHub/caesarpad/build/ui-tests/Debug-iphonesimulator/CaesarPadTestHost.app (in target 'CaesarPadTestHost' from project 'CaesarPadUITestHarness')
    cd /Users/chrissotraidis/GitHub/caesarpad/tests/ui
    builtin-validationUtility /Users/chrissotraidis/GitHub/caesarpad/build/ui-tests/Debug-iphonesimulator/CaesarPadTestHost.app -shallow-bundle -infoplist-subpath Info.plist

Touch /Users/chrissotraidis/GitHub/caesarpad/build/ui-tests/Debug-iphonesimulator/CaesarPadTestHost.app (in target 'CaesarPadTestHost' from project 'CaesarPadUITestHarness')
    cd /Users/chrissotraidis/GitHub/caesarpad/tests/ui
    /usr/bin/touch -c /Users/chrissotraidis/GitHub/caesarpad/build/ui-tests/Debug-iphonesimulator/CaesarPadTestHost.app

ProcessInfoPlistFile /Users/chrissotraidis/GitHub/caesarpad/build/ui-tests/Debug-iphonesimulator/CaesarPadUITests-Runner.app/PlugIns/CaesarPadUITests.xctest/Info.plist /Users/chrissotraidis/GitHub/caesarpad/build/ui-tests/CMakeFiles/CaesarPadUITests.dir/Info.plist (in target 'CaesarPadUITests' from project 'CaesarPadUITestHarness')
    cd /Users/chrissotraidis/GitHub/caesarpad/tests/ui
    builtin-infoPlistUtility /Users/chrissotraidis/GitHub/caesarpad/build/ui-tests/CMakeFiles/CaesarPadUITests.dir/Info.plist -producttype com.apple.product-type.bundle.ui-testing -expandbuildsettings -format binary -platform iphonesimulator -additionalcontentfile /Users/chrissotraidis/GitHub/caesarpad/build/ui-tests/build/CaesarPadUITests.build/Debug-iphonesimulator/ProductTypeInfoPlistAdditions.plist -o /Users/chrissotraidis/GitHub/caesarpad/build/ui-tests/Debug-iphonesimulator/CaesarPadUITests-Runner.app/PlugIns/CaesarPadUITests.xctest/Info.plist

SwiftDriverJobDiscovery normal arm64 Compiling CaesarPadUITests.swift (in target 'CaesarPadUITests' from project 'CaesarPadUITestHarness')

SwiftDriver\ Compilation CaesarPadUITests normal arm64 com.apple.xcode.tools.swift.compiler (in target 'CaesarPadUITests' from project 'CaesarPadUITestHarness')
    cd /Users/chrissotraidis/GitHub/caesarpad/tests/ui
    builtin-Swift-Compilation -- /Applications/Xcode.app/Contents/Developer/Toolchains/XcodeDefault.xctoolchain/usr/bin/swiftc -module-name CaesarPadUITests -O @/Users/chrissotraidis/GitHub/caesarpad/build/ui-tests/build/CaesarPadUITests.build/Debug-iphonesimulator/Objects-normal/arm64/CaesarPadUITests.SwiftFileList -Onone -module-alias Testing\=_Testing_Unavailable -plugin-path /Applications/Xcode.app/Contents/Developer/Toolchains/XcodeDefault.xctoolchain/usr/lib/swift/host/plugins/testing -enable-bare-slash-regex -enable-experimental-feature DebugDescriptionMacro -sdk /Applications/Xcode.app/Contents/Developer/Platforms/iPhoneSimulator.platform/Developer/SDKs/iPhoneSimulator26.5.sdk -target arm64-apple-ios15.0-simulator -g -module-cache-path /Users/chrissotraidis/GitHub/caesarpad/build/ui-tests/DerivedData/ModuleCache.noindex -Xfrontend -serialize-debugging-options -Xcc -D_LIBCPP_HARDENING_MODE\=_LIBCPP_HARDENING_MODE_DEBUG -swift-version 4 -I /Users/chrissotraidis/GitHub/caesarpad/build/ui-tests/Debug-iphonesimulator -Isystem /Applications/Xcode.app/Contents/Developer/Platforms/iPhoneSimulator.platform/Developer/usr/lib -F /Users/chrissotraidis/GitHub/caesarpad/build/ui-tests/Debug-iphonesimulator -F /Applications/Xcode.app/Contents/Developer/Platforms/iPhoneSimulator.platform/Developer/Library/Frameworks -F /Applications/Xcode.app/Contents/Developer/Platforms/iPhoneSimulator.platform/Developer/SDKs/iPhoneSimulator26.5.sdk/Developer/Library/Frameworks -parse-as-library -c -j8 -enable-batch-mode -incremental -Xcc -ivfsstatcache -Xcc /Users/chrissotraidis/GitHub/caesarpad/build/ui-tests/DerivedData/SDKStatCaches.noindex/iphonesimulator26.5-23F81a-6cfe768891a92b912361537c460fe42b.sdkstatcache -output-file-map /Users/chrissotraidis/GitHub/caesarpad/build/ui-tests/build/CaesarPadUITests.build/Debug-iphonesimulator/Objects-normal/arm64/CaesarPadUITests-OutputFileMap.json -use-frontend-parseable-output -save-temps -no-color-diagnostics -serialize-diagnostics -emit-dependencies -emit-module -emit-module-path /Users/chrissotraidis/GitHub/caesarpad/build/ui-tests/build/CaesarPadUITests.build/Debug-iphonesimulator/Objects-normal/arm64/CaesarPadUITests.swiftmodule -validate-clang-modules-once -clang-build-session-file /Users/chrissotraidis/GitHub/caesarpad/build/ui-tests/DerivedData/ModuleCache.noindex/Session.modulevalidation -Xcc -I/Users/chrissotraidis/GitHub/caesarpad/build/ui-tests/build/CaesarPadUITests.build/Debug-iphonesimulator/swift-overrides.hmap -emit-const-values -Xfrontend -const-gather-protocols-file -Xfrontend /Users/chrissotraidis/GitHub/caesarpad/build/ui-tests/build/CaesarPadUITests.build/Debug-iphonesimulator/Objects-normal/arm64/CaesarPadUITests_const_extract_protocols.json -Xcc -I/Users/chrissotraidis/GitHub/caesarpad/build/ui-tests/Debug-iphonesimulator/include -Xcc -I/Users/chrissotraidis/GitHub/caesarpad/build/ui-tests/build/CaesarPadUITests.build/Debug-iphonesimulator/DerivedSources-normal/arm64 -Xcc -I/Users/chrissotraidis/GitHub/caesarpad/build/ui-tests/build/CaesarPadUITests.build/Debug-iphonesimulator/DerivedSources/arm64 -Xcc -I/Users/chrissotraidis/GitHub/caesarpad/build/ui-tests/build/CaesarPadUITests.build/Debug-iphonesimulator/DerivedSources -Xcc -DCMAKE_INTDIR\=\"Debug-iphonesimulator\" -Xcc -DCaesarPadUITests_EXPORTS -emit-objc-header -emit-objc-header-path /Users/chrissotraidis/GitHub/caesarpad/build/ui-tests/build/CaesarPadUITests.build/Debug-iphonesimulator/Objects-normal/arm64/CaesarPadUITests-Swift.h -working-directory /Users/chrissotraidis/GitHub/caesarpad/tests/ui -experimental-emit-module-separately -disable-cmo

Ld /Users/chrissotraidis/GitHub/caesarpad/build/ui-tests/Debug-iphonesimulator/CaesarPadUITests-Runner.app/PlugIns/CaesarPadUITests.xctest/CaesarPadUITests normal (in target 'CaesarPadUITests' from project 'CaesarPadUITestHarness')
    cd /Users/chrissotraidis/GitHub/caesarpad/tests/ui
    /Applications/Xcode.app/Contents/Developer/Toolchains/XcodeDefault.xctoolchain/usr/bin/clang -Xlinker -reproducible -target arm64-apple-ios15.0-simulator -bundle -isysroot /Applications/Xcode.app/Contents/Developer/Platforms/iPhoneSimulator.platform/Developer/SDKs/iPhoneSimulator26.5.sdk -O0 -L/Users/chrissotraidis/GitHub/caesarpad/build/ui-tests/build/EagerLinkingTBDs/Debug-iphonesimulator -L/Users/chrissotraidis/GitHub/caesarpad/build/ui-tests/Debug-iphonesimulator -L/Applications/Xcode.app/Contents/Developer/Platforms/iPhoneSimulator.platform/Developer/usr/lib -F/Users/chrissotraidis/GitHub/caesarpad/build/ui-tests/build/EagerLinkingTBDs/Debug-iphonesimulator -F/Users/chrissotraidis/GitHub/caesarpad/build/ui-tests/Debug-iphonesimulator -iframework /Applications/Xcode.app/Contents/Developer/Platforms/iPhoneSimulator.platform/Developer/Library/Frameworks -iframework /Applications/Xcode.app/Contents/Developer/Platforms/iPhoneSimulator.platform/Developer/SDKs/iPhoneSimulator26.5.sdk/Developer/Library/Frameworks -filelist /Users/chrissotraidis/GitHub/caesarpad/build/ui-tests/build/CaesarPadUITests.build/Debug-iphonesimulator/Objects-normal/arm64/CaesarPadUITests.LinkFileList -Xlinker -rpath -Xlinker /usr/lib/swift -Xlinker -rpath -Xlinker @loader_path/Frameworks -Xlinker -dead_strip -Xlinker -object_path_lto -Xlinker /Users/chrissotraidis/GitHub/caesarpad/build/ui-tests/build/CaesarPadUITests.build/Debug-iphonesimulator/Objects-normal/arm64/CaesarPadUITests_lto.o -Xlinker -no_deduplicate -Xlinker -objc_abi_version -Xlinker 2 -Xlinker -dependency_info -Xlinker /Users/chrissotraidis/GitHub/caesarpad/build/ui-tests/build/CaesarPadUITests.build/Debug-iphonesimulator/Objects-normal/arm64/CaesarPadUITests_dependency_info.dat -fobjc-link-runtime -L/Applications/Xcode.app/Contents/Developer/Toolchains/XcodeDefault.xctoolchain/usr/lib/swift/iphonesimulator -L/usr/lib/swift -Xlinker -add_ast_path -Xlinker /Users/chrissotraidis/GitHub/caesarpad/build/ui-tests/build/CaesarPadUITests.build/Debug-iphonesimulator/Objects-normal/arm64/CaesarPadUITests.swiftmodule @/Users/chrissotraidis/GitHub/caesarpad/build/ui-tests/build/CaesarPadUITests.build/Debug-iphonesimulator/Objects-normal/arm64/CaesarPadUITests-linker-args.resp -framework XCTest -Xlinker -needed_framework -Xlinker XCTest -framework XCTest -Xlinker -needed-lXCTestSwiftSupport -lXCTestSwiftSupport -o /Users/chrissotraidis/GitHub/caesarpad/build/ui-tests/Debug-iphonesimulator/CaesarPadUITests-Runner.app/PlugIns/CaesarPadUITests.xctest/CaesarPadUITests

CopySwiftLibs /Users/chrissotraidis/GitHub/caesarpad/build/ui-tests/Debug-iphonesimulator/CaesarPadUITests-Runner.app/PlugIns/CaesarPadUITests.xctest (in target 'CaesarPadUITests' from project 'CaesarPadUITestHarness')
    cd /Users/chrissotraidis/GitHub/caesarpad/tests/ui
    builtin-swiftStdLibTool --copy --verbose --scan-executable /Users/chrissotraidis/GitHub/caesarpad/build/ui-tests/Debug-iphonesimulator/CaesarPadUITests-Runner.app/PlugIns/CaesarPadUITests.xctest/CaesarPadUITests --scan-folder /Users/chrissotraidis/GitHub/caesarpad/build/ui-tests/Debug-iphonesimulator/CaesarPadUITests-Runner.app/PlugIns/CaesarPadUITests.xctest/Frameworks --scan-folder /Users/chrissotraidis/GitHub/caesarpad/build/ui-tests/Debug-iphonesimulator/CaesarPadUITests-Runner.app/PlugIns/CaesarPadUITests.xctest/PlugIns --scan-folder /Users/chrissotraidis/GitHub/caesarpad/build/ui-tests/Debug-iphonesimulator/CaesarPadUITests-Runner.app/PlugIns/CaesarPadUITests.xctest/SystemExtensions --scan-folder /Users/chrissotraidis/GitHub/caesarpad/build/ui-tests/Debug-iphonesimulator/CaesarPadUITests-Runner.app/PlugIns/CaesarPadUITests.xctest/Extensions --platform iphonesimulator --toolchain /Applications/Xcode.app/Contents/Developer/Toolchains/XcodeDefault.xctoolchain --destination /Users/chrissotraidis/GitHub/caesarpad/build/ui-tests/Debug-iphonesimulator/CaesarPadUITests-Runner.app/PlugIns/CaesarPadUITests.xctest/Frameworks --strip-bitcode --scan-executable /Applications/Xcode.app/Contents/Developer/Platforms/iPhoneSimulator.platform/Developer/usr/lib/libXCTestSwiftSupport.dylib --strip-bitcode-tool /Applications/Xcode.app/Contents/Developer/Toolchains/XcodeDefault.xctoolchain/usr/bin/bitcode_strip --emit-dependency-info /Users/chrissotraidis/GitHub/caesarpad/build/ui-tests/build/CaesarPadUITests.build/Debug-iphonesimulator/SwiftStdLibToolInputDependencies.dep --filter-for-swift-os --back-deploy-swift-span
Ignoring --strip-bitcode because --sign was not passed

ExtractAppIntentsMetadata (in target 'CaesarPadUITests' from project 'CaesarPadUITestHarness')
    cd /Users/chrissotraidis/GitHub/caesarpad/tests/ui
    /Applications/Xcode.app/Contents/Developer/Toolchains/XcodeDefault.xctoolchain/usr/bin/appintentsmetadataprocessor --toolchain-dir /Applications/Xcode.app/Contents/Developer/Toolchains/XcodeDefault.xctoolchain --module-name CaesarPadUITests --sdk-root /Applications/Xcode.app/Contents/Developer/Platforms/iPhoneSimulator.platform/Developer/SDKs/iPhoneSimulator26.5.sdk --xcode-version 17F113 --platform-family iOS --deployment-target 15.0 --bundle-identifier dev.caesarpad.uitests --output /Users/chrissotraidis/GitHub/caesarpad/build/ui-tests/Debug-iphonesimulator/CaesarPadUITests-Runner.app/PlugIns/CaesarPadUITests.xctest --target-triple arm64-apple-ios15.0-simulator --binary-file /Users/chrissotraidis/GitHub/caesarpad/build/ui-tests/Debug-iphonesimulator/CaesarPadUITests-Runner.app/PlugIns/CaesarPadUITests.xctest/CaesarPadUITests --dependency-file /Users/chrissotraidis/GitHub/caesarpad/build/ui-tests/build/CaesarPadUITests.build/Debug-iphonesimulator/Objects-normal/arm64/CaesarPadUITests_dependency_info.dat --stringsdata-file /Users/chrissotraidis/GitHub/caesarpad/build/ui-tests/build/CaesarPadUITests.build/Debug-iphonesimulator/Objects-normal/arm64/ExtractedAppShortcutsMetadata.stringsdata --source-file-list /Users/chrissotraidis/GitHub/caesarpad/build/ui-tests/build/CaesarPadUITests.build/Debug-iphonesimulator/Objects-normal/arm64/CaesarPadUITests.SwiftFileList --metadata-file-list /Users/chrissotraidis/GitHub/caesarpad/build/ui-tests/build/CaesarPadUITests.build/Debug-iphonesimulator/CaesarPadUITests.DependencyMetadataFileList --static-metadata-file-list /Users/chrissotraidis/GitHub/caesarpad/build/ui-tests/build/CaesarPadUITests.build/Debug-iphonesimulator/CaesarPadUITests.DependencyStaticMetadataFileList --swift-const-vals-list /Users/chrissotraidis/GitHub/caesarpad/build/ui-tests/build/CaesarPadUITests.build/Debug-iphonesimulator/Objects-normal/arm64/CaesarPadUITests.SwiftConstValuesFileList --compile-time-extraction --deployment-aware-processing --validate-assistant-intents --no-app-shortcuts-localization
2026-07-26 17:36:48.529 appintentsmetadataprocessor[91616:26768814] Starting appintentsmetadataprocessor export
2026-07-26 17:36:48.534 appintentsmetadataprocessor[91616:26768814] warning: Metadata extraction skipped. No AppIntents.framework dependency found.

GenerateDSYMFile /Users/chrissotraidis/GitHub/caesarpad/build/ui-tests/Debug-iphonesimulator/CaesarPadUITests-Runner.app/PlugIns/CaesarPadUITests.xctest.dSYM /Users/chrissotraidis/GitHub/caesarpad/build/ui-tests/Debug-iphonesimulator/CaesarPadUITests-Runner.app/PlugIns/CaesarPadUITests.xctest/CaesarPadUITests (in target 'CaesarPadUITests' from project 'CaesarPadUITestHarness')
    cd /Users/chrissotraidis/GitHub/caesarpad/tests/ui
    /Applications/Xcode.app/Contents/Developer/Toolchains/XcodeDefault.xctoolchain/usr/bin/dsymutil /Users/chrissotraidis/GitHub/caesarpad/build/ui-tests/Debug-iphonesimulator/CaesarPadUITests-Runner.app/PlugIns/CaesarPadUITests.xctest/CaesarPadUITests -o /Users/chrissotraidis/GitHub/caesarpad/build/ui-tests/Debug-iphonesimulator/CaesarPadUITests-Runner.app/PlugIns/CaesarPadUITests.xctest.dSYM

AppIntentsSSUTraining (in target 'CaesarPadUITests' from project 'CaesarPadUITestHarness')
    cd /Users/chrissotraidis/GitHub/caesarpad/tests/ui
    /Applications/Xcode.app/Contents/Developer/Toolchains/XcodeDefault.xctoolchain/usr/bin/appintentsnltrainingprocessor --infoplist-path /Users/chrissotraidis/GitHub/caesarpad/build/ui-tests/Debug-iphonesimulator/CaesarPadUITests-Runner.app/PlugIns/CaesarPadUITests.xctest/Info.plist --temp-dir-path /Users/chrissotraidis/GitHub/caesarpad/build/ui-tests/build/CaesarPadUITests.build/Debug-iphonesimulator/ssu --bundle-id dev.caesarpad.uitests --product-path /Users/chrissotraidis/GitHub/caesarpad/build/ui-tests/Debug-iphonesimulator/CaesarPadUITests-Runner.app/PlugIns/CaesarPadUITests.xctest --extracted-metadata-path /Users/chrissotraidis/GitHub/caesarpad/build/ui-tests/Debug-iphonesimulator/CaesarPadUITests-Runner.app/PlugIns/CaesarPadUITests.xctest/Metadata.appintents --metadata-file-list /Users/chrissotraidis/GitHub/caesarpad/build/ui-tests/build/CaesarPadUITests.build/Debug-iphonesimulator/CaesarPadUITests.DependencyMetadataFileList --source-file /Users/chrissotraidis/GitHub/caesarpad/build/ui-tests/Debug-iphonesimulator/CaesarPadUITests-Runner.app/PlugIns/CaesarPadUITests.xctest/Info.plist --archive-ssu-assets
2026-07-26 17:36:48.596 appintentsnltrainingprocessor[91618:26768818] Parsing options for appintentsnltrainingprocessor
2026-07-26 17:36:48.598 appintentsnltrainingprocessor[91618:26768818] Starting AppIntents SSU YAML Generation
2026-07-26 17:36:48.598 appintentsnltrainingprocessor[91618:26768818] No AppShortcuts found - Skipping.

Copy /Users/chrissotraidis/GitHub/caesarpad/build/ui-tests/Debug-iphonesimulator/CaesarPadUITests-Runner.app/PkgInfo /Applications/Xcode.app/Contents/Developer/Platforms/iPhoneSimulator.platform/Developer/Library/Xcode/Agents/XCTRunner.app/PkgInfo (in target 'CaesarPadUITests' from project 'CaesarPadUITestHarness')
    cd /Users/chrissotraidis/GitHub/caesarpad/tests/ui
    builtin-copy -exclude .DS_Store -exclude CVS -exclude .svn -exclude .git -exclude .hg -strip-unsigned-binaries -strip-deterministic -strip-tool /Applications/Xcode.app/Contents/Developer/Toolchains/XcodeDefault.xctoolchain/usr/bin/strip -resolve-src-symlinks /Applications/Xcode.app/Contents/Developer/Platforms/iPhoneSimulator.platform/Developer/Library/Xcode/Agents/XCTRunner.app/PkgInfo /Users/chrissotraidis/GitHub/caesarpad/build/ui-tests/Debug-iphonesimulator/CaesarPadUITests-Runner.app

CopyPlistFile /Users/chrissotraidis/GitHub/caesarpad/build/ui-tests/Debug-iphonesimulator/CaesarPadUITests-Runner.app/Info.plist /Applications/Xcode.app/Contents/Developer/Platforms/iPhoneSimulator.platform/Developer/Library/Xcode/Agents/XCTRunner.app/Info.plist (in target 'CaesarPadUITests' from project 'CaesarPadUITestHarness')
    cd /Users/chrissotraidis/GitHub/caesarpad/tests/ui
    builtin-copyPlist --validate --convert xml1 --macro-expansion WRAPPEDPRODUCTNAME CaesarPadUITests-Runner --macro-expansion WRAPPEDPRODUCTBUNDLEIDENTIFIER dev.caesarpad.uitests.xctrunner --macro-expansion TESTPRODUCTNAME CaesarPadUITests --macro-expansion TESTPRODUCTBUNDLEIDENTIFIER dev.caesarpad.uitests --copy-value UIDeviceFamily /Users/chrissotraidis/GitHub/caesarpad/build/ui-tests/Debug-iphonesimulator/CaesarPadUITests-Runner.app/PlugIns/CaesarPadUITests.xctest/Info.plist --outdir /Users/chrissotraidis/GitHub/caesarpad/build/ui-tests/Debug-iphonesimulator/CaesarPadUITests-Runner.app -- /Applications/Xcode.app/Contents/Developer/Platforms/iPhoneSimulator.platform/Developer/Library/Xcode/Agents/XCTRunner.app/Info.plist

MkDir /Users/chrissotraidis/GitHub/caesarpad/build/ui-tests/Debug-iphonesimulator/CaesarPadUITests-Runner.app (in target 'CaesarPadUITests' from project 'CaesarPadUITestHarness')
    cd /Users/chrissotraidis/GitHub/caesarpad/tests/ui
    /bin/mkdir -p /Users/chrissotraidis/GitHub/caesarpad/build/ui-tests/Debug-iphonesimulator/CaesarPadUITests-Runner.app

CopyAndPreserveArchs /Users/chrissotraidis/GitHub/caesarpad/build/ui-tests/Debug-iphonesimulator/CaesarPadUITests-Runner.app/CaesarPadUITests-Runner (in target 'CaesarPadUITests' from project 'CaesarPadUITestHarness')
    cd /Users/chrissotraidis/GitHub/caesarpad/tests/ui
    /Applications/Xcode.app/Contents/Developer/Toolchains/XcodeDefault.xctoolchain/usr/bin/lipo /Applications/Xcode.app/Contents/Developer/Platforms/iPhoneSimulator.platform/Developer/Library/Xcode/Agents/XCTRunner.app/XCTRunner -output /Users/chrissotraidis/GitHub/caesarpad/build/ui-tests/Debug-iphonesimulator/CaesarPadUITests-Runner.app/CaesarPadUITests-Runner -extract arm64

Copy /Users/chrissotraidis/GitHub/caesarpad/build/ui-tests/Debug-iphonesimulator/CaesarPadUITests-Runner.app/Frameworks/libXCTestSwiftSupport.dylib /Applications/Xcode.app/Contents/Developer/Platforms/iPhoneSimulator.platform/Developer/usr/lib/libXCTestSwiftSupport.dylib (in target 'CaesarPadUITests' from project 'CaesarPadUITestHarness')
    cd /Users/chrissotraidis/GitHub/caesarpad/tests/ui
    builtin-copy -exclude .DS_Store -exclude CVS -exclude .svn -exclude .git -exclude .hg -exclude Headers -exclude PrivateHeaders -exclude Modules -exclude \*.tbd -strip-unsigned-binaries -strip-deterministic -strip-tool /Applications/Xcode.app/Contents/Developer/Toolchains/XcodeDefault.xctoolchain/usr/bin/strip -resolve-src-symlinks /Applications/Xcode.app/Contents/Developer/Platforms/iPhoneSimulator.platform/Developer/usr/lib/libXCTestSwiftSupport.dylib /Users/chrissotraidis/GitHub/caesarpad/build/ui-tests/Debug-iphonesimulator/CaesarPadUITests-Runner.app/Frameworks
warning: not stripping binary because it is signed: /Applications/Xcode.app/Contents/Developer/Platforms/iPhoneSimulator.platform/Developer/usr/lib/libXCTestSwiftSupport.dylib (in target 'CaesarPadUITests' from project 'CaesarPadUITestHarness')

Copy /Users/chrissotraidis/GitHub/caesarpad/build/ui-tests/Debug-iphonesimulator/CaesarPadUITests-Runner.app/Frameworks/XCUIAutomation.framework /Applications/Xcode.app/Contents/Developer/Platforms/iPhoneSimulator.platform/Developer/Library/Frameworks/XCUIAutomation.framework (in target 'CaesarPadUITests' from project 'CaesarPadUITestHarness')
    cd /Users/chrissotraidis/GitHub/caesarpad/tests/ui
    builtin-copy -exclude .DS_Store -exclude CVS -exclude .svn -exclude .git -exclude .hg -exclude Headers -exclude PrivateHeaders -exclude Modules -exclude \*.tbd -strip-unsigned-binaries -strip-deterministic -strip-tool /Applications/Xcode.app/Contents/Developer/Toolchains/XcodeDefault.xctoolchain/usr/bin/strip -resolve-src-symlinks /Applications/Xcode.app/Contents/Developer/Platforms/iPhoneSimulator.platform/Developer/Library/Frameworks/XCUIAutomation.framework /Users/chrissotraidis/GitHub/caesarpad/build/ui-tests/Debug-iphonesimulator/CaesarPadUITests-Runner.app/Frameworks
warning: not stripping binary because it is signed: /Applications/Xcode.app/Contents/Developer/Platforms/iPhoneSimulator.platform/Developer/Library/Frameworks/XCUIAutomation.framework/XCUIAutomation (in target 'CaesarPadUITests' from project 'CaesarPadUITestHarness')

Copy /Users/chrissotraidis/GitHub/caesarpad/build/ui-tests/Debug-iphonesimulator/CaesarPadUITests-Runner.app/Frameworks/XCUnit.framework /Applications/Xcode.app/Contents/Developer/Platforms/iPhoneSimulator.platform/Developer/Library/PrivateFrameworks/XCUnit.framework (in target 'CaesarPadUITests' from project 'CaesarPadUITestHarness')
    cd /Users/chrissotraidis/GitHub/caesarpad/tests/ui
    builtin-copy -exclude .DS_Store -exclude CVS -exclude .svn -exclude .git -exclude .hg -exclude Headers -exclude PrivateHeaders -exclude Modules -exclude \*.tbd -strip-unsigned-binaries -strip-deterministic -strip-tool /Applications/Xcode.app/Contents/Developer/Toolchains/XcodeDefault.xctoolchain/usr/bin/strip -resolve-src-symlinks /Applications/Xcode.app/Contents/Developer/Platforms/iPhoneSimulator.platform/Developer/Library/PrivateFrameworks/XCUnit.framework /Users/chrissotraidis/GitHub/caesarpad/build/ui-tests/Debug-iphonesimulator/CaesarPadUITests-Runner.app/Frameworks
warning: not stripping binary because it is signed: /Applications/Xcode.app/Contents/Developer/Platforms/iPhoneSimulator.platform/Developer/Library/PrivateFrameworks/XCUnit.framework/XCUnit (in target 'CaesarPadUITests' from project 'CaesarPadUITestHarness')

Copy /Users/chrissotraidis/GitHub/caesarpad/build/ui-tests/Debug-iphonesimulator/CaesarPadUITests-Runner.app/Frameworks/XCTestSupport.framework /Applications/Xcode.app/Contents/Developer/Platforms/iPhoneSimulator.platform/Developer/Library/PrivateFrameworks/XCTestSupport.framework (in target 'CaesarPadUITests' from project 'CaesarPadUITestHarness')
    cd /Users/chrissotraidis/GitHub/caesarpad/tests/ui
    builtin-copy -exclude .DS_Store -exclude CVS -exclude .svn -exclude .git -exclude .hg -exclude Headers -exclude PrivateHeaders -exclude Modules -exclude \*.tbd -strip-unsigned-binaries -strip-deterministic -strip-tool /Applications/Xcode.app/Contents/Developer/Toolchains/XcodeDefault.xctoolchain/usr/bin/strip -resolve-src-symlinks /Applications/Xcode.app/Contents/Developer/Platforms/iPhoneSimulator.platform/Developer/Library/PrivateFrameworks/XCTestSupport.framework /Users/chrissotraidis/GitHub/caesarpad/build/ui-tests/Debug-iphonesimulator/CaesarPadUITests-Runner.app/Frameworks
warning: not stripping binary because it is signed: /Applications/Xcode.app/Contents/Developer/Platforms/iPhoneSimulator.platform/Developer/Library/PrivateFrameworks/XCTestSupport.framework/XCTestSupport (in target 'CaesarPadUITests' from project 'CaesarPadUITestHarness')

Copy /Users/chrissotraidis/GitHub/caesarpad/build/ui-tests/Debug-iphonesimulator/CaesarPadUITests-Runner.app/Frameworks/XCTestCore.framework /Applications/Xcode.app/Contents/Developer/Platforms/iPhoneSimulator.platform/Developer/Library/PrivateFrameworks/XCTestCore.framework (in target 'CaesarPadUITests' from project 'CaesarPadUITestHarness')
    cd /Users/chrissotraidis/GitHub/caesarpad/tests/ui
    builtin-copy -exclude .DS_Store -exclude CVS -exclude .svn -exclude .git -exclude .hg -exclude Headers -exclude PrivateHeaders -exclude Modules -exclude \*.tbd -strip-unsigned-binaries -strip-deterministic -strip-tool /Applications/Xcode.app/Contents/Developer/Toolchains/XcodeDefault.xctoolchain/usr/bin/strip -resolve-src-symlinks /Applications/Xcode.app/Contents/Developer/Platforms/iPhoneSimulator.platform/Developer/Library/PrivateFrameworks/XCTestCore.framework /Users/chrissotraidis/GitHub/caesarpad/build/ui-tests/Debug-iphonesimulator/CaesarPadUITests-Runner.app/Frameworks
warning: not stripping binary because it is signed: /Applications/Xcode.app/Contents/Developer/Platforms/iPhoneSimulator.platform/Developer/Library/PrivateFrameworks/XCTestCore.framework/XCTestCore (in target 'CaesarPadUITests' from project 'CaesarPadUITestHarness')

Copy /Users/chrissotraidis/GitHub/caesarpad/build/ui-tests/Debug-iphonesimulator/CaesarPadUITests-Runner.app/Frameworks/XCTest.framework /Applications/Xcode.app/Contents/Developer/Platforms/iPhoneSimulator.platform/Developer/Library/Frameworks/XCTest.framework (in target 'CaesarPadUITests' from project 'CaesarPadUITestHarness')
    cd /Users/chrissotraidis/GitHub/caesarpad/tests/ui
    builtin-copy -exclude .DS_Store -exclude CVS -exclude .svn -exclude .git -exclude .hg -exclude Headers -exclude PrivateHeaders -exclude Modules -exclude \*.tbd -strip-unsigned-binaries -strip-deterministic -strip-tool /Applications/Xcode.app/Contents/Developer/Toolchains/XcodeDefault.xctoolchain/usr/bin/strip -resolve-src-symlinks /Applications/Xcode.app/Contents/Developer/Platforms/iPhoneSimulator.platform/Developer/Library/Frameworks/XCTest.framework /Users/chrissotraidis/GitHub/caesarpad/build/ui-tests/Debug-iphonesimulator/CaesarPadUITests-Runner.app/Frameworks
warning: not stripping binary because it is signed: /Applications/Xcode.app/Contents/Developer/Platforms/iPhoneSimulator.platform/Developer/Library/Frameworks/XCTest.framework/XCTest (in target 'CaesarPadUITests' from project 'CaesarPadUITestHarness')

Copy /Users/chrissotraidis/GitHub/caesarpad/build/ui-tests/Debug-iphonesimulator/CaesarPadUITests-Runner.app/Frameworks/XCTAutomationSupport.framework /Applications/Xcode.app/Contents/Developer/Platforms/iPhoneSimulator.platform/Developer/Library/PrivateFrameworks/XCTAutomationSupport.framework (in target 'CaesarPadUITests' from project 'CaesarPadUITestHarness')
    cd /Users/chrissotraidis/GitHub/caesarpad/tests/ui
    builtin-copy -exclude .DS_Store -exclude CVS -exclude .svn -exclude .git -exclude .hg -exclude Headers -exclude PrivateHeaders -exclude Modules -exclude \*.tbd -strip-unsigned-binaries -strip-deterministic -strip-tool /Applications/Xcode.app/Contents/Developer/Toolchains/XcodeDefault.xctoolchain/usr/bin/strip -resolve-src-symlinks /Applications/Xcode.app/Contents/Developer/Platforms/iPhoneSimulator.platform/Developer/Library/PrivateFrameworks/XCTAutomationSupport.framework /Users/chrissotraidis/GitHub/caesarpad/build/ui-tests/Debug-iphonesimulator/CaesarPadUITests-Runner.app/Frameworks
warning: not stripping binary because it is signed: /Applications/Xcode.app/Contents/Developer/Platforms/iPhoneSimulator.platform/Developer/Library/PrivateFrameworks/XCTAutomationSupport.framework/XCTAutomationSupport (in target 'CaesarPadUITests' from project 'CaesarPadUITestHarness')

Copy /Users/chrissotraidis/GitHub/caesarpad/build/ui-tests/Debug-iphonesimulator/CaesarPadUITests-Runner.app/Frameworks/Testing.framework /Applications/Xcode.app/Contents/Developer/Platforms/iPhoneSimulator.platform/Developer/Library/Frameworks/Testing.framework (in target 'CaesarPadUITests' from project 'CaesarPadUITestHarness')
    cd /Users/chrissotraidis/GitHub/caesarpad/tests/ui
    builtin-copy -exclude .DS_Store -exclude CVS -exclude .svn -exclude .git -exclude .hg -exclude Headers -exclude PrivateHeaders -exclude Modules -exclude \*.tbd -strip-unsigned-binaries -strip-deterministic -strip-tool /Applications/Xcode.app/Contents/Developer/Toolchains/XcodeDefault.xctoolchain/usr/bin/strip -resolve-src-symlinks /Applications/Xcode.app/Contents/Developer/Platforms/iPhoneSimulator.platform/Developer/Library/Frameworks/Testing.framework /Users/chrissotraidis/GitHub/caesarpad/build/ui-tests/Debug-iphonesimulator/CaesarPadUITests-Runner.app/Frameworks
warning: not stripping binary because it is signed: /Applications/Xcode.app/Contents/Developer/Platforms/iPhoneSimulator.platform/Developer/Library/Frameworks/Testing.framework/Testing (in target 'CaesarPadUITests' from project 'CaesarPadUITestHarness')

RegisterExecutionPolicyException /Users/chrissotraidis/GitHub/caesarpad/build/ui-tests/Debug-iphonesimulator/CaesarPadUITests-Runner.app/PlugIns/CaesarPadUITests.xctest (in target 'CaesarPadUITests' from project 'CaesarPadUITestHarness')
    cd /Users/chrissotraidis/GitHub/caesarpad/tests/ui
    builtin-RegisterExecutionPolicyException /Users/chrissotraidis/GitHub/caesarpad/build/ui-tests/Debug-iphonesimulator/CaesarPadUITests-Runner.app/PlugIns/CaesarPadUITests.xctest

Touch /Users/chrissotraidis/GitHub/caesarpad/build/ui-tests/Debug-iphonesimulator/CaesarPadUITests-Runner.app/PlugIns/CaesarPadUITests.xctest (in target 'CaesarPadUITests' from project 'CaesarPadUITestHarness')
    cd /Users/chrissotraidis/GitHub/caesarpad/tests/ui
    /usr/bin/touch -c /Users/chrissotraidis/GitHub/caesarpad/build/ui-tests/Debug-iphonesimulator/CaesarPadUITests-Runner.app/PlugIns/CaesarPadUITests.xctest

note: Run script build phase 'Generate CMakeFiles/ZERO_CHECK' will be run during every build because the option to run the script phase "Based on dependency analysis" is unchecked. (in target 'ZERO_CHECK' from project 'CaesarPadUITestHarness')
2026-07-26 17:36:54.474884-0500 CaesarPadUITests-Runner[91624:26769017] [Default] Running tests...
    t =      nans Interface orientation changed to Landscape Right
Test Suite 'Selected tests' started at 2026-07-26 17:36:56.194.
Test Suite 'CaesarPadUITests.xctest' started at 2026-07-26 17:36:56.195.
Test Suite 'CaesarPadUITests' started at 2026-07-26 17:36:56.196.
Test Case '-[CaesarPadUITests.CaesarPadUITests testPrepareLifecycleMission]' started.
    t =     0.00s Start Test at 2026-07-26 17:36:56.200
    t =     0.08s Set Up
    t =     0.08s Open com.github.keriew.augustus
    t =     0.08s     Launch com.github.keriew.augustus
    t =     0.49s         Setting up automation session
    t =     3.12s         Wait for com.github.keriew.augustus to idle
    t =    11.68s Wait for com.github.keriew.augustus to become Running Foreground
    t =    11.69s Tap Application 'com.github.keriew.augustus'[0.53, 0.45]
    t =    11.69s     Wait for com.github.keriew.augustus to idle
    t =    11.72s     Find the Application 'com.github.keriew.augustus'
    t =    12.05s     Check for interrupting elements affecting "Augustus" Application
    t =    12.14s     Synthesize event
    t =    12.16s         Find the Application 'com.github.keriew.augustus'
    t =    12.19s         Find the Application 'com.github.keriew.augustus'
    t =    12.28s         Find the Application 'com.github.keriew.augustus'
    t =    12.62s     Wait for com.github.keriew.augustus to idle
    t =    13.15s Tap Application 'com.github.keriew.augustus'[0.50, 0.52]
    t =    13.16s     Wait for com.github.keriew.augustus to idle
    t =    13.18s     Find the Application 'com.github.keriew.augustus'
    t =    13.24s     Check for interrupting elements affecting "Augustus" Application
    t =    13.28s     Synthesize event
    t =    13.29s         Find the Application 'com.github.keriew.augustus'
    t =    13.32s         Find the Application 'com.github.keriew.augustus'
    t =    13.39s         Find the Application 'com.github.keriew.augustus'
    t =    13.76s     Wait for com.github.keriew.augustus to idle
    t =    16.82s Tap Application 'com.github.keriew.augustus'[0.50, 0.53]
    t =    16.82s     Wait for com.github.keriew.augustus to idle
    t =    16.86s     Find the Application 'com.github.keriew.augustus'
    t =    17.23s     Check for interrupting elements affecting "Augustus" Application
    t =    17.44s     Synthesize event
    t =    17.47s         Find the Application 'com.github.keriew.augustus'
    t =    17.53s         Find the Application 'com.github.keriew.augustus'
    t =    17.64s         Find the Application 'com.github.keriew.augustus'
    t =    18.01s     Wait for com.github.keriew.augustus to idle
    t =    20.05s Tap Application 'com.github.keriew.augustus'[0.50, 0.38]
    t =    20.05s     Wait for com.github.keriew.augustus to idle
    t =    20.07s     Find the Application 'com.github.keriew.augustus'
    t =    20.17s     Check for interrupting elements affecting "Augustus" Application
    t =    20.27s     Synthesize event
    t =    20.29s         Find the Application 'com.github.keriew.augustus'
    t =    20.39s         Find the Application 'com.github.keriew.augustus'
    t =    20.48s         Find the Application 'com.github.keriew.augustus'
    t =    20.85s     Wait for com.github.keriew.augustus to idle
    t =    22.97s Tap Application 'com.github.keriew.augustus'[0.68, 0.75]
    t =    22.97s     Wait for com.github.keriew.augustus to idle
    t =    23.02s     Find the Application 'com.github.keriew.augustus'
    t =    23.23s     Check for interrupting elements affecting "Augustus" Application
    t =    23.34s     Synthesize event
    t =    23.36s         Find the Application 'com.github.keriew.augustus'
    t =    23.42s         Find the Application 'com.github.keriew.augustus'
    t =    23.56s         Find the Application 'com.github.keriew.augustus'
    t =    24.00s     Wait for com.github.keriew.augustus to idle
    t =    26.57s Tap Application 'com.github.keriew.augustus'[0.67, 0.85]
    t =    26.57s     Wait for com.github.keriew.augustus to idle
    t =    26.62s     Find the Application 'com.github.keriew.augustus'
    t =    26.71s     Check for interrupting elements affecting "Augustus" Application
    t =    26.80s     Synthesize event
    t =    26.81s         Find the Application 'com.github.keriew.augustus'
    t =    26.92s         Find the Application 'com.github.keriew.augustus'
    t =    27.03s         Find the Application 'com.github.keriew.augustus'
    t =    27.41s     Wait for com.github.keriew.augustus to idle
    t =    31.47s Tap Application 'com.github.keriew.augustus'[0.61, 0.56]
    t =    31.47s     Wait for com.github.keriew.augustus to idle
    t =    31.50s     Find the Application 'com.github.keriew.augustus'
    t =    31.57s     Check for interrupting elements affecting "Augustus" Application
    t =    31.63s     Synthesize event
    t =    31.65s         Find the Application 'com.github.keriew.augustus'
    t =    31.69s         Find the Application 'com.github.keriew.augustus'
    t =    31.76s         Find the Application 'com.github.keriew.augustus'
    t =    32.12s     Wait for com.github.keriew.augustus to idle
    t =    34.16s Checking existence of `"caesarpad.pause" Button`
    t =    35.21s Added attachment named '40-lifecycle-city-ready'
    t =    35.23s Tear Down
Test Case '-[CaesarPadUITests.CaesarPadUITests testPrepareLifecycleMission]' passed (35.602 seconds).
Test Suite 'CaesarPadUITests' passed at 2026-07-26 17:37:31.804.
	 Executed 1 test, with 0 failures (0 unexpected) in 35.602 (35.608) seconds
Test Suite 'CaesarPadUITests.xctest' passed at 2026-07-26 17:37:31.808.
	 Executed 1 test, with 0 failures (0 unexpected) in 35.602 (35.612) seconds
Test Suite 'Selected tests' passed at 2026-07-26 17:37:31.813.
	 Executed 1 test, with 0 failures (0 unexpected) in 35.602 (35.619) seconds
2026-07-26 17:37:32.392 xcodebuild[91564:26768469] [MT] IDETestOperationsObserverDebug: 43.630 elapsed -- Testing started completed.
2026-07-26 17:37:32.392 xcodebuild[91564:26768469] [MT] IDETestOperationsObserverDebug: 0.000 sec, +0.000 sec -- start
2026-07-26 17:37:32.392 xcodebuild[91564:26768469] [MT] IDETestOperationsObserverDebug: 43.630 sec, +43.630 sec -- end

Test session results, code coverage, and logs:
	/Users/chrissotraidis/GitHub/caesarpad/artifacts/g6/lifecycle-prepare-20260726-173609.xcresult

** TEST SUCCEEDED **

Testing started
Saved UI-test results to /Users/chrissotraidis/GitHub/caesarpad/artifacts/g6/lifecycle-prepare-20260726-173609.xcresult
com.apple.Preferences: 91703
Lifecycle autosave: /Users/chrissotraidis/Library/Developer/CoreSimulator/Devices/08636791-2675-4675-8335-EF72EF954DCF/data/Containers/Data/Application/18B218AC-2550-4968-AF55-E3DAC35D7CAD/Documents/caesarpad-autosave.svx (58427 bytes)
com.github.keriew.augustus: 91716
-- Configuring done (0.4s)
-- Generating done (0.1s)
-- Build files have been written to: /Users/chrissotraidis/GitHub/caesarpad/build/ui-tests
Command line invocation:
    /Applications/Xcode.app/Contents/Developer/usr/bin/xcodebuild -project /Users/chrissotraidis/GitHub/caesarpad/build/ui-tests/CaesarPadUITestHarness.xcodeproj -scheme CaesarPadUITests -configuration Debug -sdk iphonesimulator -derivedDataPath /Users/chrissotraidis/GitHub/caesarpad/build/ui-tests/DerivedData clean

Build settings from command line:
    SDKROOT = iphonesimulator26.5

--- xcodebuild: WARNING: Using the first of multiple matching destinations:
{ platform:iOS Simulator, id:dvtdevice-DVTiOSDeviceSimulatorPlaceholder-iphonesimulator:placeholder, name:Any iOS Simulator Device }
{ platform:iOS Simulator, arch:arm64, id:4B500075-51AB-45B2-BF38-F325507BB905, OS:26.5, name:DaggerPad iPad Pro M2 }
{ platform:iOS Simulator, arch:arm64, id:48B29BDF-DA77-48A2-85F0-5AADFBC4B563, OS:26.5, name:DaggerPad iPad Pro M2 Clean }
{ platform:iOS Simulator, arch:arm64, id:99B296D5-8819-4637-8C62-347E1F49B85F, OS:18.5, name:DaggerPad iPad Pro M2 iOS 18.5 }
{ platform:iOS Simulator, arch:x86_64, id:99B296D5-8819-4637-8C62-347E1F49B85F, OS:18.5, name:DaggerPad iPad Pro M2 iOS 18.5 }
{ platform:iOS Simulator, arch:arm64, id:0309932A-BD06-4561-B889-B4576C42BC22, OS:18.5, name:iPad (A16) }
{ platform:iOS Simulator, arch:x86_64, id:0309932A-BD06-4561-B889-B4576C42BC22, OS:18.5, name:iPad (A16) }
{ platform:iOS Simulator, arch:arm64, id:5C2FD444-A69E-4EF0-83A5-5EDB579015C8, OS:26.5, name:iPad (A16) }
{ platform:iOS Simulator, arch:arm64, id:9C4B6D74-7B8D-4DBC-93E7-5590E45539A8, OS:18.5, name:iPad Air 11-inch (M3) }
{ platform:iOS Simulator, arch:x86_64, id:9C4B6D74-7B8D-4DBC-93E7-5590E45539A8, OS:18.5, name:iPad Air 11-inch (M3) }
{ platform:iOS Simulator, arch:arm64, id:D5BFE5D2-C276-4F9A-B3C1-305C256BED0D, OS:26.5, name:iPad Air 11-inch (M4) }
{ platform:iOS Simulator, arch:arm64, id:EEF37AFD-88A6-44DB-9631-57E00476704F, OS:18.5, name:iPad Air 13-inch (M3) }
{ platform:iOS Simulator, arch:x86_64, id:EEF37AFD-88A6-44DB-9631-57E00476704F, OS:18.5, name:iPad Air 13-inch (M3) }
{ platform:iOS Simulator, arch:arm64, id:151160FE-3DA5-4725-A719-79CCC50EB4AA, OS:26.5, name:iPad Air 13-inch (M4) }
{ platform:iOS Simulator, arch:arm64, id:08636791-2675-4675-8335-EF72EF954DCF, OS:18.5, name:iPad Pro 11-inch (M4) }
{ platform:iOS Simulator, arch:x86_64, id:08636791-2675-4675-8335-EF72EF954DCF, OS:18.5, name:iPad Pro 11-inch (M4) }
{ platform:iOS Simulator, arch:arm64, id:DE8E956F-6B29-4FF3-AF4A-77034CE8588A, OS:26.5, name:iPad Pro 11-inch (M5) }
{ platform:iOS Simulator, arch:arm64, id:02BFE363-AA20-48BD-BBE0-7DBEB4AD8713, OS:18.5, name:iPad Pro 13-inch (M4) }
{ platform:iOS Simulator, arch:x86_64, id:02BFE363-AA20-48BD-BBE0-7DBEB4AD8713, OS:18.5, name:iPad Pro 13-inch (M4) }
{ platform:iOS Simulator, arch:arm64, id:68016FEA-1887-4E05-A7F4-B26EC8572B8A, OS:26.5, name:iPad Pro 13-inch (M5) }
{ platform:iOS Simulator, arch:arm64, id:7D8C148F-3B11-43B3-A032-0D6DBE40C366, OS:18.5, name:iPad mini (A17 Pro) }
{ platform:iOS Simulator, arch:x86_64, id:7D8C148F-3B11-43B3-A032-0D6DBE40C366, OS:18.5, name:iPad mini (A17 Pro) }
{ platform:iOS Simulator, arch:arm64, id:6F31C8CB-2FEE-4258-AD75-C672BB4AB3BA, OS:26.5, name:iPad mini (A17 Pro) }
CreateBuildRequest

SendProjectDescription

CreateBuildOperation

** CLEAN SUCCEEDED **

Command line invocation:
    /Applications/Xcode.app/Contents/Developer/usr/bin/xcodebuild -project /Users/chrissotraidis/GitHub/caesarpad/build/ui-tests/CaesarPadUITestHarness.xcodeproj -scheme CaesarPadUITests -configuration Debug -sdk iphonesimulator -destination "platform=iOS Simulator,id=08636791-2675-4675-8335-EF72EF954DCF" -derivedDataPath /Users/chrissotraidis/GitHub/caesarpad/build/ui-tests/DerivedData -resultBundlePath /Users/chrissotraidis/GitHub/caesarpad/artifacts/g6/lifecycle-resume-20260726-173609.xcresult CODE_SIGN_IDENTITY= CODE_SIGNING_REQUIRED=NO CODE_SIGNING_ALLOWED=NO "-only-testing:CaesarPadUITests/CaesarPadUITests/testVerifyLifecycleResume" test

Build settings from command line:
    CODE_SIGN_IDENTITY =
    CODE_SIGNING_ALLOWED = NO
    CODE_SIGNING_REQUIRED = NO
    SDKROOT = iphonesimulator26.5

Writing result bundle at path:
	/Users/chrissotraidis/GitHub/caesarpad/artifacts/g6/lifecycle-resume-20260726-173609.xcresult

--- xcodebuild: WARNING: Using the first of multiple matching destinations:
{ platform:iOS Simulator, arch:arm64, id:08636791-2675-4675-8335-EF72EF954DCF, OS:18.5, name:iPad Pro 11-inch (M4) }
{ platform:iOS Simulator, arch:x86_64, id:08636791-2675-4675-8335-EF72EF954DCF, OS:18.5, name:iPad Pro 11-inch (M4) }
note: Using codesigning identity override:
ComputePackagePrebuildTargetDependencyGraph

CreateBuildRequest

SendProjectDescription

CreateBuildOperation

ComputeTargetDependencyGraph
note: Building targets in dependency order
note: Target dependency graph (3 targets)
    Target 'CaesarPadUITests' in project 'CaesarPadUITestHarness'
        ➜ Explicit dependency on target 'CaesarPadTestHost' in project 'CaesarPadUITestHarness'
        ➜ Explicit dependency on target 'ZERO_CHECK' in project 'CaesarPadUITestHarness'
    Target 'CaesarPadTestHost' in project 'CaesarPadUITestHarness'
        ➜ Explicit dependency on target 'ZERO_CHECK' in project 'CaesarPadUITestHarness'
    Target 'ZERO_CHECK' in project 'CaesarPadUITestHarness' (no dependencies)

GatherProvisioningInputs

CreateBuildDescription

ExecuteExternalTool /Applications/Xcode.app/Contents/Developer/Toolchains/XcodeDefault.xctoolchain/usr/bin/clang -v -E -dM -isysroot /Applications/Xcode.app/Contents/Developer/Platforms/iPhoneSimulator.platform/Developer/SDKs/iPhoneSimulator26.5.sdk -x c -c /dev/null

ExecuteExternalTool /Applications/Xcode.app/Contents/Developer/Toolchains/XcodeDefault.xctoolchain/usr/bin/swiftc --version

ExecuteExternalTool /Applications/Xcode.app/Contents/Developer/Toolchains/XcodeDefault.xctoolchain/usr/bin/ld -version_details

Build description signature: 1c5684698f74bcf0beb5748d79827a6c
Build description path: /Users/chrissotraidis/GitHub/caesarpad/build/ui-tests/build/XCBuildData/1c5684698f74bcf0beb5748d79827a6c.xcbuilddata
ClangStatCache /Applications/Xcode.app/Contents/Developer/Toolchains/XcodeDefault.xctoolchain/usr/bin/clang-stat-cache /Applications/Xcode.app/Contents/Developer/Platforms/iPhoneSimulator.platform/Developer/SDKs/iPhoneSimulator26.5.sdk /Users/chrissotraidis/GitHub/caesarpad/build/ui-tests/DerivedData/SDKStatCaches.noindex/iphonesimulator26.5-23F81a-6cfe768891a92b912361537c460fe42b.sdkstatcache
    cd /Users/chrissotraidis/GitHub/caesarpad/build/ui-tests/CaesarPadUITestHarness.xcodeproj
    /Applications/Xcode.app/Contents/Developer/Toolchains/XcodeDefault.xctoolchain/usr/bin/clang-stat-cache /Applications/Xcode.app/Contents/Developer/Platforms/iPhoneSimulator.platform/Developer/SDKs/iPhoneSimulator26.5.sdk -o /Users/chrissotraidis/GitHub/caesarpad/build/ui-tests/DerivedData/SDKStatCaches.noindex/iphonesimulator26.5-23F81a-6cfe768891a92b912361537c460fe42b.sdkstatcache

CreateBuildDirectory /Users/chrissotraidis/GitHub/caesarpad/build/ui-tests/build
    cd /Users/chrissotraidis/GitHub/caesarpad/build/ui-tests/CaesarPadUITestHarness.xcodeproj
    builtin-create-build-directory /Users/chrissotraidis/GitHub/caesarpad/build/ui-tests/build

CreateBuildDirectory /Users/chrissotraidis/GitHub/caesarpad/build/ui-tests/Debug-iphonesimulator
    cd /Users/chrissotraidis/GitHub/caesarpad/build/ui-tests/CaesarPadUITestHarness.xcodeproj
    builtin-create-build-directory /Users/chrissotraidis/GitHub/caesarpad/build/ui-tests/Debug-iphonesimulator

CreateBuildDirectory /Users/chrissotraidis/GitHub/caesarpad/build/ui-tests/build/ExplicitPrecompiledModules
    cd /Users/chrissotraidis/GitHub/caesarpad/build/ui-tests/CaesarPadUITestHarness.xcodeproj
    builtin-create-build-directory /Users/chrissotraidis/GitHub/caesarpad/build/ui-tests/build/ExplicitPrecompiledModules

CreateBuildDirectory /Users/chrissotraidis/GitHub/caesarpad/build/ui-tests/build/SwiftExplicitPrecompiledModules
    cd /Users/chrissotraidis/GitHub/caesarpad/build/ui-tests/CaesarPadUITestHarness.xcodeproj
    builtin-create-build-directory /Users/chrissotraidis/GitHub/caesarpad/build/ui-tests/build/SwiftExplicitPrecompiledModules

CreateBuildDirectory /Users/chrissotraidis/GitHub/caesarpad/build/ui-tests/build/Debug-iphonesimulator
    cd /Users/chrissotraidis/GitHub/caesarpad/build/ui-tests/CaesarPadUITestHarness.xcodeproj
    builtin-create-build-directory /Users/chrissotraidis/GitHub/caesarpad/build/ui-tests/build/Debug-iphonesimulator

CreateBuildDirectory /Users/chrissotraidis/GitHub/caesarpad/build/ui-tests/build/EagerLinkingTBDs/Debug-iphonesimulator
    cd /Users/chrissotraidis/GitHub/caesarpad/build/ui-tests/CaesarPadUITestHarness.xcodeproj
    builtin-create-build-directory /Users/chrissotraidis/GitHub/caesarpad/build/ui-tests/build/EagerLinkingTBDs/Debug-iphonesimulator

WriteAuxiliaryFile /Users/chrissotraidis/GitHub/caesarpad/build/ui-tests/build/CaesarPadUITestHarness.build/Debug-iphonesimulator/ZERO_CHECK.build/Script-CF01EF5532D6E2A1461A5E05.sh (in target 'ZERO_CHECK' from project 'CaesarPadUITestHarness')
    cd /Users/chrissotraidis/GitHub/caesarpad/tests/ui
    write-file /Users/chrissotraidis/GitHub/caesarpad/build/ui-tests/build/CaesarPadUITestHarness.build/Debug-iphonesimulator/ZERO_CHECK.build/Script-CF01EF5532D6E2A1461A5E05.sh

WriteAuxiliaryFile /Users/chrissotraidis/GitHub/caesarpad/build/ui-tests/build/CaesarPadUITests.build/Debug-iphonesimulator/ProductTypeInfoPlistAdditions.plist (in target 'CaesarPadUITests' from project 'CaesarPadUITestHarness')
    cd /Users/chrissotraidis/GitHub/caesarpad/tests/ui
    write-file /Users/chrissotraidis/GitHub/caesarpad/build/ui-tests/build/CaesarPadUITests.build/Debug-iphonesimulator/ProductTypeInfoPlistAdditions.plist

PhaseScriptExecution Generate\ CMakeFiles/ZERO_CHECK /Users/chrissotraidis/GitHub/caesarpad/build/ui-tests/build/CaesarPadUITestHarness.build/Debug-iphonesimulator/ZERO_CHECK.build/Script-CF01EF5532D6E2A1461A5E05.sh (in target 'ZERO_CHECK' from project 'CaesarPadUITestHarness')
    cd /Users/chrissotraidis/GitHub/caesarpad/tests/ui
    /bin/sh -c /Users/chrissotraidis/GitHub/caesarpad/build/ui-tests/build/CaesarPadUITestHarness.build/Debug-iphonesimulator/ZERO_CHECK.build/Script-CF01EF5532D6E2A1461A5E05.sh
make: `/Users/chrissotraidis/GitHub/caesarpad/build/ui-tests/CMakeFiles/cmake.check_cache' is up to date.

WriteAuxiliaryFile /Users/chrissotraidis/GitHub/caesarpad/build/ui-tests/build/CaesarPadUITests.build/Debug-iphonesimulator/Objects-normal/arm64/CaesarPadUITests.SwiftFileList (in target 'CaesarPadUITests' from project 'CaesarPadUITestHarness')
    cd /Users/chrissotraidis/GitHub/caesarpad/tests/ui
    write-file /Users/chrissotraidis/GitHub/caesarpad/build/ui-tests/build/CaesarPadUITests.build/Debug-iphonesimulator/Objects-normal/arm64/CaesarPadUITests.SwiftFileList

WriteAuxiliaryFile /Users/chrissotraidis/GitHub/caesarpad/build/ui-tests/build/CaesarPadUITests.build/Debug-iphonesimulator/Objects-normal/arm64/CaesarPadUITests.SwiftConstValuesFileList (in target 'CaesarPadUITests' from project 'CaesarPadUITestHarness')
    cd /Users/chrissotraidis/GitHub/caesarpad/tests/ui
    write-file /Users/chrissotraidis/GitHub/caesarpad/build/ui-tests/build/CaesarPadUITests.build/Debug-iphonesimulator/Objects-normal/arm64/CaesarPadUITests.SwiftConstValuesFileList

WriteAuxiliaryFile /Users/chrissotraidis/GitHub/caesarpad/build/ui-tests/build/CaesarPadUITests.build/Debug-iphonesimulator/Objects-normal/arm64/CaesarPadUITests.LinkFileList (in target 'CaesarPadUITests' from project 'CaesarPadUITestHarness')
    cd /Users/chrissotraidis/GitHub/caesarpad/tests/ui
    write-file /Users/chrissotraidis/GitHub/caesarpad/build/ui-tests/build/CaesarPadUITests.build/Debug-iphonesimulator/Objects-normal/arm64/CaesarPadUITests.LinkFileList

WriteAuxiliaryFile /Users/chrissotraidis/GitHub/caesarpad/build/ui-tests/build/CaesarPadUITests.build/Debug-iphonesimulator/Objects-normal/arm64/CaesarPadUITests-OutputFileMap.json (in target 'CaesarPadUITests' from project 'CaesarPadUITestHarness')
    cd /Users/chrissotraidis/GitHub/caesarpad/tests/ui
    write-file /Users/chrissotraidis/GitHub/caesarpad/build/ui-tests/build/CaesarPadUITests.build/Debug-iphonesimulator/Objects-normal/arm64/CaesarPadUITests-OutputFileMap.json

WriteAuxiliaryFile /Users/chrissotraidis/GitHub/caesarpad/build/ui-tests/build/CaesarPadUITests.build/Debug-iphonesimulator/Objects-normal/arm64/CaesarPadUITests_const_extract_protocols.json (in target 'CaesarPadUITests' from project 'CaesarPadUITestHarness')
    cd /Users/chrissotraidis/GitHub/caesarpad/tests/ui
    write-file /Users/chrissotraidis/GitHub/caesarpad/build/ui-tests/build/CaesarPadUITests.build/Debug-iphonesimulator/Objects-normal/arm64/CaesarPadUITests_const_extract_protocols.json

WriteAuxiliaryFile /Users/chrissotraidis/GitHub/caesarpad/build/ui-tests/build/CaesarPadUITests.build/Debug-iphonesimulator/CaesarPadUITests.DependencyStaticMetadataFileList (in target 'CaesarPadUITests' from project 'CaesarPadUITestHarness')
    cd /Users/chrissotraidis/GitHub/caesarpad/tests/ui
    write-file /Users/chrissotraidis/GitHub/caesarpad/build/ui-tests/build/CaesarPadUITests.build/Debug-iphonesimulator/CaesarPadUITests.DependencyStaticMetadataFileList

WriteAuxiliaryFile /Users/chrissotraidis/GitHub/caesarpad/build/ui-tests/build/CaesarPadUITests.build/Debug-iphonesimulator/CaesarPadUITests.DependencyMetadataFileList (in target 'CaesarPadUITests' from project 'CaesarPadUITestHarness')
    cd /Users/chrissotraidis/GitHub/caesarpad/tests/ui
    write-file /Users/chrissotraidis/GitHub/caesarpad/build/ui-tests/build/CaesarPadUITests.build/Debug-iphonesimulator/CaesarPadUITests.DependencyMetadataFileList

WriteAuxiliaryFile /Users/chrissotraidis/GitHub/caesarpad/build/ui-tests/build/CaesarPadTestHost.build/Debug-iphonesimulator/Objects-normal/arm64/CaesarPadTestHost.SwiftFileList (in target 'CaesarPadTestHost' from project 'CaesarPadUITestHarness')
    cd /Users/chrissotraidis/GitHub/caesarpad/tests/ui
    write-file /Users/chrissotraidis/GitHub/caesarpad/build/ui-tests/build/CaesarPadTestHost.build/Debug-iphonesimulator/Objects-normal/arm64/CaesarPadTestHost.SwiftFileList

WriteAuxiliaryFile /Users/chrissotraidis/GitHub/caesarpad/build/ui-tests/build/CaesarPadTestHost.build/Debug-iphonesimulator/Objects-normal/arm64/CaesarPadTestHost_const_extract_protocols.json (in target 'CaesarPadTestHost' from project 'CaesarPadUITestHarness')
    cd /Users/chrissotraidis/GitHub/caesarpad/tests/ui
    write-file /Users/chrissotraidis/GitHub/caesarpad/build/ui-tests/build/CaesarPadTestHost.build/Debug-iphonesimulator/Objects-normal/arm64/CaesarPadTestHost_const_extract_protocols.json

WriteAuxiliaryFile /Users/chrissotraidis/GitHub/caesarpad/build/ui-tests/build/CaesarPadTestHost.build/Debug-iphonesimulator/Objects-normal/arm64/CaesarPadTestHost.SwiftConstValuesFileList (in target 'CaesarPadTestHost' from project 'CaesarPadUITestHarness')
    cd /Users/chrissotraidis/GitHub/caesarpad/tests/ui
    write-file /Users/chrissotraidis/GitHub/caesarpad/build/ui-tests/build/CaesarPadTestHost.build/Debug-iphonesimulator/Objects-normal/arm64/CaesarPadTestHost.SwiftConstValuesFileList

WriteAuxiliaryFile /Users/chrissotraidis/GitHub/caesarpad/build/ui-tests/build/CaesarPadTestHost.build/Debug-iphonesimulator/Objects-normal/arm64/CaesarPadTestHost.LinkFileList (in target 'CaesarPadTestHost' from project 'CaesarPadUITestHarness')
    cd /Users/chrissotraidis/GitHub/caesarpad/tests/ui
    write-file /Users/chrissotraidis/GitHub/caesarpad/build/ui-tests/build/CaesarPadTestHost.build/Debug-iphonesimulator/Objects-normal/arm64/CaesarPadTestHost.LinkFileList

WriteAuxiliaryFile /Users/chrissotraidis/GitHub/caesarpad/build/ui-tests/build/CaesarPadTestHost.build/Debug-iphonesimulator/Objects-normal/arm64/CaesarPadTestHost-OutputFileMap.json (in target 'CaesarPadTestHost' from project 'CaesarPadUITestHarness')
    cd /Users/chrissotraidis/GitHub/caesarpad/tests/ui
    write-file /Users/chrissotraidis/GitHub/caesarpad/build/ui-tests/build/CaesarPadTestHost.build/Debug-iphonesimulator/Objects-normal/arm64/CaesarPadTestHost-OutputFileMap.json

WriteAuxiliaryFile /Users/chrissotraidis/GitHub/caesarpad/build/ui-tests/build/CaesarPadTestHost.build/Debug-iphonesimulator/CaesarPadTestHost.DependencyStaticMetadataFileList (in target 'CaesarPadTestHost' from project 'CaesarPadUITestHarness')
    cd /Users/chrissotraidis/GitHub/caesarpad/tests/ui
    write-file /Users/chrissotraidis/GitHub/caesarpad/build/ui-tests/build/CaesarPadTestHost.build/Debug-iphonesimulator/CaesarPadTestHost.DependencyStaticMetadataFileList

WriteAuxiliaryFile /Users/chrissotraidis/GitHub/caesarpad/build/ui-tests/build/CaesarPadTestHost.build/Debug-iphonesimulator/CaesarPadTestHost.DependencyMetadataFileList (in target 'CaesarPadTestHost' from project 'CaesarPadUITestHarness')
    cd /Users/chrissotraidis/GitHub/caesarpad/tests/ui
    write-file /Users/chrissotraidis/GitHub/caesarpad/build/ui-tests/build/CaesarPadTestHost.build/Debug-iphonesimulator/CaesarPadTestHost.DependencyMetadataFileList

MkDir /Users/chrissotraidis/GitHub/caesarpad/build/ui-tests/Debug-iphonesimulator/CaesarPadTestHost.app (in target 'CaesarPadTestHost' from project 'CaesarPadUITestHarness')
    cd /Users/chrissotraidis/GitHub/caesarpad/tests/ui
    /bin/mkdir -p /Users/chrissotraidis/GitHub/caesarpad/build/ui-tests/Debug-iphonesimulator/CaesarPadTestHost.app

MkDir /Users/chrissotraidis/GitHub/caesarpad/build/ui-tests/Debug-iphonesimulator/CaesarPadUITests-Runner.app/PlugIns/CaesarPadUITests.xctest (in target 'CaesarPadUITests' from project 'CaesarPadUITestHarness')
    cd /Users/chrissotraidis/GitHub/caesarpad/tests/ui
    /bin/mkdir -p /Users/chrissotraidis/GitHub/caesarpad/build/ui-tests/Debug-iphonesimulator/CaesarPadUITests-Runner.app/PlugIns/CaesarPadUITests.xctest

SwiftDriver CaesarPadTestHost normal arm64 com.apple.xcode.tools.swift.compiler (in target 'CaesarPadTestHost' from project 'CaesarPadUITestHarness')
    cd /Users/chrissotraidis/GitHub/caesarpad/tests/ui
    builtin-SwiftDriver -- /Applications/Xcode.app/Contents/Developer/Toolchains/XcodeDefault.xctoolchain/usr/bin/swiftc -module-name CaesarPadTestHost -O @/Users/chrissotraidis/GitHub/caesarpad/build/ui-tests/build/CaesarPadTestHost.build/Debug-iphonesimulator/Objects-normal/arm64/CaesarPadTestHost.SwiftFileList -Onone -enable-bare-slash-regex -enable-experimental-feature DebugDescriptionMacro -sdk /Applications/Xcode.app/Contents/Developer/Platforms/iPhoneSimulator.platform/Developer/SDKs/iPhoneSimulator26.5.sdk -target arm64-apple-ios15.0-simulator -g -module-cache-path /Users/chrissotraidis/GitHub/caesarpad/build/ui-tests/DerivedData/ModuleCache.noindex -Xfrontend -serialize-debugging-options -Xcc -D_LIBCPP_HARDENING_MODE\=_LIBCPP_HARDENING_MODE_DEBUG -swift-version 4 -I /Users/chrissotraidis/GitHub/caesarpad/build/ui-tests/Debug-iphonesimulator -F /Users/chrissotraidis/GitHub/caesarpad/build/ui-tests/Debug-iphonesimulator -parse-as-library -c -j8 -enable-batch-mode -incremental -Xcc -ivfsstatcache -Xcc /Users/chrissotraidis/GitHub/caesarpad/build/ui-tests/DerivedData/SDKStatCaches.noindex/iphonesimulator26.5-23F81a-6cfe768891a92b912361537c460fe42b.sdkstatcache -output-file-map /Users/chrissotraidis/GitHub/caesarpad/build/ui-tests/build/CaesarPadTestHost.build/Debug-iphonesimulator/Objects-normal/arm64/CaesarPadTestHost-OutputFileMap.json -use-frontend-parseable-output -save-temps -no-color-diagnostics -serialize-diagnostics -emit-dependencies -emit-module -emit-module-path /Users/chrissotraidis/GitHub/caesarpad/build/ui-tests/build/CaesarPadTestHost.build/Debug-iphonesimulator/Objects-normal/arm64/CaesarPadTestHost.swiftmodule -validate-clang-modules-once -clang-build-session-file /Users/chrissotraidis/GitHub/caesarpad/build/ui-tests/DerivedData/ModuleCache.noindex/Session.modulevalidation -Xcc -I/Users/chrissotraidis/GitHub/caesarpad/build/ui-tests/build/CaesarPadTestHost.build/Debug-iphonesimulator/swift-overrides.hmap -emit-const-values -Xfrontend -const-gather-protocols-file -Xfrontend /Users/chrissotraidis/GitHub/caesarpad/build/ui-tests/build/CaesarPadTestHost.build/Debug-iphonesimulator/Objects-normal/arm64/CaesarPadTestHost_const_extract_protocols.json -Xcc -I/Users/chrissotraidis/GitHub/caesarpad/build/ui-tests/Debug-iphonesimulator/include -Xcc -I/Users/chrissotraidis/GitHub/caesarpad/build/ui-tests/build/CaesarPadTestHost.build/Debug-iphonesimulator/DerivedSources-normal/arm64 -Xcc -I/Users/chrissotraidis/GitHub/caesarpad/build/ui-tests/build/CaesarPadTestHost.build/Debug-iphonesimulator/DerivedSources/arm64 -Xcc -I/Users/chrissotraidis/GitHub/caesarpad/build/ui-tests/build/CaesarPadTestHost.build/Debug-iphonesimulator/DerivedSources -Xcc -DCMAKE_INTDIR\=\"Debug-iphonesimulator\" -emit-objc-header -emit-objc-header-path /Users/chrissotraidis/GitHub/caesarpad/build/ui-tests/build/CaesarPadTestHost.build/Debug-iphonesimulator/Objects-normal/arm64/CaesarPadTestHost-Swift.h -working-directory /Users/chrissotraidis/GitHub/caesarpad/tests/ui -experimental-emit-module-separately -disable-cmo

ProcessInfoPlistFile /Users/chrissotraidis/GitHub/caesarpad/build/ui-tests/Debug-iphonesimulator/CaesarPadTestHost.app/Info.plist /Users/chrissotraidis/GitHub/caesarpad/build/ui-tests/CMakeFiles/CaesarPadTestHost.dir/Info.plist (in target 'CaesarPadTestHost' from project 'CaesarPadUITestHarness')
    cd /Users/chrissotraidis/GitHub/caesarpad/tests/ui
    builtin-infoPlistUtility /Users/chrissotraidis/GitHub/caesarpad/build/ui-tests/CMakeFiles/CaesarPadTestHost.dir/Info.plist -producttype com.apple.product-type.application -genpkginfo /Users/chrissotraidis/GitHub/caesarpad/build/ui-tests/Debug-iphonesimulator/CaesarPadTestHost.app/PkgInfo -expandbuildsettings -format binary -platform iphonesimulator -o /Users/chrissotraidis/GitHub/caesarpad/build/ui-tests/Debug-iphonesimulator/CaesarPadTestHost.app/Info.plist

SwiftEmitModule normal arm64 Emitting\ module\ for\ CaesarPadTestHost (in target 'CaesarPadTestHost' from project 'CaesarPadUITestHarness')

SwiftCompile normal arm64 /Users/chrissotraidis/GitHub/caesarpad/tests/ui/HostApp.swift (in target 'CaesarPadTestHost' from project 'CaesarPadUITestHarness')
    cd /Users/chrissotraidis/GitHub/caesarpad/tests/ui


SwiftCompile normal arm64 Compiling\ HostApp.swift /Users/chrissotraidis/GitHub/caesarpad/tests/ui/HostApp.swift (in target 'CaesarPadTestHost' from project 'CaesarPadUITestHarness')
SwiftCompile normal arm64 /Users/chrissotraidis/GitHub/caesarpad/tests/ui/HostApp.swift (in target 'CaesarPadTestHost' from project 'CaesarPadUITestHarness')
    cd /Users/chrissotraidis/GitHub/caesarpad/tests/ui


SwiftDriverJobDiscovery normal arm64 Emitting module for CaesarPadTestHost (in target 'CaesarPadTestHost' from project 'CaesarPadUITestHarness')

SwiftDriver\ Compilation\ Requirements CaesarPadTestHost normal arm64 com.apple.xcode.tools.swift.compiler (in target 'CaesarPadTestHost' from project 'CaesarPadUITestHarness')
    cd /Users/chrissotraidis/GitHub/caesarpad/tests/ui
    builtin-Swift-Compilation-Requirements -- /Applications/Xcode.app/Contents/Developer/Toolchains/XcodeDefault.xctoolchain/usr/bin/swiftc -module-name CaesarPadTestHost -O @/Users/chrissotraidis/GitHub/caesarpad/build/ui-tests/build/CaesarPadTestHost.build/Debug-iphonesimulator/Objects-normal/arm64/CaesarPadTestHost.SwiftFileList -Onone -enable-bare-slash-regex -enable-experimental-feature DebugDescriptionMacro -sdk /Applications/Xcode.app/Contents/Developer/Platforms/iPhoneSimulator.platform/Developer/SDKs/iPhoneSimulator26.5.sdk -target arm64-apple-ios15.0-simulator -g -module-cache-path /Users/chrissotraidis/GitHub/caesarpad/build/ui-tests/DerivedData/ModuleCache.noindex -Xfrontend -serialize-debugging-options -Xcc -D_LIBCPP_HARDENING_MODE\=_LIBCPP_HARDENING_MODE_DEBUG -swift-version 4 -I /Users/chrissotraidis/GitHub/caesarpad/build/ui-tests/Debug-iphonesimulator -F /Users/chrissotraidis/GitHub/caesarpad/build/ui-tests/Debug-iphonesimulator -parse-as-library -c -j8 -enable-batch-mode -incremental -Xcc -ivfsstatcache -Xcc /Users/chrissotraidis/GitHub/caesarpad/build/ui-tests/DerivedData/SDKStatCaches.noindex/iphonesimulator26.5-23F81a-6cfe768891a92b912361537c460fe42b.sdkstatcache -output-file-map /Users/chrissotraidis/GitHub/caesarpad/build/ui-tests/build/CaesarPadTestHost.build/Debug-iphonesimulator/Objects-normal/arm64/CaesarPadTestHost-OutputFileMap.json -use-frontend-parseable-output -save-temps -no-color-diagnostics -serialize-diagnostics -emit-dependencies -emit-module -emit-module-path /Users/chrissotraidis/GitHub/caesarpad/build/ui-tests/build/CaesarPadTestHost.build/Debug-iphonesimulator/Objects-normal/arm64/CaesarPadTestHost.swiftmodule -validate-clang-modules-once -clang-build-session-file /Users/chrissotraidis/GitHub/caesarpad/build/ui-tests/DerivedData/ModuleCache.noindex/Session.modulevalidation -Xcc -I/Users/chrissotraidis/GitHub/caesarpad/build/ui-tests/build/CaesarPadTestHost.build/Debug-iphonesimulator/swift-overrides.hmap -emit-const-values -Xfrontend -const-gather-protocols-file -Xfrontend /Users/chrissotraidis/GitHub/caesarpad/build/ui-tests/build/CaesarPadTestHost.build/Debug-iphonesimulator/Objects-normal/arm64/CaesarPadTestHost_const_extract_protocols.json -Xcc -I/Users/chrissotraidis/GitHub/caesarpad/build/ui-tests/Debug-iphonesimulator/include -Xcc -I/Users/chrissotraidis/GitHub/caesarpad/build/ui-tests/build/CaesarPadTestHost.build/Debug-iphonesimulator/DerivedSources-normal/arm64 -Xcc -I/Users/chrissotraidis/GitHub/caesarpad/build/ui-tests/build/CaesarPadTestHost.build/Debug-iphonesimulator/DerivedSources/arm64 -Xcc -I/Users/chrissotraidis/GitHub/caesarpad/build/ui-tests/build/CaesarPadTestHost.build/Debug-iphonesimulator/DerivedSources -Xcc -DCMAKE_INTDIR\=\"Debug-iphonesimulator\" -emit-objc-header -emit-objc-header-path /Users/chrissotraidis/GitHub/caesarpad/build/ui-tests/build/CaesarPadTestHost.build/Debug-iphonesimulator/Objects-normal/arm64/CaesarPadTestHost-Swift.h -working-directory /Users/chrissotraidis/GitHub/caesarpad/tests/ui -experimental-emit-module-separately -disable-cmo

SwiftMergeGeneratedHeaders /Users/chrissotraidis/GitHub/caesarpad/build/ui-tests/build/CaesarPadTestHost.build/Debug-iphonesimulator/DerivedSources/CaesarPadTestHost-Swift.h /Users/chrissotraidis/GitHub/caesarpad/build/ui-tests/build/CaesarPadTestHost.build/Debug-iphonesimulator/Objects-normal/arm64/CaesarPadTestHost-Swift.h (in target 'CaesarPadTestHost' from project 'CaesarPadUITestHarness')
    cd /Users/chrissotraidis/GitHub/caesarpad/tests/ui
    builtin-swiftHeaderTool -arch arm64 /Users/chrissotraidis/GitHub/caesarpad/build/ui-tests/build/CaesarPadTestHost.build/Debug-iphonesimulator/Objects-normal/arm64/CaesarPadTestHost-Swift.h -o /Users/chrissotraidis/GitHub/caesarpad/build/ui-tests/build/CaesarPadTestHost.build/Debug-iphonesimulator/DerivedSources/CaesarPadTestHost-Swift.h

Copy /Users/chrissotraidis/GitHub/caesarpad/build/ui-tests/Debug-iphonesimulator/CaesarPadTestHost.swiftmodule/arm64-apple-ios-simulator.swiftmodule /Users/chrissotraidis/GitHub/caesarpad/build/ui-tests/build/CaesarPadTestHost.build/Debug-iphonesimulator/Objects-normal/arm64/CaesarPadTestHost.swiftmodule (in target 'CaesarPadTestHost' from project 'CaesarPadUITestHarness')
    cd /Users/chrissotraidis/GitHub/caesarpad/tests/ui
    builtin-copy -exclude .DS_Store -exclude CVS -exclude .svn -exclude .git -exclude .hg -strip-unsigned-binaries -strip-deterministic -strip-tool /Applications/Xcode.app/Contents/Developer/Toolchains/XcodeDefault.xctoolchain/usr/bin/strip -resolve-src-symlinks -rename /Users/chrissotraidis/GitHub/caesarpad/build/ui-tests/build/CaesarPadTestHost.build/Debug-iphonesimulator/Objects-normal/arm64/CaesarPadTestHost.swiftmodule /Users/chrissotraidis/GitHub/caesarpad/build/ui-tests/Debug-iphonesimulator/CaesarPadTestHost.swiftmodule/arm64-apple-ios-simulator.swiftmodule

Copy /Users/chrissotraidis/GitHub/caesarpad/build/ui-tests/Debug-iphonesimulator/CaesarPadTestHost.swiftmodule/arm64-apple-ios-simulator.swiftdoc /Users/chrissotraidis/GitHub/caesarpad/build/ui-tests/build/CaesarPadTestHost.build/Debug-iphonesimulator/Objects-normal/arm64/CaesarPadTestHost.swiftdoc (in target 'CaesarPadTestHost' from project 'CaesarPadUITestHarness')
    cd /Users/chrissotraidis/GitHub/caesarpad/tests/ui
    builtin-copy -exclude .DS_Store -exclude CVS -exclude .svn -exclude .git -exclude .hg -strip-unsigned-binaries -strip-deterministic -strip-tool /Applications/Xcode.app/Contents/Developer/Toolchains/XcodeDefault.xctoolchain/usr/bin/strip -resolve-src-symlinks -rename /Users/chrissotraidis/GitHub/caesarpad/build/ui-tests/build/CaesarPadTestHost.build/Debug-iphonesimulator/Objects-normal/arm64/CaesarPadTestHost.swiftdoc /Users/chrissotraidis/GitHub/caesarpad/build/ui-tests/Debug-iphonesimulator/CaesarPadTestHost.swiftmodule/arm64-apple-ios-simulator.swiftdoc

Copy /Users/chrissotraidis/GitHub/caesarpad/build/ui-tests/Debug-iphonesimulator/CaesarPadTestHost.swiftmodule/arm64-apple-ios-simulator.abi.json /Users/chrissotraidis/GitHub/caesarpad/build/ui-tests/build/CaesarPadTestHost.build/Debug-iphonesimulator/Objects-normal/arm64/CaesarPadTestHost.abi.json (in target 'CaesarPadTestHost' from project 'CaesarPadUITestHarness')
    cd /Users/chrissotraidis/GitHub/caesarpad/tests/ui
    builtin-copy -exclude .DS_Store -exclude CVS -exclude .svn -exclude .git -exclude .hg -strip-unsigned-binaries -strip-deterministic -strip-tool /Applications/Xcode.app/Contents/Developer/Toolchains/XcodeDefault.xctoolchain/usr/bin/strip -resolve-src-symlinks -rename /Users/chrissotraidis/GitHub/caesarpad/build/ui-tests/build/CaesarPadTestHost.build/Debug-iphonesimulator/Objects-normal/arm64/CaesarPadTestHost.abi.json /Users/chrissotraidis/GitHub/caesarpad/build/ui-tests/Debug-iphonesimulator/CaesarPadTestHost.swiftmodule/arm64-apple-ios-simulator.abi.json

Copy /Users/chrissotraidis/GitHub/caesarpad/build/ui-tests/Debug-iphonesimulator/CaesarPadTestHost.swiftmodule/Project/arm64-apple-ios-simulator.swiftsourceinfo /Users/chrissotraidis/GitHub/caesarpad/build/ui-tests/build/CaesarPadTestHost.build/Debug-iphonesimulator/Objects-normal/arm64/CaesarPadTestHost.swiftsourceinfo (in target 'CaesarPadTestHost' from project 'CaesarPadUITestHarness')
    cd /Users/chrissotraidis/GitHub/caesarpad/tests/ui
    builtin-copy -exclude .DS_Store -exclude CVS -exclude .svn -exclude .git -exclude .hg -strip-unsigned-binaries -strip-deterministic -strip-tool /Applications/Xcode.app/Contents/Developer/Toolchains/XcodeDefault.xctoolchain/usr/bin/strip -resolve-src-symlinks -rename /Users/chrissotraidis/GitHub/caesarpad/build/ui-tests/build/CaesarPadTestHost.build/Debug-iphonesimulator/Objects-normal/arm64/CaesarPadTestHost.swiftsourceinfo /Users/chrissotraidis/GitHub/caesarpad/build/ui-tests/Debug-iphonesimulator/CaesarPadTestHost.swiftmodule/Project/arm64-apple-ios-simulator.swiftsourceinfo

SwiftDriver CaesarPadUITests normal arm64 com.apple.xcode.tools.swift.compiler (in target 'CaesarPadUITests' from project 'CaesarPadUITestHarness')
    cd /Users/chrissotraidis/GitHub/caesarpad/tests/ui
    builtin-SwiftDriver -- /Applications/Xcode.app/Contents/Developer/Toolchains/XcodeDefault.xctoolchain/usr/bin/swiftc -module-name CaesarPadUITests -O @/Users/chrissotraidis/GitHub/caesarpad/build/ui-tests/build/CaesarPadUITests.build/Debug-iphonesimulator/Objects-normal/arm64/CaesarPadUITests.SwiftFileList -Onone -module-alias Testing\=_Testing_Unavailable -plugin-path /Applications/Xcode.app/Contents/Developer/Toolchains/XcodeDefault.xctoolchain/usr/lib/swift/host/plugins/testing -enable-bare-slash-regex -enable-experimental-feature DebugDescriptionMacro -sdk /Applications/Xcode.app/Contents/Developer/Platforms/iPhoneSimulator.platform/Developer/SDKs/iPhoneSimulator26.5.sdk -target arm64-apple-ios15.0-simulator -g -module-cache-path /Users/chrissotraidis/GitHub/caesarpad/build/ui-tests/DerivedData/ModuleCache.noindex -Xfrontend -serialize-debugging-options -Xcc -D_LIBCPP_HARDENING_MODE\=_LIBCPP_HARDENING_MODE_DEBUG -swift-version 4 -I /Users/chrissotraidis/GitHub/caesarpad/build/ui-tests/Debug-iphonesimulator -Isystem /Applications/Xcode.app/Contents/Developer/Platforms/iPhoneSimulator.platform/Developer/usr/lib -F /Users/chrissotraidis/GitHub/caesarpad/build/ui-tests/Debug-iphonesimulator -F /Applications/Xcode.app/Contents/Developer/Platforms/iPhoneSimulator.platform/Developer/Library/Frameworks -F /Applications/Xcode.app/Contents/Developer/Platforms/iPhoneSimulator.platform/Developer/SDKs/iPhoneSimulator26.5.sdk/Developer/Library/Frameworks -parse-as-library -c -j8 -enable-batch-mode -incremental -Xcc -ivfsstatcache -Xcc /Users/chrissotraidis/GitHub/caesarpad/build/ui-tests/DerivedData/SDKStatCaches.noindex/iphonesimulator26.5-23F81a-6cfe768891a92b912361537c460fe42b.sdkstatcache -output-file-map /Users/chrissotraidis/GitHub/caesarpad/build/ui-tests/build/CaesarPadUITests.build/Debug-iphonesimulator/Objects-normal/arm64/CaesarPadUITests-OutputFileMap.json -use-frontend-parseable-output -save-temps -no-color-diagnostics -serialize-diagnostics -emit-dependencies -emit-module -emit-module-path /Users/chrissotraidis/GitHub/caesarpad/build/ui-tests/build/CaesarPadUITests.build/Debug-iphonesimulator/Objects-normal/arm64/CaesarPadUITests.swiftmodule -validate-clang-modules-once -clang-build-session-file /Users/chrissotraidis/GitHub/caesarpad/build/ui-tests/DerivedData/ModuleCache.noindex/Session.modulevalidation -Xcc -I/Users/chrissotraidis/GitHub/caesarpad/build/ui-tests/build/CaesarPadUITests.build/Debug-iphonesimulator/swift-overrides.hmap -emit-const-values -Xfrontend -const-gather-protocols-file -Xfrontend /Users/chrissotraidis/GitHub/caesarpad/build/ui-tests/build/CaesarPadUITests.build/Debug-iphonesimulator/Objects-normal/arm64/CaesarPadUITests_const_extract_protocols.json -Xcc -I/Users/chrissotraidis/GitHub/caesarpad/build/ui-tests/Debug-iphonesimulator/include -Xcc -I/Users/chrissotraidis/GitHub/caesarpad/build/ui-tests/build/CaesarPadUITests.build/Debug-iphonesimulator/DerivedSources-normal/arm64 -Xcc -I/Users/chrissotraidis/GitHub/caesarpad/build/ui-tests/build/CaesarPadUITests.build/Debug-iphonesimulator/DerivedSources/arm64 -Xcc -I/Users/chrissotraidis/GitHub/caesarpad/build/ui-tests/build/CaesarPadUITests.build/Debug-iphonesimulator/DerivedSources -Xcc -DCMAKE_INTDIR\=\"Debug-iphonesimulator\" -Xcc -DCaesarPadUITests_EXPORTS -emit-objc-header -emit-objc-header-path /Users/chrissotraidis/GitHub/caesarpad/build/ui-tests/build/CaesarPadUITests.build/Debug-iphonesimulator/Objects-normal/arm64/CaesarPadUITests-Swift.h -working-directory /Users/chrissotraidis/GitHub/caesarpad/tests/ui -experimental-emit-module-separately -disable-cmo

SwiftEmitModule normal arm64 Emitting\ module\ for\ CaesarPadUITests (in target 'CaesarPadUITests' from project 'CaesarPadUITestHarness')
SwiftCompile normal arm64 /Users/chrissotraidis/GitHub/caesarpad/tests/ui/CaesarPadUITests.swift (in target 'CaesarPadUITests' from project 'CaesarPadUITestHarness')
    cd /Users/chrissotraidis/GitHub/caesarpad/tests/ui


SwiftCompile normal arm64 Compiling\ CaesarPadUITests.swift /Users/chrissotraidis/GitHub/caesarpad/tests/ui/CaesarPadUITests.swift (in target 'CaesarPadUITests' from project 'CaesarPadUITestHarness')
SwiftCompile normal arm64 /Users/chrissotraidis/GitHub/caesarpad/tests/ui/CaesarPadUITests.swift (in target 'CaesarPadUITests' from project 'CaesarPadUITestHarness')
    cd /Users/chrissotraidis/GitHub/caesarpad/tests/ui


SwiftDriverJobDiscovery normal arm64 Compiling HostApp.swift (in target 'CaesarPadTestHost' from project 'CaesarPadUITestHarness')

SwiftDriver\ Compilation CaesarPadTestHost normal arm64 com.apple.xcode.tools.swift.compiler (in target 'CaesarPadTestHost' from project 'CaesarPadUITestHarness')
    cd /Users/chrissotraidis/GitHub/caesarpad/tests/ui
    builtin-Swift-Compilation -- /Applications/Xcode.app/Contents/Developer/Toolchains/XcodeDefault.xctoolchain/usr/bin/swiftc -module-name CaesarPadTestHost -O @/Users/chrissotraidis/GitHub/caesarpad/build/ui-tests/build/CaesarPadTestHost.build/Debug-iphonesimulator/Objects-normal/arm64/CaesarPadTestHost.SwiftFileList -Onone -enable-bare-slash-regex -enable-experimental-feature DebugDescriptionMacro -sdk /Applications/Xcode.app/Contents/Developer/Platforms/iPhoneSimulator.platform/Developer/SDKs/iPhoneSimulator26.5.sdk -target arm64-apple-ios15.0-simulator -g -module-cache-path /Users/chrissotraidis/GitHub/caesarpad/build/ui-tests/DerivedData/ModuleCache.noindex -Xfrontend -serialize-debugging-options -Xcc -D_LIBCPP_HARDENING_MODE\=_LIBCPP_HARDENING_MODE_DEBUG -swift-version 4 -I /Users/chrissotraidis/GitHub/caesarpad/build/ui-tests/Debug-iphonesimulator -F /Users/chrissotraidis/GitHub/caesarpad/build/ui-tests/Debug-iphonesimulator -parse-as-library -c -j8 -enable-batch-mode -incremental -Xcc -ivfsstatcache -Xcc /Users/chrissotraidis/GitHub/caesarpad/build/ui-tests/DerivedData/SDKStatCaches.noindex/iphonesimulator26.5-23F81a-6cfe768891a92b912361537c460fe42b.sdkstatcache -output-file-map /Users/chrissotraidis/GitHub/caesarpad/build/ui-tests/build/CaesarPadTestHost.build/Debug-iphonesimulator/Objects-normal/arm64/CaesarPadTestHost-OutputFileMap.json -use-frontend-parseable-output -save-temps -no-color-diagnostics -serialize-diagnostics -emit-dependencies -emit-module -emit-module-path /Users/chrissotraidis/GitHub/caesarpad/build/ui-tests/build/CaesarPadTestHost.build/Debug-iphonesimulator/Objects-normal/arm64/CaesarPadTestHost.swiftmodule -validate-clang-modules-once -clang-build-session-file /Users/chrissotraidis/GitHub/caesarpad/build/ui-tests/DerivedData/ModuleCache.noindex/Session.modulevalidation -Xcc -I/Users/chrissotraidis/GitHub/caesarpad/build/ui-tests/build/CaesarPadTestHost.build/Debug-iphonesimulator/swift-overrides.hmap -emit-const-values -Xfrontend -const-gather-protocols-file -Xfrontend /Users/chrissotraidis/GitHub/caesarpad/build/ui-tests/build/CaesarPadTestHost.build/Debug-iphonesimulator/Objects-normal/arm64/CaesarPadTestHost_const_extract_protocols.json -Xcc -I/Users/chrissotraidis/GitHub/caesarpad/build/ui-tests/Debug-iphonesimulator/include -Xcc -I/Users/chrissotraidis/GitHub/caesarpad/build/ui-tests/build/CaesarPadTestHost.build/Debug-iphonesimulator/DerivedSources-normal/arm64 -Xcc -I/Users/chrissotraidis/GitHub/caesarpad/build/ui-tests/build/CaesarPadTestHost.build/Debug-iphonesimulator/DerivedSources/arm64 -Xcc -I/Users/chrissotraidis/GitHub/caesarpad/build/ui-tests/build/CaesarPadTestHost.build/Debug-iphonesimulator/DerivedSources -Xcc -DCMAKE_INTDIR\=\"Debug-iphonesimulator\" -emit-objc-header -emit-objc-header-path /Users/chrissotraidis/GitHub/caesarpad/build/ui-tests/build/CaesarPadTestHost.build/Debug-iphonesimulator/Objects-normal/arm64/CaesarPadTestHost-Swift.h -working-directory /Users/chrissotraidis/GitHub/caesarpad/tests/ui -experimental-emit-module-separately -disable-cmo

Ld /Users/chrissotraidis/GitHub/caesarpad/build/ui-tests/Debug-iphonesimulator/CaesarPadTestHost.app/CaesarPadTestHost normal (in target 'CaesarPadTestHost' from project 'CaesarPadUITestHarness')
    cd /Users/chrissotraidis/GitHub/caesarpad/tests/ui
    /Applications/Xcode.app/Contents/Developer/Toolchains/XcodeDefault.xctoolchain/usr/bin/clang -Xlinker -reproducible -target arm64-apple-ios15.0-simulator -isysroot /Applications/Xcode.app/Contents/Developer/Platforms/iPhoneSimulator.platform/Developer/SDKs/iPhoneSimulator26.5.sdk -O0 -L/Users/chrissotraidis/GitHub/caesarpad/build/ui-tests/build/EagerLinkingTBDs/Debug-iphonesimulator -L/Users/chrissotraidis/GitHub/caesarpad/build/ui-tests/Debug-iphonesimulator -F/Users/chrissotraidis/GitHub/caesarpad/build/ui-tests/build/EagerLinkingTBDs/Debug-iphonesimulator -F/Users/chrissotraidis/GitHub/caesarpad/build/ui-tests/Debug-iphonesimulator -filelist /Users/chrissotraidis/GitHub/caesarpad/build/ui-tests/build/CaesarPadTestHost.build/Debug-iphonesimulator/Objects-normal/arm64/CaesarPadTestHost.LinkFileList -Xlinker -rpath -Xlinker /usr/lib/swift -Xlinker -dead_strip -Xlinker -object_path_lto -Xlinker /Users/chrissotraidis/GitHub/caesarpad/build/ui-tests/build/CaesarPadTestHost.build/Debug-iphonesimulator/Objects-normal/arm64/CaesarPadTestHost_lto.o -Xlinker -no_deduplicate -Xlinker -objc_abi_version -Xlinker 2 -Xlinker -dependency_info -Xlinker /Users/chrissotraidis/GitHub/caesarpad/build/ui-tests/build/CaesarPadTestHost.build/Debug-iphonesimulator/Objects-normal/arm64/CaesarPadTestHost_dependency_info.dat -fobjc-link-runtime -L/Applications/Xcode.app/Contents/Developer/Toolchains/XcodeDefault.xctoolchain/usr/lib/swift/iphonesimulator -L/usr/lib/swift -Xlinker -add_ast_path -Xlinker /Users/chrissotraidis/GitHub/caesarpad/build/ui-tests/build/CaesarPadTestHost.build/Debug-iphonesimulator/Objects-normal/arm64/CaesarPadTestHost.swiftmodule @/Users/chrissotraidis/GitHub/caesarpad/build/ui-tests/build/CaesarPadTestHost.build/Debug-iphonesimulator/Objects-normal/arm64/CaesarPadTestHost-linker-args.resp -o /Users/chrissotraidis/GitHub/caesarpad/build/ui-tests/Debug-iphonesimulator/CaesarPadTestHost.app/CaesarPadTestHost

SwiftDriverJobDiscovery normal arm64 Emitting module for CaesarPadUITests (in target 'CaesarPadUITests' from project 'CaesarPadUITestHarness')

SwiftDriver\ Compilation\ Requirements CaesarPadUITests normal arm64 com.apple.xcode.tools.swift.compiler (in target 'CaesarPadUITests' from project 'CaesarPadUITestHarness')
    cd /Users/chrissotraidis/GitHub/caesarpad/tests/ui
    builtin-Swift-Compilation-Requirements -- /Applications/Xcode.app/Contents/Developer/Toolchains/XcodeDefault.xctoolchain/usr/bin/swiftc -module-name CaesarPadUITests -O @/Users/chrissotraidis/GitHub/caesarpad/build/ui-tests/build/CaesarPadUITests.build/Debug-iphonesimulator/Objects-normal/arm64/CaesarPadUITests.SwiftFileList -Onone -module-alias Testing\=_Testing_Unavailable -plugin-path /Applications/Xcode.app/Contents/Developer/Toolchains/XcodeDefault.xctoolchain/usr/lib/swift/host/plugins/testing -enable-bare-slash-regex -enable-experimental-feature DebugDescriptionMacro -sdk /Applications/Xcode.app/Contents/Developer/Platforms/iPhoneSimulator.platform/Developer/SDKs/iPhoneSimulator26.5.sdk -target arm64-apple-ios15.0-simulator -g -module-cache-path /Users/chrissotraidis/GitHub/caesarpad/build/ui-tests/DerivedData/ModuleCache.noindex -Xfrontend -serialize-debugging-options -Xcc -D_LIBCPP_HARDENING_MODE\=_LIBCPP_HARDENING_MODE_DEBUG -swift-version 4 -I /Users/chrissotraidis/GitHub/caesarpad/build/ui-tests/Debug-iphonesimulator -Isystem /Applications/Xcode.app/Contents/Developer/Platforms/iPhoneSimulator.platform/Developer/usr/lib -F /Users/chrissotraidis/GitHub/caesarpad/build/ui-tests/Debug-iphonesimulator -F /Applications/Xcode.app/Contents/Developer/Platforms/iPhoneSimulator.platform/Developer/Library/Frameworks -F /Applications/Xcode.app/Contents/Developer/Platforms/iPhoneSimulator.platform/Developer/SDKs/iPhoneSimulator26.5.sdk/Developer/Library/Frameworks -parse-as-library -c -j8 -enable-batch-mode -incremental -Xcc -ivfsstatcache -Xcc /Users/chrissotraidis/GitHub/caesarpad/build/ui-tests/DerivedData/SDKStatCaches.noindex/iphonesimulator26.5-23F81a-6cfe768891a92b912361537c460fe42b.sdkstatcache -output-file-map /Users/chrissotraidis/GitHub/caesarpad/build/ui-tests/build/CaesarPadUITests.build/Debug-iphonesimulator/Objects-normal/arm64/CaesarPadUITests-OutputFileMap.json -use-frontend-parseable-output -save-temps -no-color-diagnostics -serialize-diagnostics -emit-dependencies -emit-module -emit-module-path /Users/chrissotraidis/GitHub/caesarpad/build/ui-tests/build/CaesarPadUITests.build/Debug-iphonesimulator/Objects-normal/arm64/CaesarPadUITests.swiftmodule -validate-clang-modules-once -clang-build-session-file /Users/chrissotraidis/GitHub/caesarpad/build/ui-tests/DerivedData/ModuleCache.noindex/Session.modulevalidation -Xcc -I/Users/chrissotraidis/GitHub/caesarpad/build/ui-tests/build/CaesarPadUITests.build/Debug-iphonesimulator/swift-overrides.hmap -emit-const-values -Xfrontend -const-gather-protocols-file -Xfrontend /Users/chrissotraidis/GitHub/caesarpad/build/ui-tests/build/CaesarPadUITests.build/Debug-iphonesimulator/Objects-normal/arm64/CaesarPadUITests_const_extract_protocols.json -Xcc -I/Users/chrissotraidis/GitHub/caesarpad/build/ui-tests/Debug-iphonesimulator/include -Xcc -I/Users/chrissotraidis/GitHub/caesarpad/build/ui-tests/build/CaesarPadUITests.build/Debug-iphonesimulator/DerivedSources-normal/arm64 -Xcc -I/Users/chrissotraidis/GitHub/caesarpad/build/ui-tests/build/CaesarPadUITests.build/Debug-iphonesimulator/DerivedSources/arm64 -Xcc -I/Users/chrissotraidis/GitHub/caesarpad/build/ui-tests/build/CaesarPadUITests.build/Debug-iphonesimulator/DerivedSources -Xcc -DCMAKE_INTDIR\=\"Debug-iphonesimulator\" -Xcc -DCaesarPadUITests_EXPORTS -emit-objc-header -emit-objc-header-path /Users/chrissotraidis/GitHub/caesarpad/build/ui-tests/build/CaesarPadUITests.build/Debug-iphonesimulator/Objects-normal/arm64/CaesarPadUITests-Swift.h -working-directory /Users/chrissotraidis/GitHub/caesarpad/tests/ui -experimental-emit-module-separately -disable-cmo

Copy /Users/chrissotraidis/GitHub/caesarpad/build/ui-tests/Debug-iphonesimulator/CaesarPadUITests.swiftmodule/arm64-apple-ios-simulator.abi.json /Users/chrissotraidis/GitHub/caesarpad/build/ui-tests/build/CaesarPadUITests.build/Debug-iphonesimulator/Objects-normal/arm64/CaesarPadUITests.abi.json (in target 'CaesarPadUITests' from project 'CaesarPadUITestHarness')
    cd /Users/chrissotraidis/GitHub/caesarpad/tests/ui
    builtin-copy -exclude .DS_Store -exclude CVS -exclude .svn -exclude .git -exclude .hg -strip-unsigned-binaries -strip-deterministic -strip-tool /Applications/Xcode.app/Contents/Developer/Toolchains/XcodeDefault.xctoolchain/usr/bin/strip -resolve-src-symlinks -rename /Users/chrissotraidis/GitHub/caesarpad/build/ui-tests/build/CaesarPadUITests.build/Debug-iphonesimulator/Objects-normal/arm64/CaesarPadUITests.abi.json /Users/chrissotraidis/GitHub/caesarpad/build/ui-tests/Debug-iphonesimulator/CaesarPadUITests.swiftmodule/arm64-apple-ios-simulator.abi.json

Copy /Users/chrissotraidis/GitHub/caesarpad/build/ui-tests/Debug-iphonesimulator/CaesarPadUITests.swiftmodule/arm64-apple-ios-simulator.swiftmodule /Users/chrissotraidis/GitHub/caesarpad/build/ui-tests/build/CaesarPadUITests.build/Debug-iphonesimulator/Objects-normal/arm64/CaesarPadUITests.swiftmodule (in target 'CaesarPadUITests' from project 'CaesarPadUITestHarness')
    cd /Users/chrissotraidis/GitHub/caesarpad/tests/ui
    builtin-copy -exclude .DS_Store -exclude CVS -exclude .svn -exclude .git -exclude .hg -strip-unsigned-binaries -strip-deterministic -strip-tool /Applications/Xcode.app/Contents/Developer/Toolchains/XcodeDefault.xctoolchain/usr/bin/strip -resolve-src-symlinks -rename /Users/chrissotraidis/GitHub/caesarpad/build/ui-tests/build/CaesarPadUITests.build/Debug-iphonesimulator/Objects-normal/arm64/CaesarPadUITests.swiftmodule /Users/chrissotraidis/GitHub/caesarpad/build/ui-tests/Debug-iphonesimulator/CaesarPadUITests.swiftmodule/arm64-apple-ios-simulator.swiftmodule

SwiftMergeGeneratedHeaders /Users/chrissotraidis/GitHub/caesarpad/build/ui-tests/build/CaesarPadUITests.build/Debug-iphonesimulator/DerivedSources/CaesarPadUITests-Swift.h /Users/chrissotraidis/GitHub/caesarpad/build/ui-tests/build/CaesarPadUITests.build/Debug-iphonesimulator/Objects-normal/arm64/CaesarPadUITests-Swift.h (in target 'CaesarPadUITests' from project 'CaesarPadUITestHarness')
    cd /Users/chrissotraidis/GitHub/caesarpad/tests/ui
    builtin-swiftHeaderTool -arch arm64 /Users/chrissotraidis/GitHub/caesarpad/build/ui-tests/build/CaesarPadUITests.build/Debug-iphonesimulator/Objects-normal/arm64/CaesarPadUITests-Swift.h -o /Users/chrissotraidis/GitHub/caesarpad/build/ui-tests/build/CaesarPadUITests.build/Debug-iphonesimulator/DerivedSources/CaesarPadUITests-Swift.h

Copy /Users/chrissotraidis/GitHub/caesarpad/build/ui-tests/Debug-iphonesimulator/CaesarPadUITests.swiftmodule/Project/arm64-apple-ios-simulator.swiftsourceinfo /Users/chrissotraidis/GitHub/caesarpad/build/ui-tests/build/CaesarPadUITests.build/Debug-iphonesimulator/Objects-normal/arm64/CaesarPadUITests.swiftsourceinfo (in target 'CaesarPadUITests' from project 'CaesarPadUITestHarness')
    cd /Users/chrissotraidis/GitHub/caesarpad/tests/ui
    builtin-copy -exclude .DS_Store -exclude CVS -exclude .svn -exclude .git -exclude .hg -strip-unsigned-binaries -strip-deterministic -strip-tool /Applications/Xcode.app/Contents/Developer/Toolchains/XcodeDefault.xctoolchain/usr/bin/strip -resolve-src-symlinks -rename /Users/chrissotraidis/GitHub/caesarpad/build/ui-tests/build/CaesarPadUITests.build/Debug-iphonesimulator/Objects-normal/arm64/CaesarPadUITests.swiftsourceinfo /Users/chrissotraidis/GitHub/caesarpad/build/ui-tests/Debug-iphonesimulator/CaesarPadUITests.swiftmodule/Project/arm64-apple-ios-simulator.swiftsourceinfo

Copy /Users/chrissotraidis/GitHub/caesarpad/build/ui-tests/Debug-iphonesimulator/CaesarPadUITests.swiftmodule/arm64-apple-ios-simulator.swiftdoc /Users/chrissotraidis/GitHub/caesarpad/build/ui-tests/build/CaesarPadUITests.build/Debug-iphonesimulator/Objects-normal/arm64/CaesarPadUITests.swiftdoc (in target 'CaesarPadUITests' from project 'CaesarPadUITestHarness')
    cd /Users/chrissotraidis/GitHub/caesarpad/tests/ui
    builtin-copy -exclude .DS_Store -exclude CVS -exclude .svn -exclude .git -exclude .hg -strip-unsigned-binaries -strip-deterministic -strip-tool /Applications/Xcode.app/Contents/Developer/Toolchains/XcodeDefault.xctoolchain/usr/bin/strip -resolve-src-symlinks -rename /Users/chrissotraidis/GitHub/caesarpad/build/ui-tests/build/CaesarPadUITests.build/Debug-iphonesimulator/Objects-normal/arm64/CaesarPadUITests.swiftdoc /Users/chrissotraidis/GitHub/caesarpad/build/ui-tests/Debug-iphonesimulator/CaesarPadUITests.swiftmodule/arm64-apple-ios-simulator.swiftdoc

ExtractAppIntentsMetadata (in target 'CaesarPadTestHost' from project 'CaesarPadUITestHarness')
    cd /Users/chrissotraidis/GitHub/caesarpad/tests/ui
    /Applications/Xcode.app/Contents/Developer/Toolchains/XcodeDefault.xctoolchain/usr/bin/appintentsmetadataprocessor --toolchain-dir /Applications/Xcode.app/Contents/Developer/Toolchains/XcodeDefault.xctoolchain --module-name CaesarPadTestHost --sdk-root /Applications/Xcode.app/Contents/Developer/Platforms/iPhoneSimulator.platform/Developer/SDKs/iPhoneSimulator26.5.sdk --xcode-version 17F113 --platform-family iOS --deployment-target 15.0 --bundle-identifier dev.caesarpad.testhost --output /Users/chrissotraidis/GitHub/caesarpad/build/ui-tests/Debug-iphonesimulator/CaesarPadTestHost.app --target-triple arm64-apple-ios15.0-simulator --binary-file /Users/chrissotraidis/GitHub/caesarpad/build/ui-tests/Debug-iphonesimulator/CaesarPadTestHost.app/CaesarPadTestHost --dependency-file /Users/chrissotraidis/GitHub/caesarpad/build/ui-tests/build/CaesarPadTestHost.build/Debug-iphonesimulator/Objects-normal/arm64/CaesarPadTestHost_dependency_info.dat --stringsdata-file /Users/chrissotraidis/GitHub/caesarpad/build/ui-tests/build/CaesarPadTestHost.build/Debug-iphonesimulator/Objects-normal/arm64/ExtractedAppShortcutsMetadata.stringsdata --source-file-list /Users/chrissotraidis/GitHub/caesarpad/build/ui-tests/build/CaesarPadTestHost.build/Debug-iphonesimulator/Objects-normal/arm64/CaesarPadTestHost.SwiftFileList --metadata-file-list /Users/chrissotraidis/GitHub/caesarpad/build/ui-tests/build/CaesarPadTestHost.build/Debug-iphonesimulator/CaesarPadTestHost.DependencyMetadataFileList --static-metadata-file-list /Users/chrissotraidis/GitHub/caesarpad/build/ui-tests/build/CaesarPadTestHost.build/Debug-iphonesimulator/CaesarPadTestHost.DependencyStaticMetadataFileList --swift-const-vals-list /Users/chrissotraidis/GitHub/caesarpad/build/ui-tests/build/CaesarPadTestHost.build/Debug-iphonesimulator/Objects-normal/arm64/CaesarPadTestHost.SwiftConstValuesFileList --compile-time-extraction --deployment-aware-processing --validate-assistant-intents --no-app-shortcuts-localization
2026-07-26 17:38:07.895 appintentsmetadataprocessor[91843:26771375] Starting appintentsmetadataprocessor export
2026-07-26 17:38:07.917 appintentsmetadataprocessor[91843:26771375] warning: Metadata extraction skipped. No AppIntents.framework dependency found.

CopySwiftLibs /Users/chrissotraidis/GitHub/caesarpad/build/ui-tests/Debug-iphonesimulator/CaesarPadTestHost.app (in target 'CaesarPadTestHost' from project 'CaesarPadUITestHarness')
    cd /Users/chrissotraidis/GitHub/caesarpad/tests/ui
    builtin-swiftStdLibTool --copy --verbose --scan-executable /Users/chrissotraidis/GitHub/caesarpad/build/ui-tests/Debug-iphonesimulator/CaesarPadTestHost.app/CaesarPadTestHost --scan-folder /Users/chrissotraidis/GitHub/caesarpad/build/ui-tests/Debug-iphonesimulator/CaesarPadTestHost.app/Frameworks --scan-folder /Users/chrissotraidis/GitHub/caesarpad/build/ui-tests/Debug-iphonesimulator/CaesarPadTestHost.app/PlugIns --scan-folder /Users/chrissotraidis/GitHub/caesarpad/build/ui-tests/Debug-iphonesimulator/CaesarPadTestHost.app/SystemExtensions --scan-folder /Users/chrissotraidis/GitHub/caesarpad/build/ui-tests/Debug-iphonesimulator/CaesarPadTestHost.app/Extensions --platform iphonesimulator --toolchain /Applications/Xcode.app/Contents/Developer/Toolchains/XcodeDefault.xctoolchain --destination /Users/chrissotraidis/GitHub/caesarpad/build/ui-tests/Debug-iphonesimulator/CaesarPadTestHost.app/Frameworks --strip-bitcode --strip-bitcode-tool /Applications/Xcode.app/Contents/Developer/Toolchains/XcodeDefault.xctoolchain/usr/bin/bitcode_strip --emit-dependency-info /Users/chrissotraidis/GitHub/caesarpad/build/ui-tests/build/CaesarPadTestHost.build/Debug-iphonesimulator/SwiftStdLibToolInputDependencies.dep --filter-for-swift-os --back-deploy-swift-span
Ignoring --strip-bitcode because --sign was not passed

GenerateDSYMFile /Users/chrissotraidis/GitHub/caesarpad/build/ui-tests/Debug-iphonesimulator/CaesarPadTestHost.app.dSYM /Users/chrissotraidis/GitHub/caesarpad/build/ui-tests/Debug-iphonesimulator/CaesarPadTestHost.app/CaesarPadTestHost (in target 'CaesarPadTestHost' from project 'CaesarPadUITestHarness')
    cd /Users/chrissotraidis/GitHub/caesarpad/tests/ui
    /Applications/Xcode.app/Contents/Developer/Toolchains/XcodeDefault.xctoolchain/usr/bin/dsymutil /Users/chrissotraidis/GitHub/caesarpad/build/ui-tests/Debug-iphonesimulator/CaesarPadTestHost.app/CaesarPadTestHost -o /Users/chrissotraidis/GitHub/caesarpad/build/ui-tests/Debug-iphonesimulator/CaesarPadTestHost.app.dSYM

AppIntentsSSUTraining (in target 'CaesarPadTestHost' from project 'CaesarPadUITestHarness')
    cd /Users/chrissotraidis/GitHub/caesarpad/tests/ui
    /Applications/Xcode.app/Contents/Developer/Toolchains/XcodeDefault.xctoolchain/usr/bin/appintentsnltrainingprocessor --infoplist-path /Users/chrissotraidis/GitHub/caesarpad/build/ui-tests/Debug-iphonesimulator/CaesarPadTestHost.app/Info.plist --temp-dir-path /Users/chrissotraidis/GitHub/caesarpad/build/ui-tests/build/CaesarPadTestHost.build/Debug-iphonesimulator/ssu --bundle-id dev.caesarpad.testhost --product-path /Users/chrissotraidis/GitHub/caesarpad/build/ui-tests/Debug-iphonesimulator/CaesarPadTestHost.app --extracted-metadata-path /Users/chrissotraidis/GitHub/caesarpad/build/ui-tests/Debug-iphonesimulator/CaesarPadTestHost.app/Metadata.appintents --metadata-file-list /Users/chrissotraidis/GitHub/caesarpad/build/ui-tests/build/CaesarPadTestHost.build/Debug-iphonesimulator/CaesarPadTestHost.DependencyMetadataFileList --source-file /Users/chrissotraidis/GitHub/caesarpad/build/ui-tests/Debug-iphonesimulator/CaesarPadTestHost.app/Info.plist --archive-ssu-assets
2026-07-26 17:38:08.035 appintentsnltrainingprocessor[91847:26771380] Parsing options for appintentsnltrainingprocessor
2026-07-26 17:38:08.038 appintentsnltrainingprocessor[91847:26771380] Starting AppIntents SSU YAML Generation
2026-07-26 17:38:08.047 appintentsnltrainingprocessor[91847:26771380] No AppShortcuts found - Skipping.

RegisterExecutionPolicyException /Users/chrissotraidis/GitHub/caesarpad/build/ui-tests/Debug-iphonesimulator/CaesarPadTestHost.app (in target 'CaesarPadTestHost' from project 'CaesarPadUITestHarness')
    cd /Users/chrissotraidis/GitHub/caesarpad/tests/ui
    builtin-RegisterExecutionPolicyException /Users/chrissotraidis/GitHub/caesarpad/build/ui-tests/Debug-iphonesimulator/CaesarPadTestHost.app

Validate /Users/chrissotraidis/GitHub/caesarpad/build/ui-tests/Debug-iphonesimulator/CaesarPadTestHost.app (in target 'CaesarPadTestHost' from project 'CaesarPadUITestHarness')
    cd /Users/chrissotraidis/GitHub/caesarpad/tests/ui
    builtin-validationUtility /Users/chrissotraidis/GitHub/caesarpad/build/ui-tests/Debug-iphonesimulator/CaesarPadTestHost.app -shallow-bundle -infoplist-subpath Info.plist

Touch /Users/chrissotraidis/GitHub/caesarpad/build/ui-tests/Debug-iphonesimulator/CaesarPadTestHost.app (in target 'CaesarPadTestHost' from project 'CaesarPadUITestHarness')
    cd /Users/chrissotraidis/GitHub/caesarpad/tests/ui
    /usr/bin/touch -c /Users/chrissotraidis/GitHub/caesarpad/build/ui-tests/Debug-iphonesimulator/CaesarPadTestHost.app

ProcessInfoPlistFile /Users/chrissotraidis/GitHub/caesarpad/build/ui-tests/Debug-iphonesimulator/CaesarPadUITests-Runner.app/PlugIns/CaesarPadUITests.xctest/Info.plist /Users/chrissotraidis/GitHub/caesarpad/build/ui-tests/CMakeFiles/CaesarPadUITests.dir/Info.plist (in target 'CaesarPadUITests' from project 'CaesarPadUITestHarness')
    cd /Users/chrissotraidis/GitHub/caesarpad/tests/ui
    builtin-infoPlistUtility /Users/chrissotraidis/GitHub/caesarpad/build/ui-tests/CMakeFiles/CaesarPadUITests.dir/Info.plist -producttype com.apple.product-type.bundle.ui-testing -expandbuildsettings -format binary -platform iphonesimulator -additionalcontentfile /Users/chrissotraidis/GitHub/caesarpad/build/ui-tests/build/CaesarPadUITests.build/Debug-iphonesimulator/ProductTypeInfoPlistAdditions.plist -o /Users/chrissotraidis/GitHub/caesarpad/build/ui-tests/Debug-iphonesimulator/CaesarPadUITests-Runner.app/PlugIns/CaesarPadUITests.xctest/Info.plist

SwiftDriverJobDiscovery normal arm64 Compiling CaesarPadUITests.swift (in target 'CaesarPadUITests' from project 'CaesarPadUITestHarness')

SwiftDriver\ Compilation CaesarPadUITests normal arm64 com.apple.xcode.tools.swift.compiler (in target 'CaesarPadUITests' from project 'CaesarPadUITestHarness')
    cd /Users/chrissotraidis/GitHub/caesarpad/tests/ui
    builtin-Swift-Compilation -- /Applications/Xcode.app/Contents/Developer/Toolchains/XcodeDefault.xctoolchain/usr/bin/swiftc -module-name CaesarPadUITests -O @/Users/chrissotraidis/GitHub/caesarpad/build/ui-tests/build/CaesarPadUITests.build/Debug-iphonesimulator/Objects-normal/arm64/CaesarPadUITests.SwiftFileList -Onone -module-alias Testing\=_Testing_Unavailable -plugin-path /Applications/Xcode.app/Contents/Developer/Toolchains/XcodeDefault.xctoolchain/usr/lib/swift/host/plugins/testing -enable-bare-slash-regex -enable-experimental-feature DebugDescriptionMacro -sdk /Applications/Xcode.app/Contents/Developer/Platforms/iPhoneSimulator.platform/Developer/SDKs/iPhoneSimulator26.5.sdk -target arm64-apple-ios15.0-simulator -g -module-cache-path /Users/chrissotraidis/GitHub/caesarpad/build/ui-tests/DerivedData/ModuleCache.noindex -Xfrontend -serialize-debugging-options -Xcc -D_LIBCPP_HARDENING_MODE\=_LIBCPP_HARDENING_MODE_DEBUG -swift-version 4 -I /Users/chrissotraidis/GitHub/caesarpad/build/ui-tests/Debug-iphonesimulator -Isystem /Applications/Xcode.app/Contents/Developer/Platforms/iPhoneSimulator.platform/Developer/usr/lib -F /Users/chrissotraidis/GitHub/caesarpad/build/ui-tests/Debug-iphonesimulator -F /Applications/Xcode.app/Contents/Developer/Platforms/iPhoneSimulator.platform/Developer/Library/Frameworks -F /Applications/Xcode.app/Contents/Developer/Platforms/iPhoneSimulator.platform/Developer/SDKs/iPhoneSimulator26.5.sdk/Developer/Library/Frameworks -parse-as-library -c -j8 -enable-batch-mode -incremental -Xcc -ivfsstatcache -Xcc /Users/chrissotraidis/GitHub/caesarpad/build/ui-tests/DerivedData/SDKStatCaches.noindex/iphonesimulator26.5-23F81a-6cfe768891a92b912361537c460fe42b.sdkstatcache -output-file-map /Users/chrissotraidis/GitHub/caesarpad/build/ui-tests/build/CaesarPadUITests.build/Debug-iphonesimulator/Objects-normal/arm64/CaesarPadUITests-OutputFileMap.json -use-frontend-parseable-output -save-temps -no-color-diagnostics -serialize-diagnostics -emit-dependencies -emit-module -emit-module-path /Users/chrissotraidis/GitHub/caesarpad/build/ui-tests/build/CaesarPadUITests.build/Debug-iphonesimulator/Objects-normal/arm64/CaesarPadUITests.swiftmodule -validate-clang-modules-once -clang-build-session-file /Users/chrissotraidis/GitHub/caesarpad/build/ui-tests/DerivedData/ModuleCache.noindex/Session.modulevalidation -Xcc -I/Users/chrissotraidis/GitHub/caesarpad/build/ui-tests/build/CaesarPadUITests.build/Debug-iphonesimulator/swift-overrides.hmap -emit-const-values -Xfrontend -const-gather-protocols-file -Xfrontend /Users/chrissotraidis/GitHub/caesarpad/build/ui-tests/build/CaesarPadUITests.build/Debug-iphonesimulator/Objects-normal/arm64/CaesarPadUITests_const_extract_protocols.json -Xcc -I/Users/chrissotraidis/GitHub/caesarpad/build/ui-tests/Debug-iphonesimulator/include -Xcc -I/Users/chrissotraidis/GitHub/caesarpad/build/ui-tests/build/CaesarPadUITests.build/Debug-iphonesimulator/DerivedSources-normal/arm64 -Xcc -I/Users/chrissotraidis/GitHub/caesarpad/build/ui-tests/build/CaesarPadUITests.build/Debug-iphonesimulator/DerivedSources/arm64 -Xcc -I/Users/chrissotraidis/GitHub/caesarpad/build/ui-tests/build/CaesarPadUITests.build/Debug-iphonesimulator/DerivedSources -Xcc -DCMAKE_INTDIR\=\"Debug-iphonesimulator\" -Xcc -DCaesarPadUITests_EXPORTS -emit-objc-header -emit-objc-header-path /Users/chrissotraidis/GitHub/caesarpad/build/ui-tests/build/CaesarPadUITests.build/Debug-iphonesimulator/Objects-normal/arm64/CaesarPadUITests-Swift.h -working-directory /Users/chrissotraidis/GitHub/caesarpad/tests/ui -experimental-emit-module-separately -disable-cmo

Ld /Users/chrissotraidis/GitHub/caesarpad/build/ui-tests/Debug-iphonesimulator/CaesarPadUITests-Runner.app/PlugIns/CaesarPadUITests.xctest/CaesarPadUITests normal (in target 'CaesarPadUITests' from project 'CaesarPadUITestHarness')
    cd /Users/chrissotraidis/GitHub/caesarpad/tests/ui
    /Applications/Xcode.app/Contents/Developer/Toolchains/XcodeDefault.xctoolchain/usr/bin/clang -Xlinker -reproducible -target arm64-apple-ios15.0-simulator -bundle -isysroot /Applications/Xcode.app/Contents/Developer/Platforms/iPhoneSimulator.platform/Developer/SDKs/iPhoneSimulator26.5.sdk -O0 -L/Users/chrissotraidis/GitHub/caesarpad/build/ui-tests/build/EagerLinkingTBDs/Debug-iphonesimulator -L/Users/chrissotraidis/GitHub/caesarpad/build/ui-tests/Debug-iphonesimulator -L/Applications/Xcode.app/Contents/Developer/Platforms/iPhoneSimulator.platform/Developer/usr/lib -F/Users/chrissotraidis/GitHub/caesarpad/build/ui-tests/build/EagerLinkingTBDs/Debug-iphonesimulator -F/Users/chrissotraidis/GitHub/caesarpad/build/ui-tests/Debug-iphonesimulator -iframework /Applications/Xcode.app/Contents/Developer/Platforms/iPhoneSimulator.platform/Developer/Library/Frameworks -iframework /Applications/Xcode.app/Contents/Developer/Platforms/iPhoneSimulator.platform/Developer/SDKs/iPhoneSimulator26.5.sdk/Developer/Library/Frameworks -filelist /Users/chrissotraidis/GitHub/caesarpad/build/ui-tests/build/CaesarPadUITests.build/Debug-iphonesimulator/Objects-normal/arm64/CaesarPadUITests.LinkFileList -Xlinker -rpath -Xlinker /usr/lib/swift -Xlinker -rpath -Xlinker @loader_path/Frameworks -Xlinker -dead_strip -Xlinker -object_path_lto -Xlinker /Users/chrissotraidis/GitHub/caesarpad/build/ui-tests/build/CaesarPadUITests.build/Debug-iphonesimulator/Objects-normal/arm64/CaesarPadUITests_lto.o -Xlinker -no_deduplicate -Xlinker -objc_abi_version -Xlinker 2 -Xlinker -dependency_info -Xlinker /Users/chrissotraidis/GitHub/caesarpad/build/ui-tests/build/CaesarPadUITests.build/Debug-iphonesimulator/Objects-normal/arm64/CaesarPadUITests_dependency_info.dat -fobjc-link-runtime -L/Applications/Xcode.app/Contents/Developer/Toolchains/XcodeDefault.xctoolchain/usr/lib/swift/iphonesimulator -L/usr/lib/swift -Xlinker -add_ast_path -Xlinker /Users/chrissotraidis/GitHub/caesarpad/build/ui-tests/build/CaesarPadUITests.build/Debug-iphonesimulator/Objects-normal/arm64/CaesarPadUITests.swiftmodule @/Users/chrissotraidis/GitHub/caesarpad/build/ui-tests/build/CaesarPadUITests.build/Debug-iphonesimulator/Objects-normal/arm64/CaesarPadUITests-linker-args.resp -framework XCTest -Xlinker -needed_framework -Xlinker XCTest -framework XCTest -Xlinker -needed-lXCTestSwiftSupport -lXCTestSwiftSupport -o /Users/chrissotraidis/GitHub/caesarpad/build/ui-tests/Debug-iphonesimulator/CaesarPadUITests-Runner.app/PlugIns/CaesarPadUITests.xctest/CaesarPadUITests

CopySwiftLibs /Users/chrissotraidis/GitHub/caesarpad/build/ui-tests/Debug-iphonesimulator/CaesarPadUITests-Runner.app/PlugIns/CaesarPadUITests.xctest (in target 'CaesarPadUITests' from project 'CaesarPadUITestHarness')
    cd /Users/chrissotraidis/GitHub/caesarpad/tests/ui
    builtin-swiftStdLibTool --copy --verbose --scan-executable /Users/chrissotraidis/GitHub/caesarpad/build/ui-tests/Debug-iphonesimulator/CaesarPadUITests-Runner.app/PlugIns/CaesarPadUITests.xctest/CaesarPadUITests --scan-folder /Users/chrissotraidis/GitHub/caesarpad/build/ui-tests/Debug-iphonesimulator/CaesarPadUITests-Runner.app/PlugIns/CaesarPadUITests.xctest/Frameworks --scan-folder /Users/chrissotraidis/GitHub/caesarpad/build/ui-tests/Debug-iphonesimulator/CaesarPadUITests-Runner.app/PlugIns/CaesarPadUITests.xctest/PlugIns --scan-folder /Users/chrissotraidis/GitHub/caesarpad/build/ui-tests/Debug-iphonesimulator/CaesarPadUITests-Runner.app/PlugIns/CaesarPadUITests.xctest/SystemExtensions --scan-folder /Users/chrissotraidis/GitHub/caesarpad/build/ui-tests/Debug-iphonesimulator/CaesarPadUITests-Runner.app/PlugIns/CaesarPadUITests.xctest/Extensions --platform iphonesimulator --toolchain /Applications/Xcode.app/Contents/Developer/Toolchains/XcodeDefault.xctoolchain --destination /Users/chrissotraidis/GitHub/caesarpad/build/ui-tests/Debug-iphonesimulator/CaesarPadUITests-Runner.app/PlugIns/CaesarPadUITests.xctest/Frameworks --strip-bitcode --scan-executable /Applications/Xcode.app/Contents/Developer/Platforms/iPhoneSimulator.platform/Developer/usr/lib/libXCTestSwiftSupport.dylib --strip-bitcode-tool /Applications/Xcode.app/Contents/Developer/Toolchains/XcodeDefault.xctoolchain/usr/bin/bitcode_strip --emit-dependency-info /Users/chrissotraidis/GitHub/caesarpad/build/ui-tests/build/CaesarPadUITests.build/Debug-iphonesimulator/SwiftStdLibToolInputDependencies.dep --filter-for-swift-os --back-deploy-swift-span
Ignoring --strip-bitcode because --sign was not passed

ExtractAppIntentsMetadata (in target 'CaesarPadUITests' from project 'CaesarPadUITestHarness')
    cd /Users/chrissotraidis/GitHub/caesarpad/tests/ui
    /Applications/Xcode.app/Contents/Developer/Toolchains/XcodeDefault.xctoolchain/usr/bin/appintentsmetadataprocessor --toolchain-dir /Applications/Xcode.app/Contents/Developer/Toolchains/XcodeDefault.xctoolchain --module-name CaesarPadUITests --sdk-root /Applications/Xcode.app/Contents/Developer/Platforms/iPhoneSimulator.platform/Developer/SDKs/iPhoneSimulator26.5.sdk --xcode-version 17F113 --platform-family iOS --deployment-target 15.0 --bundle-identifier dev.caesarpad.uitests --output /Users/chrissotraidis/GitHub/caesarpad/build/ui-tests/Debug-iphonesimulator/CaesarPadUITests-Runner.app/PlugIns/CaesarPadUITests.xctest --target-triple arm64-apple-ios15.0-simulator --binary-file /Users/chrissotraidis/GitHub/caesarpad/build/ui-tests/Debug-iphonesimulator/CaesarPadUITests-Runner.app/PlugIns/CaesarPadUITests.xctest/CaesarPadUITests --dependency-file /Users/chrissotraidis/GitHub/caesarpad/build/ui-tests/build/CaesarPadUITests.build/Debug-iphonesimulator/Objects-normal/arm64/CaesarPadUITests_dependency_info.dat --stringsdata-file /Users/chrissotraidis/GitHub/caesarpad/build/ui-tests/build/CaesarPadUITests.build/Debug-iphonesimulator/Objects-normal/arm64/ExtractedAppShortcutsMetadata.stringsdata --source-file-list /Users/chrissotraidis/GitHub/caesarpad/build/ui-tests/build/CaesarPadUITests.build/Debug-iphonesimulator/Objects-normal/arm64/CaesarPadUITests.SwiftFileList --metadata-file-list /Users/chrissotraidis/GitHub/caesarpad/build/ui-tests/build/CaesarPadUITests.build/Debug-iphonesimulator/CaesarPadUITests.DependencyMetadataFileList --static-metadata-file-list /Users/chrissotraidis/GitHub/caesarpad/build/ui-tests/build/CaesarPadUITests.build/Debug-iphonesimulator/CaesarPadUITests.DependencyStaticMetadataFileList --swift-const-vals-list /Users/chrissotraidis/GitHub/caesarpad/build/ui-tests/build/CaesarPadUITests.build/Debug-iphonesimulator/Objects-normal/arm64/CaesarPadUITests.SwiftConstValuesFileList --compile-time-extraction --deployment-aware-processing --validate-assistant-intents --no-app-shortcuts-localization
2026-07-26 17:38:10.387 appintentsmetadataprocessor[91853:26771451] Starting appintentsmetadataprocessor export
2026-07-26 17:38:10.405 appintentsmetadataprocessor[91853:26771451] warning: Metadata extraction skipped. No AppIntents.framework dependency found.

GenerateDSYMFile /Users/chrissotraidis/GitHub/caesarpad/build/ui-tests/Debug-iphonesimulator/CaesarPadUITests-Runner.app/PlugIns/CaesarPadUITests.xctest.dSYM /Users/chrissotraidis/GitHub/caesarpad/build/ui-tests/Debug-iphonesimulator/CaesarPadUITests-Runner.app/PlugIns/CaesarPadUITests.xctest/CaesarPadUITests (in target 'CaesarPadUITests' from project 'CaesarPadUITestHarness')
    cd /Users/chrissotraidis/GitHub/caesarpad/tests/ui
    /Applications/Xcode.app/Contents/Developer/Toolchains/XcodeDefault.xctoolchain/usr/bin/dsymutil /Users/chrissotraidis/GitHub/caesarpad/build/ui-tests/Debug-iphonesimulator/CaesarPadUITests-Runner.app/PlugIns/CaesarPadUITests.xctest/CaesarPadUITests -o /Users/chrissotraidis/GitHub/caesarpad/build/ui-tests/Debug-iphonesimulator/CaesarPadUITests-Runner.app/PlugIns/CaesarPadUITests.xctest.dSYM

AppIntentsSSUTraining (in target 'CaesarPadUITests' from project 'CaesarPadUITestHarness')
    cd /Users/chrissotraidis/GitHub/caesarpad/tests/ui
    /Applications/Xcode.app/Contents/Developer/Toolchains/XcodeDefault.xctoolchain/usr/bin/appintentsnltrainingprocessor --infoplist-path /Users/chrissotraidis/GitHub/caesarpad/build/ui-tests/Debug-iphonesimulator/CaesarPadUITests-Runner.app/PlugIns/CaesarPadUITests.xctest/Info.plist --temp-dir-path /Users/chrissotraidis/GitHub/caesarpad/build/ui-tests/build/CaesarPadUITests.build/Debug-iphonesimulator/ssu --bundle-id dev.caesarpad.uitests --product-path /Users/chrissotraidis/GitHub/caesarpad/build/ui-tests/Debug-iphonesimulator/CaesarPadUITests-Runner.app/PlugIns/CaesarPadUITests.xctest --extracted-metadata-path /Users/chrissotraidis/GitHub/caesarpad/build/ui-tests/Debug-iphonesimulator/CaesarPadUITests-Runner.app/PlugIns/CaesarPadUITests.xctest/Metadata.appintents --metadata-file-list /Users/chrissotraidis/GitHub/caesarpad/build/ui-tests/build/CaesarPadUITests.build/Debug-iphonesimulator/CaesarPadUITests.DependencyMetadataFileList --source-file /Users/chrissotraidis/GitHub/caesarpad/build/ui-tests/Debug-iphonesimulator/CaesarPadUITests-Runner.app/PlugIns/CaesarPadUITests.xctest/Info.plist --archive-ssu-assets
2026-07-26 17:38:10.505 appintentsnltrainingprocessor[91855:26771457] Parsing options for appintentsnltrainingprocessor
2026-07-26 17:38:10.507 appintentsnltrainingprocessor[91855:26771457] Starting AppIntents SSU YAML Generation
2026-07-26 17:38:10.508 appintentsnltrainingprocessor[91855:26771457] No AppShortcuts found - Skipping.

MkDir /Users/chrissotraidis/GitHub/caesarpad/build/ui-tests/Debug-iphonesimulator/CaesarPadUITests-Runner.app (in target 'CaesarPadUITests' from project 'CaesarPadUITestHarness')
    cd /Users/chrissotraidis/GitHub/caesarpad/tests/ui
    /bin/mkdir -p /Users/chrissotraidis/GitHub/caesarpad/build/ui-tests/Debug-iphonesimulator/CaesarPadUITests-Runner.app

CopyPlistFile /Users/chrissotraidis/GitHub/caesarpad/build/ui-tests/Debug-iphonesimulator/CaesarPadUITests-Runner.app/Info.plist /Applications/Xcode.app/Contents/Developer/Platforms/iPhoneSimulator.platform/Developer/Library/Xcode/Agents/XCTRunner.app/Info.plist (in target 'CaesarPadUITests' from project 'CaesarPadUITestHarness')
    cd /Users/chrissotraidis/GitHub/caesarpad/tests/ui
    builtin-copyPlist --validate --convert xml1 --macro-expansion WRAPPEDPRODUCTNAME CaesarPadUITests-Runner --macro-expansion WRAPPEDPRODUCTBUNDLEIDENTIFIER dev.caesarpad.uitests.xctrunner --macro-expansion TESTPRODUCTNAME CaesarPadUITests --macro-expansion TESTPRODUCTBUNDLEIDENTIFIER dev.caesarpad.uitests --copy-value UIDeviceFamily /Users/chrissotraidis/GitHub/caesarpad/build/ui-tests/Debug-iphonesimulator/CaesarPadUITests-Runner.app/PlugIns/CaesarPadUITests.xctest/Info.plist --outdir /Users/chrissotraidis/GitHub/caesarpad/build/ui-tests/Debug-iphonesimulator/CaesarPadUITests-Runner.app -- /Applications/Xcode.app/Contents/Developer/Platforms/iPhoneSimulator.platform/Developer/Library/Xcode/Agents/XCTRunner.app/Info.plist

Copy /Users/chrissotraidis/GitHub/caesarpad/build/ui-tests/Debug-iphonesimulator/CaesarPadUITests-Runner.app/PkgInfo /Applications/Xcode.app/Contents/Developer/Platforms/iPhoneSimulator.platform/Developer/Library/Xcode/Agents/XCTRunner.app/PkgInfo (in target 'CaesarPadUITests' from project 'CaesarPadUITestHarness')
    cd /Users/chrissotraidis/GitHub/caesarpad/tests/ui
    builtin-copy -exclude .DS_Store -exclude CVS -exclude .svn -exclude .git -exclude .hg -strip-unsigned-binaries -strip-deterministic -strip-tool /Applications/Xcode.app/Contents/Developer/Toolchains/XcodeDefault.xctoolchain/usr/bin/strip -resolve-src-symlinks /Applications/Xcode.app/Contents/Developer/Platforms/iPhoneSimulator.platform/Developer/Library/Xcode/Agents/XCTRunner.app/PkgInfo /Users/chrissotraidis/GitHub/caesarpad/build/ui-tests/Debug-iphonesimulator/CaesarPadUITests-Runner.app

CopyAndPreserveArchs /Users/chrissotraidis/GitHub/caesarpad/build/ui-tests/Debug-iphonesimulator/CaesarPadUITests-Runner.app/CaesarPadUITests-Runner (in target 'CaesarPadUITests' from project 'CaesarPadUITestHarness')
    cd /Users/chrissotraidis/GitHub/caesarpad/tests/ui
    /Applications/Xcode.app/Contents/Developer/Toolchains/XcodeDefault.xctoolchain/usr/bin/lipo /Applications/Xcode.app/Contents/Developer/Platforms/iPhoneSimulator.platform/Developer/Library/Xcode/Agents/XCTRunner.app/XCTRunner -output /Users/chrissotraidis/GitHub/caesarpad/build/ui-tests/Debug-iphonesimulator/CaesarPadUITests-Runner.app/CaesarPadUITests-Runner -extract arm64

Copy /Users/chrissotraidis/GitHub/caesarpad/build/ui-tests/Debug-iphonesimulator/CaesarPadUITests-Runner.app/Frameworks/libXCTestSwiftSupport.dylib /Applications/Xcode.app/Contents/Developer/Platforms/iPhoneSimulator.platform/Developer/usr/lib/libXCTestSwiftSupport.dylib (in target 'CaesarPadUITests' from project 'CaesarPadUITestHarness')
    cd /Users/chrissotraidis/GitHub/caesarpad/tests/ui
    builtin-copy -exclude .DS_Store -exclude CVS -exclude .svn -exclude .git -exclude .hg -exclude Headers -exclude PrivateHeaders -exclude Modules -exclude \*.tbd -strip-unsigned-binaries -strip-deterministic -strip-tool /Applications/Xcode.app/Contents/Developer/Toolchains/XcodeDefault.xctoolchain/usr/bin/strip -resolve-src-symlinks /Applications/Xcode.app/Contents/Developer/Platforms/iPhoneSimulator.platform/Developer/usr/lib/libXCTestSwiftSupport.dylib /Users/chrissotraidis/GitHub/caesarpad/build/ui-tests/Debug-iphonesimulator/CaesarPadUITests-Runner.app/Frameworks
warning: not stripping binary because it is signed: /Applications/Xcode.app/Contents/Developer/Platforms/iPhoneSimulator.platform/Developer/usr/lib/libXCTestSwiftSupport.dylib (in target 'CaesarPadUITests' from project 'CaesarPadUITestHarness')

Copy /Users/chrissotraidis/GitHub/caesarpad/build/ui-tests/Debug-iphonesimulator/CaesarPadUITests-Runner.app/Frameworks/XCUIAutomation.framework /Applications/Xcode.app/Contents/Developer/Platforms/iPhoneSimulator.platform/Developer/Library/Frameworks/XCUIAutomation.framework (in target 'CaesarPadUITests' from project 'CaesarPadUITestHarness')
    cd /Users/chrissotraidis/GitHub/caesarpad/tests/ui
    builtin-copy -exclude .DS_Store -exclude CVS -exclude .svn -exclude .git -exclude .hg -exclude Headers -exclude PrivateHeaders -exclude Modules -exclude \*.tbd -strip-unsigned-binaries -strip-deterministic -strip-tool /Applications/Xcode.app/Contents/Developer/Toolchains/XcodeDefault.xctoolchain/usr/bin/strip -resolve-src-symlinks /Applications/Xcode.app/Contents/Developer/Platforms/iPhoneSimulator.platform/Developer/Library/Frameworks/XCUIAutomation.framework /Users/chrissotraidis/GitHub/caesarpad/build/ui-tests/Debug-iphonesimulator/CaesarPadUITests-Runner.app/Frameworks
warning: not stripping binary because it is signed: /Applications/Xcode.app/Contents/Developer/Platforms/iPhoneSimulator.platform/Developer/Library/Frameworks/XCUIAutomation.framework/XCUIAutomation (in target 'CaesarPadUITests' from project 'CaesarPadUITestHarness')

Copy /Users/chrissotraidis/GitHub/caesarpad/build/ui-tests/Debug-iphonesimulator/CaesarPadUITests-Runner.app/Frameworks/XCUnit.framework /Applications/Xcode.app/Contents/Developer/Platforms/iPhoneSimulator.platform/Developer/Library/PrivateFrameworks/XCUnit.framework (in target 'CaesarPadUITests' from project 'CaesarPadUITestHarness')
    cd /Users/chrissotraidis/GitHub/caesarpad/tests/ui
    builtin-copy -exclude .DS_Store -exclude CVS -exclude .svn -exclude .git -exclude .hg -exclude Headers -exclude PrivateHeaders -exclude Modules -exclude \*.tbd -strip-unsigned-binaries -strip-deterministic -strip-tool /Applications/Xcode.app/Contents/Developer/Toolchains/XcodeDefault.xctoolchain/usr/bin/strip -resolve-src-symlinks /Applications/Xcode.app/Contents/Developer/Platforms/iPhoneSimulator.platform/Developer/Library/PrivateFrameworks/XCUnit.framework /Users/chrissotraidis/GitHub/caesarpad/build/ui-tests/Debug-iphonesimulator/CaesarPadUITests-Runner.app/Frameworks
warning: not stripping binary because it is signed: /Applications/Xcode.app/Contents/Developer/Platforms/iPhoneSimulator.platform/Developer/Library/PrivateFrameworks/XCUnit.framework/XCUnit (in target 'CaesarPadUITests' from project 'CaesarPadUITestHarness')

Copy /Users/chrissotraidis/GitHub/caesarpad/build/ui-tests/Debug-iphonesimulator/CaesarPadUITests-Runner.app/Frameworks/XCTestSupport.framework /Applications/Xcode.app/Contents/Developer/Platforms/iPhoneSimulator.platform/Developer/Library/PrivateFrameworks/XCTestSupport.framework (in target 'CaesarPadUITests' from project 'CaesarPadUITestHarness')
    cd /Users/chrissotraidis/GitHub/caesarpad/tests/ui
    builtin-copy -exclude .DS_Store -exclude CVS -exclude .svn -exclude .git -exclude .hg -exclude Headers -exclude PrivateHeaders -exclude Modules -exclude \*.tbd -strip-unsigned-binaries -strip-deterministic -strip-tool /Applications/Xcode.app/Contents/Developer/Toolchains/XcodeDefault.xctoolchain/usr/bin/strip -resolve-src-symlinks /Applications/Xcode.app/Contents/Developer/Platforms/iPhoneSimulator.platform/Developer/Library/PrivateFrameworks/XCTestSupport.framework /Users/chrissotraidis/GitHub/caesarpad/build/ui-tests/Debug-iphonesimulator/CaesarPadUITests-Runner.app/Frameworks
warning: not stripping binary because it is signed: /Applications/Xcode.app/Contents/Developer/Platforms/iPhoneSimulator.platform/Developer/Library/PrivateFrameworks/XCTestSupport.framework/XCTestSupport (in target 'CaesarPadUITests' from project 'CaesarPadUITestHarness')

Copy /Users/chrissotraidis/GitHub/caesarpad/build/ui-tests/Debug-iphonesimulator/CaesarPadUITests-Runner.app/Frameworks/XCTestCore.framework /Applications/Xcode.app/Contents/Developer/Platforms/iPhoneSimulator.platform/Developer/Library/PrivateFrameworks/XCTestCore.framework (in target 'CaesarPadUITests' from project 'CaesarPadUITestHarness')
    cd /Users/chrissotraidis/GitHub/caesarpad/tests/ui
    builtin-copy -exclude .DS_Store -exclude CVS -exclude .svn -exclude .git -exclude .hg -exclude Headers -exclude PrivateHeaders -exclude Modules -exclude \*.tbd -strip-unsigned-binaries -strip-deterministic -strip-tool /Applications/Xcode.app/Contents/Developer/Toolchains/XcodeDefault.xctoolchain/usr/bin/strip -resolve-src-symlinks /Applications/Xcode.app/Contents/Developer/Platforms/iPhoneSimulator.platform/Developer/Library/PrivateFrameworks/XCTestCore.framework /Users/chrissotraidis/GitHub/caesarpad/build/ui-tests/Debug-iphonesimulator/CaesarPadUITests-Runner.app/Frameworks
warning: not stripping binary because it is signed: /Applications/Xcode.app/Contents/Developer/Platforms/iPhoneSimulator.platform/Developer/Library/PrivateFrameworks/XCTestCore.framework/XCTestCore (in target 'CaesarPadUITests' from project 'CaesarPadUITestHarness')

Copy /Users/chrissotraidis/GitHub/caesarpad/build/ui-tests/Debug-iphonesimulator/CaesarPadUITests-Runner.app/Frameworks/XCTest.framework /Applications/Xcode.app/Contents/Developer/Platforms/iPhoneSimulator.platform/Developer/Library/Frameworks/XCTest.framework (in target 'CaesarPadUITests' from project 'CaesarPadUITestHarness')
    cd /Users/chrissotraidis/GitHub/caesarpad/tests/ui
    builtin-copy -exclude .DS_Store -exclude CVS -exclude .svn -exclude .git -exclude .hg -exclude Headers -exclude PrivateHeaders -exclude Modules -exclude \*.tbd -strip-unsigned-binaries -strip-deterministic -strip-tool /Applications/Xcode.app/Contents/Developer/Toolchains/XcodeDefault.xctoolchain/usr/bin/strip -resolve-src-symlinks /Applications/Xcode.app/Contents/Developer/Platforms/iPhoneSimulator.platform/Developer/Library/Frameworks/XCTest.framework /Users/chrissotraidis/GitHub/caesarpad/build/ui-tests/Debug-iphonesimulator/CaesarPadUITests-Runner.app/Frameworks
warning: not stripping binary because it is signed: /Applications/Xcode.app/Contents/Developer/Platforms/iPhoneSimulator.platform/Developer/Library/Frameworks/XCTest.framework/XCTest (in target 'CaesarPadUITests' from project 'CaesarPadUITestHarness')

Copy /Users/chrissotraidis/GitHub/caesarpad/build/ui-tests/Debug-iphonesimulator/CaesarPadUITests-Runner.app/Frameworks/XCTAutomationSupport.framework /Applications/Xcode.app/Contents/Developer/Platforms/iPhoneSimulator.platform/Developer/Library/PrivateFrameworks/XCTAutomationSupport.framework (in target 'CaesarPadUITests' from project 'CaesarPadUITestHarness')
    cd /Users/chrissotraidis/GitHub/caesarpad/tests/ui
    builtin-copy -exclude .DS_Store -exclude CVS -exclude .svn -exclude .git -exclude .hg -exclude Headers -exclude PrivateHeaders -exclude Modules -exclude \*.tbd -strip-unsigned-binaries -strip-deterministic -strip-tool /Applications/Xcode.app/Contents/Developer/Toolchains/XcodeDefault.xctoolchain/usr/bin/strip -resolve-src-symlinks /Applications/Xcode.app/Contents/Developer/Platforms/iPhoneSimulator.platform/Developer/Library/PrivateFrameworks/XCTAutomationSupport.framework /Users/chrissotraidis/GitHub/caesarpad/build/ui-tests/Debug-iphonesimulator/CaesarPadUITests-Runner.app/Frameworks
warning: not stripping binary because it is signed: /Applications/Xcode.app/Contents/Developer/Platforms/iPhoneSimulator.platform/Developer/Library/PrivateFrameworks/XCTAutomationSupport.framework/XCTAutomationSupport (in target 'CaesarPadUITests' from project 'CaesarPadUITestHarness')

Copy /Users/chrissotraidis/GitHub/caesarpad/build/ui-tests/Debug-iphonesimulator/CaesarPadUITests-Runner.app/Frameworks/Testing.framework /Applications/Xcode.app/Contents/Developer/Platforms/iPhoneSimulator.platform/Developer/Library/Frameworks/Testing.framework (in target 'CaesarPadUITests' from project 'CaesarPadUITestHarness')
    cd /Users/chrissotraidis/GitHub/caesarpad/tests/ui
    builtin-copy -exclude .DS_Store -exclude CVS -exclude .svn -exclude .git -exclude .hg -exclude Headers -exclude PrivateHeaders -exclude Modules -exclude \*.tbd -strip-unsigned-binaries -strip-deterministic -strip-tool /Applications/Xcode.app/Contents/Developer/Toolchains/XcodeDefault.xctoolchain/usr/bin/strip -resolve-src-symlinks /Applications/Xcode.app/Contents/Developer/Platforms/iPhoneSimulator.platform/Developer/Library/Frameworks/Testing.framework /Users/chrissotraidis/GitHub/caesarpad/build/ui-tests/Debug-iphonesimulator/CaesarPadUITests-Runner.app/Frameworks
warning: not stripping binary because it is signed: /Applications/Xcode.app/Contents/Developer/Platforms/iPhoneSimulator.platform/Developer/Library/Frameworks/Testing.framework/Testing (in target 'CaesarPadUITests' from project 'CaesarPadUITestHarness')

RegisterExecutionPolicyException /Users/chrissotraidis/GitHub/caesarpad/build/ui-tests/Debug-iphonesimulator/CaesarPadUITests-Runner.app/PlugIns/CaesarPadUITests.xctest (in target 'CaesarPadUITests' from project 'CaesarPadUITestHarness')
    cd /Users/chrissotraidis/GitHub/caesarpad/tests/ui
    builtin-RegisterExecutionPolicyException /Users/chrissotraidis/GitHub/caesarpad/build/ui-tests/Debug-iphonesimulator/CaesarPadUITests-Runner.app/PlugIns/CaesarPadUITests.xctest

Touch /Users/chrissotraidis/GitHub/caesarpad/build/ui-tests/Debug-iphonesimulator/CaesarPadUITests-Runner.app/PlugIns/CaesarPadUITests.xctest (in target 'CaesarPadUITests' from project 'CaesarPadUITestHarness')
    cd /Users/chrissotraidis/GitHub/caesarpad/tests/ui
    /usr/bin/touch -c /Users/chrissotraidis/GitHub/caesarpad/build/ui-tests/Debug-iphonesimulator/CaesarPadUITests-Runner.app/PlugIns/CaesarPadUITests.xctest

note: Run script build phase 'Generate CMakeFiles/ZERO_CHECK' will be run during every build because the option to run the script phase "Based on dependency analysis" is unchecked. (in target 'ZERO_CHECK' from project 'CaesarPadUITestHarness')
2026-07-26 17:38:23.853735-0500 CaesarPadUITests-Runner[91864:26771836] [Default] Running tests...
    t =      nans Interface orientation changed to Landscape Right
Test Suite 'Selected tests' started at 2026-07-26 17:38:28.746.
Test Suite 'CaesarPadUITests.xctest' started at 2026-07-26 17:38:28.750.
Test Suite 'CaesarPadUITests' started at 2026-07-26 17:38:28.750.
Test Case '-[CaesarPadUITests.CaesarPadUITests testVerifyLifecycleResume]' started.
    t =     0.12s Start Test at 2026-07-26 17:38:28.876
    t =     0.27s Set Up
    t =     0.28s Open com.github.keriew.augustus
    t =     0.31s     Activate com.github.keriew.augustus
    t =     0.54s         Wait for com.github.keriew.augustus to idle
    t =     1.16s Wait for com.github.keriew.augustus to become Running Foreground
    t =     1.17s Waiting 5.0s for "caesarpad.pause" Button to exist
    t =     2.18s     Checking `Expect predicate `existsNoRetry == 1` for object "caesarpad.pause" Button`
    t =     2.19s         Checking existence of `"caesarpad.pause" Button`
    t =     2.36s Find the "caesarpad.pause" Button
    t =     4.04s Added attachment named '41-lifecycle-city-resumed'
    t =     4.12s Tear Down
Test Case '-[CaesarPadUITests.CaesarPadUITests testVerifyLifecycleResume]' passed (4.373 seconds).
Test Suite 'CaesarPadUITests' passed at 2026-07-26 17:38:33.237.
	 Executed 1 test, with 0 failures (0 unexpected) in 4.373 (4.487) seconds
Test Suite 'CaesarPadUITests.xctest' passed at 2026-07-26 17:38:33.244.
	 Executed 1 test, with 0 failures (0 unexpected) in 4.373 (4.494) seconds
Test Suite 'Selected tests' passed at 2026-07-26 17:38:33.246.
	 Executed 1 test, with 0 failures (0 unexpected) in 4.373 (4.500) seconds
2026-07-26 17:38:34.040 xcodebuild[91751:26770892] [MT] IDETestOperationsObserverDebug: 23.216 elapsed -- Testing started completed.
2026-07-26 17:38:34.040 xcodebuild[91751:26770892] [MT] IDETestOperationsObserverDebug: 0.000 sec, +0.000 sec -- start
2026-07-26 17:38:34.041 xcodebuild[91751:26770892] [MT] IDETestOperationsObserverDebug: 23.216 sec, +23.216 sec -- end

Test session results, code coverage, and logs:
	/Users/chrissotraidis/GitHub/caesarpad/artifacts/g6/lifecycle-resume-20260726-173609.xcresult

** TEST SUCCEEDED **

Testing started
Saved UI-test results to /Users/chrissotraidis/GitHub/caesarpad/artifacts/g6/lifecycle-resume-20260726-173609.xcresult
PASS: background autosave was created, cold-launched, resumed, and consumed
PASS: CaesarPad build, boot, data, gameplay, touch, and lifecycle suite
